 a10_single_hru            SWAT+ Jun 13 2023       MODULAR Rev 2023.60.5.7                                
  jday   mon   day    yr    unit  gis_id  name            grzn        grzp        lab_min_p   act_sta_p       fertn            fertp            fixn             denit            act_nit_n        act_sta_n        org_lab_p        rsd_nitorg_n     rsd_laborg_p    no3atmo          nh4atmo          nuptake          puptake          gwtrann          gwtranp      
                                                          kgha        kgha        kgha        kgha             kgha             kgha             kgha             kgha             kgha             kgha             kgha             kgha             kgha             kgha             kgha             kgha             kgha             kgha             kgha       
     1     1     1  2020       1       1  hru1           0.000       0.000      -0.008      -0.039            0.000            0.000            0.000            0.000            0.012           -0.004            0.002            0.000            0.000            0.000            0.000            0.000            0.000            0.000            0.000
     2     1     2  2020       1       1  hru1           0.000       0.000      -0.011      -0.039            0.000            0.000            0.000            0.000            0.012           -0.004            0.002            0.000            0.000            0.000            0.000            0.000            0.000            0.000            0.000
     3     1     3  2020       1       1  hru1           0.000       0.000      -0.011      -0.039            0.000            0.000            0.000            0.000            0.017           -0.001            0.003            0.000            0.000            0.000            0.000            0.000            0.000            0.000            0.000
     4     1     4  2020       1       1  hru1           0.000       0.000      -0.011      -0.039            0.000            0.000            0.000            0.000            0.017           -0.001            0.003            0.000            0.000            0.000            0.000            0.000            0.000            0.000            0.000
     5     1     5  2020       1       1  hru1           0.000       0.000      -0.011      -0.039            0.000            0.000            0.000            0.000            0.017           -0.001            0.003            0.000            0.000            0.000            0.000            0.000            0.000            0.000            0.000
     6     1     6  2020       1       1  hru1           0.000       0.000      -0.011      -0.039            0.000            0.000            0.000            0.000            0.012           -0.004            0.002            0.000            0.000            0.000            0.000            0.000            0.000            0.000            0.000
     7     1     7  2020       1       1  hru1           0.000       0.000      -0.011      -0.039            0.000            0.000            0.000            0.000            0.017           -0.001            0.003            0.000            0.000            0.000            0.000            0.000            0.000            0.000            0.000
     8     1     8  2020       1       1  hru1           0.000       0.000      -0.011      -0.039            0.000            0.000            0.000            0.000            0.017           -0.001            0.003            0.000            0.000            0.000            0.000            0.000            0.000            0.000            0.000
     9     1     9  2020       1       1  hru1           0.000       0.000      -0.011      -0.039            0.000            0.000            0.000            0.000            0.017           -0.001            0.003            0.000            0.000            0.000            0.000            0.000            0.000            0.000            0.000
    10     1    10  2020       1       1  hru1           0.000       0.000      -0.011      -0.039            0.000            0.000            0.000            0.000            0.012           -0.004            0.002            0.000            0.000            0.000            0.000            0.000            0.000            0.000            0.000
    11     1    11  2020       1       1  hru1           0.000       0.000      -0.011      -0.039            0.000            0.000            0.000            0.000            0.012           -0.004            0.002            0.000            0.000            0.000            0.000            0.000            0.000            0.000            0.000
    12     1    12  2020       1       1  hru1           0.000       0.000      -0.012      -0.039            0.000            0.000            0.000            0.000            0.012           -0.004            0.002            0.000            0.000            0.000            0.000            0.000            0.000            0.000            0.000
    13     1    13  2020       1       1  hru1           0.000       0.000      -0.012      -0.039            0.000            0.000            0.000            0.000            0.012           -0.004            0.002            0.000            0.000            0.000            0.000            0.000            0.000            0.000            0.000
    14     1    14  2020       1       1  hru1           0.000       0.000      -0.012      -0.039            0.000            0.000            0.000            0.000            0.012           -0.004            0.002            0.000            0.000            0.000            0.000            0.000            0.000            0.000            0.000
    15     1    15  2020       1       1  hru1           0.000       0.000      -0.012      -0.039            0.000            0.000            0.000            0.000            0.012           -0.004            0.002            0.000            0.000            0.000            0.000            0.000            0.000            0.000            0.000
    16     1    16  2020       1       1  hru1           0.000       0.000      -0.012      -0.039            0.000            0.000            0.000            0.000            0.012           -0.004            0.002            0.000            0.000            0.000            0.000            0.000            0.000            0.000            0.000
    17     1    17  2020       1       1  hru1           0.000       0.000      -0.012      -0.039            0.000            0.000            0.000            0.000            0.012           -0.004            0.002            0.000            0.000            0.000            0.000            0.000            0.000            0.000            0.000
    18     1    18  2020       1       1  hru1           0.000       0.000      -0.012      -0.039            0.000            0.000            0.000            0.000            0.012           -0.004            0.002            0.000            0.000            0.000            0.000            0.000            0.000            0.000            0.000
    19     1    19  2020       1       1  hru1           0.000       0.000      -0.012      -0.039            0.000            0.000            0.000            0.000            0.012           -0.004            0.002            0.000            0.000            0.000            0.000            0.000            0.000            0.000            0.000
    20     1    20  2020       1       1  hru1           0.000       0.000      -0.012      -0.039            0.000            0.000            0.000            0.000            0.012           -0.004            0.002            0.000            0.000            0.000            0.000            0.000            0.000            0.000            0.000
    21     1    21  2020       1       1  hru1           0.000       0.000      -0.012      -0.039            0.000            0.000            0.000            0.000            0.012           -0.004            0.002            0.000            0.000            0.000            0.000            0.000            0.000            0.000            0.000
    22     1    22  2020       1       1  hru1           0.000       0.000      -0.012      -0.039            0.000            0.000            0.000            0.000            0.012           -0.004            0.002            0.000            0.000            0.000            0.000            0.000            0.000            0.000            0.000
    23     1    23  2020       1       1  hru1           0.000       0.000      -0.011      -0.039            0.000            0.000            0.000            0.000            0.017           -0.001            0.003            0.000            0.000            0.000            0.000            0.000            0.000            0.000            0.000
    24     1    24  2020       1       1  hru1           0.000       0.000      -0.011      -0.039            0.000            0.000            0.000            0.000            0.017           -0.001            0.003            0.000            0.000            0.000            0.000            0.000            0.000            0.000            0.000
    25     1    25  2020       1       1  hru1           0.000       0.000      -0.007      -0.039            0.000            0.000            0.000            0.000            0.017           -0.001            0.003            0.253            0.042            0.000            0.000            0.000            0.000            0.000            0.000
    26     1    26  2020       1       1  hru1           0.000       0.000      -0.003      -0.039            0.000            0.000            0.000            0.000            0.017           -0.001            0.003            0.250            0.042            0.000            0.000            0.000            0.000            0.000            0.000
    27     1    27  2020       1       1  hru1           0.000       0.000       0.000      -0.039            0.000            0.000            0.000            0.000            0.017           -0.001            0.003            0.248            0.041            0.000            0.000            0.000            0.000            0.000            0.000
    28     1    28  2020       1       1  hru1           0.000       0.000       0.002      -0.039            0.000            0.000            0.000            0.000            0.017           -0.001            0.003            0.245            0.041            0.000            0.000            0.000            0.000            0.000            0.000
    29     1    29  2020       1       1  hru1           0.000       0.000       0.005      -0.039            0.000            0.000            0.000            0.000            0.017           -0.001            0.003            0.243            0.041            0.000            0.000            0.000            0.000            0.000            0.000
    30     1    30  2020       1       1  hru1           0.000       0.000       0.006      -0.039            0.000            0.000            0.000            0.000            0.017           -0.001            0.003            0.240            0.040            0.000            0.000            0.000            0.000            0.000            0.000
    31     1    31  2020       1       1  hru1           0.000       0.000       0.008      -0.039            0.000            0.000            0.000            0.000            0.017           -0.001            0.003            0.238            0.040            0.000            0.000            0.000            0.000            0.000            0.000
    32     2     1  2020       1       1  hru1           0.000       0.000       0.008      -0.039            0.000            0.000            0.000            0.000            0.017           -0.001            0.003            0.236            0.039            0.000            0.000            0.000            0.000            0.000            0.000
    33     2     2  2020       1       1  hru1           0.000       0.000       0.009      -0.039            0.000            0.000            0.000            0.000            0.017           -0.001            0.003            0.233            0.039            0.000            0.000            0.000            0.000            0.000            0.000
    34     2     3  2020       1       1  hru1           0.000       0.000       0.010      -0.038            0.000            0.000            0.000            0.000            0.017           -0.001            0.003            0.231            0.039            0.000            0.000            0.000            0.000            0.000            0.000
    35     2     4  2020       1       1  hru1           0.000       0.000       0.007      -0.038            0.000            0.000            0.000            0.000            0.017           -0.001            0.003            0.000            0.000            0.000            0.000            0.000            0.000            0.000            0.000
    36     2     5  2020       1       1  hru1           0.000       0.000       0.004      -0.038            0.000            0.000            0.000            0.000            0.017           -0.001            0.003            0.000            0.000            0.000            0.000            0.000            0.000            0.000            0.000
    37     2     6  2020       1       1  hru1           0.000       0.000       0.006      -0.038            0.000            0.000            0.000            0.000            0.017           -0.001            0.003            0.229            0.038            0.000            0.000            0.000            0.000            0.000            0.000
    38     2     7  2020       1       1  hru1           0.000       0.000       0.007      -0.038            0.000            0.000            0.000            0.000            0.017           -0.001            0.003            0.226            0.038            0.000            0.000            0.000            0.000            0.000            0.000
    39     2     8  2020       1       1  hru1           0.000       0.000       0.008      -0.038            0.000            0.000            0.000            0.000            0.017           -0.001            0.003            0.224            0.037            0.000            0.000            0.000            0.000            0.000            0.000
    40     2     9  2020       1       1  hru1           0.000       0.000       0.009      -0.038            0.000            0.000            0.000            0.000            0.017           -0.001            0.003            0.222            0.037            0.000            0.000            0.000            0.000            0.000            0.000
    41     2    10  2020       1       1  hru1           0.000       0.000       0.010      -0.038            0.000            0.000            0.000            0.000            0.017           -0.001            0.003            0.220            0.037            0.000            0.000            0.000            0.000            0.000            0.000
    42     2    11  2020       1       1  hru1           0.000       0.000       0.010      -0.038            0.000            0.000            0.000            0.000            0.017           -0.001            0.003            0.217            0.036            0.000            0.000            0.000            0.000            0.000            0.000
    43     2    12  2020       1       1  hru1           0.000       0.000       0.011      -0.038            0.000            0.000            0.000            0.000            0.017           -0.001            0.003            0.215            0.036            0.000            0.000            0.000            0.000            0.000            0.000
    44     2    13  2020       1       1  hru1           0.000       0.000       0.011      -0.038            0.000            0.000            0.000            0.000            0.017           -0.001            0.003            0.213            0.036            0.000            0.000            0.000            0.000            0.000            0.000
    45     2    14  2020       1       1  hru1           0.000       0.000       0.012      -0.038            0.000            0.000            0.000            0.000            0.017           -0.001            0.003            0.211            0.035            0.000            0.000            0.000            0.000            0.000            0.000
    46     2    15  2020       1       1  hru1           0.000       0.000       0.012      -0.038            0.000            0.000            0.000            0.000            0.017           -0.001            0.003            0.209            0.035            0.000            0.000            0.000            0.000            0.000            0.000
    47     2    16  2020       1       1  hru1           0.000       0.000       0.012      -0.038            0.000            0.000            0.000            0.000            0.017           -0.001            0.003            0.207            0.035            0.000            0.000            0.000            0.000            0.000            0.000
    48     2    17  2020       1       1  hru1           0.000       0.000       0.013      -0.038            0.000            0.000            0.000            0.000            0.017           -0.001            0.003            0.205            0.034            0.000            0.000            0.000            0.000            0.000            0.000
    49     2    18  2020       1       1  hru1           0.000       0.000       0.009      -0.038            0.000            0.000            0.000            0.000            0.017           -0.001            0.003            0.000            0.000            0.000            0.000            0.000            0.000            0.000            0.000
    50     2    19  2020       1       1  hru1           0.000       0.000       0.006      -0.038            0.000            0.000            0.000            0.000            0.017           -0.001            0.003            0.000            0.000            0.000            0.000            0.000            0.000            0.000            0.000
    51     2    20  2020       1       1  hru1           0.000       0.000       0.003      -0.038            0.000            0.000            0.000            0.000            0.017           -0.001            0.003            0.000            0.000            0.000            0.000            0.000            0.000            0.000            0.000
    52     2    21  2020       1       1  hru1           0.000       0.000       0.001      -0.038            0.000            0.000            0.000            0.000            0.017           -0.001            0.003            0.000            0.000            0.000            0.000            0.000            0.000            0.000            0.000
    53     2    22  2020       1       1  hru1           0.000       0.000      -0.001      -0.037            0.000            0.000            0.000            0.000            0.017           -0.001            0.003            0.000            0.000            0.000            0.000            0.000            0.000            0.000            0.000
    54     2    23  2020       1       1  hru1           0.000       0.000      -0.002      -0.037            0.000            0.000            0.000            0.000            0.017           -0.001            0.003            0.000            0.000            0.000            0.000            0.000            0.000            0.000            0.000
    55     2    24  2020       1       1  hru1           0.000       0.000      -0.003      -0.037            0.000            0.000            0.000            0.000            0.017           -0.001            0.003            0.000            0.000            0.000            0.000            0.000            0.000            0.000            0.000
    56     2    25  2020       1       1  hru1           0.000       0.000      -0.004      -0.037            0.000            0.000            0.000            0.000            0.017           -0.001            0.003            0.000            0.000            0.000            0.000            0.000            0.000            0.000            0.000
    57     2    26  2020       1       1  hru1           0.000       0.000      -0.005      -0.037            0.000            0.000            0.000            0.000            0.017           -0.001            0.003            0.000            0.000            0.000            0.000            0.000            0.000            0.000            0.000
    58     2    27  2020       1       1  hru1           0.000       0.000      -0.006      -0.037            0.000            0.000            0.000            0.000            0.017           -0.001            0.003            0.000            0.000            0.000            0.000            0.000            0.000            0.000            0.000
    59     2    28  2020       1       1  hru1           0.000       0.000      -0.007      -0.037            0.000            0.000            0.000            0.000            0.017           -0.001            0.003            0.000            0.000            0.000            0.000            0.000            0.000            0.000            0.000
    60     2    29  2020       1       1  hru1           0.000       0.000      -0.004      -0.037            0.000            0.000            0.000            0.000            0.017           -0.001            0.003            0.203            0.034            0.000            0.000            0.000            0.000            0.000            0.000
    61     3     1  2020       1       1  hru1           0.000       0.000      -0.002      -0.037            0.000            0.000            0.000            0.000            0.017           -0.001            0.003            0.201            0.034            0.000            0.000            0.000            0.000            0.000            0.000
    62     3     2  2020       1       1  hru1           0.000       0.000       0.000      -0.037            0.000            0.000            0.000            0.000            0.017           -0.001            0.003            0.199            0.033            0.000            0.000            0.000            0.000            0.000            0.000
    63     3     3  2020       1       1  hru1           0.000       0.000       0.002      -0.037            0.000            0.000            0.000            0.000            0.017           -0.001            0.003            0.197            0.033            0.000            0.000            0.000            0.000            0.000            0.000
    64     3     4  2020       1       1  hru1           0.000       0.000       0.004      -0.037            0.000            0.000            0.000            0.000            0.017           -0.001            0.003            0.195            0.033            0.000            0.000            0.000            0.000            0.000            0.000
    65     3     5  2020       1       1  hru1           0.000       0.000       0.005      -0.037            0.000            0.000            0.000            0.000            0.017           -0.001            0.003            0.193            0.032            0.000            0.000            0.000            0.000            0.000            0.000
    66     3     6  2020       1       1  hru1           0.000       0.000       0.006      -0.037            0.000            0.000            0.000            0.000            0.017           -0.001            0.003            0.191            0.032            0.000            0.000            0.000            0.000            0.000            0.000
    67     3     7  2020       1       1  hru1           0.000       0.000       0.006      -0.037            0.000            0.000            0.000            0.000            0.017           -0.001            0.003            0.189            0.032            0.000            0.000            0.000            0.000            0.000            0.000
    68     3     8  2020       1       1  hru1           0.000       0.000       0.008      -0.037            0.000            0.000            0.000            0.000            0.017           -0.001            0.003            0.187            0.031            0.000            0.000            0.000            0.000            0.000            0.000
    69     3     9  2020       1       1  hru1           0.000       0.000       0.007      -0.037            0.000            0.000            0.000            0.000            0.017           -0.001            0.003            0.185            0.031            0.000            0.000            0.000            0.000            0.000            0.000
    70     3    10  2020       1       1  hru1           0.000       0.000       0.008      -0.037            0.000            0.000            0.000            0.000            0.017           -0.001            0.003            0.183            0.031            0.000            0.000            0.000            0.000            0.000            0.000
    71     3    11  2020       1       1  hru1           0.000       0.000       0.008      -0.037            0.000            0.000            0.000            0.000            0.017           -0.001            0.003            0.182            0.030            0.000            0.000            0.000            0.000            0.000            0.000
    72     3    12  2020       1       1  hru1           0.000       0.000       0.008      -0.037            0.000            0.000            0.000            0.000            0.017           -0.001            0.003            0.180            0.030            0.000            0.000            0.000            0.000            0.000            0.000
    73     3    13  2020       1       1  hru1           0.000       0.000       0.009      -0.037            0.000            0.000            0.000            0.000            0.017           -0.001            0.003            0.178            0.030            0.000            0.000            0.000            0.000            0.000            0.000
    74     3    14  2020       1       1  hru1           0.000       0.000       0.009      -0.037            0.000            0.000            0.000            0.000            0.017           -0.001            0.003            0.176            0.029            0.000            0.000            0.000            0.000            0.000            0.000
    75     3    15  2020       1       1  hru1           0.000       0.000       0.010      -0.037            0.000            0.000            0.000            0.000            0.017           -0.001            0.003            0.174            0.029            0.000            0.000            0.000            0.000            0.000            0.000
    76     3    16  2020       1       1  hru1           0.000       0.000       0.010      -0.037            0.000            0.000            0.000            0.000            0.017           -0.001            0.003            0.173            0.029            0.000            0.000            0.000            0.000            0.000            0.000
    77     3    17  2020       1       1  hru1           0.000       0.000       0.009      -0.037            0.000            0.000            0.000            0.000            0.017           -0.001            0.003            0.171            0.029            0.000            0.000            0.000            0.000            0.000            0.000
    78     3    18  2020       1       1  hru1           0.000       0.000       0.009      -0.037            0.000            0.000            0.000            0.000            0.017           -0.001            0.003            0.169            0.028            0.000            0.000            0.000            0.000            0.000            0.000
    79     3    19  2020       1       1  hru1           0.000       0.000       0.009      -0.037            0.000            0.000            0.000            0.000            0.017           -0.001            0.003            0.167            0.028            0.000            0.000            0.000            0.000            0.000            0.000
    80     3    20  2020       1       1  hru1           0.000       0.000       0.008      -0.036            0.000            0.000            0.000            0.000            0.017           -0.001            0.003            0.166            0.028            0.000            0.000            0.000            0.000            0.000            0.000
    81     3    21  2020       1       1  hru1           0.000       0.000       0.008      -0.036            0.000            0.000            0.000            0.000            0.017           -0.001            0.003            0.164            0.027            0.000            0.000            0.000            0.000            0.000            0.000
    82     3    22  2020       1       1  hru1           0.000       0.000       0.008      -0.036            0.000            0.000            0.000            0.000            0.017           -0.000            0.003            0.163            0.027            0.000            0.000            0.000            0.000            0.000            0.000
    83     3    23  2020       1       1  hru1           0.000       0.000       0.008      -0.036            0.000            0.000            0.000            0.000            0.017           -0.000            0.003            0.161            0.027            0.000            0.000            0.000            0.000            0.000            0.000
    84     3    24  2020       1       1  hru1           0.000       0.000       0.008      -0.036            0.000            0.000            0.000            0.000            0.017           -0.000            0.003            0.159            0.027            0.000            0.000            0.000            0.000            0.000            0.000
    85     3    25  2020       1       1  hru1           0.000       0.000       0.008      -0.036            0.000            0.000            0.000            0.000            0.017           -0.000            0.003            0.158            0.026            0.000            0.000            0.000            0.000            0.000            0.000
    86     3    26  2020       1       1  hru1           0.000       0.000       0.008      -0.036            0.000            0.000            0.000            0.000            0.017           -0.000            0.003            0.156            0.026            0.000            0.000            0.000            0.000            0.000            0.000
    87     3    27  2020       1       1  hru1           0.000       0.000       0.008      -0.036            0.000            0.000            0.000            0.000            0.017           -0.000            0.003            0.155            0.026            0.000            0.000            0.000            0.000            0.000            0.000
    88     3    28  2020       1       1  hru1           0.000       0.000       0.008      -0.036            0.000            0.000            0.000            0.000            0.017           -0.000            0.003            0.153            0.026            0.000            0.000            0.000            0.000            0.000            0.000
    89     3    29  2020       1       1  hru1           0.000       0.000       0.008      -0.036            0.000            0.000            0.000            0.000            0.017           -0.000            0.003            0.151            0.025            0.000            0.000            0.000            0.000            0.000            0.000
    90     3    30  2020       1       1  hru1           0.000       0.000       0.007      -0.036            0.000            0.000            0.000            0.000            0.017           -0.000            0.003            0.150            0.025            0.000            0.000            0.000            0.000            0.000            0.000
    91     3    31  2020       1       1  hru1           0.000       0.000       0.007      -0.036            0.000            0.000            0.000            0.000            0.017           -0.000            0.003            0.148            0.025            0.000            0.000            0.000            0.000            0.000            0.000
    92     4     1  2020       1       1  hru1           0.000       0.000       0.008      -0.036            0.000            0.000            0.000            0.000            0.017           -0.000            0.003            0.147            0.025            0.000            0.000            0.000            0.000            0.000            0.000
    93     4     2  2020       1       1  hru1           0.000       0.000       0.007      -0.036            0.000            0.000            0.000            0.000            0.017           -0.000            0.003            0.145            0.024            0.000            0.000            0.000            0.000            0.000            0.000
    94     4     3  2020       1       1  hru1           0.000       0.000       0.007      -0.036            0.000            0.000            0.000            0.000            0.017           -0.000            0.003            0.144            0.024            0.000            0.000            0.000            0.000            0.000            0.000
    95     4     4  2020       1       1  hru1           0.000       0.000       0.007      -0.036            0.000            0.000            0.000            0.000            0.017           -0.000            0.003            0.143            0.024            0.000            0.000            0.000            0.000            0.000            0.000
    96     4     5  2020       1       1  hru1           0.000       0.000       0.007      -0.036            0.000            0.000            0.000            0.000            0.016           -0.000            0.003            0.141            0.024            0.000            0.000            0.000            0.000            0.000            0.000
    97     4     6  2020       1       1  hru1           0.000       0.000       0.006      -0.036            0.000            0.000            0.000            0.000            0.016           -0.000            0.003            0.140            0.023            0.000            0.000            0.000            0.000            0.000            0.000
    98     4     7  2020       1       1  hru1           0.000       0.000       0.006      -0.036            0.000            0.000            0.000            0.000            0.016           -0.000            0.003            0.138            0.023            0.000            0.000            0.000            0.000            0.000            0.000
    99     4     8  2020       1       1  hru1           0.000       0.000       0.006      -0.036            0.000            0.000            0.000            0.000            0.016           -0.000            0.003            0.137            0.023            0.000            0.000            0.000            0.000            0.000            0.000
   100     4     9  2020       1       1  hru1           0.000       0.000       0.006      -0.036            0.000            0.000            0.000            0.000            0.016           -0.000            0.003            0.136            0.023            0.000            0.000            0.000            0.000            0.000            0.000
   101     4    10  2020       1       1  hru1           0.000       0.000       0.006      -0.036            0.000            0.000            0.000            0.000            0.016           -0.000            0.003            0.134            0.022            0.000            0.000            0.000            0.000            0.000            0.000
   102     4    11  2020       1       1  hru1           0.000       0.000       0.006      -0.035            0.000            0.000            0.000            0.000            0.016           -0.000            0.003            0.133            0.022            0.000            0.000            0.000            0.000            0.000            0.000
   103     4    12  2020       1       1  hru1           0.000       0.000       0.006      -0.035            0.000            0.000            0.000            0.000            0.016           -0.000            0.003            0.132            0.022            0.000            0.000            0.000            0.000            0.000            0.000
   104     4    13  2020       1       1  hru1           0.000       0.000       0.005      -0.035            0.000            0.000            0.000            0.000            0.016           -0.000            0.003            0.130            0.022            0.000            0.000            0.000            0.000            0.000            0.000
   105     4    14  2020       1       1  hru1           0.000       0.000       0.005      -0.035            0.000            0.000            0.000            0.000            0.016           -0.000            0.003            0.129            0.022            0.000            0.000            0.000            0.000            0.000            0.000
   106     4    15  2020       1       1  hru1           0.000       0.000       0.005      -0.035            0.000            0.000            0.000            0.000            0.016           -0.000            0.003            0.128            0.021            0.000            0.000            0.000            0.000            0.000            0.000
   107     4    16  2020       1       1  hru1           0.000       0.000       0.005      -0.035            0.000            0.000            0.000            0.000            0.016           -0.000            0.003            0.126            0.021            0.000            0.000            0.000            0.000            0.000            0.000
   108     4    17  2020       1       1  hru1           0.000       0.000       0.005      -0.035            0.000            0.000            0.000            0.000            0.016           -0.000            0.003            0.125            0.021            0.000            0.000            0.000            0.000            0.000            0.000
   109     4    18  2020       1       1  hru1           0.000       0.000       0.005      -0.035            0.000            0.000            0.000            0.000            0.016           -0.000            0.003            0.124            0.021            0.000            0.000            0.000            0.000            0.000            0.000
   110     4    19  2020       1       1  hru1           0.000       0.000       0.005      -0.035            0.000            0.000            0.000            0.000            0.016           -0.000            0.003            0.123            0.020            0.000            0.000            0.000            0.000            0.000            0.000
   111     4    20  2020       1       1  hru1           0.000       0.000       0.004      -0.035            0.000            0.000            0.000            0.000            0.016           -0.000            0.003            0.121            0.020            0.000            0.000            0.000            0.000            0.000            0.000
   112     4    21  2020       1       1  hru1           0.000       0.000       0.004      -0.035            0.000            0.000            0.000            0.000            0.016           -0.000            0.003            0.120            0.020            0.000            0.000            0.000            0.000            0.000            0.000
   113     4    22  2020       1       1  hru1           0.000       0.000       0.004      -0.035            0.000            0.000            0.000            0.000            0.016           -0.000            0.003            0.119            0.020            0.000            0.000            0.000            0.000            0.000            0.000
   114     4    23  2020       1       1  hru1           0.000       0.000       0.004      -0.035            0.000            0.000            0.000            0.000            0.016           -0.000            0.003            0.118            0.020            0.000            0.000            0.000            0.000            0.000            0.000
   115     4    24  2020       1       1  hru1           0.000       0.000       0.004      -0.035            0.000            0.000            0.000            0.000            0.016           -0.000            0.003            0.117            0.019            0.000            0.000            0.000            0.000            0.000            0.000
   116     4    25  2020       1       1  hru1           0.000       0.000       0.004      -0.035            0.000            0.000            0.000            0.000            0.016           -0.000            0.003            0.115            0.019            0.000            0.000            0.000            0.000            0.000            0.000
   117     4    26  2020       1       1  hru1           0.000       0.000       0.004      -0.035            0.000            0.000            0.000            0.000            0.016           -0.000            0.003            0.114            0.019            0.000            0.000            0.000            0.000            0.000            0.000
   118     4    27  2020       1       1  hru1           0.000       0.000       0.004      -0.035            0.000            0.000            0.000            0.000            0.016           -0.000            0.003            0.113            0.019            0.000            0.000            0.000            0.000            0.000            0.000
   119     4    28  2020       1       1  hru1           0.000       0.000       0.003      -0.035            0.000            0.000            0.000            0.000            0.016           -0.000            0.003            0.112            0.019            0.000            0.000            0.000            0.000            0.000            0.000
   120     4    29  2020       1       1  hru1           0.000       0.000       0.003      -0.035            0.000            0.000            0.000            0.000            0.016           -0.000            0.003            0.111            0.019            0.000            0.000            0.000            0.000            0.000            0.000
   121     4    30  2020       1       1  hru1           0.000       0.000       0.003      -0.035            0.000            0.000            0.000            0.000            0.016           -0.000            0.003            0.110            0.018            0.000            0.000            0.000            0.000            0.000            0.000
   122     5     1  2020       1       1  hru1           0.000       0.000       0.003      -0.035            0.000            0.000            0.000            0.000            0.016           -0.000            0.003            0.109            0.018            0.000            0.000            0.000            0.000            0.000            0.000
   123     5     2  2020       1       1  hru1           0.000       0.000       0.003      -0.035            0.000            0.000            0.000            0.000            0.016           -0.000            0.003            0.108            0.018            0.000            0.000            0.000            0.000            0.000            0.000
   124     5     3  2020       1       1  hru1           0.000       0.000       0.003      -0.035            0.000            0.000            0.000            0.000            0.016           -0.000            0.003            0.107            0.018            0.000            0.000            0.000            0.000            0.000            0.000
   125     5     4  2020       1       1  hru1           0.000       0.000       0.003      -0.035            0.000            0.000            0.000            0.000            0.015           -0.000            0.003            0.105            0.018            0.000            0.000            0.000            0.000            0.000            0.000
   126     5     5  2020       1       1  hru1           0.000       0.000       0.003      -0.035            0.000            0.000            0.000            0.000            0.015           -0.000            0.003            0.104            0.017            0.000            0.000            0.000            0.000            0.000            0.000
   127     5     6  2020       1       1  hru1           0.000       0.000       0.002      -0.035            0.000            0.000            0.000            0.000            0.015           -0.000            0.003            0.103            0.017            0.000            0.000            0.000            0.000            0.000            0.000
   128     5     7  2020       1       1  hru1           0.000       0.000       0.002      -0.035            0.000            0.000            0.000            0.000            0.015           -0.000            0.003            0.102            0.017            0.000            0.000            0.000            0.000            0.000            0.000
   129     5     8  2020       1       1  hru1           0.000       0.000       0.002      -0.035            0.000            0.000            0.000            0.000            0.015           -0.000            0.003            0.101            0.017            0.000            0.000            0.000            0.000            0.000            0.000
   130     5     9  2020       1       1  hru1           0.000       0.000       0.002      -0.035            0.000            0.000            0.000            0.000            0.015           -0.000            0.003            0.100            0.017            0.000            0.000            0.000            0.000            0.000            0.000
   131     5    10  2020       1       1  hru1           0.000       0.000       0.002      -0.034            0.000            0.000            0.000            0.000            0.015           -0.000            0.003            0.099            0.017            0.000            0.000            0.000            0.000            0.000            0.000
   132     5    11  2020       1       1  hru1           0.000       0.000       0.002      -0.034            0.000            0.000            0.000            0.000            0.015           -0.000            0.003            0.098            0.016            0.000            0.000            0.000            0.000            0.000            0.000
   133     5    12  2020       1       1  hru1           0.000       0.000       0.002      -0.034            0.000            0.000            0.000            0.000            0.015           -0.000            0.002            0.097            0.016            0.000            0.000            0.000            0.000            0.000            0.000
   134     5    13  2020       1       1  hru1           0.000       0.000       0.002      -0.034            0.000            0.000            0.000            0.000            0.014           -0.000            0.002            0.096            0.016            0.000            0.000            0.000            0.000            0.000            0.000
   135     5    14  2020       1       1  hru1           0.000       0.000       0.002      -0.034            0.000            0.000            0.000            0.000            0.014           -0.000            0.002            0.095            0.016            0.000            0.000            0.000            0.000            0.000            0.000
   136     5    15  2020       1       1  hru1           0.000       0.000       0.002      -0.034            0.000            0.000            0.000            0.000            0.014           -0.000            0.002            0.094            0.016            0.000            0.000            0.000            0.000            0.000            0.000
   137     5    16  2020       1       1  hru1           0.000       0.000       0.001      -0.034            0.000            0.000            0.000            0.000            0.014           -0.000            0.002            0.093            0.016            0.000            0.000            0.000            0.000            0.000            0.000
   138     5    17  2020       1       1  hru1           0.000       0.000       0.001      -0.034            0.000            0.000            0.000            0.000            0.013           -0.000            0.002            0.093            0.015            0.000            0.000            0.000            0.000            0.000            0.000
   139     5    18  2020       1       1  hru1           0.000       0.000       0.001      -0.034            0.000            0.000            0.000            0.000            0.013           -0.000            0.002            0.092            0.015            0.000            0.000            0.000            0.000            0.000            0.000
   140     5    19  2020       1       1  hru1           0.000       0.000       0.001      -0.034            0.000            0.000            0.000            0.000            0.014           -0.000            0.002            0.091            0.015            0.000            0.000            0.000            0.000            0.000            0.000
   141     5    20  2020       1       1  hru1           0.000       0.000       0.002      -0.034            0.000            0.000            0.000            0.000            0.015           -0.000            0.003            0.090            0.015            0.000            0.000            0.000            0.000            0.000            0.000
   142     5    21  2020       1       1  hru1           0.000       0.000       0.002      -0.034            0.000            0.000            0.000            0.000            0.015           -0.000            0.003            0.089            0.015            0.000            0.000            0.000            0.000            0.000            0.000
   143     5    22  2020       1       1  hru1           0.000       0.000       0.002      -0.034            0.000            0.000            0.000            0.000            0.015           -0.000            0.003            0.088            0.015            0.000            0.000            0.000            0.000            0.000            0.000
   144     5    23  2020       1       1  hru1           0.000       0.000       0.002      -0.034            0.000            0.000            0.000            0.000            0.015           -0.000            0.003            0.087            0.015            0.000            0.000            0.000            0.000            0.000            0.000
   145     5    24  2020       1       1  hru1           0.000       0.000       0.000      -0.034            0.000            0.000            0.000            0.000            0.015           -0.000            0.003            0.086            0.014            0.000            0.000            0.000            0.000            0.000            0.000
   146     5    25  2020       1       1  hru1           0.000       0.000      -0.000      -0.034            0.000            0.000            0.000            0.000            0.015           -0.000            0.003            0.085            0.014            0.000            0.000            0.000            0.000            0.000            0.000
   147     5    26  2020       1       1  hru1           0.000       0.000      -0.000      -0.034            0.000            0.000            0.000            0.000            0.016           -0.000            0.003            0.085            0.014            0.000            0.000            0.000            0.000            0.000            0.000
   148     5    27  2020       1       1  hru1           0.000       0.000      -0.000      -0.034            0.000            0.000            0.000            0.000            0.016           -0.000            0.003            0.084            0.014            0.000            0.000            0.000            0.000            0.000            0.000
   149     5    28  2020       1       1  hru1           0.000       0.000      -0.000      -0.034            0.000            0.000            0.000            0.000            0.016           -0.000            0.003            0.083            0.014            0.000            0.000            0.000            0.000            0.000            0.000
   150     5    29  2020       1       1  hru1           0.000       0.000      -0.000      -0.034            0.000            0.000            0.000            0.000            0.017           -0.000            0.003            0.082            0.014            0.000            0.000            0.000            0.000            0.000            0.000
   151     5    30  2020       1       1  hru1           0.000       0.000       0.000      -0.034            0.000            0.000            0.000            0.000            0.017           -0.000            0.003            0.081            0.014            0.000            0.000            0.000            0.000            0.000            0.000
   152     5    31  2020       1       1  hru1           0.000       0.000      -0.000      -0.034            0.000            0.000            0.000            0.000            0.017           -0.000            0.003            0.080            0.013            0.000            0.000            0.000            0.000            0.000            0.000
   153     6     1  2020       1       1  hru1           0.000       0.000      -0.000      -0.034            0.000            0.000            0.000            0.000            0.017           -0.000            0.003            0.080            0.013            0.000            0.000            0.000            0.000            0.000            0.000
   154     6     2  2020       1       1  hru1           0.000       0.000       0.001      -0.034            0.000            0.000            0.000            0.000            0.018           -0.000            0.003            0.122            0.020            0.000            0.000            0.591            0.090            0.000            0.000
   155     6     3  2020       1       1  hru1           0.000       0.000      -0.028      -0.034            0.000            0.000            0.000            0.000            0.019           -0.000            0.003            0.126            0.021            0.000            0.000            0.751            0.068            0.000            0.000
   156     6     4  2020       1       1  hru1           0.000       0.000      -0.027      -0.034            0.000            0.000            0.000            0.000            0.019           -0.000            0.003            0.125            0.021            0.000            0.000            0.691            0.069            0.000            0.000
   157     6     5  2020       1       1  hru1           0.000       0.000      -0.029      -0.034            0.000            0.000            0.000            0.000            0.020           -0.000            0.003            0.132            0.022            0.000            0.000            0.775            0.080            0.000            0.000
   158     6     6  2020       1       1  hru1           0.000       0.000      -0.034      -0.034            0.000            0.000            0.000            0.000            0.020           -0.000            0.003            0.123            0.021            0.000            0.000            0.994            0.107            0.000            0.000
   159     6     7  2020       1       1  hru1           0.000       0.000      -0.065      -0.034            0.000            0.000            0.000            0.000            0.019            0.000            0.003            0.100            0.017            0.000            0.000            0.704            0.052            0.000            0.000
   160     6     8  2020       1       1  hru1           0.000       0.000      -0.037      -0.034            0.000            0.000            0.000            0.000            0.019            0.000            0.003            0.088            0.015            0.000            0.000            0.000            0.000            0.000            0.000
   161     6     9  2020       1       1  hru1           0.000       0.000      -0.010      -0.034            0.000            0.000            0.000            0.000            0.018            0.000            0.003            0.084            0.014            0.000            0.000            0.166            0.000            0.000            0.000
   162     6    10  2020       1       1  hru1           0.000       0.000      -0.007      -0.034            0.000            0.000            0.000            0.000            0.019            0.000            0.003            0.087            0.014            0.000            0.000            0.403            0.054            0.000            0.000
   163     6    11  2020       1       1  hru1           0.000       0.000      -0.024      -0.034            0.000            0.000            0.000            0.000            0.020            0.000            0.003            0.096            0.016            0.000            0.000            0.822            0.089            0.000            0.000
   164     6    12  2020       1       1  hru1           0.000       0.000      -0.056      -0.034            0.000            0.000            0.000            0.000            0.021            0.000            0.004            0.108            0.018            0.000            0.000            0.974            0.090            0.000            0.000
   165     6    13  2020       1       1  hru1           0.000       0.000      -0.059      -0.034            0.000            0.000            0.000            0.000            0.021            0.000            0.004            0.103            0.017            0.000            0.000            1.033            0.100            0.000            0.000
   166     6    14  2020       1       1  hru1           0.000       0.000      -0.065      -0.034            0.000            0.000            0.000            0.000            0.020            0.000            0.003            0.096            0.016            0.000            0.000            1.022            0.093            0.000            0.000
   167     6    15  2020       1       1  hru1           0.000       0.000      -0.062      -0.034            0.000            0.000            0.000            0.000            0.021            0.000            0.004            0.096            0.016            0.000            0.000            0.840            0.067            0.000            0.000
   168     6    16  2020       1       1  hru1           0.000       0.000      -0.048      -0.034            0.000            0.000            0.000            0.000            0.020            0.000            0.003            0.088            0.015            0.000            0.000            1.306            0.149            0.000            0.000
   169     6    17  2020       1       1  hru1           0.000       0.000      -0.090      -0.034            0.000            0.000            0.000            0.000            0.020            0.000            0.003            0.080            0.013            0.000            0.000            0.823            0.039            0.000            0.000
   170     6    18  2020       1       1  hru1           0.000       0.000      -0.037      -0.034            0.000            0.000            0.000            0.000            0.020            0.000            0.003            0.078            0.013            0.000            0.000            0.735            0.079            0.000            0.000
   171     6    19  2020       1       1  hru1           0.000       0.000      -0.050      -0.034            0.000            0.000            0.000            0.000            0.020            0.000            0.003            0.078            0.013            0.000            0.000            0.993            0.092            0.000            0.000
   172     6    20  2020       1       1  hru1           0.000       0.000      -0.059      -0.034            0.000            0.000            0.000            0.000            0.021            0.000            0.004            0.083            0.014            0.000            0.000            1.371            0.131            0.000            0.000
   173     6    21  2020       1       1  hru1           0.000       0.000      -0.081      -0.034            0.000            0.000            0.000            0.000            0.021            0.000            0.004            0.087            0.015            0.000            0.000            1.756            0.159            0.000            0.000
   174     6    22  2020       1       1  hru1           0.000       0.000      -0.099      -0.034            0.000            0.000            0.000            0.000            0.022            0.000            0.004            0.091            0.015            0.000            0.000            1.925            0.163            0.000            0.000
   175     6    23  2020       1       1  hru1           0.000       0.000      -0.103      -0.034            0.000            0.000            0.000            0.000            0.023            0.000            0.004            0.096            0.016            0.000            0.000            2.223            0.196            0.000            0.000
   176     6    24  2020       1       1  hru1           0.000       0.000      -0.125      -0.034            0.000            0.000            0.000            0.000            0.024            0.000            0.004            0.101            0.017            0.000            0.000            2.645            0.225            0.000            0.000
   177     6    25  2020       1       1  hru1           0.000       0.000      -0.145      -0.034            0.000            0.000            0.000            0.000            0.025            0.000            0.004            0.104            0.017            0.000            0.000            3.210            0.278            0.000            0.000
   178     6    26  2020       1       1  hru1           0.000       0.000      -0.179      -0.034            0.000            0.000            0.000            0.000            0.025            0.000            0.004            0.105            0.018            0.000            0.000            3.171            0.241            0.000            0.000
   179     6    27  2020       1       1  hru1           0.000       0.000      -0.160      -0.034            0.000            0.000            0.000            0.000            0.025            0.000            0.004            0.104            0.017            0.000            0.000            3.347            0.275            0.000            0.000
   180     6    28  2020       1       1  hru1           0.000       0.000      -0.180      -0.034            0.000            0.000            0.000            0.000            0.024            0.000            0.004            0.094            0.016            0.000            0.000            4.249            0.395            0.000            0.000
   181     6    29  2020       1       1  hru1           0.000       0.000      -0.255      -0.034            0.000            0.000            0.000            0.000            0.022            0.000            0.004            0.079            0.013            0.000            0.000            3.116            0.201            0.000            0.000
   182     6    30  2020       1       1  hru1           0.000       0.000      -0.147      -0.035            0.000            0.000            0.000            0.000            0.022            0.000            0.004            0.075            0.012            0.000            0.000            0.724            0.000            0.000            0.000
   183     7     1  2020       1       1  hru1           0.000       0.000      -0.022      -0.035            0.000            0.000            0.000            0.000            0.022            0.000            0.004            0.072            0.012            0.000            0.000            3.659            0.402            0.000            0.000
   184     7     2  2020       1       1  hru1           0.000       0.000      -0.238      -0.035            0.000            0.000            0.000            0.000            0.022            0.000            0.004            0.072            0.012            0.000            0.000            3.994            0.269            0.000            0.000
   185     7     3  2020       1       1  hru1           0.000       0.000      -0.186      -0.035            0.000            0.000            0.000            0.000            0.023            0.000            0.004            0.077            0.013            0.000            0.000            4.586            0.383            0.000            0.000
   186     7     4  2020       1       1  hru1           0.000       0.000      -0.249      -0.035            0.000            0.000            0.000            0.000            0.024            0.000            0.004            0.079            0.013            0.000            0.000            6.025            0.506            0.000            0.000
   187     7     5  2020       1       1  hru1           0.000       0.000      -0.329      -0.035            0.000            0.000            0.000            0.000            0.024            0.000            0.004            0.081            0.013            0.000            0.000            0.415            0.425            0.000            0.000
   188     7     6  2020       1       1  hru1           0.000       0.000      -0.288      -0.035            0.000            0.000            0.000            0.000            0.025            0.000            0.004            0.083            0.014            0.000            0.000            0.109            0.536            0.000            0.000
   189     7     7  2020       1       1  hru1           0.000       0.000      -0.351      -0.035            0.000            0.000            0.000            0.000            0.025            0.000            0.004            0.082            0.014            0.000            0.000            0.108            0.541            0.000            0.000
   190     7     8  2020       1       1  hru1           0.000       0.000      -0.361      -0.035            0.000            0.000            0.000            0.000            0.025            0.000            0.004            0.080            0.013            0.000            0.000            0.105            0.509            0.000            0.000
   191     7     9  2020       1       1  hru1           0.000       0.000      -0.342      -0.035            0.000            0.000            0.000            0.000            0.025            0.000            0.004            0.080            0.013            0.000            0.000            0.106            0.452            0.000            0.000
   192     7    10  2020       1       1  hru1           0.000       0.000      -0.307      -0.036            0.000            0.000            0.000            0.000            0.026           -0.000            0.004            0.080            0.013            0.000            0.000            0.106            0.396            0.000            0.000
   193     7    11  2020       1       1  hru1           0.000       0.000      -0.269      -0.036            0.000            0.000            0.000            0.000            0.026           -0.000            0.004            0.082            0.014            0.000            0.000            0.108            0.210            0.000            0.000
   194     7    12  2020       1       1  hru1           0.000       0.000      -0.154      -0.036            0.000            0.000            0.000            0.000            0.027           -0.000            0.005            0.082            0.014            0.000            0.000            0.109            0.261            0.000            0.000
   195     7    13  2020       1       1  hru1           0.000       0.000      -0.172      -0.036            0.000            0.000            0.000            0.000            0.027           -0.000            0.005            0.080            0.013            0.000            0.000            0.107            0.142            0.000            0.000
   196     7    14  2020       1       1  hru1           0.000       0.000      -0.103      -0.036            0.000            0.000            0.000            0.000            0.026           -0.000            0.004            0.077            0.013            0.000            0.000            0.104            0.296            0.000            0.000
   197     7    15  2020       1       1  hru1           0.000       0.000      -0.189      -0.036            0.000            0.000            0.000            0.000            0.026           -0.000            0.004            0.075            0.013            0.000            0.000            0.102            0.045            0.000            0.000
   198     7    16  2020       1       1  hru1           0.000       0.000      -0.049      -0.036            0.000            0.000            0.000            0.000            0.026           -0.000            0.004            0.075            0.012            0.000            0.000            0.101            0.122            0.000            0.000
   199     7    17  2020       1       1  hru1           0.000       0.000      -0.077      -0.036            0.000            0.000            0.000            0.000            0.027           -0.000            0.005            0.075            0.013            0.000            0.000            0.103            0.012            0.000            0.000
   200     7    18  2020       1       1  hru1           0.000       0.000      -0.021      -0.036            0.000            0.000            0.000            0.000            0.027           -0.000            0.005            0.075            0.013            0.000            0.000            0.103            0.079            0.000            0.000
   201     7    19  2020       1       1  hru1           0.000       0.000      -0.050      -0.036            0.000            0.000            0.000            0.000            0.028           -0.000            0.005            0.075            0.012            0.000            0.000            0.103            0.038            0.000            0.000
   202     7    20  2020       1       1  hru1           0.000       0.000      -0.031      -0.036            0.000            0.000            0.000            0.000            0.028           -0.000            0.005            0.075            0.012            0.000            0.000            0.103            0.038            0.000            0.000
   203     7    21  2020       1       1  hru1           0.000       0.000      -0.029      -0.036            0.000            0.000            0.000            0.000            0.028           -0.000            0.005            0.074            0.012            0.000            0.000            0.103            0.178            0.000            0.000
   204     7    22  2020       1       1  hru1           0.000       0.000      -0.104      -0.036            0.000            0.000            0.000            0.000            0.029           -0.000            0.005            0.074            0.012            0.000            0.000            0.103            0.020            0.000            0.000
   205     7    23  2020       1       1  hru1           0.000       0.000      -0.027      -0.036            0.000            0.000            0.000            0.000            0.029           -0.000            0.005            0.073            0.012            0.000            0.000            0.103            0.305            0.000            0.000
   206     7    24  2020       1       1  hru1           0.000       0.000      -0.178      -0.036            0.000            0.000            0.000            0.000            0.029           -0.000            0.005            0.071            0.012            0.000            0.000            0.100            0.220            0.000            0.000
   207     7    25  2020       1       1  hru1           0.000       0.000      -0.151      -0.036            0.000            0.000            0.000            0.000            0.029           -0.000            0.005            0.069            0.012            0.000            0.000            0.098            0.091            0.000            0.000
   208     7    26  2020       1       1  hru1           0.000       0.000      -0.071      -0.036            0.000            0.000            0.000            0.000            0.029           -0.000            0.005            0.068            0.011            0.000            0.000            0.097            0.173            0.000            0.000
   209     7    27  2020       1       1  hru1           0.000       0.000      -0.112      -0.036            0.000            0.000            0.000            0.000            0.029           -0.000            0.005            0.067            0.011            0.000            0.000            0.096            0.069            0.000            0.000
   210     7    28  2020       1       1  hru1           0.000       0.000      -0.055      -0.036            0.000            0.000            0.000            0.000            0.029           -0.000            0.005            0.066            0.011            0.000            0.000            0.095            0.158            0.000            0.000
   211     7    29  2020       1       1  hru1           0.000       0.000      -0.101      -0.036            0.000            0.000            0.000            0.000            0.029           -0.000            0.005            0.065            0.011            0.000            0.000            0.095            0.083            0.000            0.000
   212     7    30  2020       1       1  hru1           0.000       0.000      -0.061      -0.036            0.000            0.000            0.000            0.000            0.030           -0.000            0.005            0.065            0.011            0.000            0.000            0.095            0.083            0.000            0.000
   213     7    31  2020       1       1  hru1           0.000       0.000      -0.058      -0.036            0.000            0.000            0.000            0.000            0.031           -0.000            0.005            0.065            0.011            0.000            0.000            0.096            0.089            0.000            0.000
   214     8     1  2020       1       1  hru1           0.000       0.000      -0.060      -0.036            0.000            0.000            0.000            0.000            0.031           -0.000            0.005            0.063            0.011            0.000            0.000            0.094            0.187            0.000            0.000
   215     8     2  2020       1       1  hru1           0.000       0.000      -0.120      -0.036            0.000            0.000            0.000            0.000            0.031           -0.000            0.005            0.062            0.010            0.000            0.000            0.093            0.038            0.000            0.000
   216     8     3  2020       1       1  hru1           0.000       0.000      -0.039      -0.036            0.000            0.000            0.000            0.000            0.031           -0.000            0.005            0.060            0.010            0.000            0.000            0.091            0.101            0.000            0.000
   217     8     4  2020       1       1  hru1           0.000       0.000      -0.065      -0.036            0.000            0.000            0.000            0.000            0.030           -0.000            0.005            0.058            0.010            0.000            0.000            0.089            0.154            0.000            0.000
   218     8     5  2020       1       1  hru1           0.000       0.000      -0.101      -0.036            0.000            0.000            0.000            0.000            0.030           -0.000            0.005            0.057            0.010            0.000            0.000            0.088            0.138            0.000            0.000
   219     8     6  2020       1       1  hru1           0.000       0.000      -0.095      -0.037            0.000            0.000            0.000            0.000            0.030           -0.000            0.005            0.055            0.009            0.000            0.000            0.086            0.134            0.000            0.000
   220     8     7  2020       1       1  hru1           0.000       0.000      -0.093      -0.037            0.000            0.000            0.000            0.000            0.029           -0.000            0.005            0.053            0.009            0.000            0.000            0.083            0.153            0.000            0.000
   221     8     8  2020       1       1  hru1           0.000       0.000      -0.104      -0.037            0.000            0.000            0.000            0.000            0.029           -0.000            0.005            0.050            0.008            0.000            0.000            0.080            0.191            0.000            0.000
   222     8     9  2020       1       1  hru1           0.000       0.000      -0.129      -0.037            0.000            0.000            0.000            0.000            0.028           -0.000            0.005            0.048            0.008            0.000            0.000            0.077            0.117            0.000            0.000
   223     8    10  2020       1       1  hru1           0.000       0.000      -0.087      -0.037            0.000            0.000            0.000            0.000            0.028           -0.000            0.005            0.047            0.008            0.000            0.000            0.075            0.127            0.000            0.000
   224     8    11  2020       1       1  hru1           0.000       0.000      -0.089      -0.037            0.000            0.000            0.000            0.000            0.028           -0.000            0.005            0.045            0.008            0.000            0.000            0.074            0.101            0.000            0.000
   225     8    12  2020       1       1  hru1           0.000       0.000      -0.073      -0.037            0.000            0.000            0.000            0.000            0.028           -0.000            0.005            0.044            0.007            0.000            0.000            0.073            0.090            0.000            0.000
   226     8    13  2020       1       1  hru1           0.000       0.000      -0.066      -0.037            0.000            0.000            0.000            0.000            0.028           -0.000            0.005            0.043            0.007            0.000            0.000            0.071            0.096            0.000            0.000
   227     8    14  2020       1       1  hru1           0.000       0.000      -0.068      -0.037            0.000            0.000            0.000            0.000            0.027           -0.000            0.005            0.041            0.007            0.000            0.000            0.069            0.107            0.000            0.000
   228     8    15  2020       1       1  hru1           0.000       0.000      -0.075      -0.037            0.000            0.000            0.000            0.000            0.027           -0.000            0.005            0.040            0.007            0.000            0.000            0.068            0.066            0.000            0.000
   229     8    16  2020       1       1  hru1           0.000       0.000      -0.051      -0.037            0.000            0.000            0.000            0.000            0.028           -0.000            0.005            0.040            0.007            0.000            0.000            0.068            0.046            0.000            0.000
   230     8    17  2020       1       1  hru1           0.000       0.000      -0.037      -0.037            0.000            0.000            0.000            0.000            0.028           -0.000            0.005            0.040            0.007            0.000            0.000            0.069            0.028            0.000            0.000
   231     8    18  2020       1       1  hru1           0.000       0.000      -0.026      -0.037            0.000            0.000            0.000            0.000            0.029           -0.000            0.005            0.041            0.007            0.000            0.000            0.070            0.021            0.000            0.000
   232     8    19  2020       1       1  hru1           0.000       0.000      -0.021      -0.037            0.000            0.000            0.000            0.000            0.029           -0.000            0.005            0.040            0.007            0.000            0.000            0.070            0.009            0.000            0.000
   233     8    20  2020       1       1  hru1           0.000       0.000      -0.014      -0.037            0.000            0.000            0.000            0.000            0.029           -0.000            0.005            0.039            0.007            0.000            0.000            0.068            0.051            0.000            0.000
   234     8    21  2020       1       1  hru1           0.000       0.000      -0.035      -0.037            0.000            0.000            0.000            0.000            0.029           -0.000            0.005            0.064            0.010            0.000            0.000            0.093            0.053            0.000            0.000
   235     8    22  2020       1       1  hru1           0.000       0.000      -0.038      -0.037            0.000            0.000            0.000            0.000            0.028           -0.000            0.005            0.090            0.013            0.000            0.000            0.118            0.047            0.000            0.000
   236     8    23  2020       1       1  hru1           0.000       0.000      -0.034      -0.037            0.000            0.000            0.000            0.000            0.028           -0.000            0.005            0.112            0.016            0.000            0.000            0.140            0.030            0.000            0.000
   237     8    24  2020       1       1  hru1           0.000       0.000      -0.024      -0.037            0.000            0.000            0.000            0.000            0.029           -0.000            0.005            0.133            0.018            0.000            0.000            0.162            0.021            0.000            0.000
   238     8    25  2020       1       1  hru1           0.000       0.000      -0.017      -0.037            0.000            0.000            0.000            0.000            0.029           -0.000            0.005            0.149            0.020            0.000            0.000            0.178            0.002            0.000            0.000
   239     8    26  2020       1       1  hru1           0.000       0.000      -0.005      -0.037            0.000            0.000            0.000            0.000            0.029           -0.000            0.005            0.164            0.021            0.000            0.000            0.194            0.036            0.000            0.000
   240     8    27  2020       1       1  hru1           0.000       0.000      -0.021      -0.037            0.000            0.000            0.000            0.000            0.028           -0.000            0.005            0.173            0.022            0.000            0.000            0.202            0.000            0.000            0.000
   241     8    28  2020       1       1  hru1           0.000       0.000      -0.003      -0.037            0.000            0.000            0.000            0.000            0.028           -0.000            0.005            0.179            0.022            0.000            0.000            0.207            0.025            0.000            0.000
   242     8    29  2020       1       1  hru1           0.000       0.000      -0.014      -0.037            0.000            0.000            0.000            0.000            0.028           -0.000            0.005            0.187            0.023            0.000            0.000            0.215            0.000            0.000            0.000
   243     8    30  2020       1       1  hru1           0.000       0.000      -0.000      -0.037            0.000            0.000            0.000            0.000            0.028           -0.000            0.005            0.188            0.023            0.000            0.000            0.216            0.005            0.000            0.000
   244     8    31  2020       1       1  hru1           0.000       0.000      -0.001      -0.037            0.000            0.000            0.000            0.000            0.026           -0.000            0.004            0.181            0.022            0.000            0.000            0.208            0.020            0.000            0.000
   245     9     1  2020       1       1  hru1           0.000       0.000      -0.010      -0.037            0.000            0.000            0.000            0.000            0.025           -0.000            0.004            0.170            0.020            0.000            0.000            0.196            0.011            0.000            0.000
   246     9     2  2020       1       1  hru1           0.000       0.000      -0.005      -0.037            0.000            0.000            0.000            0.000            0.025           -0.000            0.004            0.169            0.020            0.000            0.000            0.194            0.000            0.000            0.000
   247     9     3  2020       1       1  hru1           0.000       0.000       0.001      -0.037            0.000            0.000            0.000            0.000            0.025           -0.000            0.004            0.173            0.020            0.000            0.000            0.199            0.000            0.000            0.000
   248     9     4  2020       1       1  hru1           0.000       0.000       0.002      -0.037            0.000            0.000            0.000            0.000            0.025           -0.000            0.004            0.181            0.021            0.000            0.000            0.207            0.000            0.000            0.000
   249     9     5  2020       1       1  hru1           0.000       0.000       0.003      -0.037            0.000            0.000            0.000            0.000            0.026           -0.000            0.004            0.192            0.022            0.000            0.000            0.218            0.000            0.000            0.000
   250     9     6  2020       1       1  hru1           0.000       0.000       0.004      -0.037            0.000            0.000            0.000            0.000            0.026           -0.000            0.004            0.201            0.023            0.000            0.000            0.227            0.000            0.000            0.000
   251     9     7  2020       1       1  hru1           0.000       0.000       0.004      -0.037            0.000            0.000            0.000            0.000            0.025           -0.000            0.004            0.200            0.023            0.000            0.000            0.226            0.000            0.000            0.000
   252     9     8  2020       1       1  hru1           0.000       0.000       0.004      -0.036            0.000            0.000            0.000            0.000            0.024           -0.000            0.004            0.181            0.021            0.000            0.000            0.206            0.000            0.000            0.000
   253     9     9  2020       1       1  hru1           0.000       0.000       0.003      -0.036            0.000            0.000            0.000            0.000            0.023           -0.000            0.004            0.161            0.018            0.000            0.000            0.184            0.002            0.000            0.000
   254     9    10  2020       1       1  hru1           0.000       0.000       0.002      -0.036            0.000            0.000            0.000            0.000            0.022           -0.000            0.004            0.150            0.017            0.000            0.000            0.173            0.010            0.000            0.000
   255     9    11  2020       1       1  hru1           0.000       0.000      -0.002      -0.036            0.000            0.000            0.000            0.000            0.022           -0.000            0.004            0.148            0.017            0.000            0.000            0.171            0.004            0.000            0.000
   256     9    12  2020       1       1  hru1           0.000       0.000       0.000      -0.036            0.000            0.000            0.000            0.000            0.022           -0.000            0.004            0.148            0.017            0.000            0.000            0.171            0.005            0.000            0.000
   257     9    13  2020       1       1  hru1           0.000       0.000       0.000      -0.036            0.000            0.000            0.000            0.000            0.022           -0.000            0.004            0.150            0.017            0.000            0.000            0.173            0.003            0.000            0.000
   258     9    14  2020       1       1  hru1           0.000       0.000       0.001      -0.036            0.000            0.000            0.000            0.000            0.023           -0.000            0.004            0.157            0.018            0.000            0.000            0.180            0.000            0.000            0.000
   259     9    15  2020       1       1  hru1           0.000       0.000       0.002      -0.036            0.000            0.000            0.000            0.000            0.023           -0.000            0.004            0.162            0.018            0.000            0.000            0.185            0.001            0.000            0.000
   260     9    16  2020       1       1  hru1           0.000       0.000       0.002      -0.036            0.000            0.000            0.000            0.000            0.023           -0.000            0.004            0.167            0.018            0.000            0.000            0.190            0.001            0.000            0.000
   261     9    17  2020       1       1  hru1           0.000       0.000       0.002      -0.036            0.000            0.000            0.000            0.000            0.023           -0.000            0.004            0.172            0.019            0.000            0.000            0.195            0.000            0.000            0.000
   262     9    18  2020       1       1  hru1           0.000       0.000       0.003      -0.036            0.000            0.000            0.000            0.000            0.023           -0.000            0.004            0.178            0.020            0.000            0.000            0.201            0.001            0.000            0.000
   263     9    19  2020       1       1  hru1           0.000       0.000       0.003      -0.036            0.000            0.000            0.000            0.000            0.023           -0.000            0.004            0.174            0.019            0.000            0.000            0.197            0.003            0.000            0.000
   264     9    20  2020       1       1  hru1           0.000       0.000       0.001      -0.036            0.000            0.000            0.000            0.000            0.023           -0.000            0.004            0.167            0.018            0.000            0.000            0.190            0.003            0.000            0.000
   265     9    21  2020       1       1  hru1           0.000       0.000       0.001      -0.036            0.000            0.000            0.000            0.000            0.022           -0.000            0.004            0.165            0.018            0.000            0.000            0.187            0.001            0.000            0.000
   266     9    22  2020       1       1  hru1           0.000       0.000       0.002      -0.036            0.000            0.000            0.000            0.000            0.022           -0.000            0.004            0.164            0.018            0.000            0.000            0.187            0.003            0.000            0.000
   267     9    23  2020       1       1  hru1           0.000       0.000       0.001      -0.036            0.000            0.000            0.000            0.000            0.022           -0.000            0.004            0.165            0.018            0.000            0.000            0.188            0.000            0.000            0.000
   268     9    24  2020       1       1  hru1           0.000       0.000       0.002      -0.036            0.000            0.000            0.000            0.000            0.022            0.000            0.004            0.165            0.018            0.000            0.000            0.187            0.002            0.000            0.000
   269     9    25  2020       1       1  hru1           0.000       0.000       0.010      -0.036            0.000            0.000            0.000            0.000            0.022            0.000            0.004            0.622            0.103            0.000            0.000            0.000            0.000            0.000            0.000
   270     9    26  2020       1       1  hru1           0.000       0.000       0.016      -0.036            0.000            0.000            0.000            0.000            0.022            0.000            0.004            0.496            0.082            0.000            0.000            0.000            0.000            0.000            0.000
   271     9    27  2020       1       1  hru1           0.000       0.000       0.020      -0.036            0.000            0.000            0.000            0.000            0.021            0.000            0.004            0.491            0.081            0.000            0.000            0.000            0.000            0.000            0.000
   272     9    28  2020       1       1  hru1           0.000       0.000       0.023      -0.036            0.000            0.000            0.000            0.000            0.021            0.000            0.004            0.486            0.080            0.000            0.000            0.000            0.000            0.000            0.000
   273     9    29  2020       1       1  hru1           0.000       0.000       0.026      -0.036            0.000            0.000            0.000            0.000            0.021            0.000            0.004            0.481            0.079            0.000            0.000            0.000            0.000            0.000            0.000
   274     9    30  2020       1       1  hru1           0.000       0.000       0.028      -0.036            0.000            0.000            0.000            0.000            0.021            0.000            0.003            0.476            0.079            0.000            0.000            0.000            0.000            0.000            0.000
   275    10     1  2020       1       1  hru1           0.000       0.000       0.031      -0.036            0.000            0.000            0.000            0.000            0.020            0.000            0.003            0.472            0.078            0.000            0.000            0.000            0.000            0.000            0.000
   276    10     2  2020       1       1  hru1           0.000       0.000       0.032      -0.035            0.000            0.000            0.000            0.000            0.020            0.000            0.003            0.467            0.077            0.000            0.000            0.000            0.000            0.000            0.000
   277    10     3  2020       1       1  hru1           0.000       0.000       0.034      -0.035            0.000            0.000            0.000            0.000            0.020            0.000            0.003            0.462            0.076            0.000            0.000            0.000            0.000            0.000            0.000
   278    10     4  2020       1       1  hru1           0.000       0.000       0.035      -0.035            0.000            0.000            0.000            0.000            0.020            0.000            0.003            0.457            0.076            0.000            0.000            0.000            0.000            0.000            0.000
   279    10     5  2020       1       1  hru1           0.000       0.000       0.036      -0.035            0.000            0.000            0.000            0.000            0.020            0.001            0.003            0.453            0.075            0.000            0.000            0.000            0.000            0.000            0.000
   280    10     6  2020       1       1  hru1           0.000       0.000       0.036      -0.035            0.000            0.000            0.000            0.000            0.020            0.001            0.003            0.448            0.074            0.000            0.000            0.000            0.000            0.000            0.000
   281    10     7  2020       1       1  hru1           0.000       0.000       0.037      -0.035            0.000            0.000            0.000            0.000            0.019            0.001            0.003            0.444            0.073            0.000            0.000            0.000            0.000            0.000            0.000
   282    10     8  2020       1       1  hru1           0.000       0.000       0.037      -0.035            0.000            0.000            0.000            0.000            0.019            0.001            0.003            0.439            0.073            0.000            0.000            0.000            0.000            0.000            0.000
   283    10     9  2020       1       1  hru1           0.000       0.000       0.037      -0.035            0.000            0.000            0.000            0.000            0.019            0.001            0.003            0.435            0.072            0.000            0.000            0.000            0.000            0.000            0.000
   284    10    10  2020       1       1  hru1           0.000       0.000       0.038      -0.035            0.000            0.000            0.000            0.000            0.019            0.001            0.003            0.431            0.071            0.000            0.000            0.000            0.000            0.000            0.000
   285    10    11  2020       1       1  hru1           0.000       0.000       0.039      -0.034            0.000            0.000            0.000            0.000            0.019            0.001            0.003            0.426            0.070            0.000            0.000            0.000            0.000            0.000            0.000
   286    10    12  2020       1       1  hru1           0.000       0.000       0.037      -0.034            0.000            0.000            0.000            0.000            0.019            0.001            0.003            0.422            0.070            0.000            0.000            0.000            0.000            0.000            0.000
   287    10    13  2020       1       1  hru1           0.000       0.000       0.037      -0.034            0.000            0.000            0.000            0.000            0.019            0.001            0.003            0.418            0.069            0.000            0.000            0.000            0.000            0.000            0.000
   288    10    14  2020       1       1  hru1           0.000       0.000       0.037      -0.034            0.000            0.000            0.000            0.000            0.018            0.001            0.003            0.414            0.068            0.000            0.000            0.000            0.000            0.000            0.000
   289    10    15  2020       1       1  hru1           0.000       0.000       0.037      -0.034            0.000            0.000            0.000            0.000            0.018            0.001            0.003            0.410            0.068            0.000            0.000            0.000            0.000            0.000            0.000
   290    10    16  2020       1       1  hru1           0.000       0.000       0.037      -0.034            0.000            0.000            0.000            0.000            0.018            0.001            0.003            0.406            0.067            0.000            0.000            0.000            0.000            0.000            0.000
   291    10    17  2020       1       1  hru1           0.000       0.000       0.037      -0.034            0.000            0.000            0.000            0.000            0.018            0.001            0.003            0.401            0.066            0.000            0.000            0.000            0.000            0.000            0.000
   292    10    18  2020       1       1  hru1           0.000       0.000       0.036      -0.034            0.000            0.000            0.000            0.000            0.018            0.001            0.003            0.397            0.066            0.000            0.000            0.000            0.000            0.000            0.000
   293    10    19  2020       1       1  hru1           0.000       0.000       0.036      -0.034            0.000            0.000            0.000            0.000            0.018            0.001            0.003            0.393            0.065            0.000            0.000            0.000            0.000            0.000            0.000
   294    10    20  2020       1       1  hru1           0.000       0.000       0.036      -0.033            0.000            0.000            0.000            0.000            0.018            0.001            0.003            0.390            0.064            0.000            0.000            0.000            0.000            0.000            0.000
   295    10    21  2020       1       1  hru1           0.000       0.000       0.035      -0.033            0.000            0.000            0.000            0.000            0.018            0.001            0.003            0.386            0.064            0.000            0.000            0.000            0.000            0.000            0.000
   296    10    22  2020       1       1  hru1           0.000       0.000       0.035      -0.033            0.000            0.000            0.000            0.000            0.018            0.001            0.003            0.382            0.063            0.000            0.000            0.000            0.000            0.000            0.000
   297    10    23  2020       1       1  hru1           0.000       0.000       0.035      -0.033            0.000            0.000            0.000            0.000            0.018            0.001            0.003            0.378            0.062            0.000            0.000            0.000            0.000            0.000            0.000
   298    10    24  2020       1       1  hru1           0.000       0.000       0.034      -0.033            0.000            0.000            0.000            0.000            0.017            0.001            0.003            0.374            0.062            0.000            0.000            0.000            0.000            0.000            0.000
   299    10    25  2020       1       1  hru1           0.000       0.000       0.034      -0.033            0.000            0.000            0.000            0.000            0.017            0.001            0.003            0.370            0.061            0.000            0.000            0.000            0.000            0.000            0.000
   300    10    26  2020       1       1  hru1           0.000       0.000       0.034      -0.033            0.000            0.000            0.000            0.000            0.017            0.001            0.003            0.367            0.061            0.000            0.000            0.000            0.000            0.000            0.000
   301    10    27  2020       1       1  hru1           0.000       0.000       0.033      -0.033            0.000            0.000            0.000            0.000            0.017            0.001            0.003            0.363            0.060            0.000            0.000            0.000            0.000            0.000            0.000
   302    10    28  2020       1       1  hru1           0.000       0.000       0.033      -0.033            0.000            0.000            0.000            0.000            0.017            0.001            0.003            0.359            0.059            0.000            0.000            0.000            0.000            0.000            0.000
   303    10    29  2020       1       1  hru1           0.000       0.000       0.032      -0.033            0.000            0.000            0.000            0.000            0.017            0.001            0.003            0.356            0.059            0.000            0.000            0.000            0.000            0.000            0.000
   304    10    30  2020       1       1  hru1           0.000       0.000       0.032      -0.032            0.000            0.000            0.000            0.000            0.017            0.002            0.003            0.352            0.058            0.000            0.000            0.000            0.000            0.000            0.000
   305    10    31  2020       1       1  hru1           0.000       0.000       0.032      -0.032            0.000            0.000            0.000            0.000            0.017            0.002            0.003            0.349            0.058            0.000            0.000            0.000            0.000            0.000            0.000
   306    11     1  2020       1       1  hru1           0.000       0.000       0.031      -0.032            0.000            0.000            0.000            0.000            0.017            0.002            0.003            0.345            0.057            0.000            0.000            0.000            0.000            0.000            0.000
   307    11     2  2020       1       1  hru1           0.000       0.000       0.031      -0.032            0.000            0.000            0.000            0.000            0.017            0.002            0.003            0.342            0.056            0.000            0.000            0.000            0.000            0.000            0.000
   308    11     3  2020       1       1  hru1           0.000       0.000       0.031      -0.032            0.000            0.000            0.000            0.000            0.017            0.002            0.003            0.338            0.056            0.000            0.000            0.000            0.000            0.000            0.000
   309    11     4  2020       1       1  hru1           0.000       0.000       0.030      -0.032            0.000            0.000            0.000            0.000            0.017            0.002            0.003            0.335            0.055            0.000            0.000            0.000            0.000            0.000            0.000
   310    11     5  2020       1       1  hru1           0.000       0.000       0.030      -0.032            0.000            0.000            0.000            0.000            0.017            0.002            0.003            0.332            0.055            0.000            0.000            0.000            0.000            0.000            0.000
   311    11     6  2020       1       1  hru1           0.000       0.000       0.030      -0.032            0.000            0.000            0.000            0.000            0.017            0.002            0.003            0.328            0.054            0.000            0.000            0.000            0.000            0.000            0.000
   312    11     7  2020       1       1  hru1           0.000       0.000       0.029      -0.032            0.000            0.000            0.000            0.000            0.017            0.002            0.003            0.325            0.054            0.000            0.000            0.000            0.000            0.000            0.000
   313    11     8  2020       1       1  hru1           0.000       0.000       0.029      -0.032            0.000            0.000            0.000            0.000            0.017            0.002            0.003            0.322            0.053            0.000            0.000            0.000            0.000            0.000            0.000
   314    11     9  2020       1       1  hru1           0.000       0.000       0.029      -0.032            0.000            0.000            0.000            0.000            0.017            0.002            0.003            0.319            0.053            0.000            0.000            0.000            0.000            0.000            0.000
   315    11    10  2020       1       1  hru1           0.000       0.000       0.028      -0.031            0.000            0.000            0.000            0.000            0.017            0.002            0.003            0.315            0.052            0.000            0.000            0.000            0.000            0.000            0.000
   316    11    11  2020       1       1  hru1           0.000       0.000       0.028      -0.031            0.000            0.000            0.000            0.000            0.017            0.002            0.003            0.312            0.052            0.000            0.000            0.000            0.000            0.000            0.000
   317    11    12  2020       1       1  hru1           0.000       0.000       0.029      -0.031            0.000            0.000            0.000            0.000            0.017            0.002            0.003            0.309            0.051            0.000            0.000            0.000            0.000            0.000            0.000
   318    11    13  2020       1       1  hru1           0.000       0.000       0.027      -0.031            0.000            0.000            0.000            0.000            0.017            0.002            0.003            0.306            0.051            0.000            0.000            0.000            0.000            0.000            0.000
   319    11    14  2020       1       1  hru1           0.000       0.000       0.029      -0.031            0.000            0.000            0.000            0.000            0.017            0.002            0.003            0.303            0.050            0.000            0.000            0.000            0.000            0.000            0.000
   320    11    15  2020       1       1  hru1           0.000       0.000       0.026      -0.031            0.000            0.000            0.000            0.000            0.017            0.002            0.003            0.300            0.050            0.000            0.000            0.000            0.000            0.000            0.000
   321    11    16  2020       1       1  hru1           0.000       0.000       0.028      -0.031            0.000            0.000            0.000            0.000            0.017            0.002            0.003            0.297            0.049            0.000            0.000            0.000            0.000            0.000            0.000
   322    11    17  2020       1       1  hru1           0.000       0.000       0.026      -0.031            0.000            0.000            0.000            0.000            0.017            0.002            0.003            0.294            0.049            0.000            0.000            0.000            0.000            0.000            0.000
   323    11    18  2020       1       1  hru1           0.000       0.000       0.025      -0.031            0.000            0.000            0.000            0.000            0.017            0.002            0.003            0.291            0.048            0.000            0.000            0.000            0.000            0.000            0.000
   324    11    19  2020       1       1  hru1           0.000       0.000       0.026      -0.031            0.000            0.000            0.000            0.000            0.017            0.002            0.003            0.288            0.048            0.000            0.000            0.000            0.000            0.000            0.000
   325    11    20  2020       1       1  hru1           0.000       0.000       0.025      -0.031            0.000            0.000            0.000            0.000            0.017            0.002            0.003            0.285            0.047            0.000            0.000            0.000            0.000            0.000            0.000
   326    11    21  2020       1       1  hru1           0.000       0.000       0.024      -0.031            0.000            0.000            0.000            0.000            0.017            0.002            0.003            0.282            0.047            0.000            0.000            0.000            0.000            0.000            0.000
   327    11    22  2020       1       1  hru1           0.000       0.000       0.024      -0.031            0.000            0.000            0.000            0.000            0.017            0.002            0.003            0.280            0.046            0.000            0.000            0.000            0.000            0.000            0.000
   328    11    23  2020       1       1  hru1           0.000       0.000       0.024      -0.031            0.000            0.000            0.000            0.000            0.017            0.002            0.003            0.277            0.046            0.000            0.000            0.000            0.000            0.000            0.000
   329    11    24  2020       1       1  hru1           0.000       0.000       0.024      -0.030            0.000            0.000            0.000            0.000            0.017            0.002            0.003            0.274            0.045            0.000            0.000            0.000            0.000            0.000            0.000
   330    11    25  2020       1       1  hru1           0.000       0.000       0.023      -0.030            0.000            0.000            0.000            0.000            0.017            0.002            0.003            0.271            0.045            0.000            0.000            0.000            0.000            0.000            0.000
   331    11    26  2020       1       1  hru1           0.000       0.000       0.023      -0.030            0.000            0.000            0.000            0.000            0.017            0.002            0.003            0.269            0.044            0.000            0.000            0.000            0.000            0.000            0.000
   332    11    27  2020       1       1  hru1           0.000       0.000       0.023      -0.030            0.000            0.000            0.000            0.000            0.017            0.002            0.003            0.266            0.044            0.000            0.000            0.000            0.000            0.000            0.000
   333    11    28  2020       1       1  hru1           0.000       0.000       0.023      -0.030            0.000            0.000            0.000            0.000            0.017            0.002            0.003            0.263            0.043            0.000            0.000            0.000            0.000            0.000            0.000
   334    11    29  2020       1       1  hru1           0.000       0.000       0.018      -0.030            0.000            0.000            0.000            0.000            0.017            0.002            0.003            0.000            0.000            0.000            0.000            0.000            0.000            0.000            0.000
   335    11    30  2020       1       1  hru1           0.000       0.000       0.014      -0.030            0.000            0.000            0.000            0.000            0.017            0.002            0.003            0.000            0.000            0.000            0.000            0.000            0.000            0.000            0.000
   336    12     1  2020       1       1  hru1           0.000       0.000       0.011      -0.030            0.000            0.000            0.000            0.000            0.017            0.002            0.003            0.000            0.000            0.000            0.000            0.000            0.000            0.000            0.000
   337    12     2  2020       1       1  hru1           0.000       0.000       0.007      -0.030            0.000            0.000            0.000            0.000            0.011           -0.005            0.002            0.000            0.000            0.000            0.000            0.000            0.000            0.000            0.000
   338    12     3  2020       1       1  hru1           0.000       0.000       0.005      -0.030            0.000            0.000            0.000            0.000            0.011           -0.005            0.002            0.000            0.000            0.000            0.000            0.000            0.000            0.000            0.000
   339    12     4  2020       1       1  hru1           0.000       0.000       0.003      -0.030            0.000            0.000            0.000            0.000            0.011           -0.005            0.002            0.000            0.000            0.000            0.000            0.000            0.000            0.000            0.000
   340    12     5  2020       1       1  hru1           0.000       0.000       0.001      -0.030            0.000            0.000            0.000            0.000            0.011           -0.005            0.002            0.000            0.000            0.000            0.000            0.000            0.000            0.000            0.000
   341    12     6  2020       1       1  hru1           0.000       0.000      -0.000      -0.030            0.000            0.000            0.000            0.000            0.011           -0.005            0.002            0.000            0.000            0.000            0.000            0.000            0.000            0.000            0.000
   342    12     7  2020       1       1  hru1           0.000       0.000      -0.001      -0.030            0.000            0.000            0.000            0.000            0.011           -0.005            0.002            0.000            0.000            0.000            0.000            0.000            0.000            0.000            0.000
   343    12     8  2020       1       1  hru1           0.000       0.000      -0.003      -0.030            0.000            0.000            0.000            0.000            0.011           -0.005            0.002            0.000            0.000            0.000            0.000            0.000            0.000            0.000            0.000
   344    12     9  2020       1       1  hru1           0.000       0.000      -0.003      -0.030            0.000            0.000            0.000            0.000            0.011           -0.005            0.002            0.000            0.000            0.000            0.000            0.000            0.000            0.000            0.000
   345    12    10  2020       1       1  hru1           0.000       0.000      -0.004      -0.030            0.000            0.000            0.000            0.000            0.011           -0.005            0.002            0.000            0.000            0.000            0.000            0.000            0.000            0.000            0.000
   346    12    11  2020       1       1  hru1           0.000       0.000      -0.005      -0.030            0.000            0.000            0.000            0.000            0.011           -0.005            0.002            0.000            0.000            0.000            0.000            0.000            0.000            0.000            0.000
   347    12    12  2020       1       1  hru1           0.000       0.000      -0.005      -0.030            0.000            0.000            0.000            0.000            0.011           -0.005            0.002            0.000            0.000            0.000            0.000            0.000            0.000            0.000            0.000
   348    12    13  2020       1       1  hru1           0.000       0.000      -0.006      -0.030            0.000            0.000            0.000            0.000            0.011           -0.005            0.002            0.000            0.000            0.000            0.000            0.000            0.000            0.000            0.000
   349    12    14  2020       1       1  hru1           0.000       0.000      -0.006      -0.030            0.000            0.000            0.000            0.000            0.011           -0.005            0.002            0.000            0.000            0.000            0.000            0.000            0.000            0.000            0.000
   350    12    15  2020       1       1  hru1           0.000       0.000      -0.007      -0.030            0.000            0.000            0.000            0.000            0.011           -0.005            0.002            0.000            0.000            0.000            0.000            0.000            0.000            0.000            0.000
   351    12    16  2020       1       1  hru1           0.000       0.000      -0.007      -0.030            0.000            0.000            0.000            0.000            0.011           -0.005            0.002            0.000            0.000            0.000            0.000            0.000            0.000            0.000            0.000
   352    12    17  2020       1       1  hru1           0.000       0.000      -0.007      -0.030            0.000            0.000            0.000            0.000            0.011           -0.005            0.002            0.000            0.000            0.000            0.000            0.000            0.000            0.000            0.000
   353    12    18  2020       1       1  hru1           0.000       0.000      -0.008      -0.030            0.000            0.000            0.000            0.000            0.011           -0.005            0.002            0.000            0.000            0.000            0.000            0.000            0.000            0.000            0.000
   354    12    19  2020       1       1  hru1           0.000       0.000      -0.008      -0.030            0.000            0.000            0.000            0.000            0.011           -0.005            0.002            0.000            0.000            0.000            0.000            0.000            0.000            0.000            0.000
   355    12    20  2020       1       1  hru1           0.000       0.000      -0.008      -0.030            0.000            0.000            0.000            0.000            0.011           -0.005            0.002            0.000            0.000            0.000            0.000            0.000            0.000            0.000            0.000
   356    12    21  2020       1       1  hru1           0.000       0.000      -0.008      -0.030            0.000            0.000            0.000            0.000            0.017            0.002            0.003            0.000            0.000            0.000            0.000            0.000            0.000            0.000            0.000
   357    12    22  2020       1       1  hru1           0.000       0.000      -0.008      -0.030            0.000            0.000            0.000            0.000            0.017            0.002            0.003            0.000            0.000            0.000            0.000            0.000            0.000            0.000            0.000
   358    12    23  2020       1       1  hru1           0.000       0.000      -0.008      -0.030            0.000            0.000            0.000            0.000            0.017            0.002            0.003            0.000            0.000            0.000            0.000            0.000            0.000            0.000            0.000
   359    12    24  2020       1       1  hru1           0.000       0.000      -0.008      -0.030            0.000            0.000            0.000            0.000            0.011           -0.005            0.002            0.000            0.000            0.000            0.000            0.000            0.000            0.000            0.000
   360    12    25  2020       1       1  hru1           0.000       0.000      -0.008      -0.030            0.000            0.000            0.000            0.000            0.011           -0.005            0.002            0.000            0.000            0.000            0.000            0.000            0.000            0.000            0.000
   361    12    26  2020       1       1  hru1           0.000       0.000      -0.008      -0.030            0.000            0.000            0.000            0.000            0.017            0.002            0.003            0.000            0.000            0.000            0.000            0.000            0.000            0.000            0.000
   362    12    27  2020       1       1  hru1           0.000       0.000      -0.008      -0.030            0.000            0.000            0.000            0.000            0.017            0.002            0.003            0.000            0.000            0.000            0.000            0.000            0.000            0.000            0.000
   363    12    28  2020       1       1  hru1           0.000       0.000      -0.008      -0.030            0.000            0.000            0.000            0.000            0.011           -0.005            0.002            0.000            0.000            0.000            0.000            0.000            0.000            0.000            0.000
   364    12    29  2020       1       1  hru1           0.000       0.000      -0.008      -0.030            0.000            0.000            0.000            0.000            0.011           -0.005            0.002            0.000            0.000            0.000            0.000            0.000            0.000            0.000            0.000
   365    12    30  2020       1       1  hru1           0.000       0.000      -0.009      -0.030            0.000            0.000            0.000            0.000            0.011           -0.005            0.002            0.000            0.000            0.000            0.000            0.000            0.000            0.000            0.000
   366    12    31  2020       1       1  hru1           0.000       0.000      -0.009      -0.030            0.000            0.000            0.000            0.000            0.011           -0.005            0.002            0.000            0.000            0.000            0.000            0.000            0.000            0.000            0.000
     1     1     1  2021       1       1  hru1           0.000       0.000      -0.006      -0.032            0.000            0.000            0.000            0.000            0.011           -0.005            0.002            0.000            0.000            0.000            0.000            0.000            0.000            0.000            0.000
     2     1     2  2021       1       1  hru1           0.000       0.000      -0.009      -0.032            0.000            0.000            0.000            0.000            0.011           -0.005            0.002            0.000            0.000            0.000            0.000            0.000            0.000            0.000            0.000
     3     1     3  2021       1       1  hru1           0.000       0.000      -0.009      -0.032            0.000            0.000            0.000            0.000            0.017            0.002            0.003            0.000            0.000            0.000            0.000            0.000            0.000            0.000            0.000
     4     1     4  2021       1       1  hru1           0.000       0.000      -0.009      -0.032            0.000            0.000            0.000            0.000            0.017            0.002            0.003            0.000            0.000            0.000            0.000            0.000            0.000            0.000            0.000
     5     1     5  2021       1       1  hru1           0.000       0.000      -0.009      -0.032            0.000            0.000            0.000            0.000            0.017            0.002            0.003            0.000            0.000            0.000            0.000            0.000            0.000            0.000            0.000
     6     1     6  2021       1       1  hru1           0.000       0.000      -0.009      -0.032            0.000            0.000            0.000            0.000            0.017            0.002            0.003            0.000            0.000            0.000            0.000            0.000            0.000            0.000            0.000
     7     1     7  2021       1       1  hru1           0.000       0.000      -0.009      -0.032            0.000            0.000            0.000            0.000            0.017            0.002            0.003            0.000            0.000            0.000            0.000            0.000            0.000            0.000            0.000
     8     1     8  2021       1       1  hru1           0.000       0.000      -0.009      -0.032            0.000            0.000            0.000            0.000            0.017            0.002            0.003            0.000            0.000            0.000            0.000            0.000            0.000            0.000            0.000
     9     1     9  2021       1       1  hru1           0.000       0.000      -0.009      -0.032            0.000            0.000            0.000            0.000            0.017            0.002            0.003            0.000            0.000            0.000            0.000            0.000            0.000            0.000            0.000
    10     1    10  2021       1       1  hru1           0.000       0.000      -0.009      -0.032            0.000            0.000            0.000            0.000            0.017            0.002            0.003            0.000            0.000            0.000            0.000            0.000            0.000            0.000            0.000
    11     1    11  2021       1       1  hru1           0.000       0.000      -0.009      -0.032            0.000            0.000            0.000            0.000            0.017            0.002            0.003            0.000            0.000            0.000            0.000            0.000            0.000            0.000            0.000
    12     1    12  2021       1       1  hru1           0.000       0.000      -0.009      -0.032            0.000            0.000            0.000            0.000            0.017            0.002            0.003            0.000            0.000            0.000            0.000            0.000            0.000            0.000            0.000
    13     1    13  2021       1       1  hru1           0.000       0.000      -0.009      -0.032            0.000            0.000            0.000            0.000            0.017            0.002            0.003            0.000            0.000            0.000            0.000            0.000            0.000            0.000            0.000
    14     1    14  2021       1       1  hru1           0.000       0.000      -0.009      -0.032            0.000            0.000            0.000            0.000            0.017            0.002            0.003            0.000            0.000            0.000            0.000            0.000            0.000            0.000            0.000
    15     1    15  2021       1       1  hru1           0.000       0.000      -0.009      -0.032            0.000            0.000            0.000            0.000            0.017            0.002            0.003            0.000            0.000            0.000            0.000            0.000            0.000            0.000            0.000
    16     1    16  2021       1       1  hru1           0.000       0.000      -0.009      -0.032            0.000            0.000            0.000            0.000            0.017            0.002            0.003            0.000            0.000            0.000            0.000            0.000            0.000            0.000            0.000
    17     1    17  2021       1       1  hru1           0.000       0.000      -0.009      -0.032            0.000            0.000            0.000            0.000            0.017            0.002            0.003            0.000            0.000            0.000            0.000            0.000            0.000            0.000            0.000
    18     1    18  2021       1       1  hru1           0.000       0.000      -0.009      -0.032            0.000            0.000            0.000            0.000            0.017            0.002            0.003            0.000            0.000            0.000            0.000            0.000            0.000            0.000            0.000
    19     1    19  2021       1       1  hru1           0.000       0.000      -0.009      -0.032            0.000            0.000            0.000            0.000            0.017            0.002            0.003            0.000            0.000            0.000            0.000            0.000            0.000            0.000            0.000
    20     1    20  2021       1       1  hru1           0.000       0.000      -0.009      -0.032            0.000            0.000            0.000            0.000            0.011           -0.005            0.002            0.000            0.000            0.000            0.000            0.000            0.000            0.000            0.000
    21     1    21  2021       1       1  hru1           0.000       0.000      -0.009      -0.032            0.000            0.000            0.000            0.000            0.017            0.002            0.003            0.000            0.000            0.000            0.000            0.000            0.000            0.000            0.000
    22     1    22  2021       1       1  hru1           0.000       0.000      -0.009      -0.032            0.000            0.000            0.000            0.000            0.017            0.002            0.003            0.000            0.000            0.000            0.000            0.000            0.000            0.000            0.000
    23     1    23  2021       1       1  hru1           0.000       0.000      -0.009      -0.032            0.000            0.000            0.000            0.000            0.011           -0.005            0.002            0.000            0.000            0.000            0.000            0.000            0.000            0.000            0.000
    24     1    24  2021       1       1  hru1           0.000       0.000      -0.009      -0.032            0.000            0.000            0.000            0.000            0.011           -0.005            0.002            0.000            0.000            0.000            0.000            0.000            0.000            0.000            0.000
    25     1    25  2021       1       1  hru1           0.000       0.000      -0.009      -0.032            0.000            0.000            0.000            0.000            0.011           -0.005            0.002            0.000            0.000            0.000            0.000            0.000            0.000            0.000            0.000
    26     1    26  2021       1       1  hru1           0.000       0.000      -0.009      -0.032            0.000            0.000            0.000            0.000            0.011           -0.005            0.002            0.000            0.000            0.000            0.000            0.000            0.000            0.000            0.000
    27     1    27  2021       1       1  hru1           0.000       0.000      -0.009      -0.032            0.000            0.000            0.000            0.000            0.011           -0.005            0.002            0.000            0.000            0.000            0.000            0.000            0.000            0.000            0.000
    28     1    28  2021       1       1  hru1           0.000       0.000      -0.009      -0.032            0.000            0.000            0.000            0.000            0.011           -0.005            0.002            0.000            0.000            0.000            0.000            0.000            0.000            0.000            0.000
    29     1    29  2021       1       1  hru1           0.000       0.000      -0.009      -0.032            0.000            0.000            0.000            0.000            0.011           -0.005            0.002            0.000            0.000            0.000            0.000            0.000            0.000            0.000            0.000
    30     1    30  2021       1       1  hru1           0.000       0.000      -0.009      -0.032            0.000            0.000            0.000            0.000            0.017            0.002            0.003            0.000            0.000            0.000            0.000            0.000            0.000            0.000            0.000
    31     1    31  2021       1       1  hru1           0.000       0.000      -0.009      -0.032            0.000            0.000            0.000            0.000            0.017            0.002            0.003            0.000            0.000            0.000            0.000            0.000            0.000            0.000            0.000
    32     2     1  2021       1       1  hru1           0.000       0.000      -0.009      -0.032            0.000            0.000            0.000            0.000            0.017            0.002            0.003            0.000            0.000            0.000            0.000            0.000            0.000            0.000            0.000
    33     2     2  2021       1       1  hru1           0.000       0.000      -0.005      -0.032            0.000            0.000            0.000            0.000            0.017            0.002            0.003            0.208            0.034            0.000            0.000            0.000            0.000            0.000            0.000
    34     2     3  2021       1       1  hru1           0.000       0.000      -0.005      -0.032            0.000            0.000            0.000            0.000            0.017            0.002            0.003            0.000            0.000            0.000            0.000            0.000            0.000            0.000            0.000
    35     2     4  2021       1       1  hru1           0.000       0.000      -0.007      -0.032            0.000            0.000            0.000            0.000            0.017            0.002            0.003            0.000            0.000            0.000            0.000            0.000            0.000            0.000            0.000
    36     2     5  2021       1       1  hru1           0.000       0.000      -0.004      -0.032            0.000            0.000            0.000            0.000            0.017            0.002            0.003            0.206            0.034            0.000            0.000            0.000            0.000            0.000            0.000
    37     2     6  2021       1       1  hru1           0.000       0.000      -0.000      -0.032            0.000            0.000            0.000            0.000            0.017            0.002            0.003            0.204            0.034            0.000            0.000            0.000            0.000            0.000            0.000
    38     2     7  2021       1       1  hru1           0.000       0.000       0.001      -0.032            0.000            0.000            0.000            0.000            0.017            0.002            0.003            0.202            0.033            0.000            0.000            0.000            0.000            0.000            0.000
    39     2     8  2021       1       1  hru1           0.000       0.000       0.003      -0.032            0.000            0.000            0.000            0.000            0.017            0.002            0.003            0.200            0.033            0.000            0.000            0.000            0.000            0.000            0.000
    40     2     9  2021       1       1  hru1           0.000       0.000       0.004      -0.032            0.000            0.000            0.000            0.000            0.017            0.002            0.003            0.198            0.033            0.000            0.000            0.000            0.000            0.000            0.000
    41     2    10  2021       1       1  hru1           0.000       0.000       0.006      -0.032            0.000            0.000            0.000            0.000            0.017            0.002            0.003            0.196            0.032            0.000            0.000            0.000            0.000            0.000            0.000
    42     2    11  2021       1       1  hru1           0.000       0.000       0.007      -0.032            0.000            0.000            0.000            0.000            0.017            0.002            0.003            0.194            0.032            0.000            0.000            0.000            0.000            0.000            0.000
    43     2    12  2021       1       1  hru1           0.000       0.000       0.009      -0.032            0.000            0.000            0.000            0.000            0.017            0.002            0.003            0.192            0.032            0.000            0.000            0.000            0.000            0.000            0.000
    44     2    13  2021       1       1  hru1           0.000       0.000       0.009      -0.032            0.000            0.000            0.000            0.000            0.017            0.002            0.003            0.190            0.031            0.000            0.000            0.000            0.000            0.000            0.000
    45     2    14  2021       1       1  hru1           0.000       0.000       0.006      -0.032            0.000            0.000            0.000            0.000            0.017            0.002            0.003            0.000            0.000            0.000            0.000            0.000            0.000            0.000            0.000
    46     2    15  2021       1       1  hru1           0.000       0.000       0.003      -0.032            0.000            0.000            0.000            0.000            0.017            0.002            0.003            0.000            0.000            0.000            0.000            0.000            0.000            0.000            0.000
    47     2    16  2021       1       1  hru1           0.000       0.000       0.001      -0.032            0.000            0.000            0.000            0.000            0.017            0.002            0.003            0.000            0.000            0.000            0.000            0.000            0.000            0.000            0.000
    48     2    17  2021       1       1  hru1           0.000       0.000      -0.000      -0.032            0.000            0.000            0.000            0.000            0.017            0.002            0.003            0.000            0.000            0.000            0.000            0.000            0.000            0.000            0.000
    49     2    18  2021       1       1  hru1           0.000       0.000      -0.002      -0.032            0.000            0.000            0.000            0.000            0.017            0.002            0.003            0.000            0.000            0.000            0.000            0.000            0.000            0.000            0.000
    50     2    19  2021       1       1  hru1           0.000       0.000      -0.003      -0.032            0.000            0.000            0.000            0.000            0.017            0.002            0.003            0.000            0.000            0.000            0.000            0.000            0.000            0.000            0.000
    51     2    20  2021       1       1  hru1           0.000       0.000      -0.004      -0.032            0.000            0.000            0.000            0.000            0.017            0.002            0.003            0.000            0.000            0.000            0.000            0.000            0.000            0.000            0.000
    52     2    21  2021       1       1  hru1           0.000       0.000      -0.002      -0.032            0.000            0.000            0.000            0.000            0.017            0.002            0.003            0.189            0.031            0.000            0.000            0.000            0.000            0.000            0.000
    53     2    22  2021       1       1  hru1           0.000       0.000       0.002      -0.032            0.000            0.000            0.000            0.000            0.017            0.002            0.003            0.187            0.031            0.000            0.000            0.000            0.000            0.000            0.000
    54     2    23  2021       1       1  hru1           0.000       0.000       0.002      -0.032            0.000            0.000            0.000            0.000            0.017            0.002            0.003            0.185            0.031            0.000            0.000            0.000            0.000            0.000            0.000
    55     2    24  2021       1       1  hru1           0.000       0.000       0.003      -0.032            0.000            0.000            0.000            0.000            0.017            0.002            0.003            0.183            0.030            0.000            0.000            0.000            0.000            0.000            0.000
    56     2    25  2021       1       1  hru1           0.000       0.000       0.002      -0.032            0.000            0.000            0.000            0.000            0.017            0.002            0.003            0.000            0.000            0.000            0.000            0.000            0.000            0.000            0.000
    57     2    26  2021       1       1  hru1           0.000       0.000       0.000      -0.032            0.000            0.000            0.000            0.000            0.017            0.002            0.003            0.000            0.000            0.000            0.000            0.000            0.000            0.000            0.000
    58     2    27  2021       1       1  hru1           0.000       0.000      -0.001      -0.032            0.000            0.000            0.000            0.000            0.017            0.002            0.003            0.000            0.000            0.000            0.000            0.000            0.000            0.000            0.000
    59     2    28  2021       1       1  hru1           0.000       0.000      -0.002      -0.032            0.000            0.000            0.000            0.000            0.017            0.002            0.003            0.000            0.000            0.000            0.000            0.000            0.000            0.000            0.000
    60     3     1  2021       1       1  hru1           0.000       0.000      -0.003      -0.032            0.000            0.000            0.000            0.000            0.017            0.002            0.003            0.000            0.000            0.000            0.000            0.000            0.000            0.000            0.000
    61     3     2  2021       1       1  hru1           0.000       0.000      -0.004      -0.032            0.000            0.000            0.000            0.000            0.016            0.002            0.003            0.000            0.000            0.000            0.000            0.000            0.000            0.000            0.000
    62     3     3  2021       1       1  hru1           0.000       0.000      -0.002      -0.032            0.000            0.000            0.000            0.000            0.016            0.002            0.003            0.181            0.030            0.000            0.000            0.000            0.000            0.000            0.000
    63     3     4  2021       1       1  hru1           0.000       0.000       0.000      -0.031            0.000            0.000            0.000            0.000            0.016            0.002            0.003            0.179            0.030            0.000            0.000            0.000            0.000            0.000            0.000
    64     3     5  2021       1       1  hru1           0.000       0.000       0.002      -0.031            0.000            0.000            0.000            0.000            0.016            0.002            0.003            0.178            0.029            0.000            0.000            0.000            0.000            0.000            0.000
    65     3     6  2021       1       1  hru1           0.000       0.000       0.003      -0.031            0.000            0.000            0.000            0.000            0.016            0.002            0.003            0.176            0.029            0.000            0.000            0.000            0.000            0.000            0.000
    66     3     7  2021       1       1  hru1           0.000       0.000       0.004      -0.031            0.000            0.000            0.000            0.000            0.016            0.002            0.003            0.174            0.029            0.000            0.000            0.000            0.000            0.000            0.000
    67     3     8  2021       1       1  hru1           0.000       0.000       0.005      -0.031            0.000            0.000            0.000            0.000            0.016            0.002            0.003            0.172            0.028            0.000            0.000            0.000            0.000            0.000            0.000
    68     3     9  2021       1       1  hru1           0.000       0.000       0.006      -0.031            0.000            0.000            0.000            0.000            0.016            0.002            0.003            0.171            0.028            0.000            0.000            0.000            0.000            0.000            0.000
    69     3    10  2021       1       1  hru1           0.000       0.000       0.007      -0.031            0.000            0.000            0.000            0.000            0.016            0.002            0.003            0.169            0.028            0.000            0.000            0.000            0.000            0.000            0.000
    70     3    11  2021       1       1  hru1           0.000       0.000       0.007      -0.031            0.000            0.000            0.000            0.000            0.016            0.002            0.003            0.167            0.028            0.000            0.000            0.000            0.000            0.000            0.000
    71     3    12  2021       1       1  hru1           0.000       0.000       0.007      -0.031            0.000            0.000            0.000            0.000            0.016            0.002            0.003            0.165            0.027            0.000            0.000            0.000            0.000            0.000            0.000
    72     3    13  2021       1       1  hru1           0.000       0.000       0.008      -0.031            0.000            0.000            0.000            0.000            0.016            0.002            0.003            0.164            0.027            0.000            0.000            0.000            0.000            0.000            0.000
    73     3    14  2021       1       1  hru1           0.000       0.000       0.008      -0.031            0.000            0.000            0.000            0.000            0.016            0.002            0.003            0.162            0.027            0.000            0.000            0.000            0.000            0.000            0.000
    74     3    15  2021       1       1  hru1           0.000       0.000       0.008      -0.031            0.000            0.000            0.000            0.000            0.016            0.002            0.003            0.161            0.027            0.000            0.000            0.000            0.000            0.000            0.000
    75     3    16  2021       1       1  hru1           0.000       0.000       0.008      -0.031            0.000            0.000            0.000            0.000            0.016            0.002            0.003            0.159            0.026            0.000            0.000            0.000            0.000            0.000            0.000
    76     3    17  2021       1       1  hru1           0.000       0.000       0.008      -0.031            0.000            0.000            0.000            0.000            0.016            0.002            0.003            0.157            0.026            0.000            0.000            0.000            0.000            0.000            0.000
    77     3    18  2021       1       1  hru1           0.000       0.000       0.008      -0.031            0.000            0.000            0.000            0.000            0.016            0.002            0.003            0.156            0.026            0.000            0.000            0.000            0.000            0.000            0.000
    78     3    19  2021       1       1  hru1           0.000       0.000       0.009      -0.031            0.000            0.000            0.000            0.000            0.016            0.002            0.003            0.154            0.025            0.000            0.000            0.000            0.000            0.000            0.000
    79     3    20  2021       1       1  hru1           0.000       0.000       0.010      -0.031            0.000            0.000            0.000            0.000            0.017            0.002            0.003            0.153            0.025            0.000            0.000            0.000            0.000            0.000            0.000
    80     3    21  2021       1       1  hru1           0.000       0.000       0.010      -0.031            0.000            0.000            0.000            0.000            0.017            0.002            0.003            0.151            0.025            0.000            0.000            0.000            0.000            0.000            0.000
    81     3    22  2021       1       1  hru1           0.000       0.000       0.008      -0.031            0.000            0.000            0.000            0.000            0.017            0.002            0.003            0.150            0.025            0.000            0.000            0.000            0.000            0.000            0.000
    82     3    23  2021       1       1  hru1           0.000       0.000       0.008      -0.031            0.000            0.000            0.000            0.000            0.016            0.002            0.003            0.148            0.024            0.000            0.000            0.000            0.000            0.000            0.000
    83     3    24  2021       1       1  hru1           0.000       0.000       0.008      -0.031            0.000            0.000            0.000            0.000            0.016            0.002            0.003            0.147            0.024            0.000            0.000            0.000            0.000            0.000            0.000
    84     3    25  2021       1       1  hru1           0.000       0.000       0.008      -0.031            0.000            0.000            0.000            0.000            0.016            0.002            0.003            0.145            0.024            0.000            0.000            0.000            0.000            0.000            0.000
    85     3    26  2021       1       1  hru1           0.000       0.000       0.008      -0.031            0.000            0.000            0.000            0.000            0.016            0.002            0.003            0.144            0.024            0.000            0.000            0.000            0.000            0.000            0.000
    86     3    27  2021       1       1  hru1           0.000       0.000       0.008      -0.031            0.000            0.000            0.000            0.000            0.016            0.002            0.003            0.142            0.024            0.000            0.000            0.000            0.000            0.000            0.000
    87     3    28  2021       1       1  hru1           0.000       0.000       0.008      -0.031            0.000            0.000            0.000            0.000            0.016            0.002            0.003            0.141            0.023            0.000            0.000            0.000            0.000            0.000            0.000
    88     3    29  2021       1       1  hru1           0.000       0.000       0.008      -0.031            0.000            0.000            0.000            0.000            0.016            0.002            0.003            0.139            0.023            0.000            0.000            0.000            0.000            0.000            0.000
    89     3    30  2021       1       1  hru1           0.000       0.000       0.008      -0.031            0.000            0.000            0.000            0.000            0.016            0.002            0.003            0.138            0.023            0.000            0.000            0.000            0.000            0.000            0.000
    90     3    31  2021       1       1  hru1           0.000       0.000       0.007      -0.031            0.000            0.000            0.000            0.000            0.016            0.002            0.003            0.137            0.023            0.000            0.000            0.000            0.000            0.000            0.000
    91     4     1  2021       1       1  hru1           0.000       0.000       0.007      -0.031            0.000            0.000            0.000            0.000            0.016            0.002            0.003            0.135            0.022            0.000            0.000            0.000            0.000            0.000            0.000
    92     4     2  2021       1       1  hru1           0.000       0.000       0.007      -0.031            0.000            0.000            0.000            0.000            0.016            0.002            0.003            0.134            0.022            0.000            0.000            0.000            0.000            0.000            0.000
    93     4     3  2021       1       1  hru1           0.000       0.000       0.007      -0.031            0.000            0.000            0.000            0.000            0.016            0.002            0.003            0.133            0.022            0.000            0.000            0.000            0.000            0.000            0.000
    94     4     4  2021       1       1  hru1           0.000       0.000       0.007      -0.030            0.000            0.000            0.000            0.000            0.016            0.002            0.003            0.131            0.022            0.000            0.000            0.000            0.000            0.000            0.000
    95     4     5  2021       1       1  hru1           0.000       0.000       0.007      -0.030            0.000            0.000            0.000            0.000            0.016            0.002            0.003            0.130            0.021            0.000            0.000            0.000            0.000            0.000            0.000
    96     4     6  2021       1       1  hru1           0.000       0.000       0.007      -0.030            0.000            0.000            0.000            0.000            0.016            0.002            0.003            0.129            0.021            0.000            0.000            0.000            0.000            0.000            0.000
    97     4     7  2021       1       1  hru1           0.000       0.000       0.007      -0.030            0.000            0.000            0.000            0.000            0.016            0.002            0.003            0.127            0.021            0.000            0.000            0.000            0.000            0.000            0.000
    98     4     8  2021       1       1  hru1           0.000       0.000       0.006      -0.030            0.000            0.000            0.000            0.000            0.016            0.002            0.003            0.126            0.021            0.000            0.000            0.000            0.000            0.000            0.000
    99     4     9  2021       1       1  hru1           0.000       0.000       0.006      -0.030            0.000            0.000            0.000            0.000            0.016            0.002            0.003            0.125            0.021            0.000            0.000            0.000            0.000            0.000            0.000
   100     4    10  2021       1       1  hru1           0.000       0.000       0.006      -0.030            0.000            0.000            0.000            0.000            0.016            0.002            0.003            0.124            0.020            0.000            0.000            0.000            0.000            0.000            0.000
   101     4    11  2021       1       1  hru1           0.000       0.000       0.006      -0.030            0.000            0.000            0.000            0.000            0.016            0.002            0.003            0.122            0.020            0.000            0.000            0.000            0.000            0.000            0.000
   102     4    12  2021       1       1  hru1           0.000       0.000       0.006      -0.030            0.000            0.000            0.000            0.000            0.016            0.002            0.003            0.121            0.020            0.000            0.000            0.000            0.000            0.000            0.000
   103     4    13  2021       1       1  hru1           0.000       0.000       0.006      -0.030            0.000            0.000            0.000            0.000            0.016            0.002            0.003            0.120            0.020            0.000            0.000            0.000            0.000            0.000            0.000
   104     4    14  2021       1       1  hru1           0.000       0.000       0.006      -0.030            0.000            0.000            0.000            0.000            0.015            0.002            0.003            0.119            0.020            0.000            0.000            0.000            0.000            0.000            0.000
   105     4    15  2021       1       1  hru1           0.000       0.000       0.005      -0.030            0.000            0.000            0.000            0.000            0.016            0.002            0.003            0.118            0.019            0.000            0.000            0.000            0.000            0.000            0.000
   106     4    16  2021       1       1  hru1           0.000       0.000       0.007      -0.030            0.000            0.000            0.000            0.000            0.016            0.002            0.003            0.116            0.019            0.000            0.000            0.000            0.000            0.000            0.000
   107     4    17  2021       1       1  hru1           0.000       0.000       0.005      -0.030            0.000            0.000            0.000            0.000            0.016            0.002            0.003            0.115            0.019            0.000            0.000            0.000            0.000            0.000            0.000
   108     4    18  2021       1       1  hru1           0.000       0.000       0.005      -0.030            0.000            0.000            0.000            0.000            0.015            0.002            0.003            0.114            0.019            0.000            0.000            0.000            0.000            0.000            0.000
   109     4    19  2021       1       1  hru1           0.000       0.000       0.005      -0.030            0.000            0.000            0.000            0.000            0.015            0.002            0.003            0.113            0.019            0.000            0.000            0.000            0.000            0.000            0.000
   110     4    20  2021       1       1  hru1           0.000       0.000       0.005      -0.030            0.000            0.000            0.000            0.000            0.015            0.002            0.003            0.112            0.018            0.000            0.000            0.000            0.000            0.000            0.000
   111     4    21  2021       1       1  hru1           0.000       0.000       0.005      -0.030            0.000            0.000            0.000            0.000            0.015            0.002            0.003            0.111            0.018            0.000            0.000            0.000            0.000            0.000            0.000
   112     4    22  2021       1       1  hru1           0.000       0.000       0.004      -0.030            0.000            0.000            0.000            0.000            0.015            0.002            0.003            0.110            0.018            0.000            0.000            0.000            0.000            0.000            0.000
   113     4    23  2021       1       1  hru1           0.000       0.000       0.004      -0.030            0.000            0.000            0.000            0.000            0.015            0.002            0.003            0.108            0.018            0.000            0.000            0.000            0.000            0.000            0.000
   114     4    24  2021       1       1  hru1           0.000       0.000       0.004      -0.030            0.000            0.000            0.000            0.000            0.015            0.002            0.003            0.107            0.018            0.000            0.000            0.000            0.000            0.000            0.000
   115     4    25  2021       1       1  hru1           0.000       0.000       0.004      -0.030            0.000            0.000            0.000            0.000            0.015            0.002            0.003            0.106            0.018            0.000            0.000            0.000            0.000            0.000            0.000
   116     4    26  2021       1       1  hru1           0.000       0.000       0.004      -0.030            0.000            0.000            0.000            0.000            0.015            0.002            0.003            0.105            0.017            0.000            0.000            0.000            0.000            0.000            0.000
   117     4    27  2021       1       1  hru1           0.000       0.000       0.004      -0.030            0.000            0.000            0.000            0.000            0.015            0.002            0.003            0.104            0.017            0.000            0.000            0.000            0.000            0.000            0.000
   118     4    28  2021       1       1  hru1           0.000       0.000       0.004      -0.030            0.000            0.000            0.000            0.000            0.015            0.002            0.003            0.103            0.017            0.000            0.000            0.000            0.000            0.000            0.000
   119     4    29  2021       1       1  hru1           0.000       0.000       0.004      -0.030            0.000            0.000            0.000            0.000            0.015            0.002            0.003            0.102            0.017            0.000            0.000            0.000            0.000            0.000            0.000
   120     4    30  2021       1       1  hru1           0.000       0.000       0.004      -0.030            0.000            0.000            0.000            0.000            0.015            0.002            0.003            0.101            0.017            0.000            0.000            0.000            0.000            0.000            0.000
   121     5     1  2021       1       1  hru1           0.000       0.000       0.003      -0.030            0.000            0.000            0.000            0.000            0.015            0.002            0.003            0.100            0.017            0.000            0.000            0.000            0.000            0.000            0.000
   122     5     2  2021       1       1  hru1           0.000       0.000       0.003      -0.030            0.000            0.000            0.000            0.000            0.015            0.002            0.003            0.099            0.016            0.000            0.000            0.000            0.000            0.000            0.000
   123     5     3  2021       1       1  hru1           0.000       0.000       0.004      -0.030            0.000            0.000            0.000            0.000            0.015            0.002            0.003            0.098            0.016            0.000            0.000            0.000            0.000            0.000            0.000
   124     5     4  2021       1       1  hru1           0.000       0.000       0.003      -0.030            0.000            0.000            0.000            0.000            0.015            0.002            0.003            0.097            0.016            0.000            0.000            0.000            0.000            0.000            0.000
   125     5     5  2021       1       1  hru1           0.000       0.000       0.003      -0.030            0.000            0.000            0.000            0.000            0.015            0.002            0.003            0.096            0.016            0.000            0.000            0.000            0.000            0.000            0.000
   126     5     6  2021       1       1  hru1           0.000       0.000       0.003      -0.030            0.000            0.000            0.000            0.000            0.015            0.002            0.003            0.095            0.016            0.000            0.000            0.000            0.000            0.000            0.000
   127     5     7  2021       1       1  hru1           0.000       0.000       0.003      -0.030            0.000            0.000            0.000            0.000            0.015            0.002            0.003            0.094            0.016            0.000            0.000            0.000            0.000            0.000            0.000
   128     5     8  2021       1       1  hru1           0.000       0.000       0.003      -0.030            0.000            0.000            0.000            0.000            0.015            0.002            0.003            0.093            0.015            0.000            0.000            0.000            0.000            0.000            0.000
   129     5     9  2021       1       1  hru1           0.000       0.000       0.003      -0.030            0.000            0.000            0.000            0.000            0.015            0.002            0.002            0.092            0.015            0.000            0.000            0.000            0.000            0.000            0.000
   130     5    10  2021       1       1  hru1           0.000       0.000       0.002      -0.030            0.000            0.000            0.000            0.000            0.014            0.002            0.002            0.091            0.015            0.000            0.000            0.000            0.000            0.000            0.000
   131     5    11  2021       1       1  hru1           0.000       0.000       0.002      -0.030            0.000            0.000            0.000            0.000            0.014            0.002            0.002            0.091            0.015            0.000            0.000            0.000            0.000            0.000            0.000
   132     5    12  2021       1       1  hru1           0.000       0.000       0.002      -0.030            0.000            0.000            0.000            0.000            0.014            0.002            0.002            0.090            0.015            0.000            0.000            0.000            0.000            0.000            0.000
   133     5    13  2021       1       1  hru1           0.000       0.000       0.002      -0.030            0.000            0.000            0.000            0.000            0.014            0.002            0.002            0.089            0.015            0.000            0.000            0.000            0.000            0.000            0.000
   134     5    14  2021       1       1  hru1           0.000       0.000       0.002      -0.030            0.000            0.000            0.000            0.000            0.014            0.002            0.002            0.088            0.015            0.000            0.000            0.000            0.000            0.000            0.000
   135     5    15  2021       1       1  hru1           0.000       0.000       0.002      -0.030            0.000            0.000            0.000            0.000            0.014            0.002            0.002            0.087            0.014            0.000            0.000            0.000            0.000            0.000            0.000
   136     5    16  2021       1       1  hru1           0.000       0.000       0.002      -0.030            0.000            0.000            0.000            0.000            0.014            0.002            0.002            0.086            0.014            0.000            0.000            0.000            0.000            0.000            0.000
   137     5    17  2021       1       1  hru1           0.000       0.000       0.002      -0.029            0.000            0.000            0.000            0.000            0.013            0.002            0.002            0.085            0.014            0.000            0.000            0.000            0.000            0.000            0.000
   138     5    18  2021       1       1  hru1           0.000       0.000       0.002      -0.029            0.000            0.000            0.000            0.000            0.013            0.002            0.002            0.084            0.014            0.000            0.000            0.000            0.000            0.000            0.000
   139     5    19  2021       1       1  hru1           0.000       0.000       0.001      -0.029            0.000            0.000            0.000            0.000            0.013            0.002            0.002            0.084            0.014            0.000            0.000            0.000            0.000            0.000            0.000
   140     5    20  2021       1       1  hru1           0.000       0.000       0.001      -0.029            0.000            0.000            0.000            0.000            0.013            0.002            0.002            0.083            0.014            0.000            0.000            0.000            0.000            0.000            0.000
   141     5    21  2021       1       1  hru1           0.000       0.000       0.001      -0.029            0.000            0.000            0.000            0.000            0.014            0.002            0.002            0.082            0.014            0.000            0.000            0.000            0.000            0.000            0.000
   142     5    22  2021       1       1  hru1           0.000       0.000       0.003      -0.029            0.000            0.000            0.000            0.000            0.014            0.002            0.002            0.081            0.013            0.000            0.000            0.000            0.000            0.000            0.000
   143     5    23  2021       1       1  hru1           0.000       0.000       0.002      -0.029            0.000            0.000            0.000            0.000            0.014            0.002            0.002            0.080            0.013            0.000            0.000            0.000            0.000            0.000            0.000
   144     5    24  2021       1       1  hru1           0.000       0.000       0.001      -0.029            0.000            0.000            0.000            0.000            0.014            0.002            0.002            0.079            0.013            0.000            0.000            0.000            0.000            0.000            0.000
   145     5    25  2021       1       1  hru1           0.000       0.000       0.001      -0.029            0.000            0.000            0.000            0.000            0.014            0.002            0.002            0.079            0.013            0.000            0.000            0.000            0.000            0.000            0.000
   146     5    26  2021       1       1  hru1           0.000       0.000       0.001      -0.029            0.000            0.000            0.000            0.000            0.014            0.002            0.002            0.078            0.013            0.000            0.000            0.000            0.000            0.000            0.000
   147     5    27  2021       1       1  hru1           0.000       0.000       0.001      -0.029            0.000            0.000            0.000            0.000            0.013            0.002            0.002            0.077            0.013            0.000            0.000            0.000            0.000            0.000            0.000
   148     5    28  2021       1       1  hru1           0.000       0.000       0.000      -0.029            0.000            0.000            0.000            0.000            0.013            0.003            0.002            0.076            0.013            0.000            0.000            0.000            0.000            0.000            0.000
   149     5    29  2021       1       1  hru1           0.000       0.000       0.000      -0.029            0.000            0.000            0.000            0.000            0.012            0.003            0.002            0.076            0.012            0.000            0.000            0.000            0.000            0.000            0.000
   150     5    30  2021       1       1  hru1           0.000       0.000       0.000      -0.029            0.000            0.000            0.000            0.000            0.012            0.003            0.002            0.075            0.012            0.000            0.000            0.000            0.000            0.000            0.000
   151     5    31  2021       1       1  hru1           0.000       0.000       0.000      -0.029            0.000            0.000            0.000            0.000            0.012            0.003            0.002            0.074            0.012            0.000            0.000            0.000            0.000            0.000            0.000
   152     6     1  2021       1       1  hru1           0.000       0.000       0.000      -0.029            0.000            0.000            0.000            0.000            0.013            0.003            0.002            0.073            0.012            0.000            0.000            0.000            0.000            0.000            0.000
   153     6     2  2021       1       1  hru1           0.000       0.000       0.001      -0.029            0.000            0.000            0.000            0.000            0.016            0.003            0.003            0.100            0.017            0.000            0.000            0.670            0.102            0.000            0.000
   154     6     3  2021       1       1  hru1           0.000       0.000      -0.032      -0.029            0.000            0.000            0.000            0.000            0.017            0.003            0.003            0.114            0.019            0.000            0.000            0.712            0.056            0.000            0.000
   155     6     4  2021       1       1  hru1           0.000       0.000      -0.023      -0.029            0.000            0.000            0.000            0.000            0.019            0.003            0.003            0.125            0.021            0.000            0.000            0.744            0.082            0.000            0.000
   156     6     5  2021       1       1  hru1           0.000       0.000      -0.032      -0.029            0.000            0.000            0.000            0.000            0.020            0.003            0.003            0.129            0.021            0.000            0.000            0.758            0.070            0.000            0.000
   157     6     6  2021       1       1  hru1           0.000       0.000      -0.031      -0.029            0.000            0.000            0.000            0.000            0.020            0.003            0.003            0.124            0.020            0.000            0.000            0.861            0.091            0.000            0.000
   158     6     7  2021       1       1  hru1           0.000       0.000      -0.051      -0.029            0.000            0.000            0.000            0.000            0.020            0.003            0.003            0.119            0.020            0.000            0.000            0.848            0.077            0.000            0.000
   159     6     8  2021       1       1  hru1           0.000       0.000      -0.051      -0.029            0.000            0.000            0.000            0.000            0.020            0.003            0.003            0.115            0.019            0.000            0.000            0.915            0.092            0.000            0.000
   160     6     9  2021       1       1  hru1           0.000       0.000      -0.059      -0.029            0.000            0.000            0.000            0.000            0.021            0.003            0.003            0.112            0.019            0.000            0.000            1.017            0.098            0.000            0.000
   161     6    10  2021       1       1  hru1           0.000       0.000      -0.063      -0.029            0.000            0.000            0.000            0.000            0.020            0.003            0.003            0.098            0.016            0.000            0.000            1.059            0.103            0.000            0.000
   162     6    11  2021       1       1  hru1           0.000       0.000      -0.066      -0.029            0.000            0.000            0.000            0.000            0.020            0.003            0.003            0.093            0.015            0.000            0.000            0.496            0.016            0.000            0.000
   163     6    12  2021       1       1  hru1           0.000       0.000      -0.020      -0.029            0.000            0.000            0.000            0.000            0.020            0.003            0.003            0.094            0.016            0.000            0.000            0.835            0.105            0.000            0.000
   164     6    13  2021       1       1  hru1           0.000       0.000      -0.061      -0.029            0.000            0.000            0.000            0.000            0.021            0.003            0.004            0.105            0.017            0.000            0.000            1.325            0.123            0.000            0.000
   165     6    14  2021       1       1  hru1           0.000       0.000      -0.075      -0.029            0.000            0.000            0.000            0.000            0.023            0.003            0.004            0.112            0.019            0.000            0.000            1.427            0.123            0.000            0.000
   166     6    15  2021       1       1  hru1           0.000       0.000      -0.077      -0.029            0.000            0.000            0.000            0.000            0.023            0.003            0.004            0.115            0.019            0.000            0.000            1.919            0.187            0.000            0.000
   167     6    16  2021       1       1  hru1           0.000       0.000      -0.111      -0.029            0.000            0.000            0.000            0.000            0.023            0.003            0.004            0.111            0.018            0.000            0.000            2.229            0.199            0.000            0.000
   168     6    17  2021       1       1  hru1           0.000       0.000      -0.122      -0.030            0.000            0.000            0.000            0.000            0.023            0.003            0.004            0.110            0.018            0.000            0.000            2.089            0.165            0.000            0.000
   169     6    18  2021       1       1  hru1           0.000       0.000      -0.106      -0.030            0.000            0.000            0.000            0.000            0.024            0.003            0.004            0.111            0.018            0.000            0.000            2.445            0.222            0.000            0.000
   170     6    19  2021       1       1  hru1           0.000       0.000      -0.135      -0.030            0.000            0.000            0.000            0.000            0.024            0.003            0.004            0.112            0.019            0.000            0.000            2.765            0.226            0.000            0.000
   171     6    20  2021       1       1  hru1           0.000       0.000      -0.145      -0.030            0.000            0.000            0.000            0.000            0.024            0.003            0.004            0.110            0.018            0.000            0.000            3.059            0.257            0.000            0.000
   172     6    21  2021       1       1  hru1           0.000       0.000      -0.165      -0.030            0.000            0.000            0.000            0.000            0.024            0.003            0.004            0.110            0.018            0.000            0.000            3.262            0.257            0.000            0.000
   173     6    22  2021       1       1  hru1           0.000       0.000      -0.166      -0.030            0.000            0.000            0.000            0.000            0.025            0.003            0.004            0.113            0.019            0.000            0.000            4.838            0.439            0.000            0.000
   174     6    23  2021       1       1  hru1           0.000       0.000      -0.276      -0.030            0.000            0.000            0.000            0.000            0.025            0.003            0.004            0.111            0.018            0.000            0.000            3.503            0.179            0.000            0.000
   175     6    24  2021       1       1  hru1           0.000       0.000      -0.132      -0.030            0.000            0.000            0.000            0.000            0.025            0.003            0.004            0.109            0.018            0.000            0.000            5.299            0.528            0.000            0.000
   176     6    25  2021       1       1  hru1           0.000       0.000      -0.326      -0.030            0.000            0.000            0.000            0.000            0.025            0.003            0.004            0.105            0.017            0.000            0.000            0.834            0.389            0.000            0.000
   177     6    26  2021       1       1  hru1           0.000       0.000      -0.263      -0.030            0.000            0.000            0.000            0.000            0.025            0.003            0.004            0.103            0.017            0.000            0.000            0.128            0.517            0.000            0.000
   178     6    27  2021       1       1  hru1           0.000       0.000      -0.334      -0.030            0.000            0.000            0.000            0.000            0.025            0.003            0.004            0.101            0.017            0.000            0.000            0.127            0.407            0.000            0.000
   179     6    28  2021       1       1  hru1           0.000       0.000      -0.275      -0.030            0.000            0.000            0.000            0.000            0.026            0.003            0.004            0.101            0.017            0.000            0.000            0.127            0.455            0.000            0.000
   180     6    29  2021       1       1  hru1           0.000       0.000      -0.298      -0.031            0.000            0.000            0.000            0.000            0.026            0.003            0.004            0.099            0.016            0.000            0.000            0.125            0.247            0.000            0.000
   181     6    30  2021       1       1  hru1           0.000       0.000      -0.176      -0.031            0.000            0.000            0.000            0.000            0.026            0.003            0.004            0.098            0.016            0.000            0.000            0.125            0.279            0.000            0.000
   182     7     1  2021       1       1  hru1           0.000       0.000      -0.182      -0.031            0.000            0.000            0.000            0.000            0.026            0.003            0.004            0.096            0.016            0.000            0.000            0.123            0.235            0.000            0.000
   183     7     2  2021       1       1  hru1           0.000       0.000      -0.157      -0.031            0.000            0.000            0.000            0.000            0.026            0.003            0.004            0.094            0.016            0.000            0.000            0.121            0.080            0.000            0.000
   184     7     3  2021       1       1  hru1           0.000       0.000      -0.064      -0.031            0.000            0.000            0.000            0.000            0.027            0.003            0.004            0.093            0.015            0.000            0.000            0.120            0.038            0.000            0.000
   185     7     4  2021       1       1  hru1           0.000       0.000      -0.032      -0.031            0.000            0.000            0.000            0.000            0.026            0.003            0.004            0.091            0.015            0.000            0.000            0.118            0.128            0.000            0.000
   186     7     5  2021       1       1  hru1           0.000       0.000      -0.076      -0.031            0.000            0.000            0.000            0.000            0.026            0.003            0.004            0.089            0.015            0.000            0.000            0.116            0.090            0.000            0.000
   187     7     6  2021       1       1  hru1           0.000       0.000      -0.061      -0.031            0.000            0.000            0.000            0.000            0.027            0.003            0.004            0.088            0.014            0.000            0.000            0.115            0.112            0.000            0.000
   188     7     7  2021       1       1  hru1           0.000       0.000      -0.071      -0.031            0.000            0.000            0.000            0.000            0.027            0.003            0.004            0.086            0.014            0.000            0.000            0.113            0.005            0.000            0.000
   189     7     8  2021       1       1  hru1           0.000       0.000      -0.014      -0.031            0.000            0.000            0.000            0.000            0.027            0.003            0.004            0.084            0.014            0.000            0.000            0.111            0.139            0.000            0.000
   190     7     9  2021       1       1  hru1           0.000       0.000      -0.080      -0.031            0.000            0.000            0.000            0.000            0.026            0.003            0.004            0.082            0.013            0.000            0.000            0.108            0.116            0.000            0.000
   191     7    10  2021       1       1  hru1           0.000       0.000      -0.075      -0.031            0.000            0.000            0.000            0.000            0.026            0.003            0.004            0.079            0.013            0.000            0.000            0.105            0.173            0.000            0.000
   192     7    11  2021       1       1  hru1           0.000       0.000      -0.105      -0.031            0.000            0.000            0.000            0.000            0.026            0.003            0.004            0.077            0.013            0.000            0.000            0.103            0.167            0.000            0.000
   193     7    12  2021       1       1  hru1           0.000       0.000      -0.108      -0.031            0.000            0.000            0.000            0.000            0.026            0.003            0.004            0.076            0.013            0.000            0.000            0.102            0.069            0.000            0.000
   194     7    13  2021       1       1  hru1           0.000       0.000      -0.054      -0.031            0.000            0.000            0.000            0.000            0.026            0.002            0.004            0.074            0.012            0.000            0.000            0.100            0.117            0.000            0.000
   195     7    14  2021       1       1  hru1           0.000       0.000      -0.074      -0.031            0.000            0.000            0.000            0.000            0.025            0.002            0.004            0.071            0.012            0.000            0.000            0.097            0.154            0.000            0.000
   196     7    15  2021       1       1  hru1           0.000       0.000      -0.099      -0.031            0.000            0.000            0.000            0.000            0.025            0.002            0.004            0.070            0.012            0.000            0.000            0.095            0.172            0.000            0.000
   197     7    16  2021       1       1  hru1           0.000       0.000      -0.113      -0.031            0.000            0.000            0.000            0.000            0.025            0.002            0.004            0.068            0.011            0.000            0.000            0.093            0.114            0.000            0.000
   198     7    17  2021       1       1  hru1           0.000       0.000      -0.080      -0.031            0.000            0.000            0.000            0.000            0.025            0.002            0.004            0.066            0.011            0.000            0.000            0.091            0.131            0.000            0.000
   199     7    18  2021       1       1  hru1           0.000       0.000      -0.087      -0.031            0.000            0.000            0.000            0.000            0.025            0.002            0.004            0.065            0.011            0.000            0.000            0.090            0.114            0.000            0.000
   200     7    19  2021       1       1  hru1           0.000       0.000      -0.078      -0.031            0.000            0.000            0.000            0.000            0.024            0.002            0.004            0.063            0.010            0.000            0.000            0.087            0.087            0.000            0.000
   201     7    20  2021       1       1  hru1           0.000       0.000      -0.061      -0.031            0.000            0.000            0.000            0.000            0.024            0.002            0.004            0.061            0.010            0.000            0.000            0.085            0.289            0.000            0.000
   202     7    21  2021       1       1  hru1           0.000       0.000      -0.181      -0.031            0.000            0.000            0.000            0.000            0.024            0.002            0.004            0.059            0.010            0.000            0.000            0.084            0.020            0.000            0.000
   203     7    22  2021       1       1  hru1           0.000       0.000      -0.035      -0.031            0.000            0.000            0.000            0.000            0.024            0.002            0.004            0.058            0.010            0.000            0.000            0.082            0.148            0.000            0.000
   204     7    23  2021       1       1  hru1           0.000       0.000      -0.091      -0.031            0.000            0.000            0.000            0.000            0.024            0.002            0.004            0.056            0.009            0.000            0.000            0.080            0.114            0.000            0.000
   205     7    24  2021       1       1  hru1           0.000       0.000      -0.080      -0.031            0.000            0.000            0.000            0.000            0.023            0.002            0.004            0.054            0.009            0.000            0.000            0.078            0.105            0.000            0.000
   206     7    25  2021       1       1  hru1           0.000       0.000      -0.073      -0.032            0.000            0.000            0.000            0.000            0.023            0.002            0.004            0.052            0.009            0.000            0.000            0.076            0.130            0.000            0.000
   207     7    26  2021       1       1  hru1           0.000       0.000      -0.088      -0.032            0.000            0.000            0.000            0.000            0.023            0.002            0.004            0.052            0.009            0.000            0.000            0.075            0.025            0.000            0.000
   208     7    27  2021       1       1  hru1           0.000       0.000      -0.029      -0.032            0.000            0.000            0.000            0.000            0.024            0.002            0.004            0.051            0.008            0.000            0.000            0.075            0.052            0.000            0.000
   209     7    28  2021       1       1  hru1           0.000       0.000      -0.037      -0.032            0.000            0.000            0.000            0.000            0.023            0.002            0.004            0.050            0.008            0.000            0.000            0.074            0.028            0.000            0.000
   210     7    29  2021       1       1  hru1           0.000       0.000      -0.025      -0.032            0.000            0.000            0.000            0.000            0.023            0.002            0.004            0.049            0.008            0.000            0.000            0.073            0.076            0.000            0.000
   211     7    30  2021       1       1  hru1           0.000       0.000      -0.049      -0.032            0.000            0.000            0.000            0.000            0.023            0.002            0.004            0.048            0.008            0.000            0.000            0.071            0.051            0.000            0.000
   212     7    31  2021       1       1  hru1           0.000       0.000      -0.038      -0.032            0.000            0.000            0.000            0.000            0.023            0.002            0.004            0.047            0.008            0.000            0.000            0.070            0.053            0.000            0.000
   213     8     1  2021       1       1  hru1           0.000       0.000      -0.038      -0.032            0.000            0.000            0.000            0.000            0.024            0.002            0.004            0.045            0.007            0.000            0.000            0.069            0.124            0.000            0.000
   214     8     2  2021       1       1  hru1           0.000       0.000      -0.077      -0.032            0.000            0.000            0.000            0.000            0.024            0.002            0.004            0.043            0.007            0.000            0.000            0.067            0.024            0.000            0.000
   215     8     3  2021       1       1  hru1           0.000       0.000      -0.027      -0.032            0.000            0.000            0.000            0.000            0.024            0.002            0.004            0.042            0.007            0.000            0.000            0.066            0.042            0.000            0.000
   216     8     4  2021       1       1  hru1           0.000       0.000      -0.031      -0.032            0.000            0.000            0.000            0.000            0.024            0.002            0.004            0.040            0.007            0.000            0.000            0.065            0.015            0.000            0.000
   217     8     5  2021       1       1  hru1           0.000       0.000      -0.017      -0.032            0.000            0.000            0.000            0.000            0.024            0.002            0.004            0.040            0.007            0.000            0.000            0.065            0.025            0.000            0.000
   218     8     6  2021       1       1  hru1           0.000       0.000      -0.021      -0.032            0.000            0.000            0.000            0.000            0.024            0.002            0.004            0.064            0.010            0.000            0.000            0.088            0.067            0.000            0.000
   219     8     7  2021       1       1  hru1           0.000       0.000      -0.043      -0.032            0.000            0.000            0.000            0.000            0.024            0.002            0.004            0.077            0.011            0.000            0.000            0.101            0.008            0.000            0.000
   220     8     8  2021       1       1  hru1           0.000       0.000      -0.014      -0.032            0.000            0.000            0.000            0.000            0.024            0.002            0.004            0.093            0.013            0.000            0.000            0.117            0.012            0.000            0.000
   221     8     9  2021       1       1  hru1           0.000       0.000      -0.011      -0.032            0.000            0.000            0.000            0.000            0.023            0.002            0.004            0.105            0.015            0.000            0.000            0.129            0.012            0.000            0.000
   222     8    10  2021       1       1  hru1           0.000       0.000      -0.010      -0.032            0.000            0.000            0.000            0.000            0.023            0.002            0.004            0.111            0.015            0.000            0.000            0.134            0.001            0.000            0.000
   223     8    11  2021       1       1  hru1           0.000       0.000      -0.004      -0.032            0.000            0.000            0.000            0.000            0.023            0.002            0.004            0.118            0.016            0.000            0.000            0.141            0.000            0.000            0.000
   224     8    12  2021       1       1  hru1           0.000       0.000      -0.002      -0.032            0.000            0.000            0.000            0.000            0.024            0.002            0.004            0.129            0.017            0.000            0.000            0.153            0.000            0.000            0.000
   225     8    13  2021       1       1  hru1           0.000       0.000      -0.001      -0.032            0.000            0.000            0.000            0.000            0.024            0.002            0.004            0.140            0.018            0.000            0.000            0.165            0.000            0.000            0.000
   226     8    14  2021       1       1  hru1           0.000       0.000       0.000      -0.032            0.000            0.000            0.000            0.000            0.025            0.002            0.004            0.152            0.019            0.000            0.000            0.177            0.000            0.000            0.000
   227     8    15  2021       1       1  hru1           0.000       0.000       0.001      -0.032            0.000            0.000            0.000            0.000            0.025            0.002            0.004            0.163            0.020            0.000            0.000            0.188            0.000            0.000            0.000
   228     8    16  2021       1       1  hru1           0.000       0.000       0.002      -0.032            0.000            0.000            0.000            0.000            0.025            0.002            0.004            0.171            0.021            0.000            0.000            0.197            0.000            0.000            0.000
   229     8    17  2021       1       1  hru1           0.000       0.000       0.002      -0.032            0.000            0.000            0.000            0.000            0.025            0.002            0.004            0.175            0.021            0.000            0.000            0.200            0.000            0.000            0.000
   230     8    18  2021       1       1  hru1           0.000       0.000       0.003      -0.032            0.000            0.000            0.000            0.000            0.024            0.002            0.004            0.169            0.020            0.000            0.000            0.193            0.000            0.000            0.000
   231     8    19  2021       1       1  hru1           0.000       0.000       0.003      -0.032            0.000            0.000            0.000            0.000            0.022            0.002            0.004            0.155            0.018            0.000            0.000            0.178            0.000            0.000            0.000
   232     8    20  2021       1       1  hru1           0.000       0.000       0.003      -0.032            0.000            0.000            0.000            0.000            0.022            0.002            0.004            0.146            0.017            0.000            0.000            0.168            0.000            0.000            0.000
   233     8    21  2021       1       1  hru1           0.000       0.000       0.003      -0.032            0.000            0.000            0.000            0.000            0.022            0.002            0.004            0.143            0.017            0.000            0.000            0.165            0.000            0.000            0.000
   234     8    22  2021       1       1  hru1           0.000       0.000       0.003      -0.032            0.000            0.000            0.000            0.000            0.022            0.002            0.004            0.139            0.016            0.000            0.000            0.161            0.000            0.000            0.000
   235     8    23  2021       1       1  hru1           0.000       0.000       0.003      -0.032            0.000            0.000            0.000            0.000            0.021            0.002            0.004            0.136            0.016            0.000            0.000            0.158            0.000            0.000            0.000
   236     8    24  2021       1       1  hru1           0.000       0.000       0.003      -0.032            0.000            0.000            0.000            0.000            0.021            0.002            0.004            0.135            0.016            0.000            0.000            0.157            0.000            0.000            0.000
   237     8    25  2021       1       1  hru1           0.000       0.000       0.003      -0.032            0.000            0.000            0.000            0.000            0.021            0.002            0.004            0.136            0.016            0.000            0.000            0.158            0.000            0.000            0.000
   238     8    26  2021       1       1  hru1           0.000       0.000       0.003      -0.032            0.000            0.000            0.000            0.000            0.021            0.002            0.004            0.136            0.016            0.000            0.000            0.158            0.000            0.000            0.000
   239     8    27  2021       1       1  hru1           0.000       0.000       0.003      -0.031            0.000            0.000            0.000            0.000            0.021            0.002            0.004            0.134            0.015            0.000            0.000            0.155            0.000            0.000            0.000
   240     8    28  2021       1       1  hru1           0.000       0.000       0.003      -0.031            0.000            0.000            0.000            0.000            0.021            0.002            0.004            0.133            0.015            0.000            0.000            0.154            0.000            0.000            0.000
   241     8    29  2021       1       1  hru1           0.000       0.000       0.003      -0.031            0.000            0.000            0.000            0.000            0.021            0.002            0.004            0.135            0.015            0.000            0.000            0.157            0.000            0.000            0.000
   242     8    30  2021       1       1  hru1           0.000       0.000       0.003      -0.031            0.000            0.000            0.000            0.000            0.021            0.002            0.004            0.138            0.016            0.000            0.000            0.160            0.000            0.000            0.000
   243     8    31  2021       1       1  hru1           0.000       0.000       0.003      -0.031            0.000            0.000            0.000            0.000            0.021            0.002            0.004            0.139            0.016            0.000            0.000            0.160            0.000            0.000            0.000
   244     9     1  2021       1       1  hru1           0.000       0.000       0.002      -0.031            0.000            0.000            0.000            0.000            0.021            0.002            0.004            0.134            0.015            0.000            0.000            0.156            0.000            0.000            0.000
   245     9     2  2021       1       1  hru1           0.000       0.000       0.002      -0.031            0.000            0.000            0.000            0.000            0.021            0.002            0.003            0.128            0.014            0.000            0.000            0.149            0.000            0.000            0.000
   246     9     3  2021       1       1  hru1           0.000       0.000       0.002      -0.031            0.000            0.000            0.000            0.000            0.020            0.002            0.003            0.125            0.014            0.000            0.000            0.146            0.000            0.000            0.000
   247     9     4  2021       1       1  hru1           0.000       0.000       0.002      -0.031            0.000            0.000            0.000            0.000            0.020            0.002            0.003            0.123            0.014            0.000            0.000            0.143            0.005            0.000            0.000
   248     9     5  2021       1       1  hru1           0.000       0.000      -0.001      -0.031            0.000            0.000            0.000            0.000            0.021            0.002            0.003            0.125            0.014            0.000            0.000            0.146            0.001            0.000            0.000
   249     9     6  2021       1       1  hru1           0.000       0.000       0.001      -0.031            0.000            0.000            0.000            0.000            0.021            0.002            0.003            0.127            0.014            0.000            0.000            0.148            0.003            0.000            0.000
   250     9     7  2021       1       1  hru1           0.000       0.000       0.000      -0.031            0.000            0.000            0.000            0.000            0.021            0.002            0.003            0.129            0.014            0.000            0.000            0.150            0.002            0.000            0.000
   251     9     8  2021       1       1  hru1           0.000       0.000       0.001      -0.031            0.000            0.000            0.000            0.000            0.021            0.002            0.004            0.136            0.015            0.000            0.000            0.157            0.000            0.000            0.000
   252     9     9  2021       1       1  hru1           0.000       0.000       0.002      -0.031            0.000            0.000            0.000            0.000            0.022            0.002            0.004            0.143            0.016            0.000            0.000            0.165            0.000            0.000            0.000
   253     9    10  2021       1       1  hru1           0.000       0.000       0.002      -0.031            0.000            0.000            0.000            0.000            0.022            0.003            0.004            0.155            0.017            0.000            0.000            0.178            0.000            0.000            0.000
   254     9    11  2021       1       1  hru1           0.000       0.000       0.002      -0.031            0.000            0.000            0.000            0.000            0.022            0.003            0.004            0.155            0.017            0.000            0.000            0.178            0.000            0.000            0.000
   255     9    12  2021       1       1  hru1           0.000       0.000       0.002      -0.031            0.000            0.000            0.000            0.000            0.022            0.003            0.004            0.155            0.017            0.000            0.000            0.000            0.000            0.000            0.000
   256     9    13  2021       1       1  hru1           0.000       0.000       0.003      -0.031            0.000            0.000            0.000            0.000            0.022            0.003            0.004            0.148            0.016            0.000            0.000            0.000            0.000            0.000            0.000
   257     9    14  2021       1       1  hru1           0.000       0.000       0.003      -0.031            0.000            0.000            0.000            0.000            0.022            0.003            0.004            0.140            0.015            0.000            0.000            0.000            0.000            0.000            0.000
   258     9    15  2021       1       1  hru1           0.000       0.000       0.002      -0.031            0.000            0.000            0.000            0.000            0.022            0.003            0.004            0.133            0.015            0.000            0.000            0.000            0.000            0.000            0.000
   259     9    16  2021       1       1  hru1           0.000       0.000       0.002      -0.031            0.000            0.000            0.000            0.000            0.022            0.003            0.004            0.124            0.014            0.000            0.000            0.000            0.000            0.000            0.000
   260     9    17  2021       1       1  hru1           0.000       0.000       0.002      -0.031            0.000            0.000            0.000            0.000            0.022            0.003            0.004            0.117            0.013            0.000            0.000            0.000            0.000            0.000            0.000
   261     9    18  2021       1       1  hru1           0.000       0.000       0.002      -0.031            0.000            0.000            0.000            0.000            0.022            0.003            0.004            0.118            0.013            0.000            0.000            0.000            0.000            0.000            0.000
   262     9    19  2021       1       1  hru1           0.000       0.000       0.002      -0.031            0.000            0.000            0.000            0.000            0.021            0.003            0.004            0.106            0.012            0.000            0.000            0.000            0.000            0.000            0.000
   263     9    20  2021       1       1  hru1           0.000       0.000       0.000      -0.031            0.000            0.000            0.000            0.000            0.021            0.003            0.003            0.097            0.011            0.000            0.000            0.000            0.000            0.000            0.000
   264     9    21  2021       1       1  hru1           0.000       0.000       0.000      -0.031            0.000            0.000            0.000            0.000            0.021            0.003            0.003            0.091            0.010            0.000            0.000            0.000            0.000            0.000            0.000
   265     9    22  2021       1       1  hru1           0.000       0.000       0.000      -0.031            0.000            0.000            0.000            0.000            0.021            0.003            0.003            0.089            0.010            0.000            0.000            0.000            0.000            0.000            0.000
   266     9    23  2021       1       1  hru1           0.000       0.000      -0.000      -0.031            0.000            0.000            0.000            0.000            0.021            0.003            0.003            0.086            0.009            0.000            0.000            0.000            0.000            0.000            0.000
   267     9    24  2021       1       1  hru1           0.000       0.000      -0.000      -0.031            0.000            0.000            0.000            0.000            0.021            0.003            0.003            0.084            0.009            0.000            0.000            0.000            0.000            0.000            0.000
   268     9    25  2021       1       1  hru1           0.000       0.000       0.005      -0.031            0.000            0.000            0.000            0.000            0.021            0.003            0.003            0.384            0.064            0.000            0.000            0.000            0.000            0.000            0.000
   269     9    26  2021       1       1  hru1           0.000       0.000       0.010      -0.031            0.000            0.000            0.000            0.000            0.021            0.003            0.003            0.361            0.060            0.000            0.000            0.000            0.000            0.000            0.000
   270     9    27  2021       1       1  hru1           0.000       0.000       0.014      -0.031            0.000            0.000            0.000            0.000            0.021            0.003            0.003            0.358            0.060            0.000            0.000            0.000            0.000            0.000            0.000
   271     9    28  2021       1       1  hru1           0.000       0.000       0.014      -0.031            0.000            0.000            0.000            0.000            0.020            0.003            0.003            0.354            0.059            0.000            0.000            0.000            0.000            0.000            0.000
   272     9    29  2021       1       1  hru1           0.000       0.000       0.016      -0.031            0.000            0.000            0.000            0.000            0.020            0.003            0.003            0.351            0.059            0.000            0.000            0.000            0.000            0.000            0.000
   273     9    30  2021       1       1  hru1           0.000       0.000       0.019      -0.031            0.000            0.000            0.000            0.000            0.019            0.003            0.003            0.347            0.058            0.000            0.000            0.000            0.000            0.000            0.000
   274    10     1  2021       1       1  hru1           0.000       0.000       0.020      -0.031            0.000            0.000            0.000            0.000            0.019            0.003            0.003            0.344            0.057            0.000            0.000            0.000            0.000            0.000            0.000
   275    10     2  2021       1       1  hru1           0.000       0.000       0.022      -0.031            0.000            0.000            0.000            0.000            0.019            0.003            0.003            0.340            0.057            0.000            0.000            0.000            0.000            0.000            0.000
   276    10     3  2021       1       1  hru1           0.000       0.000       0.023      -0.031            0.000            0.000            0.000            0.000            0.019            0.003            0.003            0.337            0.056            0.000            0.000            0.000            0.000            0.000            0.000
   277    10     4  2021       1       1  hru1           0.000       0.000       0.024      -0.031            0.000            0.000            0.000            0.000            0.019            0.003            0.003            0.333            0.056            0.000            0.000            0.000            0.000            0.000            0.000
   278    10     5  2021       1       1  hru1           0.000       0.000       0.025      -0.031            0.000            0.000            0.000            0.000            0.019            0.003            0.003            0.330            0.055            0.000            0.000            0.000            0.000            0.000            0.000
   279    10     6  2021       1       1  hru1           0.000       0.000       0.025      -0.030            0.000            0.000            0.000            0.000            0.019            0.003            0.003            0.327            0.055            0.000            0.000            0.000            0.000            0.000            0.000
   280    10     7  2021       1       1  hru1           0.000       0.000       0.026      -0.030            0.000            0.000            0.000            0.000            0.019            0.003            0.003            0.323            0.054            0.000            0.000            0.000            0.000            0.000            0.000
   281    10     8  2021       1       1  hru1           0.000       0.000       0.028      -0.030            0.000            0.000            0.000            0.000            0.019            0.003            0.003            0.320            0.054            0.000            0.000            0.000            0.000            0.000            0.000
   282    10     9  2021       1       1  hru1           0.000       0.000       0.028      -0.030            0.000            0.000            0.000            0.000            0.019            0.003            0.003            0.317            0.053            0.000            0.000            0.000            0.000            0.000            0.000
   283    10    10  2021       1       1  hru1           0.000       0.000       0.027      -0.030            0.000            0.000            0.000            0.000            0.019            0.003            0.003            0.314            0.052            0.000            0.000            0.000            0.000            0.000            0.000
   284    10    11  2021       1       1  hru1           0.000       0.000       0.026      -0.030            0.000            0.000            0.000            0.000            0.019            0.003            0.003            0.311            0.052            0.000            0.000            0.000            0.000            0.000            0.000
   285    10    12  2021       1       1  hru1           0.000       0.000       0.028      -0.030            0.000            0.000            0.000            0.000            0.019            0.003            0.003            0.308            0.051            0.000            0.000            0.000            0.000            0.000            0.000
   286    10    13  2021       1       1  hru1           0.000       0.000       0.027      -0.030            0.000            0.000            0.000            0.000            0.019            0.003            0.003            0.305            0.051            0.000            0.000            0.000            0.000            0.000            0.000
   287    10    14  2021       1       1  hru1           0.000       0.000       0.026      -0.030            0.000            0.000            0.000            0.000            0.019            0.003            0.003            0.301            0.050            0.000            0.000            0.000            0.000            0.000            0.000
   288    10    15  2021       1       1  hru1           0.000       0.000       0.025      -0.030            0.000            0.000            0.000            0.000            0.018            0.003            0.003            0.298            0.050            0.000            0.000            0.000            0.000            0.000            0.000
   289    10    16  2021       1       1  hru1           0.000       0.000       0.025      -0.030            0.000            0.000            0.000            0.000            0.018            0.003            0.003            0.295            0.049            0.000            0.000            0.000            0.000            0.000            0.000
   290    10    17  2021       1       1  hru1           0.000       0.000       0.025      -0.030            0.000            0.000            0.000            0.000            0.018            0.003            0.003            0.293            0.049            0.000            0.000            0.000            0.000            0.000            0.000
   291    10    18  2021       1       1  hru1           0.000       0.000       0.025      -0.030            0.000            0.000            0.000            0.000            0.018            0.003            0.003            0.290            0.048            0.000            0.000            0.000            0.000            0.000            0.000
   292    10    19  2021       1       1  hru1           0.000       0.000       0.025      -0.029            0.000            0.000            0.000            0.000            0.018            0.003            0.003            0.287            0.048            0.000            0.000            0.000            0.000            0.000            0.000
   293    10    20  2021       1       1  hru1           0.000       0.000       0.025      -0.029            0.000            0.000            0.000            0.000            0.018            0.003            0.003            0.284            0.047            0.000            0.000            0.000            0.000            0.000            0.000
   294    10    21  2021       1       1  hru1           0.000       0.000       0.025      -0.029            0.000            0.000            0.000            0.000            0.018            0.003            0.003            0.281            0.047            0.000            0.000            0.000            0.000            0.000            0.000
   295    10    22  2021       1       1  hru1           0.000       0.000       0.025      -0.029            0.000            0.000            0.000            0.000            0.018            0.003            0.003            0.278            0.047            0.000            0.000            0.000            0.000            0.000            0.000
   296    10    23  2021       1       1  hru1           0.000       0.000       0.024      -0.029            0.000            0.000            0.000            0.000            0.018            0.003            0.003            0.275            0.046            0.000            0.000            0.000            0.000            0.000            0.000
   297    10    24  2021       1       1  hru1           0.000       0.000       0.024      -0.029            0.000            0.000            0.000            0.000            0.018            0.003            0.003            0.273            0.046            0.000            0.000            0.000            0.000            0.000            0.000
   298    10    25  2021       1       1  hru1           0.000       0.000       0.026      -0.029            0.000            0.000            0.000            0.000            0.019            0.003            0.003            0.270            0.045            0.000            0.000            0.000            0.000            0.000            0.000
   299    10    26  2021       1       1  hru1           0.000       0.000       0.026      -0.029            0.000            0.000            0.000            0.000            0.019            0.003            0.003            0.267            0.045            0.000            0.000            0.000            0.000            0.000            0.000
   300    10    27  2021       1       1  hru1           0.000       0.000       0.023      -0.029            0.000            0.000            0.000            0.000            0.019            0.003            0.003            0.265            0.044            0.000            0.000            0.000            0.000            0.000            0.000
   301    10    28  2021       1       1  hru1           0.000       0.000       0.023      -0.029            0.000            0.000            0.000            0.000            0.019            0.003            0.003            0.262            0.044            0.000            0.000            0.000            0.000            0.000            0.000
   302    10    29  2021       1       1  hru1           0.000       0.000       0.023      -0.029            0.000            0.000            0.000            0.000            0.019            0.003            0.003            0.259            0.043            0.000            0.000            0.000            0.000            0.000            0.000
   303    10    30  2021       1       1  hru1           0.000       0.000       0.022      -0.029            0.000            0.000            0.000            0.000            0.019            0.004            0.003            0.257            0.043            0.000            0.000            0.000            0.000            0.000            0.000
   304    10    31  2021       1       1  hru1           0.000       0.000       0.022      -0.029            0.000            0.000            0.000            0.000            0.018            0.004            0.003            0.254            0.042            0.000            0.000            0.000            0.000            0.000            0.000
   305    11     1  2021       1       1  hru1           0.000       0.000       0.022      -0.029            0.000            0.000            0.000            0.000            0.018            0.004            0.003            0.252            0.042            0.000            0.000            0.000            0.000            0.000            0.000
   306    11     2  2021       1       1  hru1           0.000       0.000       0.022      -0.029            0.000            0.000            0.000            0.000            0.018            0.004            0.003            0.249            0.042            0.000            0.000            0.000            0.000            0.000            0.000
   307    11     3  2021       1       1  hru1           0.000       0.000       0.023      -0.028            0.000            0.000            0.000            0.000            0.018            0.004            0.003            0.247            0.041            0.000            0.000            0.000            0.000            0.000            0.000
   308    11     4  2021       1       1  hru1           0.000       0.000       0.021      -0.028            0.000            0.000            0.000            0.000            0.018            0.004            0.003            0.244            0.041            0.000            0.000            0.000            0.000            0.000            0.000
   309    11     5  2021       1       1  hru1           0.000       0.000       0.021      -0.028            0.000            0.000            0.000            0.000            0.018            0.004            0.003            0.242            0.040            0.000            0.000            0.000            0.000            0.000            0.000
   310    11     6  2021       1       1  hru1           0.000       0.000       0.021      -0.028            0.000            0.000            0.000            0.000            0.018            0.004            0.003            0.239            0.040            0.000            0.000            0.000            0.000            0.000            0.000
   311    11     7  2021       1       1  hru1           0.000       0.000       0.021      -0.028            0.000            0.000            0.000            0.000            0.018            0.004            0.003            0.237            0.040            0.000            0.000            0.000            0.000            0.000            0.000
   312    11     8  2021       1       1  hru1           0.000       0.000       0.020      -0.028            0.000            0.000            0.000            0.000            0.018            0.004            0.003            0.234            0.039            0.000            0.000            0.000            0.000            0.000            0.000
   313    11     9  2021       1       1  hru1           0.000       0.000       0.020      -0.028            0.000            0.000            0.000            0.000            0.018            0.004            0.003            0.232            0.039            0.000            0.000            0.000            0.000            0.000            0.000
   314    11    10  2021       1       1  hru1           0.000       0.000       0.022      -0.028            0.000            0.000            0.000            0.000            0.018            0.004            0.003            0.230            0.038            0.000            0.000            0.000            0.000            0.000            0.000
   315    11    11  2021       1       1  hru1           0.000       0.000       0.019      -0.028            0.000            0.000            0.000            0.000            0.018            0.004            0.003            0.228            0.038            0.000            0.000            0.000            0.000            0.000            0.000
   316    11    12  2021       1       1  hru1           0.000       0.000       0.019      -0.028            0.000            0.000            0.000            0.000            0.018            0.004            0.003            0.225            0.038            0.000            0.000            0.000            0.000            0.000            0.000
   317    11    13  2021       1       1  hru1           0.000       0.000       0.019      -0.028            0.000            0.000            0.000            0.000            0.018            0.004            0.003            0.223            0.037            0.000            0.000            0.000            0.000            0.000            0.000
   318    11    14  2021       1       1  hru1           0.000       0.000       0.019      -0.028            0.000            0.000            0.000            0.000            0.018            0.004            0.003            0.221            0.037            0.000            0.000            0.000            0.000            0.000            0.000
   319    11    15  2021       1       1  hru1           0.000       0.000       0.018      -0.028            0.000            0.000            0.000            0.000            0.018            0.004            0.003            0.219            0.037            0.000            0.000            0.000            0.000            0.000            0.000
   320    11    16  2021       1       1  hru1           0.000       0.000       0.018      -0.028            0.000            0.000            0.000            0.000            0.018            0.004            0.003            0.216            0.036            0.000            0.000            0.000            0.000            0.000            0.000
   321    11    17  2021       1       1  hru1           0.000       0.000       0.018      -0.028            0.000            0.000            0.000            0.000            0.018            0.004            0.003            0.214            0.036            0.000            0.000            0.000            0.000            0.000            0.000
   322    11    18  2021       1       1  hru1           0.000       0.000       0.018      -0.028            0.000            0.000            0.000            0.000            0.018            0.004            0.003            0.212            0.035            0.000            0.000            0.000            0.000            0.000            0.000
   323    11    19  2021       1       1  hru1           0.000       0.000       0.018      -0.028            0.000            0.000            0.000            0.000            0.018            0.004            0.003            0.210            0.035            0.000            0.000            0.000            0.000            0.000            0.000
   324    11    20  2021       1       1  hru1           0.000       0.000       0.019      -0.028            0.000            0.000            0.000            0.000            0.018            0.004            0.003            0.208            0.035            0.000            0.000            0.000            0.000            0.000            0.000
   325    11    21  2021       1       1  hru1           0.000       0.000       0.017      -0.028            0.000            0.000            0.000            0.000            0.018            0.004            0.003            0.206            0.034            0.000            0.000            0.000            0.000            0.000            0.000
   326    11    22  2021       1       1  hru1           0.000       0.000       0.017      -0.027            0.000            0.000            0.000            0.000            0.018            0.004            0.003            0.204            0.034            0.000            0.000            0.000            0.000            0.000            0.000
   327    11    23  2021       1       1  hru1           0.000       0.000       0.016      -0.027            0.000            0.000            0.000            0.000            0.018            0.004            0.003            0.202            0.034            0.000            0.000            0.000            0.000            0.000            0.000
   328    11    24  2021       1       1  hru1           0.000       0.000       0.016      -0.027            0.000            0.000            0.000            0.000            0.018            0.004            0.003            0.200            0.033            0.000            0.000            0.000            0.000            0.000            0.000
   329    11    25  2021       1       1  hru1           0.000       0.000       0.016      -0.027            0.000            0.000            0.000            0.000            0.018            0.004            0.003            0.198            0.033            0.000            0.000            0.000            0.000            0.000            0.000
   330    11    26  2021       1       1  hru1           0.000       0.000       0.016      -0.027            0.000            0.000            0.000            0.000            0.018            0.004            0.003            0.196            0.033            0.000            0.000            0.000            0.000            0.000            0.000
   331    11    27  2021       1       1  hru1           0.000       0.000       0.016      -0.027            0.000            0.000            0.000            0.000            0.018            0.004            0.003            0.194            0.032            0.000            0.000            0.000            0.000            0.000            0.000
   332    11    28  2021       1       1  hru1           0.000       0.000       0.015      -0.027            0.000            0.000            0.000            0.000            0.018            0.004            0.003            0.192            0.032            0.000            0.000            0.000            0.000            0.000            0.000
   333    11    29  2021       1       1  hru1           0.000       0.000       0.015      -0.027            0.000            0.000            0.000            0.000            0.018            0.004            0.003            0.190            0.032            0.000            0.000            0.000            0.000            0.000            0.000
   334    11    30  2021       1       1  hru1           0.000       0.000       0.015      -0.027            0.000            0.000            0.000            0.000            0.018            0.004            0.003            0.188            0.031            0.000            0.000            0.000            0.000            0.000            0.000
   335    12     1  2021       1       1  hru1           0.000       0.000       0.015      -0.027            0.000            0.000            0.000            0.000            0.018            0.004            0.003            0.186            0.031            0.000            0.000            0.000            0.000            0.000            0.000
   336    12     2  2021       1       1  hru1           0.000       0.000       0.015      -0.027            0.000            0.000            0.000            0.000            0.018            0.004            0.003            0.184            0.031            0.000            0.000            0.000            0.000            0.000            0.000
   337    12     3  2021       1       1  hru1           0.000       0.000       0.015      -0.027            0.000            0.000            0.000            0.000            0.018            0.004            0.003            0.182            0.030            0.000            0.000            0.000            0.000            0.000            0.000
   338    12     4  2021       1       1  hru1           0.000       0.000       0.014      -0.027            0.000            0.000            0.000            0.000            0.018            0.004            0.003            0.181            0.030            0.000            0.000            0.000            0.000            0.000            0.000
   339    12     5  2021       1       1  hru1           0.000       0.000       0.014      -0.027            0.000            0.000            0.000            0.000            0.018            0.004            0.003            0.179            0.030            0.000            0.000            0.000            0.000            0.000            0.000
   340    12     6  2021       1       1  hru1           0.000       0.000       0.014      -0.027            0.000            0.000            0.000            0.000            0.018            0.004            0.003            0.177            0.030            0.000            0.000            0.000            0.000            0.000            0.000
   341    12     7  2021       1       1  hru1           0.000       0.000       0.014      -0.027            0.000            0.000            0.000            0.000            0.018            0.004            0.003            0.175            0.029            0.000            0.000            0.000            0.000            0.000            0.000
   342    12     8  2021       1       1  hru1           0.000       0.000       0.014      -0.027            0.000            0.000            0.000            0.000            0.018            0.004            0.003            0.173            0.029            0.000            0.000            0.000            0.000            0.000            0.000
   343    12     9  2021       1       1  hru1           0.000       0.000       0.013      -0.027            0.000            0.000            0.000            0.000            0.018            0.004            0.003            0.172            0.029            0.000            0.000            0.000            0.000            0.000            0.000
   344    12    10  2021       1       1  hru1           0.000       0.000       0.013      -0.027            0.000            0.000            0.000            0.000            0.018            0.004            0.003            0.170            0.028            0.000            0.000            0.000            0.000            0.000            0.000
   345    12    11  2021       1       1  hru1           0.000       0.000       0.013      -0.027            0.000            0.000            0.000            0.000            0.017            0.004            0.003            0.168            0.028            0.000            0.000            0.000            0.000            0.000            0.000
   346    12    12  2021       1       1  hru1           0.000       0.000       0.013      -0.027            0.000            0.000            0.000            0.000            0.018            0.004            0.003            0.167            0.028            0.000            0.000            0.000            0.000            0.000            0.000
   347    12    13  2021       1       1  hru1           0.000       0.000       0.013      -0.027            0.000            0.000            0.000            0.000            0.018            0.004            0.003            0.165            0.028            0.000            0.000            0.000            0.000            0.000            0.000
   348    12    14  2021       1       1  hru1           0.000       0.000       0.012      -0.027            0.000            0.000            0.000            0.000            0.017            0.004            0.003            0.163            0.027            0.000            0.000            0.000            0.000            0.000            0.000
   349    12    15  2021       1       1  hru1           0.000       0.000       0.012      -0.027            0.000            0.000            0.000            0.000            0.017            0.004            0.003            0.162            0.027            0.000            0.000            0.000            0.000            0.000            0.000
   350    12    16  2021       1       1  hru1           0.000       0.000       0.012      -0.027            0.000            0.000            0.000            0.000            0.017            0.004            0.003            0.160            0.027            0.000            0.000            0.000            0.000            0.000            0.000
   351    12    17  2021       1       1  hru1           0.000       0.000       0.009      -0.026            0.000            0.000            0.000            0.000            0.017            0.004            0.003            0.000            0.000            0.000            0.000            0.000            0.000            0.000            0.000
   352    12    18  2021       1       1  hru1           0.000       0.000       0.006      -0.026            0.000            0.000            0.000            0.000            0.011           -0.006            0.002            0.000            0.000            0.000            0.000            0.000            0.000            0.000            0.000
   353    12    19  2021       1       1  hru1           0.000       0.000       0.004      -0.026            0.000            0.000            0.000            0.000            0.011           -0.006            0.002            0.000            0.000            0.000            0.000            0.000            0.000            0.000            0.000
   354    12    20  2021       1       1  hru1           0.000       0.000       0.002      -0.026            0.000            0.000            0.000            0.000            0.011           -0.006            0.002            0.000            0.000            0.000            0.000            0.000            0.000            0.000            0.000
   355    12    21  2021       1       1  hru1           0.000       0.000       0.001      -0.026            0.000            0.000            0.000            0.000            0.011           -0.006            0.002            0.000            0.000            0.000            0.000            0.000            0.000            0.000            0.000
   356    12    22  2021       1       1  hru1           0.000       0.000      -0.000      -0.026            0.000            0.000            0.000            0.000            0.011           -0.006            0.002            0.000            0.000            0.000            0.000            0.000            0.000            0.000            0.000
   357    12    23  2021       1       1  hru1           0.000       0.000      -0.001      -0.026            0.000            0.000            0.000            0.000            0.011           -0.006            0.002            0.000            0.000            0.000            0.000            0.000            0.000            0.000            0.000
   358    12    24  2021       1       1  hru1           0.000       0.000      -0.003      -0.026            0.000            0.000            0.000            0.000            0.011           -0.006            0.002            0.000            0.000            0.000            0.000            0.000            0.000            0.000            0.000
   359    12    25  2021       1       1  hru1           0.000       0.000      -0.004      -0.026            0.000            0.000            0.000            0.000            0.011           -0.006            0.002            0.000            0.000            0.000            0.000            0.000            0.000            0.000            0.000
   360    12    26  2021       1       1  hru1           0.000       0.000      -0.006      -0.026            0.000            0.000            0.000            0.000            0.011           -0.006            0.002            0.000            0.000            0.000            0.000            0.000            0.000            0.000            0.000
   361    12    27  2021       1       1  hru1           0.000       0.000      -0.006      -0.026            0.000            0.000            0.000            0.000            0.011           -0.006            0.002            0.000            0.000            0.000            0.000            0.000            0.000            0.000            0.000
   362    12    28  2021       1       1  hru1           0.000       0.000      -0.006      -0.026            0.000            0.000            0.000            0.000            0.011           -0.006            0.002            0.000            0.000            0.000            0.000            0.000            0.000            0.000            0.000
   363    12    29  2021       1       1  hru1           0.000       0.000      -0.007      -0.026            0.000            0.000            0.000            0.000            0.011           -0.006            0.002            0.000            0.000            0.000            0.000            0.000            0.000            0.000            0.000
   364    12    30  2021       1       1  hru1           0.000       0.000      -0.007      -0.026            0.000            0.000            0.000            0.000            0.011           -0.006            0.002            0.000            0.000            0.000            0.000            0.000            0.000            0.000            0.000
   365    12    31  2021       1       1  hru1           0.000       0.000      -0.007      -0.026            0.000            0.000            0.000            0.000            0.011           -0.006            0.002            0.000            0.000            0.000            0.000            0.000            0.000            0.000            0.000
     1     1     1  2022       1       1  hru1           0.000       0.000      -0.004      -0.029            0.000            0.000            0.000            0.000            0.011           -0.006            0.002            0.000            0.000            0.000            0.000            0.000            0.000            0.000            0.000
     2     1     2  2022       1       1  hru1           0.000       0.000      -0.007      -0.029            0.000            0.000            0.000            0.000            0.011           -0.006            0.002            0.000            0.000            0.000            0.000            0.000            0.000            0.000            0.000
     3     1     3  2022       1       1  hru1           0.000       0.000      -0.008      -0.029            0.000            0.000            0.000            0.000            0.011           -0.006            0.002            0.000            0.000            0.000            0.000            0.000            0.000            0.000            0.000
     4     1     4  2022       1       1  hru1           0.000       0.000      -0.008      -0.029            0.000            0.000            0.000            0.000            0.011           -0.006            0.002            0.000            0.000            0.000            0.000            0.000            0.000            0.000            0.000
     5     1     5  2022       1       1  hru1           0.000       0.000      -0.009      -0.029            0.000            0.000            0.000            0.000            0.011           -0.006            0.002            0.000            0.000            0.000            0.000            0.000            0.000            0.000            0.000
     6     1     6  2022       1       1  hru1           0.000       0.000      -0.010      -0.029            0.000            0.000            0.000            0.000            0.011           -0.006            0.002            0.000            0.000            0.000            0.000            0.000            0.000            0.000            0.000
     7     1     7  2022       1       1  hru1           0.000       0.000      -0.011      -0.029            0.000            0.000            0.000            0.000            0.011           -0.006            0.002            0.000            0.000            0.000            0.000            0.000            0.000            0.000            0.000
     8     1     8  2022       1       1  hru1           0.000       0.000      -0.010      -0.029            0.000            0.000            0.000            0.000            0.011           -0.006            0.002            0.000            0.000            0.000            0.000            0.000            0.000            0.000            0.000
     9     1     9  2022       1       1  hru1           0.000       0.000      -0.010      -0.029            0.000            0.000            0.000            0.000            0.011           -0.006            0.002            0.000            0.000            0.000            0.000            0.000            0.000            0.000            0.000
    10     1    10  2022       1       1  hru1           0.000       0.000      -0.010      -0.029            0.000            0.000            0.000            0.000            0.011           -0.006            0.002            0.000            0.000            0.000            0.000            0.000            0.000            0.000            0.000
    11     1    11  2022       1       1  hru1           0.000       0.000      -0.010      -0.029            0.000            0.000            0.000            0.000            0.011           -0.006            0.002            0.000            0.000            0.000            0.000            0.000            0.000            0.000            0.000
    12     1    12  2022       1       1  hru1           0.000       0.000      -0.009      -0.029            0.000            0.000            0.000            0.000            0.011           -0.006            0.002            0.000            0.000            0.000            0.000            0.000            0.000            0.000            0.000
    13     1    13  2022       1       1  hru1           0.000       0.000      -0.009      -0.029            0.000            0.000            0.000            0.000            0.011           -0.006            0.002            0.000            0.000            0.000            0.000            0.000            0.000            0.000            0.000
    14     1    14  2022       1       1  hru1           0.000       0.000      -0.009      -0.029            0.000            0.000            0.000            0.000            0.011           -0.006            0.002            0.000            0.000            0.000            0.000            0.000            0.000            0.000            0.000
    15     1    15  2022       1       1  hru1           0.000       0.000      -0.009      -0.029            0.000            0.000            0.000            0.000            0.011           -0.006            0.002            0.000            0.000            0.000            0.000            0.000            0.000            0.000            0.000
    16     1    16  2022       1       1  hru1           0.000       0.000      -0.009      -0.029            0.000            0.000            0.000            0.000            0.011           -0.006            0.002            0.000            0.000            0.000            0.000            0.000            0.000            0.000            0.000
    17     1    17  2022       1       1  hru1           0.000       0.000      -0.009      -0.029            0.000            0.000            0.000            0.000            0.011           -0.006            0.002            0.000            0.000            0.000            0.000            0.000            0.000            0.000            0.000
    18     1    18  2022       1       1  hru1           0.000       0.000      -0.009      -0.029            0.000            0.000            0.000            0.000            0.011           -0.006            0.002            0.000            0.000            0.000            0.000            0.000            0.000            0.000            0.000
    19     1    19  2022       1       1  hru1           0.000       0.000      -0.009      -0.029            0.000            0.000            0.000            0.000            0.011           -0.006            0.002            0.000            0.000            0.000            0.000            0.000            0.000            0.000            0.000
    20     1    20  2022       1       1  hru1           0.000       0.000      -0.009      -0.029            0.000            0.000            0.000            0.000            0.011           -0.006            0.002            0.000            0.000            0.000            0.000            0.000            0.000            0.000            0.000
    21     1    21  2022       1       1  hru1           0.000       0.000      -0.009      -0.029            0.000            0.000            0.000            0.000            0.011           -0.006            0.002            0.000            0.000            0.000            0.000            0.000            0.000            0.000            0.000
    22     1    22  2022       1       1  hru1           0.000       0.000      -0.008      -0.029            0.000            0.000            0.000            0.000            0.011           -0.006            0.002            0.000            0.000            0.000            0.000            0.000            0.000            0.000            0.000
    23     1    23  2022       1       1  hru1           0.000       0.000      -0.008      -0.029            0.000            0.000            0.000            0.000            0.011           -0.006            0.002            0.000            0.000            0.000            0.000            0.000            0.000            0.000            0.000
    24     1    24  2022       1       1  hru1           0.000       0.000      -0.008      -0.029            0.000            0.000            0.000            0.000            0.011           -0.006            0.002            0.000            0.000            0.000            0.000            0.000            0.000            0.000            0.000
    25     1    25  2022       1       1  hru1           0.000       0.000      -0.008      -0.029            0.000            0.000            0.000            0.000            0.011           -0.006            0.002            0.000            0.000            0.000            0.000            0.000            0.000            0.000            0.000
    26     1    26  2022       1       1  hru1           0.000       0.000      -0.008      -0.029            0.000            0.000            0.000            0.000            0.011           -0.006            0.002            0.000            0.000            0.000            0.000            0.000            0.000            0.000            0.000
    27     1    27  2022       1       1  hru1           0.000       0.000      -0.008      -0.029            0.000            0.000            0.000            0.000            0.011           -0.006            0.002            0.000            0.000            0.000            0.000            0.000            0.000            0.000            0.000
    28     1    28  2022       1       1  hru1           0.000       0.000      -0.008      -0.029            0.000            0.000            0.000            0.000            0.011           -0.006            0.002            0.000            0.000            0.000            0.000            0.000            0.000            0.000            0.000
    29     1    29  2022       1       1  hru1           0.000       0.000      -0.008      -0.029            0.000            0.000            0.000            0.000            0.011           -0.006            0.002            0.000            0.000            0.000            0.000            0.000            0.000            0.000            0.000
    30     1    30  2022       1       1  hru1           0.000       0.000      -0.008      -0.029            0.000            0.000            0.000            0.000            0.011           -0.006            0.002            0.000            0.000            0.000            0.000            0.000            0.000            0.000            0.000
    31     1    31  2022       1       1  hru1           0.000       0.000      -0.008      -0.029            0.000            0.000            0.000            0.000            0.011           -0.006            0.002            0.000            0.000            0.000            0.000            0.000            0.000            0.000            0.000
    32     2     1  2022       1       1  hru1           0.000       0.000      -0.008      -0.029            0.000            0.000            0.000            0.000            0.011           -0.006            0.002            0.000            0.000            0.000            0.000            0.000            0.000            0.000            0.000
    33     2     2  2022       1       1  hru1           0.000       0.000      -0.008      -0.029            0.000            0.000            0.000            0.000            0.011           -0.006            0.002            0.000            0.000            0.000            0.000            0.000            0.000            0.000            0.000
    34     2     3  2022       1       1  hru1           0.000       0.000      -0.008      -0.029            0.000            0.000            0.000            0.000            0.011           -0.006            0.002            0.000            0.000            0.000            0.000            0.000            0.000            0.000            0.000
    35     2     4  2022       1       1  hru1           0.000       0.000      -0.008      -0.029            0.000            0.000            0.000            0.000            0.011           -0.006            0.002            0.000            0.000            0.000            0.000            0.000            0.000            0.000            0.000
    36     2     5  2022       1       1  hru1           0.000       0.000      -0.008      -0.029            0.000            0.000            0.000            0.000            0.011           -0.006            0.002            0.000            0.000            0.000            0.000            0.000            0.000            0.000            0.000
    37     2     6  2022       1       1  hru1           0.000       0.000      -0.008      -0.029            0.000            0.000            0.000            0.000            0.011           -0.006            0.002            0.000            0.000            0.000            0.000            0.000            0.000            0.000            0.000
    38     2     7  2022       1       1  hru1           0.000       0.000      -0.008      -0.029            0.000            0.000            0.000            0.000            0.011           -0.006            0.002            0.000            0.000            0.000            0.000            0.000            0.000            0.000            0.000
    39     2     8  2022       1       1  hru1           0.000       0.000      -0.008      -0.029            0.000            0.000            0.000            0.000            0.011           -0.006            0.002            0.000            0.000            0.000            0.000            0.000            0.000            0.000            0.000
    40     2     9  2022       1       1  hru1           0.000       0.000      -0.008      -0.029            0.000            0.000            0.000            0.000            0.011           -0.006            0.002            0.000            0.000            0.000            0.000            0.000            0.000            0.000            0.000
    41     2    10  2022       1       1  hru1           0.000       0.000      -0.008      -0.029            0.000            0.000            0.000            0.000            0.011           -0.006            0.002            0.000            0.000            0.000            0.000            0.000            0.000            0.000            0.000
    42     2    11  2022       1       1  hru1           0.000       0.000      -0.009      -0.029            0.000            0.000            0.000            0.000            0.011           -0.006            0.002            0.000            0.000            0.000            0.000            0.000            0.000            0.000            0.000
    43     2    12  2022       1       1  hru1           0.000       0.000      -0.009      -0.029            0.000            0.000            0.000            0.000            0.011           -0.006            0.002            0.000            0.000            0.000            0.000            0.000            0.000            0.000            0.000
    44     2    13  2022       1       1  hru1           0.000       0.000      -0.009      -0.029            0.000            0.000            0.000            0.000            0.011           -0.006            0.002            0.000            0.000            0.000            0.000            0.000            0.000            0.000            0.000
    45     2    14  2022       1       1  hru1           0.000       0.000      -0.009      -0.029            0.000            0.000            0.000            0.000            0.011           -0.006            0.002            0.000            0.000            0.000            0.000            0.000            0.000            0.000            0.000
    46     2    15  2022       1       1  hru1           0.000       0.000      -0.008      -0.029            0.000            0.000            0.000            0.000            0.011           -0.006            0.002            0.000            0.000            0.000            0.000            0.000            0.000            0.000            0.000
    47     2    16  2022       1       1  hru1           0.000       0.000      -0.008      -0.029            0.000            0.000            0.000            0.000            0.011           -0.006            0.002            0.000            0.000            0.000            0.000            0.000            0.000            0.000            0.000
    48     2    17  2022       1       1  hru1           0.000       0.000      -0.008      -0.029            0.000            0.000            0.000            0.000            0.011           -0.006            0.002            0.000            0.000            0.000            0.000            0.000            0.000            0.000            0.000
    49     2    18  2022       1       1  hru1           0.000       0.000      -0.008      -0.029            0.000            0.000            0.000            0.000            0.011           -0.006            0.002            0.000            0.000            0.000            0.000            0.000            0.000            0.000            0.000
    50     2    19  2022       1       1  hru1           0.000       0.000      -0.008      -0.029            0.000            0.000            0.000            0.000            0.011           -0.006            0.002            0.000            0.000            0.000            0.000            0.000            0.000            0.000            0.000
    51     2    20  2022       1       1  hru1           0.000       0.000      -0.008      -0.029            0.000            0.000            0.000            0.000            0.017            0.004            0.003            0.000            0.000            0.000            0.000            0.000            0.000            0.000            0.000
    52     2    21  2022       1       1  hru1           0.000       0.000      -0.008      -0.029            0.000            0.000            0.000            0.000            0.017            0.004            0.003            0.000            0.000            0.000            0.000            0.000            0.000            0.000            0.000
    53     2    22  2022       1       1  hru1           0.000       0.000      -0.008      -0.029            0.000            0.000            0.000            0.000            0.011           -0.006            0.002            0.000            0.000            0.000            0.000            0.000            0.000            0.000            0.000
    54     2    23  2022       1       1  hru1           0.000       0.000      -0.008      -0.029            0.000            0.000            0.000            0.000            0.011           -0.006            0.002            0.000            0.000            0.000            0.000            0.000            0.000            0.000            0.000
    55     2    24  2022       1       1  hru1           0.000       0.000      -0.008      -0.029            0.000            0.000            0.000            0.000            0.011           -0.006            0.002            0.000            0.000            0.000            0.000            0.000            0.000            0.000            0.000
    56     2    25  2022       1       1  hru1           0.000       0.000      -0.008      -0.029            0.000            0.000            0.000            0.000            0.011           -0.006            0.002            0.000            0.000            0.000            0.000            0.000            0.000            0.000            0.000
    57     2    26  2022       1       1  hru1           0.000       0.000      -0.008      -0.029            0.000            0.000            0.000            0.000            0.011           -0.006            0.002            0.000            0.000            0.000            0.000            0.000            0.000            0.000            0.000
    58     2    27  2022       1       1  hru1           0.000       0.000      -0.008      -0.029            0.000            0.000            0.000            0.000            0.011           -0.006            0.002            0.000            0.000            0.000            0.000            0.000            0.000            0.000            0.000
    59     2    28  2022       1       1  hru1           0.000       0.000      -0.008      -0.029            0.000            0.000            0.000            0.000            0.011           -0.006            0.002            0.000            0.000            0.000            0.000            0.000            0.000            0.000            0.000
    60     3     1  2022       1       1  hru1           0.000       0.000      -0.008      -0.029            0.000            0.000            0.000            0.000            0.011           -0.006            0.002            0.000            0.000            0.000            0.000            0.000            0.000            0.000            0.000
    61     3     2  2022       1       1  hru1           0.000       0.000      -0.008      -0.029            0.000            0.000            0.000            0.000            0.011           -0.006            0.002            0.000            0.000            0.000            0.000            0.000            0.000            0.000            0.000
    62     3     3  2022       1       1  hru1           0.000       0.000      -0.008      -0.029            0.000            0.000            0.000            0.000            0.017            0.004            0.003            0.000            0.000            0.000            0.000            0.000            0.000            0.000            0.000
    63     3     4  2022       1       1  hru1           0.000       0.000      -0.006      -0.029            0.000            0.000            0.000            0.000            0.017            0.004            0.003            0.127            0.021            0.000            0.000            0.000            0.000            0.000            0.000
    64     3     5  2022       1       1  hru1           0.000       0.000      -0.004      -0.029            0.000            0.000            0.000            0.000            0.017            0.004            0.003            0.125            0.021            0.000            0.000            0.000            0.000            0.000            0.000
    65     3     6  2022       1       1  hru1           0.000       0.000      -0.002      -0.029            0.000            0.000            0.000            0.000            0.017            0.004            0.003            0.124            0.021            0.000            0.000            0.000            0.000            0.000            0.000
    66     3     7  2022       1       1  hru1           0.000       0.000      -0.001      -0.029            0.000            0.000            0.000            0.000            0.017            0.004            0.003            0.123            0.021            0.000            0.000            0.000            0.000            0.000            0.000
    67     3     8  2022       1       1  hru1           0.000       0.000      -0.000      -0.029            0.000            0.000            0.000            0.000            0.017            0.004            0.003            0.122            0.020            0.000            0.000            0.000            0.000            0.000            0.000
    68     3     9  2022       1       1  hru1           0.000       0.000      -0.001      -0.029            0.000            0.000            0.000            0.000            0.017            0.004            0.003            0.000            0.000            0.000            0.000            0.000            0.000            0.000            0.000
    69     3    10  2022       1       1  hru1           0.000       0.000      -0.002      -0.029            0.000            0.000            0.000            0.000            0.017            0.004            0.003            0.000            0.000            0.000            0.000            0.000            0.000            0.000            0.000
    70     3    11  2022       1       1  hru1           0.000       0.000      -0.003      -0.029            0.000            0.000            0.000            0.000            0.017            0.004            0.003            0.000            0.000            0.000            0.000            0.000            0.000            0.000            0.000
    71     3    12  2022       1       1  hru1           0.000       0.000      -0.002      -0.029            0.000            0.000            0.000            0.000            0.017            0.004            0.003            0.121            0.020            0.000            0.000            0.000            0.000            0.000            0.000
    72     3    13  2022       1       1  hru1           0.000       0.000      -0.001      -0.029            0.000            0.000            0.000            0.000            0.016            0.004            0.003            0.119            0.020            0.000            0.000            0.000            0.000            0.000            0.000
    73     3    14  2022       1       1  hru1           0.000       0.000       0.000      -0.029            0.000            0.000            0.000            0.000            0.016            0.004            0.003            0.118            0.020            0.000            0.000            0.000            0.000            0.000            0.000
    74     3    15  2022       1       1  hru1           0.000       0.000       0.001      -0.029            0.000            0.000            0.000            0.000            0.017            0.004            0.003            0.117            0.020            0.000            0.000            0.000            0.000            0.000            0.000
    75     3    16  2022       1       1  hru1           0.000       0.000       0.003      -0.029            0.000            0.000            0.000            0.000            0.017            0.004            0.003            0.116            0.019            0.000            0.000            0.000            0.000            0.000            0.000
    76     3    17  2022       1       1  hru1           0.000       0.000       0.002      -0.029            0.000            0.000            0.000            0.000            0.017            0.004            0.003            0.115            0.019            0.000            0.000            0.000            0.000            0.000            0.000
    77     3    18  2022       1       1  hru1           0.000       0.000       0.002      -0.029            0.000            0.000            0.000            0.000            0.017            0.004            0.003            0.113            0.019            0.000            0.000            0.000            0.000            0.000            0.000
    78     3    19  2022       1       1  hru1           0.000       0.000       0.003      -0.029            0.000            0.000            0.000            0.000            0.016            0.004            0.003            0.112            0.019            0.000            0.000            0.000            0.000            0.000            0.000
    79     3    20  2022       1       1  hru1           0.000       0.000       0.003      -0.029            0.000            0.000            0.000            0.000            0.016            0.004            0.003            0.111            0.019            0.000            0.000            0.000            0.000            0.000            0.000
    80     3    21  2022       1       1  hru1           0.000       0.000       0.004      -0.029            0.000            0.000            0.000            0.000            0.016            0.004            0.003            0.110            0.018            0.000            0.000            0.000            0.000            0.000            0.000
    81     3    22  2022       1       1  hru1           0.000       0.000       0.003      -0.029            0.000            0.000            0.000            0.000            0.016            0.004            0.003            0.109            0.018            0.000            0.000            0.000            0.000            0.000            0.000
    82     3    23  2022       1       1  hru1           0.000       0.000       0.004      -0.029            0.000            0.000            0.000            0.000            0.016            0.004            0.003            0.108            0.018            0.000            0.000            0.000            0.000            0.000            0.000
    83     3    24  2022       1       1  hru1           0.000       0.000       0.004      -0.029            0.000            0.000            0.000            0.000            0.016            0.004            0.003            0.107            0.018            0.000            0.000            0.000            0.000            0.000            0.000
    84     3    25  2022       1       1  hru1           0.000       0.000       0.004      -0.029            0.000            0.000            0.000            0.000            0.016            0.004            0.003            0.106            0.018            0.000            0.000            0.000            0.000            0.000            0.000
    85     3    26  2022       1       1  hru1           0.000       0.000       0.004      -0.029            0.000            0.000            0.000            0.000            0.016            0.004            0.003            0.105            0.018            0.000            0.000            0.000            0.000            0.000            0.000
    86     3    27  2022       1       1  hru1           0.000       0.000       0.004      -0.029            0.000            0.000            0.000            0.000            0.016            0.004            0.003            0.104            0.017            0.000            0.000            0.000            0.000            0.000            0.000
    87     3    28  2022       1       1  hru1           0.000       0.000       0.004      -0.029            0.000            0.000            0.000            0.000            0.016            0.004            0.003            0.103            0.017            0.000            0.000            0.000            0.000            0.000            0.000
    88     3    29  2022       1       1  hru1           0.000       0.000       0.004      -0.029            0.000            0.000            0.000            0.000            0.016            0.004            0.003            0.102            0.017            0.000            0.000            0.000            0.000            0.000            0.000
    89     3    30  2022       1       1  hru1           0.000       0.000       0.004      -0.029            0.000            0.000            0.000            0.000            0.016            0.004            0.003            0.101            0.017            0.000            0.000            0.000            0.000            0.000            0.000
    90     3    31  2022       1       1  hru1           0.000       0.000       0.004      -0.029            0.000            0.000            0.000            0.000            0.016            0.004            0.003            0.100            0.017            0.000            0.000            0.000            0.000            0.000            0.000
    91     4     1  2022       1       1  hru1           0.000       0.000       0.004      -0.029            0.000            0.000            0.000            0.000            0.016            0.004            0.003            0.099            0.016            0.000            0.000            0.000            0.000            0.000            0.000
    92     4     2  2022       1       1  hru1           0.000       0.000       0.004      -0.029            0.000            0.000            0.000            0.000            0.016            0.004            0.003            0.098            0.016            0.000            0.000            0.000            0.000            0.000            0.000
    93     4     3  2022       1       1  hru1           0.000       0.000       0.004      -0.029            0.000            0.000            0.000            0.000            0.016            0.004            0.003            0.097            0.016            0.000            0.000            0.000            0.000            0.000            0.000
    94     4     4  2022       1       1  hru1           0.000       0.000       0.003      -0.029            0.000            0.000            0.000            0.000            0.016            0.004            0.003            0.096            0.016            0.000            0.000            0.000            0.000            0.000            0.000
    95     4     5  2022       1       1  hru1           0.000       0.000       0.003      -0.029            0.000            0.000            0.000            0.000            0.016            0.004            0.003            0.095            0.016            0.000            0.000            0.000            0.000            0.000            0.000
    96     4     6  2022       1       1  hru1           0.000       0.000       0.003      -0.028            0.000            0.000            0.000            0.000            0.016            0.004            0.003            0.094            0.016            0.000            0.000            0.000            0.000            0.000            0.000
    97     4     7  2022       1       1  hru1           0.000       0.000       0.003      -0.028            0.000            0.000            0.000            0.000            0.016            0.004            0.003            0.093            0.016            0.000            0.000            0.000            0.000            0.000            0.000
    98     4     8  2022       1       1  hru1           0.000       0.000       0.003      -0.028            0.000            0.000            0.000            0.000            0.016            0.004            0.003            0.092            0.015            0.000            0.000            0.000            0.000            0.000            0.000
    99     4     9  2022       1       1  hru1           0.000       0.000       0.003      -0.028            0.000            0.000            0.000            0.000            0.016            0.004            0.003            0.091            0.015            0.000            0.000            0.000            0.000            0.000            0.000
   100     4    10  2022       1       1  hru1           0.000       0.000       0.003      -0.028            0.000            0.000            0.000            0.000            0.016            0.004            0.003            0.090            0.015            0.000            0.000            0.000            0.000            0.000            0.000
   101     4    11  2022       1       1  hru1           0.000       0.000       0.003      -0.028            0.000            0.000            0.000            0.000            0.016            0.004            0.003            0.089            0.015            0.000            0.000            0.000            0.000            0.000            0.000
   102     4    12  2022       1       1  hru1           0.000       0.000       0.004      -0.028            0.000            0.000            0.000            0.000            0.016            0.004            0.003            0.088            0.015            0.000            0.000            0.000            0.000            0.000            0.000
   103     4    13  2022       1       1  hru1           0.000       0.000       0.003      -0.028            0.000            0.000            0.000            0.000            0.015            0.004            0.003            0.087            0.015            0.000            0.000            0.000            0.000            0.000            0.000
   104     4    14  2022       1       1  hru1           0.000       0.000       0.002      -0.028            0.000            0.000            0.000            0.000            0.016            0.004            0.003            0.087            0.014            0.000            0.000            0.000            0.000            0.000            0.000
   105     4    15  2022       1       1  hru1           0.000       0.000       0.004      -0.028            0.000            0.000            0.000            0.000            0.016            0.004            0.003            0.086            0.014            0.000            0.000            0.000            0.000            0.000            0.000
   106     4    16  2022       1       1  hru1           0.000       0.000       0.002      -0.028            0.000            0.000            0.000            0.000            0.016            0.004            0.003            0.085            0.014            0.000            0.000            0.000            0.000            0.000            0.000
   107     4    17  2022       1       1  hru1           0.000       0.000       0.003      -0.028            0.000            0.000            0.000            0.000            0.016            0.004            0.003            0.084            0.014            0.000            0.000            0.000            0.000            0.000            0.000
   108     4    18  2022       1       1  hru1           0.000       0.000       0.002      -0.028            0.000            0.000            0.000            0.000            0.016            0.004            0.003            0.083            0.014            0.000            0.000            0.000            0.000            0.000            0.000
   109     4    19  2022       1       1  hru1           0.000       0.000       0.002      -0.028            0.000            0.000            0.000            0.000            0.016            0.004            0.003            0.082            0.014            0.000            0.000            0.000            0.000            0.000            0.000
   110     4    20  2022       1       1  hru1           0.000       0.000       0.002      -0.028            0.000            0.000            0.000            0.000            0.016            0.004            0.003            0.081            0.014            0.000            0.000            0.000            0.000            0.000            0.000
   111     4    21  2022       1       1  hru1           0.000       0.000       0.002      -0.028            0.000            0.000            0.000            0.000            0.016            0.004            0.003            0.081            0.013            0.000            0.000            0.000            0.000            0.000            0.000
   112     4    22  2022       1       1  hru1           0.000       0.000       0.002      -0.028            0.000            0.000            0.000            0.000            0.016            0.004            0.003            0.080            0.013            0.000            0.000            0.000            0.000            0.000            0.000
   113     4    23  2022       1       1  hru1           0.000       0.000       0.002      -0.028            0.000            0.000            0.000            0.000            0.016            0.004            0.003            0.079            0.013            0.000            0.000            0.000            0.000            0.000            0.000
   114     4    24  2022       1       1  hru1           0.000       0.000       0.001      -0.028            0.000            0.000            0.000            0.000            0.016            0.004            0.003            0.078            0.013            0.000            0.000            0.000            0.000            0.000            0.000
   115     4    25  2022       1       1  hru1           0.000       0.000       0.001      -0.028            0.000            0.000            0.000            0.000            0.016            0.004            0.003            0.077            0.013            0.000            0.000            0.000            0.000            0.000            0.000
   116     4    26  2022       1       1  hru1           0.000       0.000       0.001      -0.028            0.000            0.000            0.000            0.000            0.016            0.004            0.003            0.077            0.013            0.000            0.000            0.000            0.000            0.000            0.000
   117     4    27  2022       1       1  hru1           0.000       0.000       0.001      -0.028            0.000            0.000            0.000            0.000            0.016            0.004            0.003            0.076            0.013            0.000            0.000            0.000            0.000            0.000            0.000
   118     4    28  2022       1       1  hru1           0.000       0.000       0.001      -0.028            0.000            0.000            0.000            0.000            0.016            0.004            0.003            0.075            0.013            0.000            0.000            0.000            0.000            0.000            0.000
   119     4    29  2022       1       1  hru1           0.000       0.000       0.001      -0.028            0.000            0.000            0.000            0.000            0.016            0.004            0.003            0.074            0.012            0.000            0.000            0.000            0.000            0.000            0.000
   120     4    30  2022       1       1  hru1           0.000       0.000       0.001      -0.028            0.000            0.000            0.000            0.000            0.016            0.004            0.003            0.074            0.012            0.000            0.000            0.000            0.000            0.000            0.000
   121     5     1  2022       1       1  hru1           0.000       0.000       0.001      -0.028            0.000            0.000            0.000            0.000            0.016            0.004            0.003            0.073            0.012            0.000            0.000            0.000            0.000            0.000            0.000
   122     5     2  2022       1       1  hru1           0.000       0.000       0.003      -0.028            0.000            0.000            0.000            0.000            0.016            0.004            0.003            0.072            0.012            0.000            0.000            0.000            0.000            0.000            0.000
   123     5     3  2022       1       1  hru1           0.000       0.000       0.002      -0.028            0.000            0.000            0.000            0.000            0.016            0.004            0.003            0.071            0.012            0.000            0.000            0.000            0.000            0.000            0.000
   124     5     4  2022       1       1  hru1           0.000       0.000       0.002      -0.028            0.000            0.000            0.000            0.000            0.016            0.004            0.003            0.071            0.012            0.000            0.000            0.000            0.000            0.000            0.000
   125     5     5  2022       1       1  hru1           0.000       0.000       0.000      -0.028            0.000            0.000            0.000            0.000            0.016            0.004            0.003            0.070            0.012            0.000            0.000            0.000            0.000            0.000            0.000
   126     5     6  2022       1       1  hru1           0.000       0.000       0.000      -0.028            0.000            0.000            0.000            0.000            0.016            0.004            0.003            0.069            0.012            0.000            0.000            0.000            0.000            0.000            0.000
   127     5     7  2022       1       1  hru1           0.000       0.000       0.000      -0.028            0.000            0.000            0.000            0.000            0.016            0.004            0.003            0.069            0.011            0.000            0.000            0.000            0.000            0.000            0.000
   128     5     8  2022       1       1  hru1           0.000       0.000       0.000      -0.028            0.000            0.000            0.000            0.000            0.016            0.004            0.003            0.068            0.011            0.000            0.000            0.000            0.000            0.000            0.000
   129     5     9  2022       1       1  hru1           0.000       0.000       0.000      -0.028            0.000            0.000            0.000            0.000            0.016            0.004            0.003            0.067            0.011            0.000            0.000            0.000            0.000            0.000            0.000
   130     5    10  2022       1       1  hru1           0.000       0.000       0.000      -0.028            0.000            0.000            0.000            0.000            0.016            0.004            0.003            0.067            0.011            0.000            0.000            0.000            0.000            0.000            0.000
   131     5    11  2022       1       1  hru1           0.000       0.000       0.000      -0.028            0.000            0.000            0.000            0.000            0.016            0.004            0.003            0.066            0.011            0.000            0.000            0.000            0.000            0.000            0.000
   132     5    12  2022       1       1  hru1           0.000       0.000      -0.000      -0.028            0.000            0.000            0.000            0.000            0.015            0.004            0.003            0.065            0.011            0.000            0.000            0.000            0.000            0.000            0.000
   133     5    13  2022       1       1  hru1           0.000       0.000      -0.000      -0.028            0.000            0.000            0.000            0.000            0.015            0.004            0.003            0.065            0.011            0.000            0.000            0.000            0.000            0.000            0.000
   134     5    14  2022       1       1  hru1           0.000       0.000      -0.000      -0.028            0.000            0.000            0.000            0.000            0.015            0.004            0.003            0.064            0.011            0.000            0.000            0.000            0.000            0.000            0.000
   135     5    15  2022       1       1  hru1           0.000       0.000      -0.000      -0.028            0.000            0.000            0.000            0.000            0.016            0.004            0.003            0.063            0.011            0.000            0.000            0.000            0.000            0.000            0.000
   136     5    16  2022       1       1  hru1           0.000       0.000      -0.000      -0.028            0.000            0.000            0.000            0.000            0.016            0.004            0.003            0.063            0.010            0.000            0.000            0.000            0.000            0.000            0.000
   137     5    17  2022       1       1  hru1           0.000       0.000      -0.000      -0.028            0.000            0.000            0.000            0.000            0.016            0.004            0.003            0.062            0.010            0.000            0.000            0.000            0.000            0.000            0.000
   138     5    18  2022       1       1  hru1           0.000       0.000      -0.000      -0.028            0.000            0.000            0.000            0.000            0.016            0.004            0.003            0.061            0.010            0.000            0.000            0.000            0.000            0.000            0.000
   139     5    19  2022       1       1  hru1           0.000       0.000      -0.000      -0.028            0.000            0.000            0.000            0.000            0.016            0.004            0.003            0.061            0.010            0.000            0.000            0.000            0.000            0.000            0.000
   140     5    20  2022       1       1  hru1           0.000       0.000      -0.000      -0.028            0.000            0.000            0.000            0.000            0.015            0.004            0.003            0.060            0.010            0.000            0.000            0.000            0.000            0.000            0.000
   141     5    21  2022       1       1  hru1           0.000       0.000      -0.001      -0.028            0.000            0.000            0.000            0.000            0.015            0.004            0.003            0.060            0.010            0.000            0.000            0.000            0.000            0.000            0.000
   142     5    22  2022       1       1  hru1           0.000       0.000      -0.001      -0.028            0.000            0.000            0.000            0.000            0.015            0.004            0.002            0.059            0.010            0.000            0.000            0.000            0.000            0.000            0.000
   143     5    23  2022       1       1  hru1           0.000       0.000      -0.001      -0.028            0.000            0.000            0.000            0.000            0.015            0.004            0.002            0.058            0.010            0.000            0.000            0.000            0.000            0.000            0.000
   144     5    24  2022       1       1  hru1           0.000       0.000      -0.001      -0.028            0.000            0.000            0.000            0.000            0.015            0.004            0.002            0.058            0.010            0.000            0.000            0.000            0.000            0.000            0.000
   145     5    25  2022       1       1  hru1           0.000       0.000      -0.001      -0.028            0.000            0.000            0.000            0.000            0.015            0.004            0.002            0.057            0.010            0.000            0.000            0.000            0.000            0.000            0.000
   146     5    26  2022       1       1  hru1           0.000       0.000      -0.001      -0.028            0.000            0.000            0.000            0.000            0.015            0.004            0.002            0.057            0.009            0.000            0.000            0.000            0.000            0.000            0.000
   147     5    27  2022       1       1  hru1           0.000       0.000      -0.001      -0.028            0.000            0.000            0.000            0.000            0.015            0.004            0.003            0.056            0.009            0.000            0.000            0.000            0.000            0.000            0.000
   148     5    28  2022       1       1  hru1           0.000       0.000      -0.001      -0.028            0.000            0.000            0.000            0.000            0.016            0.004            0.003            0.058            0.010            0.000            0.000            0.000            0.000            0.000            0.000
   149     5    29  2022       1       1  hru1           0.000       0.000       0.001      -0.028            0.000            0.000            0.000            0.000            0.016            0.004            0.003            0.055            0.009            0.000            0.000            0.000            0.000            0.000            0.000
   150     5    30  2022       1       1  hru1           0.000       0.000       0.001      -0.028            0.000            0.000            0.000            0.000            0.016            0.004            0.003            0.054            0.009            0.000            0.000            0.000            0.000            0.000            0.000
   151     5    31  2022       1       1  hru1           0.000       0.000       0.001      -0.028            0.000            0.000            0.000            0.000            0.016            0.004            0.003            0.054            0.009            0.000            0.000            0.000            0.000            0.000            0.000
   152     6     1  2022       1       1  hru1           0.000       0.000      -0.002      -0.028            0.000            0.000            0.000            0.000            0.016            0.004            0.003            0.053            0.009            0.000            0.000            0.000            0.000            0.000            0.000
   153     6     2  2022       1       1  hru1           0.000       0.000      -0.002      -0.028            0.000            0.000            0.000            0.000            0.017            0.004            0.003            0.053            0.009            0.000            0.000            0.395            0.060            0.000            0.000
   154     6     3  2022       1       1  hru1           0.000       0.000      -0.021      -0.028            0.000            0.000            0.000            0.000            0.018            0.004            0.003            0.055            0.009            0.000            0.000            0.610            0.062            0.000            0.000
   155     6     4  2022       1       1  hru1           0.000       0.000      -0.026      -0.028            0.000            0.000            0.000            0.000            0.018            0.004            0.003            0.056            0.009            0.000            0.000            0.673            0.070            0.000            0.000
   156     6     5  2022       1       1  hru1           0.000       0.000      -0.037      -0.028            0.000            0.000            0.000            0.000            0.018            0.004            0.003            0.056            0.009            0.000            0.000            0.586            0.053            0.000            0.000
   157     6     6  2022       1       1  hru1           0.000       0.000      -0.036      -0.028            0.000            0.000            0.000            0.000            0.019            0.004            0.003            0.056            0.009            0.000            0.000            0.652            0.071            0.000            0.000
   158     6     7  2022       1       1  hru1           0.000       0.000      -0.047      -0.028            0.000            0.000            0.000            0.000            0.019            0.004            0.003            0.056            0.009            0.000            0.000            0.604            0.054            0.000            0.000
   159     6     8  2022       1       1  hru1           0.000       0.000      -0.038      -0.028            0.000            0.000            0.000            0.000            0.019            0.004            0.003            0.058            0.010            0.000            0.000            0.571            0.056            0.000            0.000
   160     6     9  2022       1       1  hru1           0.000       0.000      -0.038      -0.028            0.000            0.000            0.000            0.000            0.020            0.004            0.003            0.061            0.010            0.000            0.000            0.735            0.078            0.000            0.000
   161     6    10  2022       1       1  hru1           0.000       0.000      -0.051      -0.028            0.000            0.000            0.000            0.000            0.021            0.004            0.003            0.066            0.011            0.000            0.000            0.791            0.073            0.000            0.000
   162     6    11  2022       1       1  hru1           0.000       0.000      -0.048      -0.028            0.000            0.000            0.000            0.000            0.022            0.004            0.004            0.072            0.012            0.000            0.000            0.991            0.102            0.000            0.000
   163     6    12  2022       1       1  hru1           0.000       0.000      -0.065      -0.028            0.000            0.000            0.000            0.000            0.022            0.004            0.004            0.069            0.012            0.000            0.000            1.143            0.111            0.000            0.000
   164     6    13  2022       1       1  hru1           0.000       0.000      -0.074      -0.028            0.000            0.000            0.000            0.000            0.020            0.004            0.003            0.060            0.010            0.000            0.000            1.037            0.094            0.000            0.000
   165     6    14  2022       1       1  hru1           0.000       0.000      -0.065      -0.028            0.000            0.000            0.000            0.000            0.020            0.004            0.003            0.054            0.009            0.000            0.000            0.297            0.000            0.000            0.000
   166     6    15  2022       1       1  hru1           0.000       0.000      -0.012      -0.028            0.000            0.000            0.000            0.000            0.020            0.004            0.003            0.052            0.009            0.000            0.000            0.344            0.041            0.000            0.000
   167     6    16  2022       1       1  hru1           0.000       0.000      -0.028      -0.028            0.000            0.000            0.000            0.000            0.021            0.004            0.003            0.058            0.010            0.000            0.000            0.641            0.062            0.000            0.000
   168     6    17  2022       1       1  hru1           0.000       0.000      -0.041      -0.028            0.000            0.000            0.000            0.000            0.022            0.004            0.004            0.063            0.011            0.000            0.000            1.266            0.138            0.000            0.000
   169     6    18  2022       1       1  hru1           0.000       0.000      -0.083      -0.028            0.000            0.000            0.000            0.000            0.022            0.004            0.004            0.061            0.010            0.000            0.000            1.485            0.133            0.000            0.000
   170     6    19  2022       1       1  hru1           0.000       0.000      -0.087      -0.028            0.000            0.000            0.000            0.000            0.021            0.004            0.003            0.057            0.009            0.000            0.000            1.407            0.126            0.000            0.000
   171     6    20  2022       1       1  hru1           0.000       0.000      -0.086      -0.028            0.000            0.000            0.000            0.000            0.021            0.004            0.003            0.054            0.009            0.000            0.000            1.030            0.074            0.000            0.000
   172     6    21  2022       1       1  hru1           0.000       0.000      -0.054      -0.028            0.000            0.000            0.000            0.000            0.021            0.004            0.003            0.054            0.009            0.000            0.000            1.071            0.101            0.000            0.000
   173     6    22  2022       1       1  hru1           0.000       0.000      -0.067      -0.028            0.000            0.000            0.000            0.000            0.022            0.004            0.004            0.058            0.010            0.000            0.000            1.457            0.133            0.000            0.000
   174     6    23  2022       1       1  hru1           0.000       0.000      -0.087      -0.028            0.000            0.000            0.000            0.000            0.023            0.004            0.004            0.061            0.010            0.000            0.000            2.135            0.205            0.000            0.000
   175     6    24  2022       1       1  hru1           0.000       0.000      -0.132      -0.028            0.000            0.000            0.000            0.000            0.023            0.004            0.004            0.060            0.010            0.000            0.000            2.334            0.196            0.000            0.000
   176     6    25  2022       1       1  hru1           0.000       0.000      -0.131      -0.028            0.000            0.000            0.000            0.000            0.023            0.004            0.004            0.060            0.010            0.000            0.000            2.276            0.189            0.000            0.000
   177     6    26  2022       1       1  hru1           0.000       0.000      -0.127      -0.029            0.000            0.000            0.000            0.000            0.024            0.004            0.004            0.062            0.010            0.000            0.000            2.374            0.194            0.000            0.000
   178     6    27  2022       1       1  hru1           0.000       0.000      -0.129      -0.029            0.000            0.000            0.000            0.000            0.025            0.004            0.004            0.066            0.011            0.000            0.000            3.206            0.290            0.000            0.000
   179     6    28  2022       1       1  hru1           0.000       0.000      -0.186      -0.029            0.000            0.000            0.000            0.000            0.026            0.004            0.004            0.070            0.012            0.000            0.000            3.195            0.247            0.000            0.000
   180     6    29  2022       1       1  hru1           0.000       0.000      -0.167      -0.029            0.000            0.000            0.000            0.000            0.026            0.004            0.004            0.069            0.012            0.000            0.000            0.095            0.281            0.000            0.000
   181     6    30  2022       1       1  hru1           0.000       0.000      -0.185      -0.029            0.000            0.000            0.000            0.000            0.026            0.004            0.004            0.069            0.011            0.000            0.000            0.095            0.340            0.000            0.000
   182     7     1  2022       1       1  hru1           0.000       0.000      -0.222      -0.029            0.000            0.000            0.000            0.000            0.027            0.004            0.004            0.069            0.012            0.000            0.000            0.096            0.370            0.000            0.000
   183     7     2  2022       1       1  hru1           0.000       0.000      -0.244      -0.029            0.000            0.000            0.000            0.000            0.027            0.004            0.004            0.069            0.011            0.000            0.000            0.096            0.271            0.000            0.000
   184     7     3  2022       1       1  hru1           0.000       0.000      -0.187      -0.029            0.000            0.000            0.000            0.000            0.027            0.004            0.004            0.068            0.011            0.000            0.000            0.095            0.369            0.000            0.000
   185     7     4  2022       1       1  hru1           0.000       0.000      -0.240      -0.029            0.000            0.000            0.000            0.000            0.027            0.004            0.004            0.066            0.011            0.000            0.000            0.093            0.199            0.000            0.000
   186     7     5  2022       1       1  hru1           0.000       0.000      -0.144      -0.029            0.000            0.000            0.000            0.000            0.027            0.004            0.004            0.065            0.011            0.000            0.000            0.092            0.159            0.000            0.000
   187     7     6  2022       1       1  hru1           0.000       0.000      -0.110      -0.029            0.000            0.000            0.000            0.000            0.027            0.004            0.005            0.065            0.011            0.000            0.000            0.093            0.077            0.000            0.000
   188     7     7  2022       1       1  hru1           0.000       0.000      -0.057      -0.029            0.000            0.000            0.000            0.000            0.028            0.004            0.005            0.065            0.011            0.000            0.000            0.093            0.038            0.000            0.000
   189     7     8  2022       1       1  hru1           0.000       0.000      -0.031      -0.029            0.000            0.000            0.000            0.000            0.028            0.004            0.005            0.065            0.011            0.000            0.000            0.094            0.040            0.000            0.000
   190     7     9  2022       1       1  hru1           0.000       0.000      -0.029      -0.029            0.000            0.000            0.000            0.000            0.028            0.004            0.005            0.065            0.011            0.000            0.000            0.093            0.012            0.000            0.000
   191     7    10  2022       1       1  hru1           0.000       0.000      -0.013      -0.029            0.000            0.000            0.000            0.000            0.028            0.004            0.005            0.063            0.010            0.000            0.000            0.091            0.032            0.000            0.000
   192     7    11  2022       1       1  hru1           0.000       0.000      -0.022      -0.029            0.000            0.000            0.000            0.000            0.028            0.004            0.005            0.061            0.010            0.000            0.000            0.089            0.049            0.000            0.000
   193     7    12  2022       1       1  hru1           0.000       0.000      -0.032      -0.029            0.000            0.000            0.000            0.000            0.028            0.004            0.005            0.061            0.010            0.000            0.000            0.089            0.033            0.000            0.000
   194     7    13  2022       1       1  hru1           0.000       0.000      -0.024      -0.029            0.000            0.000            0.000            0.000            0.029            0.004            0.005            0.061            0.010            0.000            0.000            0.091            0.000            0.000            0.000
   195     7    14  2022       1       1  hru1           0.000       0.000      -0.005      -0.029            0.000            0.000            0.000            0.000            0.030            0.004            0.005            0.061            0.010            0.000            0.000            0.091            0.066            0.000            0.000
   196     7    15  2022       1       1  hru1           0.000       0.000      -0.038      -0.029            0.000            0.000            0.000            0.000            0.030            0.004            0.005            0.060            0.010            0.000            0.000            0.091            0.000            0.000            0.000
   197     7    16  2022       1       1  hru1           0.000       0.000      -0.007      -0.029            0.000            0.000            0.000            0.000            0.031            0.004            0.005            0.060            0.010            0.000            0.000            0.090            0.038            0.000            0.000
   198     7    17  2022       1       1  hru1           0.000       0.000      -0.023      -0.029            0.000            0.000            0.000            0.000            0.031            0.004            0.005            0.059            0.010            0.000            0.000            0.090            0.071            0.000            0.000
   199     7    18  2022       1       1  hru1           0.000       0.000      -0.043      -0.029            0.000            0.000            0.000            0.000            0.030            0.004            0.005            0.057            0.010            0.000            0.000            0.088            0.079            0.000            0.000
   200     7    19  2022       1       1  hru1           0.000       0.000      -0.049      -0.029            0.000            0.000            0.000            0.000            0.030            0.004            0.005            0.055            0.009            0.000            0.000            0.086            0.190            0.000            0.000
   201     7    20  2022       1       1  hru1           0.000       0.000      -0.110      -0.029            0.000            0.000            0.000            0.000            0.030            0.004            0.005            0.054            0.009            0.000            0.000            0.085            0.060            0.000            0.000
   202     7    21  2022       1       1  hru1           0.000       0.000      -0.048      -0.030            0.000            0.000            0.000            0.000            0.030            0.004            0.005            0.053            0.009            0.000            0.000            0.084            0.141            0.000            0.000
   203     7    22  2022       1       1  hru1           0.000       0.000      -0.086      -0.030            0.000            0.000            0.000            0.000            0.030            0.004            0.005            0.052            0.009            0.000            0.000            0.082            0.169            0.000            0.000
   204     7    23  2022       1       1  hru1           0.000       0.000      -0.111      -0.030            0.000            0.000            0.000            0.000            0.030            0.004            0.005            0.050            0.008            0.000            0.000            0.080            0.094            0.000            0.000
   205     7    24  2022       1       1  hru1           0.000       0.000      -0.069      -0.030            0.000            0.000            0.000            0.000            0.030            0.004            0.005            0.049            0.008            0.000            0.000            0.078            0.129            0.000            0.000
   206     7    25  2022       1       1  hru1           0.000       0.000      -0.086      -0.030            0.000            0.000            0.000            0.000            0.029            0.004            0.005            0.047            0.008            0.000            0.000            0.077            0.095            0.000            0.000
   207     7    26  2022       1       1  hru1           0.000       0.000      -0.067      -0.030            0.000            0.000            0.000            0.000            0.029            0.004            0.005            0.046            0.008            0.000            0.000            0.076            0.120            0.000            0.000
   208     7    27  2022       1       1  hru1           0.000       0.000      -0.080      -0.030            0.000            0.000            0.000            0.000            0.029            0.004            0.005            0.045            0.008            0.000            0.000            0.075            0.082            0.000            0.000
   209     7    28  2022       1       1  hru1           0.000       0.000      -0.059      -0.030            0.000            0.000            0.000            0.000            0.029            0.004            0.005            0.045            0.007            0.000            0.000            0.074            0.031            0.000            0.000
   210     7    29  2022       1       1  hru1           0.000       0.000      -0.028      -0.030            0.000            0.000            0.000            0.000            0.029            0.004            0.005            0.044            0.007            0.000            0.000            0.073            0.116            0.000            0.000
   211     7    30  2022       1       1  hru1           0.000       0.000      -0.073      -0.030            0.000            0.000            0.000            0.000            0.029            0.004            0.005            0.043            0.007            0.000            0.000            0.073            0.053            0.000            0.000
   212     7    31  2022       1       1  hru1           0.000       0.000      -0.041      -0.030            0.000            0.000            0.000            0.000            0.030            0.004            0.005            0.042            0.007            0.000            0.000            0.072            0.091            0.000            0.000
   213     8     1  2022       1       1  hru1           0.000       0.000      -0.061      -0.030            0.000            0.000            0.000            0.000            0.030            0.004            0.005            0.041            0.007            0.000            0.000            0.071            0.049            0.000            0.000
   214     8     2  2022       1       1  hru1           0.000       0.000      -0.038      -0.030            0.000            0.000            0.000            0.000            0.029            0.004            0.005            0.040            0.007            0.000            0.000            0.070            0.048            0.000            0.000
   215     8     3  2022       1       1  hru1           0.000       0.000      -0.035      -0.030            0.000            0.000            0.000            0.000            0.029            0.003            0.005            0.039            0.007            0.000            0.000            0.068            0.056            0.000            0.000
   216     8     4  2022       1       1  hru1           0.000       0.000      -0.039      -0.030            0.000            0.000            0.000            0.000            0.028            0.003            0.005            0.038            0.006            0.000            0.000            0.067            0.086            0.000            0.000
   217     8     5  2022       1       1  hru1           0.000       0.000      -0.058      -0.030            0.000            0.000            0.000            0.000            0.028            0.003            0.005            0.036            0.006            0.000            0.000            0.065            0.061            0.000            0.000
   218     8     6  2022       1       1  hru1           0.000       0.000      -0.045      -0.030            0.000            0.000            0.000            0.000            0.028            0.003            0.005            0.035            0.006            0.000            0.000            0.063            0.108            0.000            0.000
   219     8     7  2022       1       1  hru1           0.000       0.000      -0.072      -0.030            0.000            0.000            0.000            0.000            0.028            0.003            0.005            0.034            0.006            0.000            0.000            0.062            0.069            0.000            0.000
   220     8     8  2022       1       1  hru1           0.000       0.000      -0.052      -0.030            0.000            0.000            0.000            0.000            0.028            0.003            0.005            0.033            0.005            0.000            0.000            0.061            0.012            0.000            0.000
   221     8     9  2022       1       1  hru1           0.000       0.000      -0.017      -0.030            0.000            0.000            0.000            0.000            0.028            0.003            0.005            0.032            0.005            0.000            0.000            0.060            0.018            0.000            0.000
   222     8    10  2022       1       1  hru1           0.000       0.000      -0.017      -0.030            0.000            0.000            0.000            0.000            0.027            0.003            0.005            0.031            0.005            0.000            0.000            0.059            0.027            0.000            0.000
   223     8    11  2022       1       1  hru1           0.000       0.000      -0.021      -0.030            0.000            0.000            0.000            0.000            0.028            0.003            0.005            0.031            0.005            0.000            0.000            0.059            0.054            0.000            0.000
   224     8    12  2022       1       1  hru1           0.000       0.000      -0.036      -0.030            0.000            0.000            0.000            0.000            0.028            0.003            0.005            0.031            0.005            0.000            0.000            0.059            0.000            0.000            0.000
   225     8    13  2022       1       1  hru1           0.000       0.000      -0.009      -0.030            0.000            0.000            0.000            0.000            0.029            0.003            0.005            0.030            0.005            0.000            0.000            0.059            0.002            0.000            0.000
   226     8    14  2022       1       1  hru1           0.000       0.000      -0.007      -0.030            0.000            0.000            0.000            0.000            0.028            0.003            0.005            0.029            0.005            0.000            0.000            0.058            0.036            0.000            0.000
   227     8    15  2022       1       1  hru1           0.000       0.000      -0.025      -0.030            0.000            0.000            0.000            0.000            0.028            0.003            0.005            0.046            0.007            0.000            0.000            0.075            0.011            0.000            0.000
   228     8    16  2022       1       1  hru1           0.000       0.000      -0.013      -0.030            0.000            0.000            0.000            0.000            0.028            0.003            0.005            0.064            0.009            0.000            0.000            0.093            0.012            0.000            0.000
   229     8    17  2022       1       1  hru1           0.000       0.000      -0.011      -0.030            0.000            0.000            0.000            0.000            0.028            0.003            0.005            0.084            0.012            0.000            0.000            0.113            0.000            0.000            0.000
   230     8    18  2022       1       1  hru1           0.000       0.000      -0.004      -0.030            0.000            0.000            0.000            0.000            0.028            0.003            0.005            0.101            0.014            0.000            0.000            0.130            0.002            0.000            0.000
   231     8    19  2022       1       1  hru1           0.000       0.000      -0.003      -0.030            0.000            0.000            0.000            0.000            0.028            0.003            0.005            0.109            0.014            0.000            0.000            0.137            0.000            0.000            0.000
   232     8    20  2022       1       1  hru1           0.000       0.000      -0.002      -0.030            0.000            0.000            0.000            0.000            0.028            0.003            0.005            0.116            0.015            0.000            0.000            0.144            0.000            0.000            0.000
   233     8    21  2022       1       1  hru1           0.000       0.000      -0.001      -0.030            0.000            0.000            0.000            0.000            0.028            0.003            0.005            0.122            0.016            0.000            0.000            0.151            0.000            0.000            0.000
   234     8    22  2022       1       1  hru1           0.000       0.000       0.000      -0.030            0.000            0.000            0.000            0.000            0.028            0.003            0.005            0.130            0.016            0.000            0.000            0.158            0.000            0.000            0.000
   235     8    23  2022       1       1  hru1           0.000       0.000       0.001      -0.030            0.000            0.000            0.000            0.000            0.028            0.003            0.005            0.135            0.017            0.000            0.000            0.164            0.000            0.000            0.000
   236     8    24  2022       1       1  hru1           0.000       0.000       0.001      -0.030            0.000            0.000            0.000            0.000            0.028            0.003            0.005            0.138            0.017            0.000            0.000            0.166            0.000            0.000            0.000
   237     8    25  2022       1       1  hru1           0.000       0.000       0.002      -0.030            0.000            0.000            0.000            0.000            0.028            0.003            0.005            0.140            0.017            0.000            0.000            0.168            0.000            0.000            0.000
   238     8    26  2022       1       1  hru1           0.000       0.000       0.002      -0.030            0.000            0.000            0.000            0.000            0.028            0.003            0.005            0.143            0.017            0.000            0.000            0.171            0.000            0.000            0.000
   239     8    27  2022       1       1  hru1           0.000       0.000       0.002      -0.030            0.000            0.000            0.000            0.000            0.027            0.003            0.004            0.144            0.017            0.000            0.000            0.172            0.000            0.000            0.000
   240     8    28  2022       1       1  hru1           0.000       0.000       0.003      -0.030            0.000            0.000            0.000            0.000            0.027            0.003            0.004            0.142            0.017            0.000            0.000            0.169            0.000            0.000            0.000
   241     8    29  2022       1       1  hru1           0.000       0.000       0.003      -0.030            0.000            0.000            0.000            0.000            0.026            0.003            0.004            0.143            0.017            0.000            0.000            0.169            0.000            0.000            0.000
   242     8    30  2022       1       1  hru1           0.000       0.000       0.003      -0.030            0.000            0.000            0.000            0.000            0.027            0.003            0.004            0.146            0.017            0.000            0.000            0.173            0.000            0.000            0.000
   243     8    31  2022       1       1  hru1           0.000       0.000       0.003      -0.030            0.000            0.000            0.000            0.000            0.027            0.003            0.004            0.153            0.018            0.000            0.000            0.180            0.000            0.000            0.000
   244     9     1  2022       1       1  hru1           0.000       0.000       0.004      -0.030            0.000            0.000            0.000            0.000            0.027            0.003            0.004            0.156            0.018            0.000            0.000            0.184            0.000            0.000            0.000
   245     9     2  2022       1       1  hru1           0.000       0.000       0.004      -0.030            0.000            0.000            0.000            0.000            0.027            0.003            0.004            0.156            0.018            0.000            0.000            0.183            0.000            0.000            0.000
   246     9     3  2022       1       1  hru1           0.000       0.000       0.004      -0.030            0.000            0.000            0.000            0.000            0.027            0.003            0.004            0.157            0.018            0.000            0.000            0.184            0.000            0.000            0.000
   247     9     4  2022       1       1  hru1           0.000       0.000       0.004      -0.030            0.000            0.000            0.000            0.000            0.027            0.003            0.004            0.162            0.018            0.000            0.000            0.189            0.000            0.000            0.000
   248     9     5  2022       1       1  hru1           0.000       0.000       0.004      -0.030            0.000            0.000            0.000            0.000            0.027            0.003            0.004            0.162            0.018            0.000            0.000            0.189            0.000            0.000            0.000
   249     9     6  2022       1       1  hru1           0.000       0.000       0.004      -0.030            0.000            0.000            0.000            0.000            0.027            0.003            0.004            0.164            0.018            0.000            0.000            0.191            0.000            0.000            0.000
   250     9     7  2022       1       1  hru1           0.000       0.000       0.005      -0.030            0.000            0.000            0.000            0.000            0.027            0.003            0.004            0.168            0.019            0.000            0.000            0.195            0.000            0.000            0.000
   251     9     8  2022       1       1  hru1           0.000       0.000       0.004      -0.030            0.000            0.000            0.000            0.000            0.027            0.003            0.004            0.167            0.018            0.000            0.000            0.194            0.000            0.000            0.000
   252     9     9  2022       1       1  hru1           0.000       0.000       0.005      -0.030            0.000            0.000            0.000            0.000            0.025            0.003            0.004            0.154            0.017            0.000            0.000            0.180            0.000            0.000            0.000
   253     9    10  2022       1       1  hru1           0.000       0.000       0.004      -0.030            0.000            0.000            0.000            0.000            0.024            0.003            0.004            0.141            0.016            0.000            0.000            0.166            0.000            0.000            0.000
   254     9    11  2022       1       1  hru1           0.000       0.000       0.004      -0.030            0.000            0.000            0.000            0.000            0.024            0.003            0.004            0.135            0.015            0.000            0.000            0.159            0.000            0.000            0.000
   255     9    12  2022       1       1  hru1           0.000       0.000       0.004      -0.030            0.000            0.000            0.000            0.000            0.024            0.003            0.004            0.132            0.014            0.000            0.000            0.000            0.000            0.000            0.000
   256     9    13  2022       1       1  hru1           0.000       0.000       0.003      -0.030            0.000            0.000            0.000            0.000            0.023            0.003            0.004            0.123            0.014            0.000            0.000            0.000            0.000            0.000            0.000
   257     9    14  2022       1       1  hru1           0.000       0.000       0.003      -0.030            0.000            0.000            0.000            0.000            0.023            0.003            0.004            0.115            0.013            0.000            0.000            0.000            0.000            0.000            0.000
   258     9    15  2022       1       1  hru1           0.000       0.000       0.002      -0.030            0.000            0.000            0.000            0.000            0.023            0.003            0.004            0.108            0.012            0.000            0.000            0.000            0.000            0.000            0.000
   259     9    16  2022       1       1  hru1           0.000       0.000       0.003      -0.030            0.000            0.000            0.000            0.000            0.022            0.003            0.004            0.100            0.011            0.000            0.000            0.000            0.000            0.000            0.000
   260     9    17  2022       1       1  hru1           0.000       0.000       0.001      -0.030            0.000            0.000            0.000            0.000            0.022            0.003            0.004            0.093            0.010            0.000            0.000            0.000            0.000            0.000            0.000
   261     9    18  2022       1       1  hru1           0.000       0.000       0.001      -0.030            0.000            0.000            0.000            0.000            0.022            0.003            0.004            0.092            0.010            0.000            0.000            0.000            0.000            0.000            0.000
   262     9    19  2022       1       1  hru1           0.000       0.000       0.001      -0.030            0.000            0.000            0.000            0.000            0.022            0.003            0.004            0.088            0.010            0.000            0.000            0.000            0.000            0.000            0.000
   263     9    20  2022       1       1  hru1           0.000       0.000       0.000      -0.029            0.000            0.000            0.000            0.000            0.022            0.003            0.004            0.086            0.009            0.000            0.000            0.000            0.000            0.000            0.000
   264     9    21  2022       1       1  hru1           0.000       0.000      -0.001      -0.029            0.000            0.000            0.000            0.000            0.022            0.003            0.004            0.083            0.009            0.000            0.000            0.000            0.000            0.000            0.000
   265     9    22  2022       1       1  hru1           0.000       0.000      -0.001      -0.029            0.000            0.000            0.000            0.000            0.022            0.003            0.004            0.076            0.008            0.000            0.000            0.000            0.000            0.000            0.000
   266     9    23  2022       1       1  hru1           0.000       0.000      -0.001      -0.029            0.000            0.000            0.000            0.000            0.022            0.003            0.004            0.071            0.008            0.000            0.000            0.000            0.000            0.000            0.000
   267     9    24  2022       1       1  hru1           0.000       0.000      -0.000      -0.029            0.000            0.000            0.000            0.000            0.021            0.003            0.004            0.068            0.007            0.000            0.000            0.000            0.000            0.000            0.000
   268     9    25  2022       1       1  hru1           0.000       0.000       0.004      -0.029            0.000            0.000            0.000            0.000            0.021            0.003            0.004            0.324            0.054            0.000            0.000            0.000            0.000            0.000            0.000
   269     9    26  2022       1       1  hru1           0.000       0.000       0.007      -0.029            0.000            0.000            0.000            0.000            0.021            0.003            0.004            0.279            0.047            0.000            0.000            0.000            0.000            0.000            0.000
   270     9    27  2022       1       1  hru1           0.000       0.000       0.013      -0.029            0.000            0.000            0.000            0.000            0.021            0.003            0.004            0.276            0.046            0.000            0.000            0.000            0.000            0.000            0.000
   271     9    28  2022       1       1  hru1           0.000       0.000       0.010      -0.029            0.000            0.000            0.000            0.000            0.022            0.003            0.004            0.273            0.046            0.000            0.000            0.000            0.000            0.000            0.000
   272     9    29  2022       1       1  hru1           0.000       0.000       0.012      -0.029            0.000            0.000            0.000            0.000            0.021            0.004            0.004            0.271            0.045            0.000            0.000            0.000            0.000            0.000            0.000
   273     9    30  2022       1       1  hru1           0.000       0.000       0.013      -0.029            0.000            0.000            0.000            0.000            0.021            0.004            0.003            0.268            0.045            0.000            0.000            0.000            0.000            0.000            0.000
   274    10     1  2022       1       1  hru1           0.000       0.000       0.015      -0.029            0.000            0.000            0.000            0.000            0.020            0.004            0.003            0.265            0.044            0.000            0.000            0.000            0.000            0.000            0.000
   275    10     2  2022       1       1  hru1           0.000       0.000       0.016      -0.029            0.000            0.000            0.000            0.000            0.020            0.004            0.003            0.263            0.044            0.000            0.000            0.000            0.000            0.000            0.000
   276    10     3  2022       1       1  hru1           0.000       0.000       0.017      -0.029            0.000            0.000            0.000            0.000            0.019            0.004            0.003            0.260            0.043            0.000            0.000            0.000            0.000            0.000            0.000
   277    10     4  2022       1       1  hru1           0.000       0.000       0.017      -0.029            0.000            0.000            0.000            0.000            0.019            0.004            0.003            0.257            0.043            0.000            0.000            0.000            0.000            0.000            0.000
   278    10     5  2022       1       1  hru1           0.000       0.000       0.018      -0.029            0.000            0.000            0.000            0.000            0.019            0.004            0.003            0.255            0.043            0.000            0.000            0.000            0.000            0.000            0.000
   279    10     6  2022       1       1  hru1           0.000       0.000       0.018      -0.029            0.000            0.000            0.000            0.000            0.019            0.004            0.003            0.252            0.042            0.000            0.000            0.000            0.000            0.000            0.000
   280    10     7  2022       1       1  hru1           0.000       0.000       0.019      -0.029            0.000            0.000            0.000            0.000            0.019            0.004            0.003            0.250            0.042            0.000            0.000            0.000            0.000            0.000            0.000
   281    10     8  2022       1       1  hru1           0.000       0.000       0.019      -0.029            0.000            0.000            0.000            0.000            0.018            0.004            0.003            0.247            0.041            0.000            0.000            0.000            0.000            0.000            0.000
   282    10     9  2022       1       1  hru1           0.000       0.000       0.019      -0.029            0.000            0.000            0.000            0.000            0.018            0.004            0.003            0.245            0.041            0.000            0.000            0.000            0.000            0.000            0.000
   283    10    10  2022       1       1  hru1           0.000       0.000       0.019      -0.029            0.000            0.000            0.000            0.000            0.018            0.004            0.003            0.242            0.040            0.000            0.000            0.000            0.000            0.000            0.000
   284    10    11  2022       1       1  hru1           0.000       0.000       0.019      -0.029            0.000            0.000            0.000            0.000            0.018            0.004            0.003            0.240            0.040            0.000            0.000            0.000            0.000            0.000            0.000
   285    10    12  2022       1       1  hru1           0.000       0.000       0.019      -0.029            0.000            0.000            0.000            0.000            0.018            0.004            0.003            0.238            0.040            0.000            0.000            0.000            0.000            0.000            0.000
   286    10    13  2022       1       1  hru1           0.000       0.000       0.019      -0.029            0.000            0.000            0.000            0.000            0.018            0.004            0.003            0.235            0.039            0.000            0.000            0.000            0.000            0.000            0.000
   287    10    14  2022       1       1  hru1           0.000       0.000       0.019      -0.028            0.000            0.000            0.000            0.000            0.018            0.004            0.003            0.233            0.039            0.000            0.000            0.000            0.000            0.000            0.000
   288    10    15  2022       1       1  hru1           0.000       0.000       0.019      -0.028            0.000            0.000            0.000            0.000            0.018            0.004            0.003            0.230            0.039            0.000            0.000            0.000            0.000            0.000            0.000
   289    10    16  2022       1       1  hru1           0.000       0.000       0.019      -0.028            0.000            0.000            0.000            0.000            0.017            0.004            0.003            0.228            0.038            0.000            0.000            0.000            0.000            0.000            0.000
   290    10    17  2022       1       1  hru1           0.000       0.000       0.019      -0.028            0.000            0.000            0.000            0.000            0.017            0.004            0.003            0.226            0.038            0.000            0.000            0.000            0.000            0.000            0.000
   291    10    18  2022       1       1  hru1           0.000       0.000       0.018      -0.028            0.000            0.000            0.000            0.000            0.017            0.004            0.003            0.224            0.037            0.000            0.000            0.000            0.000            0.000            0.000
   292    10    19  2022       1       1  hru1           0.000       0.000       0.018      -0.028            0.000            0.000            0.000            0.000            0.017            0.004            0.003            0.221            0.037            0.000            0.000            0.000            0.000            0.000            0.000
   293    10    20  2022       1       1  hru1           0.000       0.000       0.018      -0.028            0.000            0.000            0.000            0.000            0.017            0.004            0.003            0.219            0.037            0.000            0.000            0.000            0.000            0.000            0.000
   294    10    21  2022       1       1  hru1           0.000       0.000       0.018      -0.028            0.000            0.000            0.000            0.000            0.017            0.004            0.003            0.217            0.036            0.000            0.000            0.000            0.000            0.000            0.000
   295    10    22  2022       1       1  hru1           0.000       0.000       0.018      -0.028            0.000            0.000            0.000            0.000            0.018            0.004            0.003            0.215            0.036            0.000            0.000            0.000            0.000            0.000            0.000
   296    10    23  2022       1       1  hru1           0.000       0.000       0.019      -0.028            0.000            0.000            0.000            0.000            0.017            0.004            0.003            0.213            0.036            0.000            0.000            0.000            0.000            0.000            0.000
   297    10    24  2022       1       1  hru1           0.000       0.000       0.017      -0.028            0.000            0.000            0.000            0.000            0.017            0.004            0.003            0.211            0.035            0.000            0.000            0.000            0.000            0.000            0.000
   298    10    25  2022       1       1  hru1           0.000       0.000       0.017      -0.028            0.000            0.000            0.000            0.000            0.017            0.004            0.003            0.208            0.035            0.000            0.000            0.000            0.000            0.000            0.000
   299    10    26  2022       1       1  hru1           0.000       0.000       0.017      -0.028            0.000            0.000            0.000            0.000            0.017            0.004            0.003            0.206            0.034            0.000            0.000            0.000            0.000            0.000            0.000
   300    10    27  2022       1       1  hru1           0.000       0.000       0.016      -0.028            0.000            0.000            0.000            0.000            0.017            0.004            0.003            0.204            0.034            0.000            0.000            0.000            0.000            0.000            0.000
   301    10    28  2022       1       1  hru1           0.000       0.000       0.016      -0.028            0.000            0.000            0.000            0.000            0.017            0.004            0.003            0.202            0.034            0.000            0.000            0.000            0.000            0.000            0.000
   302    10    29  2022       1       1  hru1           0.000       0.000       0.016      -0.028            0.000            0.000            0.000            0.000            0.017            0.004            0.003            0.200            0.033            0.000            0.000            0.000            0.000            0.000            0.000
   303    10    30  2022       1       1  hru1           0.000       0.000       0.016      -0.028            0.000            0.000            0.000            0.000            0.017            0.004            0.003            0.198            0.033            0.000            0.000            0.000            0.000            0.000            0.000
   304    10    31  2022       1       1  hru1           0.000       0.000       0.016      -0.028            0.000            0.000            0.000            0.000            0.017            0.004            0.003            0.196            0.033            0.000            0.000            0.000            0.000            0.000            0.000
   305    11     1  2022       1       1  hru1           0.000       0.000       0.016      -0.028            0.000            0.000            0.000            0.000            0.017            0.004            0.003            0.194            0.032            0.000            0.000            0.000            0.000            0.000            0.000
   306    11     2  2022       1       1  hru1           0.000       0.000       0.015      -0.027            0.000            0.000            0.000            0.000            0.017            0.004            0.003            0.192            0.032            0.000            0.000            0.000            0.000            0.000            0.000
   307    11     3  2022       1       1  hru1           0.000       0.000       0.015      -0.027            0.000            0.000            0.000            0.000            0.016            0.004            0.003            0.190            0.032            0.000            0.000            0.000            0.000            0.000            0.000
   308    11     4  2022       1       1  hru1           0.000       0.000       0.015      -0.027            0.000            0.000            0.000            0.000            0.017            0.004            0.003            0.189            0.031            0.000            0.000            0.000            0.000            0.000            0.000
   309    11     5  2022       1       1  hru1           0.000       0.000       0.017      -0.027            0.000            0.000            0.000            0.000            0.017            0.004            0.003            0.187            0.031            0.000            0.000            0.000            0.000            0.000            0.000
   310    11     6  2022       1       1  hru1           0.000       0.000       0.016      -0.027            0.000            0.000            0.000            0.000            0.017            0.004            0.003            0.185            0.031            0.000            0.000            0.000            0.000            0.000            0.000
   311    11     7  2022       1       1  hru1           0.000       0.000       0.014      -0.027            0.000            0.000            0.000            0.000            0.017            0.004            0.003            0.183            0.031            0.000            0.000            0.000            0.000            0.000            0.000
   312    11     8  2022       1       1  hru1           0.000       0.000       0.014      -0.027            0.000            0.000            0.000            0.000            0.017            0.004            0.003            0.181            0.030            0.000            0.000            0.000            0.000            0.000            0.000
   313    11     9  2022       1       1  hru1           0.000       0.000       0.016      -0.027            0.000            0.000            0.000            0.000            0.017            0.004            0.003            0.179            0.030            0.000            0.000            0.000            0.000            0.000            0.000
   314    11    10  2022       1       1  hru1           0.000       0.000       0.015      -0.027            0.000            0.000            0.000            0.000            0.017            0.004            0.003            0.177            0.030            0.000            0.000            0.000            0.000            0.000            0.000
   315    11    11  2022       1       1  hru1           0.000       0.000       0.013      -0.027            0.000            0.000            0.000            0.000            0.017            0.004            0.003            0.176            0.029            0.000            0.000            0.000            0.000            0.000            0.000
   316    11    12  2022       1       1  hru1           0.000       0.000       0.013      -0.027            0.000            0.000            0.000            0.000            0.017            0.004            0.003            0.174            0.029            0.000            0.000            0.000            0.000            0.000            0.000
   317    11    13  2022       1       1  hru1           0.000       0.000       0.013      -0.027            0.000            0.000            0.000            0.000            0.017            0.004            0.003            0.172            0.029            0.000            0.000            0.000            0.000            0.000            0.000
   318    11    14  2022       1       1  hru1           0.000       0.000       0.010      -0.027            0.000            0.000            0.000            0.000            0.017            0.004            0.003            0.000            0.000            0.000            0.000            0.000            0.000            0.000            0.000
   319    11    15  2022       1       1  hru1           0.000       0.000       0.007      -0.027            0.000            0.000            0.000            0.000            0.017            0.004            0.003            0.000            0.000            0.000            0.000            0.000            0.000            0.000            0.000
   320    11    16  2022       1       1  hru1           0.000       0.000       0.005      -0.027            0.000            0.000            0.000            0.000            0.017            0.004            0.003            0.000            0.000            0.000            0.000            0.000            0.000            0.000            0.000
   321    11    17  2022       1       1  hru1           0.000       0.000       0.003      -0.027            0.000            0.000            0.000            0.000            0.010           -0.007            0.002            0.000            0.000            0.000            0.000            0.000            0.000            0.000            0.000
   322    11    18  2022       1       1  hru1           0.000       0.000       0.001      -0.027            0.000            0.000            0.000            0.000            0.010           -0.007            0.002            0.000            0.000            0.000            0.000            0.000            0.000            0.000            0.000
   323    11    19  2022       1       1  hru1           0.000       0.000      -0.000      -0.027            0.000            0.000            0.000            0.000            0.010           -0.007            0.002            0.000            0.000            0.000            0.000            0.000            0.000            0.000            0.000
   324    11    20  2022       1       1  hru1           0.000       0.000      -0.001      -0.027            0.000            0.000            0.000            0.000            0.010           -0.007            0.002            0.000            0.000            0.000            0.000            0.000            0.000            0.000            0.000
   325    11    21  2022       1       1  hru1           0.000       0.000      -0.002      -0.027            0.000            0.000            0.000            0.000            0.010           -0.007            0.002            0.000            0.000            0.000            0.000            0.000            0.000            0.000            0.000
   326    11    22  2022       1       1  hru1           0.000       0.000      -0.003      -0.027            0.000            0.000            0.000            0.000            0.010           -0.007            0.002            0.000            0.000            0.000            0.000            0.000            0.000            0.000            0.000
   327    11    23  2022       1       1  hru1           0.000       0.000      -0.004      -0.027            0.000            0.000            0.000            0.000            0.010           -0.007            0.002            0.000            0.000            0.000            0.000            0.000            0.000            0.000            0.000
   328    11    24  2022       1       1  hru1           0.000       0.000      -0.004      -0.027            0.000            0.000            0.000            0.000            0.010           -0.007            0.002            0.000            0.000            0.000            0.000            0.000            0.000            0.000            0.000
   329    11    25  2022       1       1  hru1           0.000       0.000      -0.005      -0.027            0.000            0.000            0.000            0.000            0.010           -0.007            0.002            0.000            0.000            0.000            0.000            0.000            0.000            0.000            0.000
   330    11    26  2022       1       1  hru1           0.000       0.000      -0.005      -0.027            0.000            0.000            0.000            0.000            0.010           -0.007            0.002            0.000            0.000            0.000            0.000            0.000            0.000            0.000            0.000
   331    11    27  2022       1       1  hru1           0.000       0.000      -0.006      -0.027            0.000            0.000            0.000            0.000            0.010           -0.007            0.002            0.000            0.000            0.000            0.000            0.000            0.000            0.000            0.000
   332    11    28  2022       1       1  hru1           0.000       0.000      -0.006      -0.027            0.000            0.000            0.000            0.000            0.010           -0.007            0.002            0.000            0.000            0.000            0.000            0.000            0.000            0.000            0.000
   333    11    29  2022       1       1  hru1           0.000       0.000      -0.006      -0.027            0.000            0.000            0.000            0.000            0.010           -0.007            0.002            0.000            0.000            0.000            0.000            0.000            0.000            0.000            0.000
   334    11    30  2022       1       1  hru1           0.000       0.000      -0.006      -0.027            0.000            0.000            0.000            0.000            0.010           -0.007            0.002            0.000            0.000            0.000            0.000            0.000            0.000            0.000            0.000
   335    12     1  2022       1       1  hru1           0.000       0.000      -0.007      -0.027            0.000            0.000            0.000            0.000            0.010           -0.007            0.002            0.000            0.000            0.000            0.000            0.000            0.000            0.000            0.000
   336    12     2  2022       1       1  hru1           0.000       0.000      -0.007      -0.027            0.000            0.000            0.000            0.000            0.010           -0.007            0.002            0.000            0.000            0.000            0.000            0.000            0.000            0.000            0.000
   337    12     3  2022       1       1  hru1           0.000       0.000      -0.007      -0.027            0.000            0.000            0.000            0.000            0.010           -0.007            0.002            0.000            0.000            0.000            0.000            0.000            0.000            0.000            0.000
   338    12     4  2022       1       1  hru1           0.000       0.000      -0.007      -0.027            0.000            0.000            0.000            0.000            0.010           -0.007            0.002            0.000            0.000            0.000            0.000            0.000            0.000            0.000            0.000
   339    12     5  2022       1       1  hru1           0.000       0.000      -0.007      -0.027            0.000            0.000            0.000            0.000            0.010           -0.007            0.002            0.000            0.000            0.000            0.000            0.000            0.000            0.000            0.000
   340    12     6  2022       1       1  hru1           0.000       0.000      -0.007      -0.027            0.000            0.000            0.000            0.000            0.010           -0.007            0.002            0.000            0.000            0.000            0.000            0.000            0.000            0.000            0.000
   341    12     7  2022       1       1  hru1           0.000       0.000      -0.007      -0.027            0.000            0.000            0.000            0.000            0.010           -0.007            0.002            0.000            0.000            0.000            0.000            0.000            0.000            0.000            0.000
   342    12     8  2022       1       1  hru1           0.000       0.000      -0.008      -0.027            0.000            0.000            0.000            0.000            0.010           -0.007            0.002            0.000            0.000            0.000            0.000            0.000            0.000            0.000            0.000
   343    12     9  2022       1       1  hru1           0.000       0.000      -0.008      -0.027            0.000            0.000            0.000            0.000            0.010           -0.007            0.002            0.000            0.000            0.000            0.000            0.000            0.000            0.000            0.000
   344    12    10  2022       1       1  hru1           0.000       0.000      -0.008      -0.027            0.000            0.000            0.000            0.000            0.010           -0.007            0.002            0.000            0.000            0.000            0.000            0.000            0.000            0.000            0.000
   345    12    11  2022       1       1  hru1           0.000       0.000      -0.008      -0.027            0.000            0.000            0.000            0.000            0.010           -0.007            0.002            0.000            0.000            0.000            0.000            0.000            0.000            0.000            0.000
   346    12    12  2022       1       1  hru1           0.000       0.000      -0.008      -0.027            0.000            0.000            0.000            0.000            0.016            0.004            0.003            0.000            0.000            0.000            0.000            0.000            0.000            0.000            0.000
   347    12    13  2022       1       1  hru1           0.000       0.000      -0.008      -0.027            0.000            0.000            0.000            0.000            0.016            0.004            0.003            0.000            0.000            0.000            0.000            0.000            0.000            0.000            0.000
   348    12    14  2022       1       1  hru1           0.000       0.000      -0.008      -0.027            0.000            0.000            0.000            0.000            0.016            0.004            0.003            0.000            0.000            0.000            0.000            0.000            0.000            0.000            0.000
   349    12    15  2022       1       1  hru1           0.000       0.000      -0.008      -0.027            0.000            0.000            0.000            0.000            0.010           -0.007            0.002            0.000            0.000            0.000            0.000            0.000            0.000            0.000            0.000
   350    12    16  2022       1       1  hru1           0.000       0.000      -0.008      -0.027            0.000            0.000            0.000            0.000            0.010           -0.007            0.002            0.000            0.000            0.000            0.000            0.000            0.000            0.000            0.000
   351    12    17  2022       1       1  hru1           0.000       0.000      -0.008      -0.027            0.000            0.000            0.000            0.000            0.010           -0.007            0.002            0.000            0.000            0.000            0.000            0.000            0.000            0.000            0.000
   352    12    18  2022       1       1  hru1           0.000       0.000      -0.008      -0.027            0.000            0.000            0.000            0.000            0.010           -0.007            0.002            0.000            0.000            0.000            0.000            0.000            0.000            0.000            0.000
   353    12    19  2022       1       1  hru1           0.000       0.000      -0.008      -0.027            0.000            0.000            0.000            0.000            0.010           -0.007            0.002            0.000            0.000            0.000            0.000            0.000            0.000            0.000            0.000
   354    12    20  2022       1       1  hru1           0.000       0.000      -0.008      -0.027            0.000            0.000            0.000            0.000            0.010           -0.007            0.002            0.000            0.000            0.000            0.000            0.000            0.000            0.000            0.000
   355    12    21  2022       1       1  hru1           0.000       0.000      -0.008      -0.027            0.000            0.000            0.000            0.000            0.010           -0.007            0.002            0.000            0.000            0.000            0.000            0.000            0.000            0.000            0.000
   356    12    22  2022       1       1  hru1           0.000       0.000      -0.008      -0.027            0.000            0.000            0.000            0.000            0.010           -0.007            0.002            0.000            0.000            0.000            0.000            0.000            0.000            0.000            0.000
   357    12    23  2022       1       1  hru1           0.000       0.000      -0.008      -0.027            0.000            0.000            0.000            0.000            0.010           -0.007            0.002            0.000            0.000            0.000            0.000            0.000            0.000            0.000            0.000
   358    12    24  2022       1       1  hru1           0.000       0.000      -0.008      -0.027            0.000            0.000            0.000            0.000            0.010           -0.007            0.002            0.000            0.000            0.000            0.000            0.000            0.000            0.000            0.000
   359    12    25  2022       1       1  hru1           0.000       0.000      -0.008      -0.027            0.000            0.000            0.000            0.000            0.010           -0.007            0.002            0.000            0.000            0.000            0.000            0.000            0.000            0.000            0.000
   360    12    26  2022       1       1  hru1           0.000       0.000      -0.008      -0.027            0.000            0.000            0.000            0.000            0.010           -0.007            0.002            0.000            0.000            0.000            0.000            0.000            0.000            0.000            0.000
   361    12    27  2022       1       1  hru1           0.000       0.000      -0.008      -0.027            0.000            0.000            0.000            0.000            0.010           -0.007            0.002            0.000            0.000            0.000            0.000            0.000            0.000            0.000            0.000
   362    12    28  2022       1       1  hru1           0.000       0.000      -0.008      -0.027            0.000            0.000            0.000            0.000            0.010           -0.007            0.002            0.000            0.000            0.000            0.000            0.000            0.000            0.000            0.000
   363    12    29  2022       1       1  hru1           0.000       0.000      -0.008      -0.027            0.000            0.000            0.000            0.000            0.010           -0.007            0.002            0.000            0.000            0.000            0.000            0.000            0.000            0.000            0.000
   364    12    30  2022       1       1  hru1           0.000       0.000      -0.008      -0.027            0.000            0.000            0.000            0.000            0.010           -0.007            0.002            0.000            0.000            0.000            0.000            0.000            0.000            0.000            0.000
   365    12    31  2022       1       1  hru1           0.000       0.000      -0.009      -0.027            0.000            0.000            0.000            0.000            0.016            0.004            0.003            0.000            0.000            0.000            0.000            0.000            0.000            0.000            0.000
     1     1     1  2023       1       1  hru1           0.000       0.000      -0.009      -0.029            0.000            0.000            0.000            0.000            0.016            0.004            0.003            0.000            0.000            0.000            0.000            0.000            0.000            0.000            0.000
     2     1     2  2023       1       1  hru1           0.000       0.000      -0.009      -0.029            0.000            0.000            0.000            0.000            0.016            0.004            0.003            0.000            0.000            0.000            0.000            0.000            0.000            0.000            0.000
     3     1     3  2023       1       1  hru1           0.000       0.000      -0.009      -0.029            0.000            0.000            0.000            0.000            0.010           -0.007            0.002            0.000            0.000            0.000            0.000            0.000            0.000            0.000            0.000
     4     1     4  2023       1       1  hru1           0.000       0.000      -0.009      -0.029            0.000            0.000            0.000            0.000            0.016            0.004            0.003            0.000            0.000            0.000            0.000            0.000            0.000            0.000            0.000
     5     1     5  2023       1       1  hru1           0.000       0.000      -0.008      -0.029            0.000            0.000            0.000            0.000            0.016            0.004            0.003            0.000            0.000            0.000            0.000            0.000            0.000            0.000            0.000
     6     1     6  2023       1       1  hru1           0.000       0.000      -0.008      -0.029            0.000            0.000            0.000            0.000            0.016            0.004            0.003            0.000            0.000            0.000            0.000            0.000            0.000            0.000            0.000
     7     1     7  2023       1       1  hru1           0.000       0.000      -0.008      -0.029            0.000            0.000            0.000            0.000            0.016            0.004            0.003            0.000            0.000            0.000            0.000            0.000            0.000            0.000            0.000
     8     1     8  2023       1       1  hru1           0.000       0.000      -0.008      -0.029            0.000            0.000            0.000            0.000            0.016            0.004            0.003            0.000            0.000            0.000            0.000            0.000            0.000            0.000            0.000
     9     1     9  2023       1       1  hru1           0.000       0.000      -0.006      -0.029            0.000            0.000            0.000            0.000            0.016            0.004            0.003            0.136            0.023            0.000            0.000            0.000            0.000            0.000            0.000
    10     1    10  2023       1       1  hru1           0.000       0.000      -0.002      -0.029            0.000            0.000            0.000            0.000            0.017            0.004            0.003            0.135            0.023            0.000            0.000            0.000            0.000            0.000            0.000
    11     1    11  2023       1       1  hru1           0.000       0.000      -0.001      -0.029            0.000            0.000            0.000            0.000            0.017            0.004            0.003            0.134            0.022            0.000            0.000            0.000            0.000            0.000            0.000
    12     1    12  2023       1       1  hru1           0.000       0.000      -0.000      -0.029            0.000            0.000            0.000            0.000            0.017            0.004            0.003            0.132            0.022            0.000            0.000            0.000            0.000            0.000            0.000
    13     1    13  2023       1       1  hru1           0.000       0.000      -0.000      -0.029            0.000            0.000            0.000            0.000            0.017            0.004            0.003            0.131            0.022            0.000            0.000            0.000            0.000            0.000            0.000
    14     1    14  2023       1       1  hru1           0.000       0.000       0.001      -0.029            0.000            0.000            0.000            0.000            0.017            0.004            0.003            0.130            0.022            0.000            0.000            0.000            0.000            0.000            0.000
    15     1    15  2023       1       1  hru1           0.000       0.000       0.002      -0.029            0.000            0.000            0.000            0.000            0.017            0.004            0.003            0.128            0.021            0.000            0.000            0.000            0.000            0.000            0.000
    16     1    16  2023       1       1  hru1           0.000       0.000       0.002      -0.029            0.000            0.000            0.000            0.000            0.017            0.004            0.003            0.127            0.021            0.000            0.000            0.000            0.000            0.000            0.000
    17     1    17  2023       1       1  hru1           0.000       0.000       0.003      -0.029            0.000            0.000            0.000            0.000            0.017            0.004            0.003            0.126            0.021            0.000            0.000            0.000            0.000            0.000            0.000
    18     1    18  2023       1       1  hru1           0.000       0.000       0.004      -0.029            0.000            0.000            0.000            0.000            0.016            0.004            0.003            0.125            0.021            0.000            0.000            0.000            0.000            0.000            0.000
    19     1    19  2023       1       1  hru1           0.000       0.000       0.002      -0.029            0.000            0.000            0.000            0.000            0.016            0.004            0.003            0.000            0.000            0.000            0.000            0.000            0.000            0.000            0.000
    20     1    20  2023       1       1  hru1           0.000       0.000       0.000      -0.029            0.000            0.000            0.000            0.000            0.016            0.004            0.003            0.000            0.000            0.000            0.000            0.000            0.000            0.000            0.000
    21     1    21  2023       1       1  hru1           0.000       0.000      -0.001      -0.029            0.000            0.000            0.000            0.000            0.010           -0.007            0.002            0.000            0.000            0.000            0.000            0.000            0.000            0.000            0.000
    22     1    22  2023       1       1  hru1           0.000       0.000      -0.002      -0.029            0.000            0.000            0.000            0.000            0.010           -0.007            0.002            0.000            0.000            0.000            0.000            0.000            0.000            0.000            0.000
    23     1    23  2023       1       1  hru1           0.000       0.000      -0.003      -0.029            0.000            0.000            0.000            0.000            0.010           -0.007            0.002            0.000            0.000            0.000            0.000            0.000            0.000            0.000            0.000
    24     1    24  2023       1       1  hru1           0.000       0.000      -0.004      -0.029            0.000            0.000            0.000            0.000            0.010           -0.007            0.002            0.000            0.000            0.000            0.000            0.000            0.000            0.000            0.000
    25     1    25  2023       1       1  hru1           0.000       0.000      -0.005      -0.029            0.000            0.000            0.000            0.000            0.010           -0.007            0.002            0.000            0.000            0.000            0.000            0.000            0.000            0.000            0.000
    26     1    26  2023       1       1  hru1           0.000       0.000      -0.005      -0.029            0.000            0.000            0.000            0.000            0.010           -0.007            0.002            0.000            0.000            0.000            0.000            0.000            0.000            0.000            0.000
    27     1    27  2023       1       1  hru1           0.000       0.000      -0.006      -0.029            0.000            0.000            0.000            0.000            0.010           -0.007            0.002            0.000            0.000            0.000            0.000            0.000            0.000            0.000            0.000
    28     1    28  2023       1       1  hru1           0.000       0.000      -0.006      -0.029            0.000            0.000            0.000            0.000            0.010           -0.007            0.002            0.000            0.000            0.000            0.000            0.000            0.000            0.000            0.000
    29     1    29  2023       1       1  hru1           0.000       0.000      -0.006      -0.029            0.000            0.000            0.000            0.000            0.010           -0.007            0.002            0.000            0.000            0.000            0.000            0.000            0.000            0.000            0.000
    30     1    30  2023       1       1  hru1           0.000       0.000      -0.007      -0.029            0.000            0.000            0.000            0.000            0.010           -0.007            0.002            0.000            0.000            0.000            0.000            0.000            0.000            0.000            0.000
    31     1    31  2023       1       1  hru1           0.000       0.000      -0.007      -0.029            0.000            0.000            0.000            0.000            0.010           -0.007            0.002            0.000            0.000            0.000            0.000            0.000            0.000            0.000            0.000
    32     2     1  2023       1       1  hru1           0.000       0.000      -0.007      -0.029            0.000            0.000            0.000            0.000            0.010           -0.007            0.002            0.000            0.000            0.000            0.000            0.000            0.000            0.000            0.000
    33     2     2  2023       1       1  hru1           0.000       0.000      -0.007      -0.029            0.000            0.000            0.000            0.000            0.010           -0.007            0.002            0.000            0.000            0.000            0.000            0.000            0.000            0.000            0.000
    34     2     3  2023       1       1  hru1           0.000       0.000      -0.007      -0.029            0.000            0.000            0.000            0.000            0.010           -0.007            0.002            0.000            0.000            0.000            0.000            0.000            0.000            0.000            0.000
    35     2     4  2023       1       1  hru1           0.000       0.000      -0.008      -0.029            0.000            0.000            0.000            0.000            0.010           -0.007            0.002            0.000            0.000            0.000            0.000            0.000            0.000            0.000            0.000
    36     2     5  2023       1       1  hru1           0.000       0.000      -0.008      -0.029            0.000            0.000            0.000            0.000            0.010           -0.007            0.002            0.000            0.000            0.000            0.000            0.000            0.000            0.000            0.000
    37     2     6  2023       1       1  hru1           0.000       0.000      -0.008      -0.029            0.000            0.000            0.000            0.000            0.010           -0.007            0.002            0.000            0.000            0.000            0.000            0.000            0.000            0.000            0.000
    38     2     7  2023       1       1  hru1           0.000       0.000      -0.008      -0.029            0.000            0.000            0.000            0.000            0.010           -0.007            0.002            0.000            0.000            0.000            0.000            0.000            0.000            0.000            0.000
    39     2     8  2023       1       1  hru1           0.000       0.000      -0.008      -0.029            0.000            0.000            0.000            0.000            0.010           -0.007            0.002            0.000            0.000            0.000            0.000            0.000            0.000            0.000            0.000
    40     2     9  2023       1       1  hru1           0.000       0.000      -0.008      -0.029            0.000            0.000            0.000            0.000            0.010           -0.007            0.002            0.000            0.000            0.000            0.000            0.000            0.000            0.000            0.000
    41     2    10  2023       1       1  hru1           0.000       0.000      -0.008      -0.029            0.000            0.000            0.000            0.000            0.010           -0.007            0.002            0.000            0.000            0.000            0.000            0.000            0.000            0.000            0.000
    42     2    11  2023       1       1  hru1           0.000       0.000      -0.008      -0.029            0.000            0.000            0.000            0.000            0.010           -0.007            0.002            0.000            0.000            0.000            0.000            0.000            0.000            0.000            0.000
    43     2    12  2023       1       1  hru1           0.000       0.000      -0.008      -0.029            0.000            0.000            0.000            0.000            0.010           -0.007            0.002            0.000            0.000            0.000            0.000            0.000            0.000            0.000            0.000
    44     2    13  2023       1       1  hru1           0.000       0.000      -0.008      -0.029            0.000            0.000            0.000            0.000            0.010           -0.007            0.002            0.000            0.000            0.000            0.000            0.000            0.000            0.000            0.000
    45     2    14  2023       1       1  hru1           0.000       0.000      -0.008      -0.029            0.000            0.000            0.000            0.000            0.010           -0.007            0.002            0.000            0.000            0.000            0.000            0.000            0.000            0.000            0.000
    46     2    15  2023       1       1  hru1           0.000       0.000      -0.008      -0.029            0.000            0.000            0.000            0.000            0.010           -0.007            0.002            0.000            0.000            0.000            0.000            0.000            0.000            0.000            0.000
    47     2    16  2023       1       1  hru1           0.000       0.000      -0.008      -0.029            0.000            0.000            0.000            0.000            0.010           -0.007            0.002            0.000            0.000            0.000            0.000            0.000            0.000            0.000            0.000
    48     2    17  2023       1       1  hru1           0.000       0.000      -0.008      -0.029            0.000            0.000            0.000            0.000            0.010           -0.007            0.002            0.000            0.000            0.000            0.000            0.000            0.000            0.000            0.000
    49     2    18  2023       1       1  hru1           0.000       0.000      -0.008      -0.029            0.000            0.000            0.000            0.000            0.010           -0.007            0.002            0.000            0.000            0.000            0.000            0.000            0.000            0.000            0.000
    50     2    19  2023       1       1  hru1           0.000       0.000      -0.008      -0.029            0.000            0.000            0.000            0.000            0.010           -0.007            0.002            0.000            0.000            0.000            0.000            0.000            0.000            0.000            0.000
    51     2    20  2023       1       1  hru1           0.000       0.000      -0.008      -0.029            0.000            0.000            0.000            0.000            0.010           -0.007            0.002            0.000            0.000            0.000            0.000            0.000            0.000            0.000            0.000
    52     2    21  2023       1       1  hru1           0.000       0.000      -0.008      -0.029            0.000            0.000            0.000            0.000            0.016            0.004            0.003            0.000            0.000            0.000            0.000            0.000            0.000            0.000            0.000
    53     2    22  2023       1       1  hru1           0.000       0.000      -0.008      -0.029            0.000            0.000            0.000            0.000            0.010           -0.007            0.002            0.000            0.000            0.000            0.000            0.000            0.000            0.000            0.000
    54     2    23  2023       1       1  hru1           0.000       0.000      -0.008      -0.029            0.000            0.000            0.000            0.000            0.010           -0.007            0.002            0.000            0.000            0.000            0.000            0.000            0.000            0.000            0.000
    55     2    24  2023       1       1  hru1           0.000       0.000      -0.008      -0.029            0.000            0.000            0.000            0.000            0.010           -0.007            0.002            0.000            0.000            0.000            0.000            0.000            0.000            0.000            0.000
    56     2    25  2023       1       1  hru1           0.000       0.000      -0.008      -0.029            0.000            0.000            0.000            0.000            0.010           -0.007            0.002            0.000            0.000            0.000            0.000            0.000            0.000            0.000            0.000
    57     2    26  2023       1       1  hru1           0.000       0.000      -0.008      -0.029            0.000            0.000            0.000            0.000            0.010           -0.007            0.002            0.000            0.000            0.000            0.000            0.000            0.000            0.000            0.000
    58     2    27  2023       1       1  hru1           0.000       0.000      -0.008      -0.029            0.000            0.000            0.000            0.000            0.010           -0.007            0.002            0.000            0.000            0.000            0.000            0.000            0.000            0.000            0.000
    59     2    28  2023       1       1  hru1           0.000       0.000      -0.008      -0.029            0.000            0.000            0.000            0.000            0.010           -0.007            0.002            0.000            0.000            0.000            0.000            0.000            0.000            0.000            0.000
    60     3     1  2023       1       1  hru1           0.000       0.000      -0.008      -0.029            0.000            0.000            0.000            0.000            0.010           -0.007            0.002            0.000            0.000            0.000            0.000            0.000            0.000            0.000            0.000
    61     3     2  2023       1       1  hru1           0.000       0.000      -0.008      -0.029            0.000            0.000            0.000            0.000            0.010           -0.007            0.002            0.000            0.000            0.000            0.000            0.000            0.000            0.000            0.000
    62     3     3  2023       1       1  hru1           0.000       0.000      -0.008      -0.029            0.000            0.000            0.000            0.000            0.010           -0.007            0.002            0.000            0.000            0.000            0.000            0.000            0.000            0.000            0.000
    63     3     4  2023       1       1  hru1           0.000       0.000      -0.008      -0.029            0.000            0.000            0.000            0.000            0.010           -0.007            0.002            0.000            0.000            0.000            0.000            0.000            0.000            0.000            0.000
    64     3     5  2023       1       1  hru1           0.000       0.000      -0.008      -0.029            0.000            0.000            0.000            0.000            0.010           -0.007            0.002            0.000            0.000            0.000            0.000            0.000            0.000            0.000            0.000
    65     3     6  2023       1       1  hru1           0.000       0.000      -0.008      -0.029            0.000            0.000            0.000            0.000            0.010           -0.007            0.002            0.000            0.000            0.000            0.000            0.000            0.000            0.000            0.000
    66     3     7  2023       1       1  hru1           0.000       0.000      -0.008      -0.029            0.000            0.000            0.000            0.000            0.010           -0.007            0.002            0.000            0.000            0.000            0.000            0.000            0.000            0.000            0.000
    67     3     8  2023       1       1  hru1           0.000       0.000      -0.008      -0.029            0.000            0.000            0.000            0.000            0.010           -0.007            0.002            0.000            0.000            0.000            0.000            0.000            0.000            0.000            0.000
    68     3     9  2023       1       1  hru1           0.000       0.000      -0.008      -0.029            0.000            0.000            0.000            0.000            0.010           -0.007            0.002            0.000            0.000            0.000            0.000            0.000            0.000            0.000            0.000
    69     3    10  2023       1       1  hru1           0.000       0.000      -0.008      -0.029            0.000            0.000            0.000            0.000            0.010           -0.007            0.002            0.000            0.000            0.000            0.000            0.000            0.000            0.000            0.000
    70     3    11  2023       1       1  hru1           0.000       0.000      -0.008      -0.029            0.000            0.000            0.000            0.000            0.016            0.004            0.003            0.000            0.000            0.000            0.000            0.000            0.000            0.000            0.000
    71     3    12  2023       1       1  hru1           0.000       0.000      -0.008      -0.029            0.000            0.000            0.000            0.000            0.016            0.004            0.003            0.000            0.000            0.000            0.000            0.000            0.000            0.000            0.000
    72     3    13  2023       1       1  hru1           0.000       0.000      -0.008      -0.029            0.000            0.000            0.000            0.000            0.016            0.004            0.003            0.000            0.000            0.000            0.000            0.000            0.000            0.000            0.000
    73     3    14  2023       1       1  hru1           0.000       0.000      -0.006      -0.029            0.000            0.000            0.000            0.000            0.016            0.004            0.003            0.123            0.021            0.000            0.000            0.000            0.000            0.000            0.000
    74     3    15  2023       1       1  hru1           0.000       0.000      -0.003      -0.029            0.000            0.000            0.000            0.000            0.016            0.004            0.003            0.122            0.020            0.000            0.000            0.000            0.000            0.000            0.000
    75     3    16  2023       1       1  hru1           0.000       0.000      -0.003      -0.029            0.000            0.000            0.000            0.000            0.016            0.004            0.003            0.121            0.020            0.000            0.000            0.000            0.000            0.000            0.000
    76     3    17  2023       1       1  hru1           0.000       0.000      -0.001      -0.029            0.000            0.000            0.000            0.000            0.016            0.004            0.003            0.120            0.020            0.000            0.000            0.000            0.000            0.000            0.000
    77     3    18  2023       1       1  hru1           0.000       0.000      -0.000      -0.029            0.000            0.000            0.000            0.000            0.016            0.004            0.003            0.118            0.020            0.000            0.000            0.000            0.000            0.000            0.000
    78     3    19  2023       1       1  hru1           0.000       0.000       0.000      -0.029            0.000            0.000            0.000            0.000            0.016            0.004            0.003            0.117            0.020            0.000            0.000            0.000            0.000            0.000            0.000
    79     3    20  2023       1       1  hru1           0.000       0.000       0.001      -0.029            0.000            0.000            0.000            0.000            0.016            0.004            0.003            0.116            0.019            0.000            0.000            0.000            0.000            0.000            0.000
    80     3    21  2023       1       1  hru1           0.000       0.000       0.002      -0.029            0.000            0.000            0.000            0.000            0.016            0.004            0.003            0.115            0.019            0.000            0.000            0.000            0.000            0.000            0.000
    81     3    22  2023       1       1  hru1           0.000       0.000       0.002      -0.029            0.000            0.000            0.000            0.000            0.015            0.004            0.003            0.114            0.019            0.000            0.000            0.000            0.000            0.000            0.000
    82     3    23  2023       1       1  hru1           0.000       0.000       0.003      -0.028            0.000            0.000            0.000            0.000            0.016            0.004            0.003            0.113            0.019            0.000            0.000            0.000            0.000            0.000            0.000
    83     3    24  2023       1       1  hru1           0.000       0.000       0.005      -0.028            0.000            0.000            0.000            0.000            0.016            0.004            0.003            0.112            0.019            0.000            0.000            0.000            0.000            0.000            0.000
    84     3    25  2023       1       1  hru1           0.000       0.000       0.003      -0.028            0.000            0.000            0.000            0.000            0.016            0.004            0.003            0.110            0.018            0.000            0.000            0.000            0.000            0.000            0.000
    85     3    26  2023       1       1  hru1           0.000       0.000       0.003      -0.028            0.000            0.000            0.000            0.000            0.016            0.004            0.003            0.109            0.018            0.000            0.000            0.000            0.000            0.000            0.000
    86     3    27  2023       1       1  hru1           0.000       0.000       0.003      -0.028            0.000            0.000            0.000            0.000            0.016            0.004            0.003            0.108            0.018            0.000            0.000            0.000            0.000            0.000            0.000
    87     3    28  2023       1       1  hru1           0.000       0.000       0.004      -0.028            0.000            0.000            0.000            0.000            0.016            0.004            0.003            0.107            0.018            0.000            0.000            0.000            0.000            0.000            0.000
    88     3    29  2023       1       1  hru1           0.000       0.000       0.004      -0.028            0.000            0.000            0.000            0.000            0.016            0.004            0.003            0.106            0.018            0.000            0.000            0.000            0.000            0.000            0.000
    89     3    30  2023       1       1  hru1           0.000       0.000       0.004      -0.028            0.000            0.000            0.000            0.000            0.016            0.004            0.003            0.105            0.018            0.000            0.000            0.000            0.000            0.000            0.000
    90     3    31  2023       1       1  hru1           0.000       0.000       0.005      -0.028            0.000            0.000            0.000            0.000            0.016            0.004            0.003            0.104            0.017            0.000            0.000            0.000            0.000            0.000            0.000
    91     4     1  2023       1       1  hru1           0.000       0.000       0.005      -0.028            0.000            0.000            0.000            0.000            0.016            0.004            0.003            0.103            0.017            0.000            0.000            0.000            0.000            0.000            0.000
    92     4     2  2023       1       1  hru1           0.000       0.000       0.004      -0.028            0.000            0.000            0.000            0.000            0.016            0.004            0.003            0.102            0.017            0.000            0.000            0.000            0.000            0.000            0.000
    93     4     3  2023       1       1  hru1           0.000       0.000       0.003      -0.028            0.000            0.000            0.000            0.000            0.016            0.004            0.003            0.101            0.017            0.000            0.000            0.000            0.000            0.000            0.000
    94     4     4  2023       1       1  hru1           0.000       0.000       0.004      -0.028            0.000            0.000            0.000            0.000            0.016            0.004            0.003            0.100            0.017            0.000            0.000            0.000            0.000            0.000            0.000
    95     4     5  2023       1       1  hru1           0.000       0.000       0.003      -0.028            0.000            0.000            0.000            0.000            0.016            0.004            0.003            0.099            0.017            0.000            0.000            0.000            0.000            0.000            0.000
    96     4     6  2023       1       1  hru1           0.000       0.000       0.003      -0.028            0.000            0.000            0.000            0.000            0.015            0.004            0.003            0.098            0.016            0.000            0.000            0.000            0.000            0.000            0.000
    97     4     7  2023       1       1  hru1           0.000       0.000       0.003      -0.028            0.000            0.000            0.000            0.000            0.015            0.004            0.003            0.097            0.016            0.000            0.000            0.000            0.000            0.000            0.000
    98     4     8  2023       1       1  hru1           0.000       0.000       0.003      -0.028            0.000            0.000            0.000            0.000            0.015            0.004            0.003            0.096            0.016            0.000            0.000            0.000            0.000            0.000            0.000
    99     4     9  2023       1       1  hru1           0.000       0.000       0.003      -0.028            0.000            0.000            0.000            0.000            0.015            0.004            0.003            0.095            0.016            0.000            0.000            0.000            0.000            0.000            0.000
   100     4    10  2023       1       1  hru1           0.000       0.000       0.003      -0.028            0.000            0.000            0.000            0.000            0.015            0.004            0.003            0.094            0.016            0.000            0.000            0.000            0.000            0.000            0.000
   101     4    11  2023       1       1  hru1           0.000       0.000       0.003      -0.028            0.000            0.000            0.000            0.000            0.015            0.004            0.003            0.093            0.016            0.000            0.000            0.000            0.000            0.000            0.000
   102     4    12  2023       1       1  hru1           0.000       0.000       0.003      -0.028            0.000            0.000            0.000            0.000            0.015            0.004            0.003            0.092            0.015            0.000            0.000            0.000            0.000            0.000            0.000
   103     4    13  2023       1       1  hru1           0.000       0.000       0.003      -0.028            0.000            0.000            0.000            0.000            0.015            0.004            0.003            0.091            0.015            0.000            0.000            0.000            0.000            0.000            0.000
   104     4    14  2023       1       1  hru1           0.000       0.000       0.003      -0.028            0.000            0.000            0.000            0.000            0.015            0.004            0.003            0.090            0.015            0.000            0.000            0.000            0.000            0.000            0.000
   105     4    15  2023       1       1  hru1           0.000       0.000       0.003      -0.028            0.000            0.000            0.000            0.000            0.015            0.004            0.003            0.089            0.015            0.000            0.000            0.000            0.000            0.000            0.000
   106     4    16  2023       1       1  hru1           0.000       0.000       0.003      -0.028            0.000            0.000            0.000            0.000            0.015            0.004            0.003            0.089            0.015            0.000            0.000            0.000            0.000            0.000            0.000
   107     4    17  2023       1       1  hru1           0.000       0.000       0.003      -0.028            0.000            0.000            0.000            0.000            0.015            0.004            0.002            0.088            0.015            0.000            0.000            0.000            0.000            0.000            0.000
   108     4    18  2023       1       1  hru1           0.000       0.000       0.003      -0.028            0.000            0.000            0.000            0.000            0.015            0.004            0.002            0.087            0.014            0.000            0.000            0.000            0.000            0.000            0.000
   109     4    19  2023       1       1  hru1           0.000       0.000       0.003      -0.028            0.000            0.000            0.000            0.000            0.015            0.004            0.002            0.086            0.014            0.000            0.000            0.000            0.000            0.000            0.000
   110     4    20  2023       1       1  hru1           0.000       0.000       0.002      -0.028            0.000            0.000            0.000            0.000            0.015            0.004            0.002            0.085            0.014            0.000            0.000            0.000            0.000            0.000            0.000
   111     4    21  2023       1       1  hru1           0.000       0.000       0.002      -0.028            0.000            0.000            0.000            0.000            0.015            0.004            0.002            0.084            0.014            0.000            0.000            0.000            0.000            0.000            0.000
   112     4    22  2023       1       1  hru1           0.000       0.000       0.002      -0.028            0.000            0.000            0.000            0.000            0.014            0.004            0.002            0.083            0.014            0.000            0.000            0.000            0.000            0.000            0.000
   113     4    23  2023       1       1  hru1           0.000       0.000       0.002      -0.028            0.000            0.000            0.000            0.000            0.014            0.004            0.002            0.083            0.014            0.000            0.000            0.000            0.000            0.000            0.000
   114     4    24  2023       1       1  hru1           0.000       0.000       0.002      -0.028            0.000            0.000            0.000            0.000            0.014            0.004            0.002            0.082            0.014            0.000            0.000            0.000            0.000            0.000            0.000
   115     4    25  2023       1       1  hru1           0.000       0.000       0.002      -0.028            0.000            0.000            0.000            0.000            0.014            0.004            0.002            0.081            0.014            0.000            0.000            0.000            0.000            0.000            0.000
   116     4    26  2023       1       1  hru1           0.000       0.000       0.002      -0.028            0.000            0.000            0.000            0.000            0.014            0.004            0.002            0.080            0.013            0.000            0.000            0.000            0.000            0.000            0.000
   117     4    27  2023       1       1  hru1           0.000       0.000       0.002      -0.028            0.000            0.000            0.000            0.000            0.014            0.004            0.002            0.079            0.013            0.000            0.000            0.000            0.000            0.000            0.000
   118     4    28  2023       1       1  hru1           0.000       0.000       0.002      -0.028            0.000            0.000            0.000            0.000            0.014            0.004            0.002            0.078            0.013            0.000            0.000            0.000            0.000            0.000            0.000
   119     4    29  2023       1       1  hru1           0.000       0.000       0.002      -0.028            0.000            0.000            0.000            0.000            0.014            0.004            0.002            0.078            0.013            0.000            0.000            0.000            0.000            0.000            0.000
   120     4    30  2023       1       1  hru1           0.000       0.000       0.002      -0.028            0.000            0.000            0.000            0.000            0.014            0.004            0.002            0.077            0.013            0.000            0.000            0.000            0.000            0.000            0.000
   121     5     1  2023       1       1  hru1           0.000       0.000       0.001      -0.028            0.000            0.000            0.000            0.000            0.014            0.004            0.002            0.076            0.013            0.000            0.000            0.000            0.000            0.000            0.000
   122     5     2  2023       1       1  hru1           0.000       0.000       0.001      -0.028            0.000            0.000            0.000            0.000            0.014            0.004            0.002            0.075            0.013            0.000            0.000            0.000            0.000            0.000            0.000
   123     5     3  2023       1       1  hru1           0.000       0.000       0.001      -0.028            0.000            0.000            0.000            0.000            0.014            0.004            0.002            0.075            0.012            0.000            0.000            0.000            0.000            0.000            0.000
   124     5     4  2023       1       1  hru1           0.000       0.000       0.001      -0.028            0.000            0.000            0.000            0.000            0.015            0.004            0.002            0.077            0.013            0.000            0.000            0.000            0.000            0.000            0.000
   125     5     5  2023       1       1  hru1           0.000       0.000       0.002      -0.028            0.000            0.000            0.000            0.000            0.015            0.004            0.003            0.074            0.012            0.000            0.000            0.000            0.000            0.000            0.000
   126     5     6  2023       1       1  hru1           0.000       0.000       0.003      -0.028            0.000            0.000            0.000            0.000            0.015            0.004            0.003            0.072            0.012            0.000            0.000            0.000            0.000            0.000            0.000
   127     5     7  2023       1       1  hru1           0.000       0.000       0.001      -0.028            0.000            0.000            0.000            0.000            0.015            0.004            0.002            0.072            0.012            0.000            0.000            0.000            0.000            0.000            0.000
   128     5     8  2023       1       1  hru1           0.000       0.000       0.001      -0.027            0.000            0.000            0.000            0.000            0.015            0.004            0.002            0.071            0.012            0.000            0.000            0.000            0.000            0.000            0.000
   129     5     9  2023       1       1  hru1           0.000       0.000       0.001      -0.027            0.000            0.000            0.000            0.000            0.015            0.004            0.002            0.070            0.012            0.000            0.000            0.000            0.000            0.000            0.000
   130     5    10  2023       1       1  hru1           0.000       0.000       0.000      -0.027            0.000            0.000            0.000            0.000            0.015            0.004            0.002            0.070            0.012            0.000            0.000            0.000            0.000            0.000            0.000
   131     5    11  2023       1       1  hru1           0.000       0.000       0.000      -0.027            0.000            0.000            0.000            0.000            0.014            0.004            0.002            0.069            0.011            0.000            0.000            0.000            0.000            0.000            0.000
   132     5    12  2023       1       1  hru1           0.000       0.000       0.000      -0.027            0.000            0.000            0.000            0.000            0.014            0.004            0.002            0.068            0.011            0.000            0.000            0.000            0.000            0.000            0.000
   133     5    13  2023       1       1  hru1           0.000       0.000       0.000      -0.027            0.000            0.000            0.000            0.000            0.014            0.004            0.002            0.067            0.011            0.000            0.000            0.000            0.000            0.000            0.000
   134     5    14  2023       1       1  hru1           0.000       0.000       0.000      -0.027            0.000            0.000            0.000            0.000            0.014            0.004            0.002            0.067            0.011            0.000            0.000            0.000            0.000            0.000            0.000
   135     5    15  2023       1       1  hru1           0.000       0.000       0.000      -0.027            0.000            0.000            0.000            0.000            0.015            0.004            0.002            0.067            0.011            0.000            0.000            0.000            0.000            0.000            0.000
   136     5    16  2023       1       1  hru1           0.000       0.000       0.001      -0.027            0.000            0.000            0.000            0.000            0.015            0.004            0.003            0.070            0.012            0.000            0.000            0.000            0.000            0.000            0.000
   137     5    17  2023       1       1  hru1           0.000       0.000       0.002      -0.027            0.000            0.000            0.000            0.000            0.015            0.004            0.003            0.065            0.011            0.000            0.000            0.000            0.000            0.000            0.000
   138     5    18  2023       1       1  hru1           0.000       0.000      -0.000      -0.027            0.000            0.000            0.000            0.000            0.015            0.004            0.003            0.064            0.011            0.000            0.000            0.000            0.000            0.000            0.000
   139     5    19  2023       1       1  hru1           0.000       0.000      -0.000      -0.027            0.000            0.000            0.000            0.000            0.015            0.004            0.003            0.063            0.011            0.000            0.000            0.000            0.000            0.000            0.000
   140     5    20  2023       1       1  hru1           0.000       0.000      -0.000      -0.027            0.000            0.000            0.000            0.000            0.015            0.004            0.003            0.063            0.010            0.000            0.000            0.000            0.000            0.000            0.000
   141     5    21  2023       1       1  hru1           0.000       0.000      -0.000      -0.027            0.000            0.000            0.000            0.000            0.015            0.004            0.003            0.062            0.010            0.000            0.000            0.000            0.000            0.000            0.000
   142     5    22  2023       1       1  hru1           0.000       0.000      -0.000      -0.027            0.000            0.000            0.000            0.000            0.015            0.004            0.003            0.062            0.010            0.000            0.000            0.000            0.000            0.000            0.000
   143     5    23  2023       1       1  hru1           0.000       0.000      -0.000      -0.027            0.000            0.000            0.000            0.000            0.015            0.004            0.003            0.070            0.012            0.000            0.000            0.000            0.000            0.000            0.000
   144     5    24  2023       1       1  hru1           0.000       0.000       0.000      -0.027            0.000            0.000            0.000            0.000            0.016            0.004            0.003            0.078            0.013            0.000            0.000            0.000            0.000            0.000            0.000
   145     5    25  2023       1       1  hru1           0.000       0.000       0.002      -0.027            0.000            0.000            0.000            0.000            0.016            0.004            0.003            0.074            0.012            0.000            0.000            0.000            0.000            0.000            0.000
   146     5    26  2023       1       1  hru1           0.000       0.000       0.000      -0.027            0.000            0.000            0.000            0.000            0.016            0.004            0.003            0.072            0.012            0.000            0.000            0.000            0.000            0.000            0.000
   147     5    27  2023       1       1  hru1           0.000       0.000       0.002      -0.027            0.000            0.000            0.000            0.000            0.017            0.004            0.003            0.070            0.012            0.000            0.000            0.000            0.000            0.000            0.000
   148     5    28  2023       1       1  hru1           0.000       0.000       0.002      -0.027            0.000            0.000            0.000            0.000            0.017            0.004            0.003            0.057            0.010            0.000            0.000            0.000            0.000            0.000            0.000
   149     5    29  2023       1       1  hru1           0.000       0.000      -0.000      -0.027            0.000            0.000            0.000            0.000            0.017            0.004            0.003            0.057            0.009            0.000            0.000            0.000            0.000            0.000            0.000
   150     5    30  2023       1       1  hru1           0.000       0.000      -0.001      -0.027            0.000            0.000            0.000            0.000            0.017            0.004            0.003            0.056            0.009            0.000            0.000            0.000            0.000            0.000            0.000
   151     5    31  2023       1       1  hru1           0.000       0.000      -0.001      -0.027            0.000            0.000            0.000            0.000            0.017            0.004            0.003            0.056            0.009            0.000            0.000            0.000            0.000            0.000            0.000
   152     6     1  2023       1       1  hru1           0.000       0.000      -0.001      -0.027            0.000            0.000            0.000            0.000            0.017            0.004            0.003            0.055            0.009            0.000            0.000            0.000            0.000            0.000            0.000
   153     6     2  2023       1       1  hru1           0.000       0.000      -0.000      -0.027            0.000            0.000            0.000            0.000            0.017            0.004            0.003            0.072            0.012            0.000            0.000            0.589            0.090            0.000            0.000
   154     6     3  2023       1       1  hru1           0.000       0.000      -0.029      -0.027            0.000            0.000            0.000            0.000            0.018            0.004            0.003            0.072            0.012            0.000            0.000            0.643            0.052            0.000            0.000
   155     6     4  2023       1       1  hru1           0.000       0.000      -0.023      -0.027            0.000            0.000            0.000            0.000            0.018            0.004            0.003            0.074            0.012            0.000            0.000            0.620            0.067            0.000            0.000
   156     6     5  2023       1       1  hru1           0.000       0.000      -0.032      -0.027            0.000            0.000            0.000            0.000            0.019            0.004            0.003            0.075            0.012            0.000            0.000            0.696            0.070            0.000            0.000
   157     6     6  2023       1       1  hru1           0.000       0.000      -0.044      -0.027            0.000            0.000            0.000            0.000            0.019            0.004            0.003            0.078            0.013            0.000            0.000            0.759            0.077            0.000            0.000
   158     6     7  2023       1       1  hru1           0.000       0.000      -0.049      -0.027            0.000            0.000            0.000            0.000            0.020            0.004            0.003            0.079            0.013            0.000            0.000            0.856            0.087            0.000            0.000
   159     6     8  2023       1       1  hru1           0.000       0.000      -0.055      -0.027            0.000            0.000            0.000            0.000            0.020            0.004            0.003            0.079            0.013            0.000            0.000            0.824            0.075            0.000            0.000
   160     6     9  2023       1       1  hru1           0.000       0.000      -0.050      -0.027            0.000            0.000            0.000            0.000            0.020            0.004            0.003            0.074            0.012            0.000            0.000            0.906            0.093            0.000            0.000
   161     6    10  2023       1       1  hru1           0.000       0.000      -0.060      -0.027            0.000            0.000            0.000            0.000            0.020            0.004            0.003            0.072            0.012            0.000            0.000            0.795            0.067            0.000            0.000
   162     6    11  2023       1       1  hru1           0.000       0.000      -0.046      -0.027            0.000            0.000            0.000            0.000            0.021            0.004            0.004            0.074            0.012            0.000            0.000            0.792            0.076            0.000            0.000
   163     6    12  2023       1       1  hru1           0.000       0.000      -0.051      -0.027            0.000            0.000            0.000            0.000            0.021            0.004            0.004            0.073            0.012            0.000            0.000            1.266            0.139            0.000            0.000
   164     6    13  2023       1       1  hru1           0.000       0.000      -0.084      -0.027            0.000            0.000            0.000            0.000            0.022            0.004            0.004            0.072            0.012            0.000            0.000            1.247            0.102            0.000            0.000
   165     6    14  2023       1       1  hru1           0.000       0.000      -0.069      -0.027            0.000            0.000            0.000            0.000            0.022            0.004            0.004            0.069            0.011            0.000            0.000            1.410            0.144            0.000            0.000
   166     6    15  2023       1       1  hru1           0.000       0.000      -0.092      -0.027            0.000            0.000            0.000            0.000            0.021            0.004            0.003            0.064            0.011            0.000            0.000            1.180            0.090            0.000            0.000
   167     6    16  2023       1       1  hru1           0.000       0.000      -0.063      -0.028            0.000            0.000            0.000            0.000            0.021            0.004            0.003            0.062            0.010            0.000            0.000            1.002            0.088            0.000            0.000
   168     6    17  2023       1       1  hru1           0.000       0.000      -0.059      -0.028            0.000            0.000            0.000            0.000            0.021            0.004            0.004            0.062            0.010            0.000            0.000            1.298            0.127            0.000            0.000
   169     6    18  2023       1       1  hru1           0.000       0.000      -0.083      -0.028            0.000            0.000            0.000            0.000            0.021            0.004            0.003            0.058            0.010            0.000            0.000            1.433            0.128            0.000            0.000
   170     6    19  2023       1       1  hru1           0.000       0.000      -0.086      -0.028            0.000            0.000            0.000            0.000            0.020            0.004            0.003            0.052            0.009            0.000            0.000            1.295            0.113            0.000            0.000
   171     6    20  2023       1       1  hru1           0.000       0.000      -0.078      -0.028            0.000            0.000            0.000            0.000            0.019            0.004            0.003            0.048            0.008            0.000            0.000            0.653            0.031            0.000            0.000
   172     6    21  2023       1       1  hru1           0.000       0.000      -0.030      -0.028            0.000            0.000            0.000            0.000            0.019            0.004            0.003            0.045            0.008            0.000            0.000            0.492            0.049            0.000            0.000
   173     6    22  2023       1       1  hru1           0.000       0.000      -0.035      -0.028            0.000            0.000            0.000            0.000            0.019            0.004            0.003            0.046            0.008            0.000            0.000            0.573            0.041            0.000            0.000
   174     6    23  2023       1       1  hru1           0.000       0.000      -0.030      -0.028            0.000            0.000            0.000            0.000            0.020            0.004            0.003            0.048            0.008            0.000            0.000            1.571            0.178            0.000            0.000
   175     6    24  2023       1       1  hru1           0.000       0.000      -0.109      -0.028            0.000            0.000            0.000            0.000            0.020            0.004            0.003            0.049            0.008            0.000            0.000            2.115            0.181            0.000            0.000
   176     6    25  2023       1       1  hru1           0.000       0.000      -0.121      -0.028            0.000            0.000            0.000            0.000            0.021            0.004            0.004            0.053            0.009            0.000            0.000            2.012            0.151            0.000            0.000
   177     6    26  2023       1       1  hru1           0.000       0.000      -0.104      -0.028            0.000            0.000            0.000            0.000            0.022            0.004            0.004            0.053            0.009            0.000            0.000            1.046            0.272            0.000            0.000
   178     6    27  2023       1       1  hru1           0.000       0.000      -0.175      -0.028            0.000            0.000            0.000            0.000            0.022            0.004            0.004            0.053            0.009            0.000            0.000            0.075            0.176            0.000            0.000
   179     6    28  2023       1       1  hru1           0.000       0.000      -0.124      -0.028            0.000            0.000            0.000            0.000            0.022            0.004            0.004            0.053            0.009            0.000            0.000            0.076            0.267            0.000            0.000
   180     6    29  2023       1       1  hru1           0.000       0.000      -0.173      -0.028            0.000            0.000            0.000            0.000            0.023            0.004            0.004            0.055            0.009            0.000            0.000            0.077            0.230            0.000            0.000
   181     6    30  2023       1       1  hru1           0.000       0.000      -0.156      -0.028            0.000            0.000            0.000            0.000            0.024            0.004            0.004            0.059            0.010            0.000            0.000            0.083            0.275            0.000            0.000
   182     7     1  2023       1       1  hru1           0.000       0.000      -0.180      -0.028            0.000            0.000            0.000            0.000            0.025            0.004            0.004            0.063            0.011            0.000            0.000            0.088            0.160            0.000            0.000
   183     7     2  2023       1       1  hru1           0.000       0.000      -0.114      -0.028            0.000            0.000            0.000            0.000            0.026            0.004            0.004            0.066            0.011            0.000            0.000            0.092            0.137            0.000            0.000
   184     7     3  2023       1       1  hru1           0.000       0.000      -0.093      -0.028            0.000            0.000            0.000            0.000            0.027            0.004            0.004            0.067            0.011            0.000            0.000            0.094            0.143            0.000            0.000
   185     7     4  2023       1       1  hru1           0.000       0.000      -0.094      -0.028            0.000            0.000            0.000            0.000            0.027            0.004            0.004            0.066            0.011            0.000            0.000            0.093            0.101            0.000            0.000
   186     7     5  2023       1       1  hru1           0.000       0.000      -0.070      -0.028            0.000            0.000            0.000            0.000            0.027            0.004            0.004            0.064            0.011            0.000            0.000            0.091            0.078            0.000            0.000
   187     7     6  2023       1       1  hru1           0.000       0.000      -0.054      -0.028            0.000            0.000            0.000            0.000            0.027            0.004            0.004            0.063            0.011            0.000            0.000            0.090            0.055            0.000            0.000
   188     7     7  2023       1       1  hru1           0.000       0.000      -0.040      -0.028            0.000            0.000            0.000            0.000            0.027            0.004            0.004            0.063            0.010            0.000            0.000            0.090            0.000            0.000            0.000
   189     7     8  2023       1       1  hru1           0.000       0.000      -0.008      -0.028            0.000            0.000            0.000            0.000            0.027            0.004            0.005            0.063            0.011            0.000            0.000            0.091            0.000            0.000            0.000
   190     7     9  2023       1       1  hru1           0.000       0.000      -0.004      -0.028            0.000            0.000            0.000            0.000            0.028            0.004            0.005            0.063            0.011            0.000            0.000            0.092            0.000            0.000            0.000
   191     7    10  2023       1       1  hru1           0.000       0.000      -0.003      -0.028            0.000            0.000            0.000            0.000            0.029            0.004            0.005            0.064            0.011            0.000            0.000            0.093            0.000            0.000            0.000
   192     7    11  2023       1       1  hru1           0.000       0.000      -0.003      -0.028            0.000            0.000            0.000            0.000            0.029            0.004            0.005            0.062            0.010            0.000            0.000            0.091            0.000            0.000            0.000
   193     7    12  2023       1       1  hru1           0.000       0.000      -0.002      -0.028            0.000            0.000            0.000            0.000            0.029            0.004            0.005            0.061            0.010            0.000            0.000            0.091            0.020            0.000            0.000
   194     7    13  2023       1       1  hru1           0.000       0.000      -0.012      -0.028            0.000            0.000            0.000            0.000            0.029            0.004            0.005            0.060            0.010            0.000            0.000            0.089            0.041            0.000            0.000
   195     7    14  2023       1       1  hru1           0.000       0.000      -0.025      -0.028            0.000            0.000            0.000            0.000            0.029            0.004            0.005            0.059            0.010            0.000            0.000            0.087            0.014            0.000            0.000
   196     7    15  2023       1       1  hru1           0.000       0.000      -0.012      -0.028            0.000            0.000            0.000            0.000            0.029            0.004            0.005            0.058            0.010            0.000            0.000            0.088            0.016            0.000            0.000
   197     7    16  2023       1       1  hru1           0.000       0.000      -0.011      -0.028            0.000            0.000            0.000            0.000            0.030            0.004            0.005            0.059            0.010            0.000            0.000            0.089            0.025            0.000            0.000
   198     7    17  2023       1       1  hru1           0.000       0.000      -0.015      -0.028            0.000            0.000            0.000            0.000            0.030            0.004            0.005            0.058            0.010            0.000            0.000            0.089            0.041            0.000            0.000
   199     7    18  2023       1       1  hru1           0.000       0.000      -0.025      -0.028            0.000            0.000            0.000            0.000            0.030            0.004            0.005            0.057            0.009            0.000            0.000            0.087            0.093            0.000            0.000
   200     7    19  2023       1       1  hru1           0.000       0.000      -0.054      -0.028            0.000            0.000            0.000            0.000            0.030            0.004            0.005            0.055            0.009            0.000            0.000            0.086            0.094            0.000            0.000
   201     7    20  2023       1       1  hru1           0.000       0.000      -0.058      -0.028            0.000            0.000            0.000            0.000            0.030            0.004            0.005            0.055            0.009            0.000            0.000            0.085            0.050            0.000            0.000
   202     7    21  2023       1       1  hru1           0.000       0.000      -0.036      -0.028            0.000            0.000            0.000            0.000            0.031            0.004            0.005            0.054            0.009            0.000            0.000            0.085            0.075            0.000            0.000
   203     7    22  2023       1       1  hru1           0.000       0.000      -0.047      -0.028            0.000            0.000            0.000            0.000            0.031            0.004            0.005            0.054            0.009            0.000            0.000            0.085            0.074            0.000            0.000
   204     7    23  2023       1       1  hru1           0.000       0.000      -0.048      -0.028            0.000            0.000            0.000            0.000            0.031            0.004            0.005            0.053            0.009            0.000            0.000            0.085            0.050            0.000            0.000
   205     7    24  2023       1       1  hru1           0.000       0.000      -0.035      -0.028            0.000            0.000            0.000            0.000            0.032            0.004            0.005            0.052            0.009            0.000            0.000            0.084            0.113            0.000            0.000
   206     7    25  2023       1       1  hru1           0.000       0.000      -0.068      -0.028            0.000            0.000            0.000            0.000            0.031            0.004            0.005            0.051            0.008            0.000            0.000            0.082            0.125            0.000            0.000
   207     7    26  2023       1       1  hru1           0.000       0.000      -0.079      -0.028            0.000            0.000            0.000            0.000            0.031            0.004            0.005            0.049            0.008            0.000            0.000            0.080            0.153            0.000            0.000
   208     7    27  2023       1       1  hru1           0.000       0.000      -0.100      -0.028            0.000            0.000            0.000            0.000            0.031            0.004            0.005            0.048            0.008            0.000            0.000            0.079            0.072            0.000            0.000
   209     7    28  2023       1       1  hru1           0.000       0.000      -0.054      -0.028            0.000            0.000            0.000            0.000            0.031            0.004            0.005            0.047            0.008            0.000            0.000            0.078            0.099            0.000            0.000
   210     7    29  2023       1       1  hru1           0.000       0.000      -0.066      -0.029            0.000            0.000            0.000            0.000            0.031            0.004            0.005            0.046            0.008            0.000            0.000            0.077            0.074            0.000            0.000
   211     7    30  2023       1       1  hru1           0.000       0.000      -0.052      -0.029            0.000            0.000            0.000            0.000            0.030            0.004            0.005            0.045            0.007            0.000            0.000            0.075            0.079            0.000            0.000
   212     7    31  2023       1       1  hru1           0.000       0.000      -0.054      -0.029            0.000            0.000            0.000            0.000            0.030            0.004            0.005            0.044            0.007            0.000            0.000            0.074            0.096            0.000            0.000
   213     8     1  2023       1       1  hru1           0.000       0.000      -0.064      -0.029            0.000            0.000            0.000            0.000            0.030            0.004            0.005            0.042            0.007            0.000            0.000            0.072            0.060            0.000            0.000
   214     8     2  2023       1       1  hru1           0.000       0.000      -0.044      -0.029            0.000            0.000            0.000            0.000            0.029            0.004            0.005            0.040            0.007            0.000            0.000            0.070            0.054            0.000            0.000
   215     8     3  2023       1       1  hru1           0.000       0.000      -0.039      -0.029            0.000            0.000            0.000            0.000            0.028            0.004            0.005            0.038            0.006            0.000            0.000            0.067            0.063            0.000            0.000
   216     8     4  2023       1       1  hru1           0.000       0.000      -0.044      -0.029            0.000            0.000            0.000            0.000            0.028            0.004            0.005            0.037            0.006            0.000            0.000            0.065            0.072            0.000            0.000
   217     8     5  2023       1       1  hru1           0.000       0.000      -0.050      -0.029            0.000            0.000            0.000            0.000            0.027            0.004            0.005            0.035            0.006            0.000            0.000            0.063            0.023            0.000            0.000
   218     8     6  2023       1       1  hru1           0.000       0.000      -0.022      -0.029            0.000            0.000            0.000            0.000            0.027            0.004            0.004            0.034            0.006            0.000            0.000            0.061            0.057            0.000            0.000
   219     8     7  2023       1       1  hru1           0.000       0.000      -0.038      -0.029            0.000            0.000            0.000            0.000            0.026            0.004            0.004            0.032            0.005            0.000            0.000            0.058            0.052            0.000            0.000
   220     8     8  2023       1       1  hru1           0.000       0.000      -0.038      -0.029            0.000            0.000            0.000            0.000            0.025            0.004            0.004            0.030            0.005            0.000            0.000            0.056            0.037            0.000            0.000
   221     8     9  2023       1       1  hru1           0.000       0.000      -0.029      -0.029            0.000            0.000            0.000            0.000            0.026            0.004            0.004            0.029            0.005            0.000            0.000            0.055            0.036            0.000            0.000
   222     8    10  2023       1       1  hru1           0.000       0.000      -0.029      -0.029            0.000            0.000            0.000            0.000            0.026            0.003            0.004            0.029            0.005            0.000            0.000            0.055            0.002            0.000            0.000
   223     8    11  2023       1       1  hru1           0.000       0.000      -0.011      -0.029            0.000            0.000            0.000            0.000            0.026            0.003            0.004            0.029            0.005            0.000            0.000            0.055            0.033            0.000            0.000
   224     8    12  2023       1       1  hru1           0.000       0.000      -0.024      -0.029            0.000            0.000            0.000            0.000            0.026            0.003            0.004            0.028            0.005            0.000            0.000            0.055            0.007            0.000            0.000
   225     8    13  2023       1       1  hru1           0.000       0.000      -0.012      -0.029            0.000            0.000            0.000            0.000            0.027            0.003            0.004            0.028            0.005            0.000            0.000            0.055            0.019            0.000            0.000
   226     8    14  2023       1       1  hru1           0.000       0.000      -0.014      -0.029            0.000            0.000            0.000            0.000            0.027            0.003            0.004            0.028            0.005            0.000            0.000            0.055            0.012            0.000            0.000
   227     8    15  2023       1       1  hru1           0.000       0.000      -0.011      -0.029            0.000            0.000            0.000            0.000            0.027            0.003            0.004            0.028            0.005            0.000            0.000            0.055            0.009            0.000            0.000
   228     8    16  2023       1       1  hru1           0.000       0.000      -0.010      -0.029            0.000            0.000            0.000            0.000            0.028            0.003            0.005            0.028            0.005            0.000            0.000            0.056            0.000            0.000            0.000
   229     8    17  2023       1       1  hru1           0.000       0.000      -0.005      -0.029            0.000            0.000            0.000            0.000            0.028            0.003            0.005            0.028            0.005            0.000            0.000            0.056            0.010            0.000            0.000
   230     8    18  2023       1       1  hru1           0.000       0.000      -0.010      -0.029            0.000            0.000            0.000            0.000            0.028            0.003            0.005            0.027            0.005            0.000            0.000            0.056            0.038            0.000            0.000
   231     8    19  2023       1       1  hru1           0.000       0.000      -0.027      -0.029            0.000            0.000            0.000            0.000            0.028            0.003            0.005            0.026            0.004            0.000            0.000            0.055            0.017            0.000            0.000
   232     8    20  2023       1       1  hru1           0.000       0.000      -0.017      -0.029            0.000            0.000            0.000            0.000            0.028            0.003            0.005            0.037            0.006            0.000            0.000            0.066            0.025            0.000            0.000
   233     8    21  2023       1       1  hru1           0.000       0.000      -0.021      -0.029            0.000            0.000            0.000            0.000            0.028            0.003            0.005            0.048            0.007            0.000            0.000            0.076            0.000            0.000            0.000
   234     8    22  2023       1       1  hru1           0.000       0.000      -0.007      -0.029            0.000            0.000            0.000            0.000            0.028            0.003            0.005            0.060            0.009            0.000            0.000            0.089            0.000            0.000            0.000
   235     8    23  2023       1       1  hru1           0.000       0.000      -0.004      -0.029            0.000            0.000            0.000            0.000            0.028            0.003            0.005            0.070            0.010            0.000            0.000            0.098            0.000            0.000            0.000
   236     8    24  2023       1       1  hru1           0.000       0.000      -0.001      -0.029            0.000            0.000            0.000            0.000            0.028            0.003            0.005            0.078            0.011            0.000            0.000            0.106            0.000            0.000            0.000
   237     8    25  2023       1       1  hru1           0.000       0.000      -0.001      -0.029            0.000            0.000            0.000            0.000            0.028            0.003            0.005            0.086            0.012            0.000            0.000            0.114            0.000            0.000            0.000
   238     8    26  2023       1       1  hru1           0.000       0.000      -0.000      -0.029            0.000            0.000            0.000            0.000            0.028            0.003            0.005            0.090            0.012            0.000            0.000            0.118            0.000            0.000            0.000
   239     8    27  2023       1       1  hru1           0.000       0.000      -0.001      -0.029            0.000            0.000            0.000            0.000            0.028            0.003            0.005            0.095            0.012            0.000            0.000            0.123            0.000            0.000            0.000
   240     8    28  2023       1       1  hru1           0.000       0.000      -0.002      -0.029            0.000            0.000            0.000            0.000            0.028            0.003            0.005            0.100            0.013            0.000            0.000            0.129            0.000            0.000            0.000
   241     8    29  2023       1       1  hru1           0.000       0.000      -0.001      -0.029            0.000            0.000            0.000            0.000            0.029            0.003            0.005            0.107            0.013            0.000            0.000            0.136            0.000            0.000            0.000
   242     8    30  2023       1       1  hru1           0.000       0.000       0.004      -0.029            0.000            0.000            0.000            0.000            0.028            0.003            0.005            0.106            0.013            0.000            0.000            0.134            0.000            0.000            0.000
   243     8    31  2023       1       1  hru1           0.000       0.000       0.001      -0.029            0.000            0.000            0.000            0.000            0.027            0.003            0.004            0.102            0.013            0.000            0.000            0.129            0.000            0.000            0.000
   244     9     1  2023       1       1  hru1           0.000       0.000      -0.000      -0.029            0.000            0.000            0.000            0.000            0.026            0.003            0.004            0.097            0.012            0.000            0.000            0.124            0.000            0.000            0.000
   245     9     2  2023       1       1  hru1           0.000       0.000      -0.002      -0.029            0.000            0.000            0.000            0.000            0.026            0.003            0.004            0.095            0.012            0.000            0.000            0.122            0.000            0.000            0.000
   246     9     3  2023       1       1  hru1           0.000       0.000      -0.002      -0.029            0.000            0.000            0.000            0.000            0.025            0.003            0.004            0.091            0.011            0.000            0.000            0.116            0.000            0.000            0.000
   247     9     4  2023       1       1  hru1           0.000       0.000      -0.001      -0.029            0.000            0.000            0.000            0.000            0.025            0.003            0.004            0.086            0.010            0.000            0.000            0.111            0.000            0.000            0.000
   248     9     5  2023       1       1  hru1           0.000       0.000      -0.001      -0.029            0.000            0.000            0.000            0.000            0.024            0.003            0.004            0.082            0.010            0.000            0.000            0.107            0.000            0.000            0.000
   249     9     6  2023       1       1  hru1           0.000       0.000      -0.001      -0.029            0.000            0.000            0.000            0.000            0.024            0.003            0.004            0.080            0.010            0.000            0.000            0.105            0.000            0.000            0.000
   250     9     7  2023       1       1  hru1           0.000       0.000      -0.001      -0.029            0.000            0.000            0.000            0.000            0.024            0.003            0.004            0.081            0.010            0.000            0.000            0.106            0.000            0.000            0.000
   251     9     8  2023       1       1  hru1           0.000       0.000      -0.001      -0.029            0.000            0.000            0.000            0.000            0.024            0.003            0.004            0.082            0.010            0.000            0.000            0.107            0.000            0.000            0.000
   252     9     9  2023       1       1  hru1           0.000       0.000       0.000      -0.029            0.000            0.000            0.000            0.000            0.024            0.003            0.004            0.084            0.010            0.000            0.000            0.108            0.000            0.000            0.000
   253     9    10  2023       1       1  hru1           0.000       0.000       0.001      -0.029            0.000            0.000            0.000            0.000            0.024            0.003            0.004            0.086            0.010            0.000            0.000            0.110            0.000            0.000            0.000
   254     9    11  2023       1       1  hru1           0.000       0.000       0.000      -0.029            0.000            0.000            0.000            0.000            0.024            0.003            0.004            0.088            0.010            0.000            0.000            0.112            0.000            0.000            0.000
   255     9    12  2023       1       1  hru1           0.000       0.000       0.000      -0.029            0.000            0.000            0.000            0.000            0.025            0.003            0.004            0.090            0.010            0.000            0.000            0.115            0.000            0.000            0.000
   256     9    13  2023       1       1  hru1           0.000       0.000       0.001      -0.029            0.000            0.000            0.000            0.000            0.025            0.003            0.004            0.090            0.010            0.000            0.000            0.115            0.000            0.000            0.000
   257     9    14  2023       1       1  hru1           0.000       0.000       0.001      -0.029            0.000            0.000            0.000            0.000            0.024            0.003            0.004            0.089            0.010            0.000            0.000            0.114            0.000            0.000            0.000
   258     9    15  2023       1       1  hru1           0.000       0.000       0.000      -0.029            0.000            0.000            0.000            0.000            0.024            0.003            0.004            0.087            0.010            0.000            0.000            0.111            0.000            0.000            0.000
   259     9    16  2023       1       1  hru1           0.000       0.000      -0.001      -0.028            0.000            0.000            0.000            0.000            0.024            0.003            0.004            0.087            0.010            0.000            0.000            0.111            0.000            0.000            0.000
   260     9    17  2023       1       1  hru1           0.000       0.000       0.000      -0.028            0.000            0.000            0.000            0.000            0.024            0.003            0.004            0.088            0.010            0.000            0.000            0.112            0.000            0.000            0.000
   261     9    18  2023       1       1  hru1           0.000       0.000       0.000      -0.028            0.000            0.000            0.000            0.000            0.024            0.003            0.004            0.088            0.010            0.000            0.000            0.112            0.000            0.000            0.000
   262     9    19  2023       1       1  hru1           0.000       0.000       0.001      -0.028            0.000            0.000            0.000            0.000            0.024            0.003            0.004            0.087            0.010            0.000            0.000            0.111            0.000            0.000            0.000
   263     9    20  2023       1       1  hru1           0.000       0.000      -0.000      -0.028            0.000            0.000            0.000            0.000            0.023            0.003            0.004            0.082            0.009            0.000            0.000            0.106            0.000            0.000            0.000
   264     9    21  2023       1       1  hru1           0.000       0.000      -0.001      -0.028            0.000            0.000            0.000            0.000            0.022            0.003            0.004            0.076            0.009            0.000            0.000            0.099            0.000            0.000            0.000
   265     9    22  2023       1       1  hru1           0.000       0.000      -0.002      -0.028            0.000            0.000            0.000            0.000            0.022            0.003            0.004            0.071            0.008            0.000            0.000            0.094            0.004            0.000            0.000
   266     9    23  2023       1       1  hru1           0.000       0.000      -0.005      -0.028            0.000            0.000            0.000            0.000            0.022            0.003            0.004            0.068            0.008            0.000            0.000            0.090            0.007            0.000            0.000
   267     9    24  2023       1       1  hru1           0.000       0.000      -0.005      -0.028            0.000            0.000            0.000            0.000            0.022            0.003            0.004            0.067            0.008            0.000            0.000            0.089            0.005            0.000            0.000
   268     9    25  2023       1       1  hru1           0.000       0.000       0.001      -0.028            0.000            0.000            0.000            0.000            0.022            0.003            0.004            0.267            0.044            0.000            0.000            0.000            0.000            0.000            0.000
   269     9    26  2023       1       1  hru1           0.000       0.000       0.006      -0.028            0.000            0.000            0.000            0.000            0.022            0.003            0.004            0.240            0.040            0.000            0.000            0.000            0.000            0.000            0.000
   270     9    27  2023       1       1  hru1           0.000       0.000       0.010      -0.028            0.000            0.000            0.000            0.000            0.022            0.003            0.004            0.238            0.039            0.000            0.000            0.000            0.000            0.000            0.000
   271     9    28  2023       1       1  hru1           0.000       0.000       0.010      -0.028            0.000            0.000            0.000            0.000            0.021            0.003            0.004            0.235            0.039            0.000            0.000            0.000            0.000            0.000            0.000
   272     9    29  2023       1       1  hru1           0.000       0.000       0.009      -0.028            0.000            0.000            0.000            0.000            0.021            0.003            0.003            0.233            0.039            0.000            0.000            0.000            0.000            0.000            0.000
   273     9    30  2023       1       1  hru1           0.000       0.000       0.010      -0.028            0.000            0.000            0.000            0.000            0.021            0.003            0.003            0.230            0.038            0.000            0.000            0.000            0.000            0.000            0.000
   274    10     1  2023       1       1  hru1           0.000       0.000       0.012      -0.028            0.000            0.000            0.000            0.000            0.021            0.003            0.003            0.228            0.038            0.000            0.000            0.000            0.000            0.000            0.000
   275    10     2  2023       1       1  hru1           0.000       0.000       0.014      -0.028            0.000            0.000            0.000            0.000            0.020            0.003            0.003            0.226            0.037            0.000            0.000            0.000            0.000            0.000            0.000
   276    10     3  2023       1       1  hru1           0.000       0.000       0.013      -0.028            0.000            0.000            0.000            0.000            0.020            0.003            0.003            0.224            0.037            0.000            0.000            0.000            0.000            0.000            0.000
   277    10     4  2023       1       1  hru1           0.000       0.000       0.015      -0.028            0.000            0.000            0.000            0.000            0.020            0.003            0.003            0.221            0.037            0.000            0.000            0.000            0.000            0.000            0.000
   278    10     5  2023       1       1  hru1           0.000       0.000       0.014      -0.028            0.000            0.000            0.000            0.000            0.020            0.003            0.003            0.219            0.036            0.000            0.000            0.000            0.000            0.000            0.000
   279    10     6  2023       1       1  hru1           0.000       0.000       0.014      -0.028            0.000            0.000            0.000            0.000            0.020            0.003            0.003            0.217            0.036            0.000            0.000            0.000            0.000            0.000            0.000
   280    10     7  2023       1       1  hru1           0.000       0.000       0.015      -0.028            0.000            0.000            0.000            0.000            0.020            0.003            0.003            0.215            0.036            0.000            0.000            0.000            0.000            0.000            0.000
   281    10     8  2023       1       1  hru1           0.000       0.000       0.015      -0.028            0.000            0.000            0.000            0.000            0.020            0.003            0.003            0.213            0.035            0.000            0.000            0.000            0.000            0.000            0.000
   282    10     9  2023       1       1  hru1           0.000       0.000       0.015      -0.028            0.000            0.000            0.000            0.000            0.020            0.003            0.003            0.211            0.035            0.000            0.000            0.000            0.000            0.000            0.000
   283    10    10  2023       1       1  hru1           0.000       0.000       0.015      -0.028            0.000            0.000            0.000            0.000            0.020            0.004            0.003            0.208            0.035            0.000            0.000            0.000            0.000            0.000            0.000
   284    10    11  2023       1       1  hru1           0.000       0.000       0.015      -0.028            0.000            0.000            0.000            0.000            0.020            0.004            0.003            0.206            0.034            0.000            0.000            0.000            0.000            0.000            0.000
   285    10    12  2023       1       1  hru1           0.000       0.000       0.015      -0.028            0.000            0.000            0.000            0.000            0.019            0.004            0.003            0.204            0.034            0.000            0.000            0.000            0.000            0.000            0.000
   286    10    13  2023       1       1  hru1           0.000       0.000       0.015      -0.028            0.000            0.000            0.000            0.000            0.019            0.004            0.003            0.202            0.033            0.000            0.000            0.000            0.000            0.000            0.000
   287    10    14  2023       1       1  hru1           0.000       0.000       0.015      -0.028            0.000            0.000            0.000            0.000            0.019            0.004            0.003            0.200            0.033            0.000            0.000            0.000            0.000            0.000            0.000
   288    10    15  2023       1       1  hru1           0.000       0.000       0.015      -0.028            0.000            0.000            0.000            0.000            0.019            0.004            0.003            0.198            0.033            0.000            0.000            0.000            0.000            0.000            0.000
   289    10    16  2023       1       1  hru1           0.000       0.000       0.015      -0.027            0.000            0.000            0.000            0.000            0.019            0.004            0.003            0.196            0.032            0.000            0.000            0.000            0.000            0.000            0.000
   290    10    17  2023       1       1  hru1           0.000       0.000       0.015      -0.027            0.000            0.000            0.000            0.000            0.019            0.004            0.003            0.194            0.032            0.000            0.000            0.000            0.000            0.000            0.000
   291    10    18  2023       1       1  hru1           0.000       0.000       0.015      -0.027            0.000            0.000            0.000            0.000            0.019            0.004            0.003            0.192            0.032            0.000            0.000            0.000            0.000            0.000            0.000
   292    10    19  2023       1       1  hru1           0.000       0.000       0.015      -0.027            0.000            0.000            0.000            0.000            0.019            0.004            0.003            0.190            0.032            0.000            0.000            0.000            0.000            0.000            0.000
   293    10    20  2023       1       1  hru1           0.000       0.000       0.015      -0.027            0.000            0.000            0.000            0.000            0.019            0.004            0.003            0.189            0.031            0.000            0.000            0.000            0.000            0.000            0.000
   294    10    21  2023       1       1  hru1           0.000       0.000       0.015      -0.027            0.000            0.000            0.000            0.000            0.019            0.004            0.003            0.187            0.031            0.000            0.000            0.000            0.000            0.000            0.000
   295    10    22  2023       1       1  hru1           0.000       0.000       0.014      -0.027            0.000            0.000            0.000            0.000            0.019            0.004            0.003            0.185            0.031            0.000            0.000            0.000            0.000            0.000            0.000
   296    10    23  2023       1       1  hru1           0.000       0.000       0.014      -0.027            0.000            0.000            0.000            0.000            0.019            0.004            0.003            0.183            0.030            0.000            0.000            0.000            0.000            0.000            0.000
   297    10    24  2023       1       1  hru1           0.000       0.000       0.014      -0.027            0.000            0.000            0.000            0.000            0.018            0.004            0.003            0.181            0.030            0.000            0.000            0.000            0.000            0.000            0.000
   298    10    25  2023       1       1  hru1           0.000       0.000       0.014      -0.027            0.000            0.000            0.000            0.000            0.019            0.004            0.003            0.179            0.030            0.000            0.000            0.000            0.000            0.000            0.000
   299    10    26  2023       1       1  hru1           0.000       0.000       0.015      -0.027            0.000            0.000            0.000            0.000            0.018            0.004            0.003            0.177            0.029            0.000            0.000            0.000            0.000            0.000            0.000
   300    10    27  2023       1       1  hru1           0.000       0.000       0.014      -0.027            0.000            0.000            0.000            0.000            0.018            0.004            0.003            0.176            0.029            0.000            0.000            0.000            0.000            0.000            0.000
   301    10    28  2023       1       1  hru1           0.000       0.000       0.013      -0.027            0.000            0.000            0.000            0.000            0.018            0.004            0.003            0.174            0.029            0.000            0.000            0.000            0.000            0.000            0.000
   302    10    29  2023       1       1  hru1           0.000       0.000       0.013      -0.027            0.000            0.000            0.000            0.000            0.018            0.004            0.003            0.172            0.029            0.000            0.000            0.000            0.000            0.000            0.000
   303    10    30  2023       1       1  hru1           0.000       0.000       0.013      -0.027            0.000            0.000            0.000            0.000            0.018            0.004            0.003            0.170            0.028            0.000            0.000            0.000            0.000            0.000            0.000
   304    10    31  2023       1       1  hru1           0.000       0.000       0.013      -0.027            0.000            0.000            0.000            0.000            0.018            0.004            0.003            0.169            0.028            0.000            0.000            0.000            0.000            0.000            0.000
   305    11     1  2023       1       1  hru1           0.000       0.000       0.012      -0.027            0.000            0.000            0.000            0.000            0.018            0.004            0.003            0.167            0.028            0.000            0.000            0.000            0.000            0.000            0.000
   306    11     2  2023       1       1  hru1           0.000       0.000       0.012      -0.027            0.000            0.000            0.000            0.000            0.018            0.004            0.003            0.165            0.027            0.000            0.000            0.000            0.000            0.000            0.000
   307    11     3  2023       1       1  hru1           0.000       0.000       0.012      -0.027            0.000            0.000            0.000            0.000            0.018            0.004            0.003            0.164            0.027            0.000            0.000            0.000            0.000            0.000            0.000
   308    11     4  2023       1       1  hru1           0.000       0.000       0.012      -0.027            0.000            0.000            0.000            0.000            0.018            0.004            0.003            0.162            0.027            0.000            0.000            0.000            0.000            0.000            0.000
   309    11     5  2023       1       1  hru1           0.000       0.000       0.012      -0.027            0.000            0.000            0.000            0.000            0.018            0.004            0.003            0.161            0.027            0.000            0.000            0.000            0.000            0.000            0.000
   310    11     6  2023       1       1  hru1           0.000       0.000       0.012      -0.027            0.000            0.000            0.000            0.000            0.018            0.004            0.003            0.159            0.026            0.000            0.000            0.000            0.000            0.000            0.000
   311    11     7  2023       1       1  hru1           0.000       0.000       0.013      -0.026            0.000            0.000            0.000            0.000            0.018            0.004            0.003            0.157            0.026            0.000            0.000            0.000            0.000            0.000            0.000
   312    11     8  2023       1       1  hru1           0.000       0.000       0.012      -0.026            0.000            0.000            0.000            0.000            0.018            0.004            0.003            0.156            0.026            0.000            0.000            0.000            0.000            0.000            0.000
   313    11     9  2023       1       1  hru1           0.000       0.000       0.011      -0.026            0.000            0.000            0.000            0.000            0.018            0.004            0.003            0.154            0.026            0.000            0.000            0.000            0.000            0.000            0.000
   314    11    10  2023       1       1  hru1           0.000       0.000       0.011      -0.026            0.000            0.000            0.000            0.000            0.018            0.004            0.003            0.153            0.025            0.000            0.000            0.000            0.000            0.000            0.000
   315    11    11  2023       1       1  hru1           0.000       0.000       0.011      -0.026            0.000            0.000            0.000            0.000            0.017            0.004            0.003            0.151            0.025            0.000            0.000            0.000            0.000            0.000            0.000
   316    11    12  2023       1       1  hru1           0.000       0.000       0.010      -0.026            0.000            0.000            0.000            0.000            0.017            0.004            0.003            0.150            0.025            0.000            0.000            0.000            0.000            0.000            0.000
   317    11    13  2023       1       1  hru1           0.000       0.000       0.010      -0.026            0.000            0.000            0.000            0.000            0.017            0.004            0.003            0.148            0.025            0.000            0.000            0.000            0.000            0.000            0.000
   318    11    14  2023       1       1  hru1           0.000       0.000       0.010      -0.026            0.000            0.000            0.000            0.000            0.017            0.004            0.003            0.147            0.024            0.000            0.000            0.000            0.000            0.000            0.000
   319    11    15  2023       1       1  hru1           0.000       0.000       0.010      -0.026            0.000            0.000            0.000            0.000            0.017            0.004            0.003            0.145            0.024            0.000            0.000            0.000            0.000            0.000            0.000
   320    11    16  2023       1       1  hru1           0.000       0.000       0.010      -0.026            0.000            0.000            0.000            0.000            0.017            0.004            0.003            0.144            0.024            0.000            0.000            0.000            0.000            0.000            0.000
   321    11    17  2023       1       1  hru1           0.000       0.000       0.010      -0.026            0.000            0.000            0.000            0.000            0.017            0.004            0.003            0.142            0.024            0.000            0.000            0.000            0.000            0.000            0.000
   322    11    18  2023       1       1  hru1           0.000       0.000       0.010      -0.026            0.000            0.000            0.000            0.000            0.017            0.004            0.003            0.141            0.023            0.000            0.000            0.000            0.000            0.000            0.000
   323    11    19  2023       1       1  hru1           0.000       0.000       0.010      -0.026            0.000            0.000            0.000            0.000            0.017            0.004            0.003            0.139            0.023            0.000            0.000            0.000            0.000            0.000            0.000
   324    11    20  2023       1       1  hru1           0.000       0.000       0.011      -0.026            0.000            0.000            0.000            0.000            0.017            0.004            0.003            0.138            0.023            0.000            0.000            0.000            0.000            0.000            0.000
   325    11    21  2023       1       1  hru1           0.000       0.000       0.009      -0.026            0.000            0.000            0.000            0.000            0.017            0.004            0.003            0.137            0.023            0.000            0.000            0.000            0.000            0.000            0.000
   326    11    22  2023       1       1  hru1           0.000       0.000       0.009      -0.026            0.000            0.000            0.000            0.000            0.017            0.004            0.003            0.135            0.022            0.000            0.000            0.000            0.000            0.000            0.000
   327    11    23  2023       1       1  hru1           0.000       0.000       0.009      -0.026            0.000            0.000            0.000            0.000            0.017            0.004            0.003            0.134            0.022            0.000            0.000            0.000            0.000            0.000            0.000
   328    11    24  2023       1       1  hru1           0.000       0.000       0.010      -0.026            0.000            0.000            0.000            0.000            0.017            0.004            0.003            0.133            0.022            0.000            0.000            0.000            0.000            0.000            0.000
   329    11    25  2023       1       1  hru1           0.000       0.000       0.006      -0.026            0.000            0.000            0.000            0.000            0.017            0.004            0.003            0.000            0.000            0.000            0.000            0.000            0.000            0.000            0.000
   330    11    26  2023       1       1  hru1           0.000       0.000       0.004      -0.026            0.000            0.000            0.000            0.000            0.011           -0.007            0.002            0.000            0.000            0.000            0.000            0.000            0.000            0.000            0.000
   331    11    27  2023       1       1  hru1           0.000       0.000       0.002      -0.026            0.000            0.000            0.000            0.000            0.011           -0.007            0.002            0.000            0.000            0.000            0.000            0.000            0.000            0.000            0.000
   332    11    28  2023       1       1  hru1           0.000       0.000       0.001      -0.026            0.000            0.000            0.000            0.000            0.011           -0.007            0.002            0.000            0.000            0.000            0.000            0.000            0.000            0.000            0.000
   333    11    29  2023       1       1  hru1           0.000       0.000      -0.001      -0.026            0.000            0.000            0.000            0.000            0.011           -0.007            0.002            0.000            0.000            0.000            0.000            0.000            0.000            0.000            0.000
   334    11    30  2023       1       1  hru1           0.000       0.000      -0.002      -0.026            0.000            0.000            0.000            0.000            0.011           -0.007            0.002            0.000            0.000            0.000            0.000            0.000            0.000            0.000            0.000
   335    12     1  2023       1       1  hru1           0.000       0.000      -0.002      -0.026            0.000            0.000            0.000            0.000            0.011           -0.007            0.002            0.000            0.000            0.000            0.000            0.000            0.000            0.000            0.000
   336    12     2  2023       1       1  hru1           0.000       0.000      -0.003      -0.026            0.000            0.000            0.000            0.000            0.011           -0.007            0.002            0.000            0.000            0.000            0.000            0.000            0.000            0.000            0.000
   337    12     3  2023       1       1  hru1           0.000       0.000      -0.005      -0.026            0.000            0.000            0.000            0.000            0.011           -0.007            0.002            0.000            0.000            0.000            0.000            0.000            0.000            0.000            0.000
   338    12     4  2023       1       1  hru1           0.000       0.000      -0.007      -0.026            0.000            0.000            0.000            0.000            0.011           -0.007            0.002            0.000            0.000            0.000            0.000            0.000            0.000            0.000            0.000
   339    12     5  2023       1       1  hru1           0.000       0.000      -0.007      -0.026            0.000            0.000            0.000            0.000            0.011           -0.007            0.002            0.000            0.000            0.000            0.000            0.000            0.000            0.000            0.000
   340    12     6  2023       1       1  hru1           0.000       0.000      -0.007      -0.026            0.000            0.000            0.000            0.000            0.011           -0.007            0.002            0.000            0.000            0.000            0.000            0.000            0.000            0.000            0.000
   341    12     7  2023       1       1  hru1           0.000       0.000      -0.007      -0.026            0.000            0.000            0.000            0.000            0.017            0.004            0.003            0.000            0.000            0.000            0.000            0.000            0.000            0.000            0.000
   342    12     8  2023       1       1  hru1           0.000       0.000      -0.007      -0.026            0.000            0.000            0.000            0.000            0.017            0.004            0.003            0.000            0.000            0.000            0.000            0.000            0.000            0.000            0.000
   343    12     9  2023       1       1  hru1           0.000       0.000      -0.007      -0.026            0.000            0.000            0.000            0.000            0.017            0.004            0.003            0.000            0.000            0.000            0.000            0.000            0.000            0.000            0.000
   344    12    10  2023       1       1  hru1           0.000       0.000      -0.007      -0.026            0.000            0.000            0.000            0.000            0.017            0.004            0.003            0.000            0.000            0.000            0.000            0.000            0.000            0.000            0.000
   345    12    11  2023       1       1  hru1           0.000       0.000      -0.007      -0.026            0.000            0.000            0.000            0.000            0.017            0.004            0.003            0.000            0.000            0.000            0.000            0.000            0.000            0.000            0.000
   346    12    12  2023       1       1  hru1           0.000       0.000      -0.007      -0.026            0.000            0.000            0.000            0.000            0.017            0.004            0.003            0.000            0.000            0.000            0.000            0.000            0.000            0.000            0.000
   347    12    13  2023       1       1  hru1           0.000       0.000      -0.007      -0.026            0.000            0.000            0.000            0.000            0.017            0.004            0.003            0.000            0.000            0.000            0.000            0.000            0.000            0.000            0.000
   348    12    14  2023       1       1  hru1           0.000       0.000      -0.007      -0.026            0.000            0.000            0.000            0.000            0.017            0.004            0.003            0.000            0.000            0.000            0.000            0.000            0.000            0.000            0.000
   349    12    15  2023       1       1  hru1           0.000       0.000      -0.007      -0.026            0.000            0.000            0.000            0.000            0.017            0.004            0.003            0.000            0.000            0.000            0.000            0.000            0.000            0.000            0.000
   350    12    16  2023       1       1  hru1           0.000       0.000      -0.007      -0.026            0.000            0.000            0.000            0.000            0.017            0.004            0.003            0.000            0.000            0.000            0.000            0.000            0.000            0.000            0.000
   351    12    17  2023       1       1  hru1           0.000       0.000      -0.007      -0.026            0.000            0.000            0.000            0.000            0.011           -0.007            0.002            0.000            0.000            0.000            0.000            0.000            0.000            0.000            0.000
   352    12    18  2023       1       1  hru1           0.000       0.000      -0.007      -0.026            0.000            0.000            0.000            0.000            0.017            0.004            0.003            0.000            0.000            0.000            0.000            0.000            0.000            0.000            0.000
   353    12    19  2023       1       1  hru1           0.000       0.000      -0.007      -0.026            0.000            0.000            0.000            0.000            0.017            0.004            0.003            0.000            0.000            0.000            0.000            0.000            0.000            0.000            0.000
   354    12    20  2023       1       1  hru1           0.000       0.000      -0.007      -0.026            0.000            0.000            0.000            0.000            0.017            0.004            0.003            0.000            0.000            0.000            0.000            0.000            0.000            0.000            0.000
   355    12    21  2023       1       1  hru1           0.000       0.000      -0.005      -0.026            0.000            0.000            0.000            0.000            0.017            0.004            0.003            0.131            0.022            0.000            0.000            0.000            0.000            0.000            0.000
   356    12    22  2023       1       1  hru1           0.000       0.000      -0.003      -0.026            0.000            0.000            0.000            0.000            0.017            0.004            0.003            0.130            0.022            0.000            0.000            0.000            0.000            0.000            0.000
   357    12    23  2023       1       1  hru1           0.000       0.000      -0.003      -0.026            0.000            0.000            0.000            0.000            0.017            0.004            0.003            0.000            0.000            0.000            0.000            0.000            0.000            0.000            0.000
   358    12    24  2023       1       1  hru1           0.000       0.000      -0.004      -0.026            0.000            0.000            0.000            0.000            0.017            0.004            0.003            0.000            0.000            0.000            0.000            0.000            0.000            0.000            0.000
   359    12    25  2023       1       1  hru1           0.000       0.000      -0.005      -0.026            0.000            0.000            0.000            0.000            0.011           -0.007            0.002            0.000            0.000            0.000            0.000            0.000            0.000            0.000            0.000
   360    12    26  2023       1       1  hru1           0.000       0.000      -0.005      -0.026            0.000            0.000            0.000            0.000            0.011           -0.007            0.002            0.000            0.000            0.000            0.000            0.000            0.000            0.000            0.000
   361    12    27  2023       1       1  hru1           0.000       0.000      -0.005      -0.026            0.000            0.000            0.000            0.000            0.011           -0.007            0.002            0.000            0.000            0.000            0.000            0.000            0.000            0.000            0.000
   362    12    28  2023       1       1  hru1           0.000       0.000      -0.006      -0.026            0.000            0.000            0.000            0.000            0.011           -0.007            0.002            0.000            0.000            0.000            0.000            0.000            0.000            0.000            0.000
   363    12    29  2023       1       1  hru1           0.000       0.000      -0.006      -0.026            0.000            0.000            0.000            0.000            0.011           -0.007            0.002            0.000            0.000            0.000            0.000            0.000            0.000            0.000            0.000
   364    12    30  2023       1       1  hru1           0.000       0.000      -0.006      -0.026            0.000            0.000            0.000            0.000            0.011           -0.007            0.002            0.000            0.000            0.000            0.000            0.000            0.000            0.000            0.000
   365    12    31  2023       1       1  hru1           0.000       0.000      -0.006      -0.026            0.000            0.000            0.000            0.000            0.011           -0.007            0.002            0.000            0.000            0.000            0.000            0.000            0.000            0.000            0.000
     1     1     1  2024       1       1  hru1           0.000       0.000      -0.004      -0.027            0.000            0.000            0.000            0.000            0.011           -0.007            0.002            0.000            0.000            0.000            0.000            0.000            0.000            0.000            0.000
     2     1     2  2024       1       1  hru1           0.000       0.000      -0.007      -0.027            0.000            0.000            0.000            0.000            0.011           -0.007            0.002            0.000            0.000            0.000            0.000            0.000            0.000            0.000            0.000
     3     1     3  2024       1       1  hru1           0.000       0.000      -0.007      -0.027            0.000            0.000            0.000            0.000            0.011           -0.007            0.002            0.000            0.000            0.000            0.000            0.000            0.000            0.000            0.000
     4     1     4  2024       1       1  hru1           0.000       0.000      -0.007      -0.027            0.000            0.000            0.000            0.000            0.011           -0.007            0.002            0.000            0.000            0.000            0.000            0.000            0.000            0.000            0.000
     5     1     5  2024       1       1  hru1           0.000       0.000      -0.007      -0.027            0.000            0.000            0.000            0.000            0.011           -0.007            0.002            0.000            0.000            0.000            0.000            0.000            0.000            0.000            0.000
     6     1     6  2024       1       1  hru1           0.000       0.000      -0.007      -0.027            0.000            0.000            0.000            0.000            0.011           -0.007            0.002            0.000            0.000            0.000            0.000            0.000            0.000            0.000            0.000
     7     1     7  2024       1       1  hru1           0.000       0.000      -0.008      -0.027            0.000            0.000            0.000            0.000            0.011           -0.007            0.002            0.000            0.000            0.000            0.000            0.000            0.000            0.000            0.000
     8     1     8  2024       1       1  hru1           0.000       0.000      -0.008      -0.027            0.000            0.000            0.000            0.000            0.011           -0.007            0.002            0.000            0.000            0.000            0.000            0.000            0.000            0.000            0.000
     9     1     9  2024       1       1  hru1           0.000       0.000      -0.008      -0.027            0.000            0.000            0.000            0.000            0.011           -0.007            0.002            0.000            0.000            0.000            0.000            0.000            0.000            0.000            0.000
    10     1    10  2024       1       1  hru1           0.000       0.000      -0.008      -0.027            0.000            0.000            0.000            0.000            0.011           -0.007            0.002            0.000            0.000            0.000            0.000            0.000            0.000            0.000            0.000
    11     1    11  2024       1       1  hru1           0.000       0.000      -0.008      -0.027            0.000            0.000            0.000            0.000            0.011           -0.007            0.002            0.000            0.000            0.000            0.000            0.000            0.000            0.000            0.000
    12     1    12  2024       1       1  hru1           0.000       0.000      -0.008      -0.027            0.000            0.000            0.000            0.000            0.011           -0.007            0.002            0.000            0.000            0.000            0.000            0.000            0.000            0.000            0.000
    13     1    13  2024       1       1  hru1           0.000       0.000      -0.008      -0.027            0.000            0.000            0.000            0.000            0.011           -0.007            0.002            0.000            0.000            0.000            0.000            0.000            0.000            0.000            0.000
    14     1    14  2024       1       1  hru1           0.000       0.000      -0.008      -0.027            0.000            0.000            0.000            0.000            0.011           -0.007            0.002            0.000            0.000            0.000            0.000            0.000            0.000            0.000            0.000
    15     1    15  2024       1       1  hru1           0.000       0.000      -0.008      -0.027            0.000            0.000            0.000            0.000            0.011           -0.007            0.002            0.000            0.000            0.000            0.000            0.000            0.000            0.000            0.000
    16     1    16  2024       1       1  hru1           0.000       0.000      -0.008      -0.027            0.000            0.000            0.000            0.000            0.011           -0.007            0.002            0.000            0.000            0.000            0.000            0.000            0.000            0.000            0.000
    17     1    17  2024       1       1  hru1           0.000       0.000      -0.008      -0.027            0.000            0.000            0.000            0.000            0.011           -0.007            0.002            0.000            0.000            0.000            0.000            0.000            0.000            0.000            0.000
    18     1    18  2024       1       1  hru1           0.000       0.000      -0.009      -0.027            0.000            0.000            0.000            0.000            0.011           -0.007            0.002            0.000            0.000            0.000            0.000            0.000            0.000            0.000            0.000
    19     1    19  2024       1       1  hru1           0.000       0.000      -0.011      -0.027            0.000            0.000            0.000            0.000            0.011           -0.007            0.002            0.000            0.000            0.000            0.000            0.000            0.000            0.000            0.000
    20     1    20  2024       1       1  hru1           0.000       0.000      -0.009      -0.027            0.000            0.000            0.000            0.000            0.011           -0.007            0.002            0.000            0.000            0.000            0.000            0.000            0.000            0.000            0.000
    21     1    21  2024       1       1  hru1           0.000       0.000      -0.009      -0.027            0.000            0.000            0.000            0.000            0.011           -0.007            0.002            0.000            0.000            0.000            0.000            0.000            0.000            0.000            0.000
    22     1    22  2024       1       1  hru1           0.000       0.000      -0.009      -0.027            0.000            0.000            0.000            0.000            0.011           -0.007            0.002            0.000            0.000            0.000            0.000            0.000            0.000            0.000            0.000
    23     1    23  2024       1       1  hru1           0.000       0.000      -0.009      -0.027            0.000            0.000            0.000            0.000            0.011           -0.007            0.002            0.000            0.000            0.000            0.000            0.000            0.000            0.000            0.000
    24     1    24  2024       1       1  hru1           0.000       0.000      -0.008      -0.027            0.000            0.000            0.000            0.000            0.011           -0.007            0.002            0.000            0.000            0.000            0.000            0.000            0.000            0.000            0.000
    25     1    25  2024       1       1  hru1           0.000       0.000      -0.008      -0.027            0.000            0.000            0.000            0.000            0.011           -0.007            0.002            0.000            0.000            0.000            0.000            0.000            0.000            0.000            0.000
    26     1    26  2024       1       1  hru1           0.000       0.000      -0.008      -0.027            0.000            0.000            0.000            0.000            0.017            0.004            0.003            0.000            0.000            0.000            0.000            0.000            0.000            0.000            0.000
    27     1    27  2024       1       1  hru1           0.000       0.000      -0.008      -0.027            0.000            0.000            0.000            0.000            0.017            0.004            0.003            0.000            0.000            0.000            0.000            0.000            0.000            0.000            0.000
    28     1    28  2024       1       1  hru1           0.000       0.000      -0.008      -0.027            0.000            0.000            0.000            0.000            0.017            0.004            0.003            0.000            0.000            0.000            0.000            0.000            0.000            0.000            0.000
    29     1    29  2024       1       1  hru1           0.000       0.000      -0.006      -0.027            0.000            0.000            0.000            0.000            0.017            0.004            0.003            0.103            0.017            0.000            0.000            0.000            0.000            0.000            0.000
    30     1    30  2024       1       1  hru1           0.000       0.000      -0.004      -0.027            0.000            0.000            0.000            0.000            0.017            0.004            0.003            0.102            0.017            0.000            0.000            0.000            0.000            0.000            0.000
    31     1    31  2024       1       1  hru1           0.000       0.000      -0.003      -0.027            0.000            0.000            0.000            0.000            0.017            0.004            0.003            0.101            0.017            0.000            0.000            0.000            0.000            0.000            0.000
    32     2     1  2024       1       1  hru1           0.000       0.000      -0.002      -0.027            0.000            0.000            0.000            0.000            0.017            0.004            0.003            0.100            0.017            0.000            0.000            0.000            0.000            0.000            0.000
    33     2     2  2024       1       1  hru1           0.000       0.000      -0.000      -0.027            0.000            0.000            0.000            0.000            0.017            0.004            0.003            0.099            0.016            0.000            0.000            0.000            0.000            0.000            0.000
    34     2     3  2024       1       1  hru1           0.000       0.000       0.001      -0.027            0.000            0.000            0.000            0.000            0.017            0.004            0.003            0.098            0.016            0.000            0.000            0.000            0.000            0.000            0.000
    35     2     4  2024       1       1  hru1           0.000       0.000      -0.000      -0.027            0.000            0.000            0.000            0.000            0.017            0.004            0.003            0.097            0.016            0.000            0.000            0.000            0.000            0.000            0.000
    36     2     5  2024       1       1  hru1           0.000       0.000       0.000      -0.027            0.000            0.000            0.000            0.000            0.017            0.004            0.003            0.096            0.016            0.000            0.000            0.000            0.000            0.000            0.000
    37     2     6  2024       1       1  hru1           0.000       0.000       0.002      -0.027            0.000            0.000            0.000            0.000            0.017            0.004            0.003            0.095            0.016            0.000            0.000            0.000            0.000            0.000            0.000
    38     2     7  2024       1       1  hru1           0.000       0.000       0.002      -0.027            0.000            0.000            0.000            0.000            0.017            0.004            0.003            0.094            0.016            0.000            0.000            0.000            0.000            0.000            0.000
    39     2     8  2024       1       1  hru1           0.000       0.000       0.001      -0.027            0.000            0.000            0.000            0.000            0.017            0.004            0.003            0.093            0.015            0.000            0.000            0.000            0.000            0.000            0.000
    40     2     9  2024       1       1  hru1           0.000       0.000       0.001      -0.027            0.000            0.000            0.000            0.000            0.017            0.004            0.003            0.092            0.015            0.000            0.000            0.000            0.000            0.000            0.000
    41     2    10  2024       1       1  hru1           0.000       0.000       0.002      -0.027            0.000            0.000            0.000            0.000            0.017            0.004            0.003            0.091            0.015            0.000            0.000            0.000            0.000            0.000            0.000
    42     2    11  2024       1       1  hru1           0.000       0.000       0.002      -0.027            0.000            0.000            0.000            0.000            0.017            0.004            0.003            0.090            0.015            0.000            0.000            0.000            0.000            0.000            0.000
    43     2    12  2024       1       1  hru1           0.000       0.000       0.002      -0.027            0.000            0.000            0.000            0.000            0.017            0.004            0.003            0.089            0.015            0.000            0.000            0.000            0.000            0.000            0.000
    44     2    13  2024       1       1  hru1           0.000       0.000       0.002      -0.027            0.000            0.000            0.000            0.000            0.017            0.004            0.003            0.089            0.015            0.000            0.000            0.000            0.000            0.000            0.000
    45     2    14  2024       1       1  hru1           0.000       0.000       0.002      -0.027            0.000            0.000            0.000            0.000            0.017            0.004            0.003            0.088            0.015            0.000            0.000            0.000            0.000            0.000            0.000
    46     2    15  2024       1       1  hru1           0.000       0.000       0.003      -0.027            0.000            0.000            0.000            0.000            0.017            0.004            0.003            0.087            0.014            0.000            0.000            0.000            0.000            0.000            0.000
    47     2    16  2024       1       1  hru1           0.000       0.000       0.004      -0.027            0.000            0.000            0.000            0.000            0.017            0.004            0.003            0.086            0.014            0.000            0.000            0.000            0.000            0.000            0.000
    48     2    17  2024       1       1  hru1           0.000       0.000       0.004      -0.027            0.000            0.000            0.000            0.000            0.017            0.004            0.003            0.085            0.014            0.000            0.000            0.000            0.000            0.000            0.000
    49     2    18  2024       1       1  hru1           0.000       0.000       0.002      -0.027            0.000            0.000            0.000            0.000            0.017            0.004            0.003            0.084            0.014            0.000            0.000            0.000            0.000            0.000            0.000
    50     2    19  2024       1       1  hru1           0.000       0.000       0.003      -0.027            0.000            0.000            0.000            0.000            0.018            0.004            0.003            0.083            0.014            0.000            0.000            0.000            0.000            0.000            0.000
    51     2    20  2024       1       1  hru1           0.000       0.000       0.003      -0.027            0.000            0.000            0.000            0.000            0.018            0.004            0.003            0.083            0.014            0.000            0.000            0.000            0.000            0.000            0.000
    52     2    21  2024       1       1  hru1           0.000       0.000       0.003      -0.027            0.000            0.000            0.000            0.000            0.018            0.004            0.003            0.082            0.014            0.000            0.000            0.000            0.000            0.000            0.000
    53     2    22  2024       1       1  hru1           0.000       0.000       0.002      -0.027            0.000            0.000            0.000            0.000            0.018            0.004            0.003            0.081            0.013            0.000            0.000            0.000            0.000            0.000            0.000
    54     2    23  2024       1       1  hru1           0.000       0.000       0.001      -0.027            0.000            0.000            0.000            0.000            0.018            0.004            0.003            0.080            0.013            0.000            0.000            0.000            0.000            0.000            0.000
    55     2    24  2024       1       1  hru1           0.000       0.000       0.001      -0.027            0.000            0.000            0.000            0.000            0.018            0.004            0.003            0.079            0.013            0.000            0.000            0.000            0.000            0.000            0.000
    56     2    25  2024       1       1  hru1           0.000       0.000       0.002      -0.027            0.000            0.000            0.000            0.000            0.018            0.004            0.003            0.078            0.013            0.000            0.000            0.000            0.000            0.000            0.000
    57     2    26  2024       1       1  hru1           0.000       0.000       0.002      -0.027            0.000            0.000            0.000            0.000            0.018            0.004            0.003            0.078            0.013            0.000            0.000            0.000            0.000            0.000            0.000
    58     2    27  2024       1       1  hru1           0.000       0.000       0.003      -0.027            0.000            0.000            0.000            0.000            0.018            0.004            0.003            0.077            0.013            0.000            0.000            0.000            0.000            0.000            0.000
    59     2    28  2024       1       1  hru1           0.000       0.000       0.001      -0.027            0.000            0.000            0.000            0.000            0.018            0.004            0.003            0.076            0.013            0.000            0.000            0.000            0.000            0.000            0.000
    60     2    29  2024       1       1  hru1           0.000       0.000       0.001      -0.027            0.000            0.000            0.000            0.000            0.018            0.004            0.003            0.075            0.012            0.000            0.000            0.000            0.000            0.000            0.000
    61     3     1  2024       1       1  hru1           0.000       0.000       0.001      -0.027            0.000            0.000            0.000            0.000            0.018            0.004            0.003            0.075            0.012            0.000            0.000            0.000            0.000            0.000            0.000
    62     3     2  2024       1       1  hru1           0.000       0.000       0.003      -0.027            0.000            0.000            0.000            0.000            0.018            0.004            0.003            0.074            0.012            0.000            0.000            0.000            0.000            0.000            0.000
    63     3     3  2024       1       1  hru1           0.000       0.000       0.003      -0.027            0.000            0.000            0.000            0.000            0.018            0.004            0.003            0.073            0.012            0.000            0.000            0.000            0.000            0.000            0.000
    64     3     4  2024       1       1  hru1           0.000       0.000      -0.000      -0.027            0.000            0.000            0.000            0.000            0.018            0.004            0.003            0.000            0.000            0.000            0.000            0.000            0.000            0.000            0.000
    65     3     5  2024       1       1  hru1           0.000       0.000      -0.001      -0.027            0.000            0.000            0.000            0.000            0.018            0.004            0.003            0.000            0.000            0.000            0.000            0.000            0.000            0.000            0.000
    66     3     6  2024       1       1  hru1           0.000       0.000      -0.002      -0.027            0.000            0.000            0.000            0.000            0.018            0.004            0.003            0.000            0.000            0.000            0.000            0.000            0.000            0.000            0.000
    67     3     7  2024       1       1  hru1           0.000       0.000      -0.003      -0.027            0.000            0.000            0.000            0.000            0.018            0.004            0.003            0.000            0.000            0.000            0.000            0.000            0.000            0.000            0.000
    68     3     8  2024       1       1  hru1           0.000       0.000      -0.004      -0.027            0.000            0.000            0.000            0.000            0.011           -0.007            0.002            0.000            0.000            0.000            0.000            0.000            0.000            0.000            0.000
    69     3     9  2024       1       1  hru1           0.000       0.000      -0.005      -0.027            0.000            0.000            0.000            0.000            0.011           -0.007            0.002            0.000            0.000            0.000            0.000            0.000            0.000            0.000            0.000
    70     3    10  2024       1       1  hru1           0.000       0.000      -0.005      -0.027            0.000            0.000            0.000            0.000            0.011           -0.007            0.002            0.000            0.000            0.000            0.000            0.000            0.000            0.000            0.000
    71     3    11  2024       1       1  hru1           0.000       0.000      -0.005      -0.027            0.000            0.000            0.000            0.000            0.018            0.004            0.003            0.000            0.000            0.000            0.000            0.000            0.000            0.000            0.000
    72     3    12  2024       1       1  hru1           0.000       0.000      -0.004      -0.027            0.000            0.000            0.000            0.000            0.018            0.004            0.003            0.072            0.012            0.000            0.000            0.000            0.000            0.000            0.000
    73     3    13  2024       1       1  hru1           0.000       0.000      -0.002      -0.027            0.000            0.000            0.000            0.000            0.018            0.004            0.003            0.072            0.012            0.000            0.000            0.000            0.000            0.000            0.000
    74     3    14  2024       1       1  hru1           0.000       0.000      -0.003      -0.027            0.000            0.000            0.000            0.000            0.018            0.004            0.003            0.071            0.012            0.000            0.000            0.000            0.000            0.000            0.000
    75     3    15  2024       1       1  hru1           0.000       0.000      -0.002      -0.027            0.000            0.000            0.000            0.000            0.018            0.004            0.003            0.070            0.012            0.000            0.000            0.000            0.000            0.000            0.000
    76     3    16  2024       1       1  hru1           0.000       0.000      -0.002      -0.027            0.000            0.000            0.000            0.000            0.018            0.004            0.003            0.070            0.012            0.000            0.000            0.000            0.000            0.000            0.000
    77     3    17  2024       1       1  hru1           0.000       0.000      -0.002      -0.027            0.000            0.000            0.000            0.000            0.018            0.004            0.003            0.069            0.011            0.000            0.000            0.000            0.000            0.000            0.000
    78     3    18  2024       1       1  hru1           0.000       0.000      -0.001      -0.027            0.000            0.000            0.000            0.000            0.018            0.004            0.003            0.068            0.011            0.000            0.000            0.000            0.000            0.000            0.000
    79     3    19  2024       1       1  hru1           0.000       0.000      -0.001      -0.027            0.000            0.000            0.000            0.000            0.018            0.004            0.003            0.067            0.011            0.000            0.000            0.000            0.000            0.000            0.000
    80     3    20  2024       1       1  hru1           0.000       0.000      -0.001      -0.027            0.000            0.000            0.000            0.000            0.018            0.004            0.003            0.067            0.011            0.000            0.000            0.000            0.000            0.000            0.000
    81     3    21  2024       1       1  hru1           0.000       0.000      -0.001      -0.027            0.000            0.000            0.000            0.000            0.018            0.004            0.003            0.066            0.011            0.000            0.000            0.000            0.000            0.000            0.000
    82     3    22  2024       1       1  hru1           0.000       0.000      -0.000      -0.027            0.000            0.000            0.000            0.000            0.018            0.004            0.003            0.065            0.011            0.000            0.000            0.000            0.000            0.000            0.000
    83     3    23  2024       1       1  hru1           0.000       0.000      -0.000      -0.027            0.000            0.000            0.000            0.000            0.017            0.004            0.003            0.065            0.011            0.000            0.000            0.000            0.000            0.000            0.000
    84     3    24  2024       1       1  hru1           0.000       0.000      -0.000      -0.027            0.000            0.000            0.000            0.000            0.017            0.004            0.003            0.064            0.011            0.000            0.000            0.000            0.000            0.000            0.000
    85     3    25  2024       1       1  hru1           0.000       0.000      -0.000      -0.027            0.000            0.000            0.000            0.000            0.017            0.004            0.003            0.064            0.011            0.000            0.000            0.000            0.000            0.000            0.000
    86     3    26  2024       1       1  hru1           0.000       0.000      -0.000      -0.027            0.000            0.000            0.000            0.000            0.017            0.004            0.003            0.063            0.010            0.000            0.000            0.000            0.000            0.000            0.000
    87     3    27  2024       1       1  hru1           0.000       0.000      -0.000      -0.027            0.000            0.000            0.000            0.000            0.017            0.004            0.003            0.062            0.010            0.000            0.000            0.000            0.000            0.000            0.000
    88     3    28  2024       1       1  hru1           0.000       0.000      -0.000      -0.027            0.000            0.000            0.000            0.000            0.017            0.004            0.003            0.062            0.010            0.000            0.000            0.000            0.000            0.000            0.000
    89     3    29  2024       1       1  hru1           0.000       0.000       0.001      -0.027            0.000            0.000            0.000            0.000            0.017            0.004            0.003            0.061            0.010            0.000            0.000            0.000            0.000            0.000            0.000
    90     3    30  2024       1       1  hru1           0.000       0.000      -0.000      -0.027            0.000            0.000            0.000            0.000            0.017            0.004            0.003            0.060            0.010            0.000            0.000            0.000            0.000            0.000            0.000
    91     3    31  2024       1       1  hru1           0.000       0.000       0.001      -0.027            0.000            0.000            0.000            0.000            0.018            0.004            0.003            0.060            0.010            0.000            0.000            0.000            0.000            0.000            0.000
    92     4     1  2024       1       1  hru1           0.000       0.000       0.001      -0.027            0.000            0.000            0.000            0.000            0.018            0.004            0.003            0.059            0.010            0.000            0.000            0.000            0.000            0.000            0.000
    93     4     2  2024       1       1  hru1           0.000       0.000      -0.000      -0.027            0.000            0.000            0.000            0.000            0.018            0.004            0.003            0.059            0.010            0.000            0.000            0.000            0.000            0.000            0.000
    94     4     3  2024       1       1  hru1           0.000       0.000      -0.001      -0.026            0.000            0.000            0.000            0.000            0.018            0.004            0.003            0.058            0.010            0.000            0.000            0.000            0.000            0.000            0.000
    95     4     4  2024       1       1  hru1           0.000       0.000      -0.001      -0.026            0.000            0.000            0.000            0.000            0.018            0.004            0.003            0.057            0.010            0.000            0.000            0.000            0.000            0.000            0.000
    96     4     5  2024       1       1  hru1           0.000       0.000      -0.001      -0.026            0.000            0.000            0.000            0.000            0.018            0.004            0.003            0.057            0.009            0.000            0.000            0.000            0.000            0.000            0.000
    97     4     6  2024       1       1  hru1           0.000       0.000       0.001      -0.026            0.000            0.000            0.000            0.000            0.018            0.004            0.003            0.056            0.009            0.000            0.000            0.000            0.000            0.000            0.000
    98     4     7  2024       1       1  hru1           0.000       0.000       0.000      -0.026            0.000            0.000            0.000            0.000            0.018            0.004            0.003            0.056            0.009            0.000            0.000            0.000            0.000            0.000            0.000
    99     4     8  2024       1       1  hru1           0.000       0.000      -0.001      -0.026            0.000            0.000            0.000            0.000            0.017            0.004            0.003            0.055            0.009            0.000            0.000            0.000            0.000            0.000            0.000
   100     4     9  2024       1       1  hru1           0.000       0.000      -0.001      -0.026            0.000            0.000            0.000            0.000            0.017            0.004            0.003            0.055            0.009            0.000            0.000            0.000            0.000            0.000            0.000
   101     4    10  2024       1       1  hru1           0.000       0.000      -0.001      -0.026            0.000            0.000            0.000            0.000            0.017            0.004            0.003            0.054            0.009            0.000            0.000            0.000            0.000            0.000            0.000
   102     4    11  2024       1       1  hru1           0.000       0.000      -0.001      -0.026            0.000            0.000            0.000            0.000            0.017            0.004            0.003            0.054            0.009            0.000            0.000            0.000            0.000            0.000            0.000
   103     4    12  2024       1       1  hru1           0.000       0.000      -0.001      -0.026            0.000            0.000            0.000            0.000            0.017            0.004            0.003            0.053            0.009            0.000            0.000            0.000            0.000            0.000            0.000
   104     4    13  2024       1       1  hru1           0.000       0.000      -0.001      -0.026            0.000            0.000            0.000            0.000            0.017            0.004            0.003            0.052            0.009            0.000            0.000            0.000            0.000            0.000            0.000
   105     4    14  2024       1       1  hru1           0.000       0.000      -0.001      -0.026            0.000            0.000            0.000            0.000            0.017            0.003            0.003            0.052            0.009            0.000            0.000            0.000            0.000            0.000            0.000
   106     4    15  2024       1       1  hru1           0.000       0.000      -0.001      -0.026            0.000            0.000            0.000            0.000            0.017            0.003            0.003            0.051            0.009            0.000            0.000            0.000            0.000            0.000            0.000
   107     4    16  2024       1       1  hru1           0.000       0.000      -0.001      -0.026            0.000            0.000            0.000            0.000            0.017            0.003            0.003            0.051            0.008            0.000            0.000            0.000            0.000            0.000            0.000
   108     4    17  2024       1       1  hru1           0.000       0.000      -0.001      -0.026            0.000            0.000            0.000            0.000            0.017            0.003            0.003            0.050            0.008            0.000            0.000            0.000            0.000            0.000            0.000
   109     4    18  2024       1       1  hru1           0.000       0.000      -0.001      -0.026            0.000            0.000            0.000            0.000            0.017            0.003            0.003            0.050            0.008            0.000            0.000            0.000            0.000            0.000            0.000
   110     4    19  2024       1       1  hru1           0.000       0.000      -0.001      -0.026            0.000            0.000            0.000            0.000            0.017            0.003            0.003            0.049            0.008            0.000            0.000            0.000            0.000            0.000            0.000
   111     4    20  2024       1       1  hru1           0.000       0.000      -0.001      -0.026            0.000            0.000            0.000            0.000            0.017            0.003            0.003            0.049            0.008            0.000            0.000            0.000            0.000            0.000            0.000
   112     4    21  2024       1       1  hru1           0.000       0.000      -0.001      -0.026            0.000            0.000            0.000            0.000            0.017            0.003            0.003            0.048            0.008            0.000            0.000            0.000            0.000            0.000            0.000
   113     4    22  2024       1       1  hru1           0.000       0.000      -0.001      -0.026            0.000            0.000            0.000            0.000            0.016            0.003            0.003            0.048            0.008            0.000            0.000            0.000            0.000            0.000            0.000
   114     4    23  2024       1       1  hru1           0.000       0.000      -0.001      -0.026            0.000            0.000            0.000            0.000            0.016            0.003            0.003            0.047            0.008            0.000            0.000            0.000            0.000            0.000            0.000
   115     4    24  2024       1       1  hru1           0.000       0.000      -0.001      -0.026            0.000            0.000            0.000            0.000            0.016            0.003            0.003            0.047            0.008            0.000            0.000            0.000            0.000            0.000            0.000
   116     4    25  2024       1       1  hru1           0.000       0.000      -0.001      -0.026            0.000            0.000            0.000            0.000            0.016            0.003            0.003            0.047            0.008            0.000            0.000            0.000            0.000            0.000            0.000
   117     4    26  2024       1       1  hru1           0.000       0.000      -0.001      -0.026            0.000            0.000            0.000            0.000            0.016            0.003            0.003            0.046            0.008            0.000            0.000            0.000            0.000            0.000            0.000
   118     4    27  2024       1       1  hru1           0.000       0.000      -0.002      -0.026            0.000            0.000            0.000            0.000            0.016            0.003            0.003            0.046            0.008            0.000            0.000            0.000            0.000            0.000            0.000
   119     4    28  2024       1       1  hru1           0.000       0.000      -0.002      -0.026            0.000            0.000            0.000            0.000            0.016            0.003            0.003            0.045            0.007            0.000            0.000            0.000            0.000            0.000            0.000
   120     4    29  2024       1       1  hru1           0.000       0.000      -0.002      -0.026            0.000            0.000            0.000            0.000            0.016            0.003            0.003            0.045            0.007            0.000            0.000            0.000            0.000            0.000            0.000
   121     4    30  2024       1       1  hru1           0.000       0.000      -0.002      -0.026            0.000            0.000            0.000            0.000            0.016            0.003            0.003            0.044            0.007            0.000            0.000            0.000            0.000            0.000            0.000
   122     5     1  2024       1       1  hru1           0.000       0.000      -0.002      -0.026            0.000            0.000            0.000            0.000            0.016            0.003            0.003            0.044            0.007            0.000            0.000            0.000            0.000            0.000            0.000
   123     5     2  2024       1       1  hru1           0.000       0.000      -0.002      -0.026            0.000            0.000            0.000            0.000            0.016            0.003            0.003            0.043            0.007            0.000            0.000            0.000            0.000            0.000            0.000
   124     5     3  2024       1       1  hru1           0.000       0.000      -0.000      -0.026            0.000            0.000            0.000            0.000            0.016            0.003            0.003            0.043            0.007            0.000            0.000            0.000            0.000            0.000            0.000
   125     5     4  2024       1       1  hru1           0.000       0.000      -0.002      -0.026            0.000            0.000            0.000            0.000            0.016            0.003            0.003            0.043            0.007            0.000            0.000            0.000            0.000            0.000            0.000
   126     5     5  2024       1       1  hru1           0.000       0.000      -0.002      -0.026            0.000            0.000            0.000            0.000            0.016            0.003            0.003            0.042            0.007            0.000            0.000            0.000            0.000            0.000            0.000
   127     5     6  2024       1       1  hru1           0.000       0.000      -0.001      -0.026            0.000            0.000            0.000            0.000            0.016            0.003            0.003            0.042            0.007            0.000            0.000            0.000            0.000            0.000            0.000
   128     5     7  2024       1       1  hru1           0.000       0.000      -0.001      -0.026            0.000            0.000            0.000            0.000            0.016            0.003            0.003            0.041            0.007            0.000            0.000            0.000            0.000            0.000            0.000
   129     5     8  2024       1       1  hru1           0.000       0.000      -0.002      -0.026            0.000            0.000            0.000            0.000            0.016            0.003            0.003            0.041            0.007            0.000            0.000            0.000            0.000            0.000            0.000
   130     5     9  2024       1       1  hru1           0.000       0.000      -0.003      -0.026            0.000            0.000            0.000            0.000            0.016            0.003            0.003            0.040            0.007            0.000            0.000            0.000            0.000            0.000            0.000
   131     5    10  2024       1       1  hru1           0.000       0.000      -0.003      -0.026            0.000            0.000            0.000            0.000            0.016            0.003            0.003            0.040            0.007            0.000            0.000            0.000            0.000            0.000            0.000
   132     5    11  2024       1       1  hru1           0.000       0.000      -0.003      -0.026            0.000            0.000            0.000            0.000            0.016            0.003            0.003            0.040            0.007            0.000            0.000            0.000            0.000            0.000            0.000
   133     5    12  2024       1       1  hru1           0.000       0.000      -0.003      -0.026            0.000            0.000            0.000            0.000            0.016            0.003            0.003            0.039            0.006            0.000            0.000            0.000            0.000            0.000            0.000
   134     5    13  2024       1       1  hru1           0.000       0.000      -0.003      -0.026            0.000            0.000            0.000            0.000            0.016            0.003            0.003            0.039            0.006            0.000            0.000            0.000            0.000            0.000            0.000
   135     5    14  2024       1       1  hru1           0.000       0.000      -0.002      -0.026            0.000            0.000            0.000            0.000            0.016            0.003            0.003            0.038            0.006            0.000            0.000            0.000            0.000            0.000            0.000
   136     5    15  2024       1       1  hru1           0.000       0.000      -0.003      -0.026            0.000            0.000            0.000            0.000            0.016            0.003            0.003            0.038            0.006            0.000            0.000            0.000            0.000            0.000            0.000
   137     5    16  2024       1       1  hru1           0.000       0.000      -0.003      -0.026            0.000            0.000            0.000            0.000            0.016            0.003            0.003            0.038            0.006            0.000            0.000            0.000            0.000            0.000            0.000
   138     5    17  2024       1       1  hru1           0.000       0.000      -0.003      -0.026            0.000            0.000            0.000            0.000            0.016            0.003            0.003            0.037            0.006            0.000            0.000            0.000            0.000            0.000            0.000
   139     5    18  2024       1       1  hru1           0.000       0.000      -0.003      -0.026            0.000            0.000            0.000            0.000            0.016            0.003            0.003            0.037            0.006            0.000            0.000            0.000            0.000            0.000            0.000
   140     5    19  2024       1       1  hru1           0.000       0.000      -0.003      -0.026            0.000            0.000            0.000            0.000            0.016            0.003            0.003            0.037            0.006            0.000            0.000            0.000            0.000            0.000            0.000
   141     5    20  2024       1       1  hru1           0.000       0.000      -0.003      -0.026            0.000            0.000            0.000            0.000            0.015            0.003            0.003            0.036            0.006            0.000            0.000            0.000            0.000            0.000            0.000
   142     5    21  2024       1       1  hru1           0.000       0.000      -0.003      -0.026            0.000            0.000            0.000            0.000            0.015            0.003            0.003            0.036            0.006            0.000            0.000            0.000            0.000            0.000            0.000
   143     5    22  2024       1       1  hru1           0.000       0.000      -0.003      -0.026            0.000            0.000            0.000            0.000            0.015            0.003            0.003            0.035            0.006            0.000            0.000            0.000            0.000            0.000            0.000
   144     5    23  2024       1       1  hru1           0.000       0.000      -0.002      -0.026            0.000            0.000            0.000            0.000            0.015            0.003            0.003            0.035            0.006            0.000            0.000            0.000            0.000            0.000            0.000
   145     5    24  2024       1       1  hru1           0.000       0.000      -0.003      -0.026            0.000            0.000            0.000            0.000            0.015            0.003            0.003            0.035            0.006            0.000            0.000            0.000            0.000            0.000            0.000
   146     5    25  2024       1       1  hru1           0.000       0.000      -0.003      -0.026            0.000            0.000            0.000            0.000            0.015            0.003            0.003            0.034            0.006            0.000            0.000            0.000            0.000            0.000            0.000
   147     5    26  2024       1       1  hru1           0.000       0.000      -0.003      -0.026            0.000            0.000            0.000            0.000            0.015            0.003            0.003            0.034            0.006            0.000            0.000            0.000            0.000            0.000            0.000
   148     5    27  2024       1       1  hru1           0.000       0.000      -0.003      -0.026            0.000            0.000            0.000            0.000            0.015            0.003            0.003            0.034            0.006            0.000            0.000            0.000            0.000            0.000            0.000
   149     5    28  2024       1       1  hru1           0.000       0.000      -0.003      -0.026            0.000            0.000            0.000            0.000            0.015            0.003            0.003            0.033            0.006            0.000            0.000            0.000            0.000            0.000            0.000
   150     5    29  2024       1       1  hru1           0.000       0.000      -0.003      -0.026            0.000            0.000            0.000            0.000            0.015            0.003            0.003            0.033            0.005            0.000            0.000            0.000            0.000            0.000            0.000
   151     5    30  2024       1       1  hru1           0.000       0.000      -0.003      -0.026            0.000            0.000            0.000            0.000            0.015            0.003            0.002            0.033            0.005            0.000            0.000            0.000            0.000            0.000            0.000
   152     5    31  2024       1       1  hru1           0.000       0.000      -0.003      -0.026            0.000            0.000            0.000            0.000            0.015            0.003            0.002            0.032            0.005            0.000            0.000            0.000            0.000            0.000            0.000
   153     6     1  2024       1       1  hru1           0.000       0.000      -0.003      -0.026            0.000            0.000            0.000            0.000            0.015            0.003            0.002            0.032            0.005            0.000            0.000            0.000            0.000            0.000            0.000
   154     6     2  2024       1       1  hru1           0.000       0.000      -0.003      -0.026            0.000            0.000            0.000            0.000            0.016            0.003            0.003            0.036            0.006            0.000            0.000            0.503            0.077            0.000            0.000
   155     6     3  2024       1       1  hru1           0.000       0.000      -0.028      -0.026            0.000            0.000            0.000            0.000            0.017            0.003            0.003            0.037            0.006            0.000            0.000            0.656            0.061            0.000            0.000
   156     6     4  2024       1       1  hru1           0.000       0.000      -0.036      -0.026            0.000            0.000            0.000            0.000            0.017            0.003            0.003            0.038            0.006            0.000            0.000            0.641            0.066            0.000            0.000
   157     6     5  2024       1       1  hru1           0.000       0.000      -0.045      -0.026            0.000            0.000            0.000            0.000            0.018            0.003            0.003            0.040            0.007            0.000            0.000            0.652            0.064            0.000            0.000
   158     6     6  2024       1       1  hru1           0.000       0.000      -0.045      -0.026            0.000            0.000            0.000            0.000            0.019            0.003            0.003            0.043            0.007            0.000            0.000            0.778            0.083            0.000            0.000
   159     6     7  2024       1       1  hru1           0.000       0.000      -0.055      -0.026            0.000            0.000            0.000            0.000            0.021            0.003            0.003            0.047            0.008            0.000            0.000            0.858            0.084            0.000            0.000
   160     6     8  2024       1       1  hru1           0.000       0.000      -0.056      -0.026            0.000            0.000            0.000            0.000            0.022            0.003            0.004            0.051            0.008            0.000            0.000            0.867            0.082            0.000            0.000
   161     6     9  2024       1       1  hru1           0.000       0.000      -0.055      -0.026            0.000            0.000            0.000            0.000            0.023            0.003            0.004            0.052            0.009            0.000            0.000            0.915            0.088            0.000            0.000
   162     6    10  2024       1       1  hru1           0.000       0.000      -0.059      -0.026            0.000            0.000            0.000            0.000            0.023            0.003            0.004            0.051            0.008            0.000            0.000            1.005            0.097            0.000            0.000
   163     6    11  2024       1       1  hru1           0.000       0.000      -0.065      -0.026            0.000            0.000            0.000            0.000            0.024            0.003            0.004            0.052            0.009            0.000            0.000            1.038            0.094            0.000            0.000
   164     6    12  2024       1       1  hru1           0.000       0.000      -0.063      -0.026            0.000            0.000            0.000            0.000            0.024            0.003            0.004            0.052            0.009            0.000            0.000            1.365            0.140            0.000            0.000
   165     6    13  2024       1       1  hru1           0.000       0.000      -0.091      -0.026            0.000            0.000            0.000            0.000            0.025            0.003            0.004            0.053            0.009            0.000            0.000            1.405            0.119            0.000            0.000
   166     6    14  2024       1       1  hru1           0.000       0.000      -0.081      -0.026            0.000            0.000            0.000            0.000            0.025            0.003            0.004            0.053            0.009            0.000            0.000            1.543            0.143            0.000            0.000
   167     6    15  2024       1       1  hru1           0.000       0.000      -0.095      -0.026            0.000            0.000            0.000            0.000            0.024            0.003            0.004            0.048            0.008            0.000            0.000            1.925            0.189            0.000            0.000
   168     6    16  2024       1       1  hru1           0.000       0.000      -0.125      -0.026            0.000            0.000            0.000            0.000            0.022            0.003            0.004            0.042            0.007            0.000            0.000            1.592            0.122            0.000            0.000
   169     6    17  2024       1       1  hru1           0.000       0.000      -0.088      -0.026            0.000            0.000            0.000            0.000            0.021            0.003            0.003            0.036            0.006            0.000            0.000            0.987            0.075            0.000            0.000
   170     6    18  2024       1       1  hru1           0.000       0.000      -0.057      -0.027            0.000            0.000            0.000            0.000            0.020            0.003            0.003            0.032            0.005            0.000            0.000            0.275            0.000            0.000            0.000
   171     6    19  2024       1       1  hru1           0.000       0.000      -0.011      -0.027            0.000            0.000            0.000            0.000            0.020            0.003            0.003            0.031            0.005            0.000            0.000            0.470            0.052            0.000            0.000
   172     6    20  2024       1       1  hru1           0.000       0.000      -0.034      -0.027            0.000            0.000            0.000            0.000            0.021            0.003            0.003            0.033            0.005            0.000            0.000            1.456            0.156            0.000            0.000
   173     6    21  2024       1       1  hru1           0.000       0.000      -0.099      -0.027            0.000            0.000            0.000            0.000            0.022            0.003            0.004            0.035            0.006            0.000            0.000            2.312            0.215            0.000            0.000
   174     6    22  2024       1       1  hru1           0.000       0.000      -0.141      -0.027            0.000            0.000            0.000            0.000            0.023            0.003            0.004            0.038            0.006            0.000            0.000            2.324            0.206            0.000            0.000
   175     6    23  2024       1       1  hru1           0.000       0.000      -0.139      -0.027            0.000            0.000            0.000            0.000            0.024            0.003            0.004            0.042            0.007            0.000            0.000            0.067            0.189            0.000            0.000
   176     6    24  2024       1       1  hru1           0.000       0.000      -0.129      -0.027            0.000            0.000            0.000            0.000            0.026            0.003            0.004            0.044            0.007            0.000            0.000            0.070            0.198            0.000            0.000
   177     6    25  2024       1       1  hru1           0.000       0.000      -0.133      -0.027            0.000            0.000            0.000            0.000            0.026            0.003            0.004            0.045            0.007            0.000            0.000            0.071            0.262            0.000            0.000
   178     6    26  2024       1       1  hru1           0.000       0.000      -0.172      -0.027            0.000            0.000            0.000            0.000            0.027            0.003            0.004            0.045            0.007            0.000            0.000            0.072            0.275            0.000            0.000
   179     6    27  2024       1       1  hru1           0.000       0.000      -0.184      -0.027            0.000            0.000            0.000            0.000            0.026            0.003            0.004            0.043            0.007            0.000            0.000            0.069            0.265            0.000            0.000
   180     6    28  2024       1       1  hru1           0.000       0.000      -0.180      -0.027            0.000            0.000            0.000            0.000            0.025            0.003            0.004            0.040            0.007            0.000            0.000            0.066            0.237            0.000            0.000
   181     6    29  2024       1       1  hru1           0.000       0.000      -0.162      -0.027            0.000            0.000            0.000            0.000            0.025            0.003            0.004            0.040            0.007            0.000            0.000            0.066            0.127            0.000            0.000
   182     6    30  2024       1       1  hru1           0.000       0.000      -0.095      -0.027            0.000            0.000            0.000            0.000            0.025            0.003            0.004            0.039            0.006            0.000            0.000            0.065            0.009            0.000            0.000
   183     7     1  2024       1       1  hru1           0.000       0.000      -0.018      -0.027            0.000            0.000            0.000            0.000            0.025            0.003            0.004            0.038            0.006            0.000            0.000            0.063            0.047            0.000            0.000
   184     7     2  2024       1       1  hru1           0.000       0.000      -0.032      -0.027            0.000            0.000            0.000            0.000            0.025            0.003            0.004            0.036            0.006            0.000            0.000            0.061            0.024            0.000            0.000
   185     7     3  2024       1       1  hru1           0.000       0.000      -0.021      -0.027            0.000            0.000            0.000            0.000            0.024            0.003            0.004            0.035            0.006            0.000            0.000            0.060            0.000            0.000            0.000
   186     7     4  2024       1       1  hru1           0.000       0.000      -0.007      -0.027            0.000            0.000            0.000            0.000            0.024            0.003            0.004            0.034            0.006            0.000            0.000            0.058            0.008            0.000            0.000
   187     7     5  2024       1       1  hru1           0.000       0.000      -0.009      -0.027            0.000            0.000            0.000            0.000            0.024            0.003            0.004            0.033            0.006            0.000            0.000            0.058            0.000            0.000            0.000
   188     7     6  2024       1       1  hru1           0.000       0.000      -0.005      -0.027            0.000            0.000            0.000            0.000            0.025            0.003            0.004            0.034            0.006            0.000            0.000            0.059            0.000            0.000            0.000
   189     7     7  2024       1       1  hru1           0.000       0.000      -0.004      -0.027            0.000            0.000            0.000            0.000            0.025            0.003            0.004            0.034            0.006            0.000            0.000            0.059            0.000            0.000            0.000
   190     7     8  2024       1       1  hru1           0.000       0.000      -0.004      -0.027            0.000            0.000            0.000            0.000            0.026            0.003            0.004            0.034            0.006            0.000            0.000            0.060            0.000            0.000            0.000
   191     7     9  2024       1       1  hru1           0.000       0.000      -0.004      -0.027            0.000            0.000            0.000            0.000            0.027            0.003            0.004            0.035            0.006            0.000            0.000            0.062            0.000            0.000            0.000
   192     7    10  2024       1       1  hru1           0.000       0.000      -0.003      -0.027            0.000            0.000            0.000            0.000            0.028            0.003            0.005            0.036            0.006            0.000            0.000            0.064            0.000            0.000            0.000
   193     7    11  2024       1       1  hru1           0.000       0.000      -0.003      -0.027            0.000            0.000            0.000            0.000            0.029            0.003            0.005            0.036            0.006            0.000            0.000            0.065            0.000            0.000            0.000
   194     7    12  2024       1       1  hru1           0.000       0.000      -0.003      -0.027            0.000            0.000            0.000            0.000            0.029            0.003            0.005            0.036            0.006            0.000            0.000            0.066            0.000            0.000            0.000
   195     7    13  2024       1       1  hru1           0.000       0.000      -0.002      -0.027            0.000            0.000            0.000            0.000            0.030            0.003            0.005            0.036            0.006            0.000            0.000            0.066            0.073            0.000            0.000
   196     7    14  2024       1       1  hru1           0.000       0.000      -0.042      -0.027            0.000            0.000            0.000            0.000            0.031            0.003            0.005            0.036            0.006            0.000            0.000            0.066            0.022            0.000            0.000
   197     7    15  2024       1       1  hru1           0.000       0.000      -0.019      -0.027            0.000            0.000            0.000            0.000            0.030            0.003            0.005            0.035            0.006            0.000            0.000            0.065            0.085            0.000            0.000
   198     7    16  2024       1       1  hru1           0.000       0.000      -0.050      -0.027            0.000            0.000            0.000            0.000            0.030            0.003            0.005            0.034            0.006            0.000            0.000            0.064            0.097            0.000            0.000
   199     7    17  2024       1       1  hru1           0.000       0.000      -0.061      -0.027            0.000            0.000            0.000            0.000            0.030            0.003            0.005            0.033            0.005            0.000            0.000            0.063            0.140            0.000            0.000
   200     7    18  2024       1       1  hru1           0.000       0.000      -0.091      -0.027            0.000            0.000            0.000            0.000            0.030            0.003            0.005            0.032            0.005            0.000            0.000            0.063            0.080            0.000            0.000
   201     7    19  2024       1       1  hru1           0.000       0.000      -0.060      -0.027            0.000            0.000            0.000            0.000            0.031            0.003            0.005            0.032            0.005            0.000            0.000            0.063            0.038            0.000            0.000
   202     7    20  2024       1       1  hru1           0.000       0.000      -0.031      -0.027            0.000            0.000            0.000            0.000            0.031            0.003            0.005            0.031            0.005            0.000            0.000            0.062            0.065            0.000            0.000
   203     7    21  2024       1       1  hru1           0.000       0.000      -0.044      -0.027            0.000            0.000            0.000            0.000            0.031            0.003            0.005            0.031            0.005            0.000            0.000            0.061            0.083            0.000            0.000
   204     7    22  2024       1       1  hru1           0.000       0.000      -0.056      -0.027            0.000            0.000            0.000            0.000            0.030            0.003            0.005            0.030            0.005            0.000            0.000            0.060            0.098            0.000            0.000
   205     7    23  2024       1       1  hru1           0.000       0.000      -0.067      -0.027            0.000            0.000            0.000            0.000            0.030            0.003            0.005            0.029            0.005            0.000            0.000            0.060            0.044            0.000            0.000
   206     7    24  2024       1       1  hru1           0.000       0.000      -0.035      -0.027            0.000            0.000            0.000            0.000            0.031            0.003            0.005            0.029            0.005            0.000            0.000            0.059            0.121            0.000            0.000
   207     7    25  2024       1       1  hru1           0.000       0.000      -0.079      -0.027            0.000            0.000            0.000            0.000            0.031            0.003            0.005            0.028            0.005            0.000            0.000            0.059            0.149            0.000            0.000
   208     7    26  2024       1       1  hru1           0.000       0.000      -0.101      -0.027            0.000            0.000            0.000            0.000            0.030            0.003            0.005            0.027            0.004            0.000            0.000            0.057            0.106            0.000            0.000
   209     7    27  2024       1       1  hru1           0.000       0.000      -0.077      -0.027            0.000            0.000            0.000            0.000            0.030            0.003            0.005            0.025            0.004            0.000            0.000            0.055            0.027            0.000            0.000
   210     7    28  2024       1       1  hru1           0.000       0.000      -0.026      -0.027            0.000            0.000            0.000            0.000            0.029            0.003            0.005            0.024            0.004            0.000            0.000            0.054            0.075            0.000            0.000
   211     7    29  2024       1       1  hru1           0.000       0.000      -0.051      -0.028            0.000            0.000            0.000            0.000            0.029            0.003            0.005            0.024            0.004            0.000            0.000            0.053            0.035            0.000            0.000
   212     7    30  2024       1       1  hru1           0.000       0.000      -0.030      -0.028            0.000            0.000            0.000            0.000            0.028            0.003            0.005            0.022            0.004            0.000            0.000            0.051            0.044            0.000            0.000
   213     7    31  2024       1       1  hru1           0.000       0.000      -0.031      -0.028            0.000            0.000            0.000            0.000            0.028            0.003            0.005            0.022            0.004            0.000            0.000            0.050            0.024            0.000            0.000
   214     8     1  2024       1       1  hru1           0.000       0.000      -0.021      -0.028            0.000            0.000            0.000            0.000            0.028            0.003            0.005            0.022            0.004            0.000            0.000            0.050            0.032            0.000            0.000
   215     8     2  2024       1       1  hru1           0.000       0.000      -0.025      -0.028            0.000            0.000            0.000            0.000            0.029            0.003            0.005            0.021            0.004            0.000            0.000            0.051            0.000            0.000            0.000
   216     8     3  2024       1       1  hru1           0.000       0.000      -0.007      -0.028            0.000            0.000            0.000            0.000            0.029            0.003            0.005            0.021            0.003            0.000            0.000            0.050            0.018            0.000            0.000
   217     8     4  2024       1       1  hru1           0.000       0.000      -0.015      -0.028            0.000            0.000            0.000            0.000            0.029            0.003            0.005            0.021            0.003            0.000            0.000            0.050            0.006            0.000            0.000
   218     8     5  2024       1       1  hru1           0.000       0.000      -0.011      -0.028            0.000            0.000            0.000            0.000            0.029            0.003            0.005            0.020            0.003            0.000            0.000            0.050            0.018            0.000            0.000
   219     8     6  2024       1       1  hru1           0.000       0.000      -0.014      -0.028            0.000            0.000            0.000            0.000            0.029            0.003            0.005            0.020            0.003            0.000            0.000            0.049            0.021            0.000            0.000
   220     8     7  2024       1       1  hru1           0.000       0.000      -0.017      -0.028            0.000            0.000            0.000            0.000            0.029            0.003            0.005            0.019            0.003            0.000            0.000            0.048            0.038            0.000            0.000
   221     8     8  2024       1       1  hru1           0.000       0.000      -0.028      -0.028            0.000            0.000            0.000            0.000            0.029            0.003            0.005            0.018            0.003            0.000            0.000            0.047            0.027            0.000            0.000
   222     8     9  2024       1       1  hru1           0.000       0.000      -0.022      -0.028            0.000            0.000            0.000            0.000            0.029            0.003            0.005            0.018            0.003            0.000            0.000            0.047            0.007            0.000            0.000
   223     8    10  2024       1       1  hru1           0.000       0.000      -0.009      -0.028            0.000            0.000            0.000            0.000            0.029            0.003            0.005            0.017            0.003            0.000            0.000            0.046            0.014            0.000            0.000
   224     8    11  2024       1       1  hru1           0.000       0.000      -0.013      -0.028            0.000            0.000            0.000            0.000            0.029            0.003            0.005            0.017            0.003            0.000            0.000            0.046            0.016            0.000            0.000
   225     8    12  2024       1       1  hru1           0.000       0.000      -0.014      -0.028            0.000            0.000            0.000            0.000            0.029            0.003            0.005            0.017            0.003            0.000            0.000            0.046            0.005            0.000            0.000
   226     8    13  2024       1       1  hru1           0.000       0.000      -0.009      -0.028            0.000            0.000            0.000            0.000            0.029            0.003            0.005            0.016            0.003            0.000            0.000            0.045            0.010            0.000            0.000
   227     8    14  2024       1       1  hru1           0.000       0.000      -0.011      -0.028            0.000            0.000            0.000            0.000            0.028            0.003            0.005            0.028            0.004            0.000            0.000            0.057            0.017            0.000            0.000
   228     8    15  2024       1       1  hru1           0.000       0.000      -0.014      -0.028            0.000            0.000            0.000            0.000            0.028            0.003            0.005            0.039            0.006            0.000            0.000            0.067            0.001            0.000            0.000
   229     8    16  2024       1       1  hru1           0.000       0.000      -0.006      -0.028            0.000            0.000            0.000            0.000            0.027            0.003            0.005            0.048            0.007            0.000            0.000            0.076            0.003            0.000            0.000
   230     8    17  2024       1       1  hru1           0.000       0.000      -0.006      -0.028            0.000            0.000            0.000            0.000            0.027            0.003            0.004            0.054            0.007            0.000            0.000            0.081            0.000            0.000            0.000
   231     8    18  2024       1       1  hru1           0.000       0.000      -0.005      -0.028            0.000            0.000            0.000            0.000            0.028            0.002            0.005            0.059            0.008            0.000            0.000            0.087            0.000            0.000            0.000
   232     8    19  2024       1       1  hru1           0.000       0.000      -0.006      -0.028            0.000            0.000            0.000            0.000            0.028            0.002            0.005            0.067            0.008            0.000            0.000            0.095            0.000            0.000            0.000
   233     8    20  2024       1       1  hru1           0.000       0.000      -0.005      -0.028            0.000            0.000            0.000            0.000            0.028            0.002            0.005            0.072            0.009            0.000            0.000            0.100            0.000            0.000            0.000
   234     8    21  2024       1       1  hru1           0.000       0.000       0.001      -0.028            0.000            0.000            0.000            0.000            0.027            0.002            0.005            0.074            0.009            0.000            0.000            0.101            0.000            0.000            0.000
   235     8    22  2024       1       1  hru1           0.000       0.000       0.002      -0.028            0.000            0.000            0.000            0.000            0.027            0.002            0.005            0.076            0.009            0.000            0.000            0.104            0.000            0.000            0.000
   236     8    23  2024       1       1  hru1           0.000       0.000      -0.003      -0.028            0.000            0.000            0.000            0.000            0.027            0.002            0.004            0.077            0.009            0.000            0.000            0.105            0.000            0.000            0.000
   237     8    24  2024       1       1  hru1           0.000       0.000      -0.003      -0.028            0.000            0.000            0.000            0.000            0.026            0.002            0.004            0.074            0.009            0.000            0.000            0.100            0.000            0.000            0.000
   238     8    25  2024       1       1  hru1           0.000       0.000      -0.001      -0.028            0.000            0.000            0.000            0.000            0.025            0.002            0.004            0.069            0.008            0.000            0.000            0.094            0.000            0.000            0.000
   239     8    26  2024       1       1  hru1           0.000       0.000      -0.003      -0.028            0.000            0.000            0.000            0.000            0.024            0.002            0.004            0.067            0.008            0.000            0.000            0.092            0.000            0.000            0.000
   240     8    27  2024       1       1  hru1           0.000       0.000      -0.003      -0.028            0.000            0.000            0.000            0.000            0.024            0.002            0.004            0.069            0.008            0.000            0.000            0.094            0.000            0.000            0.000
   241     8    28  2024       1       1  hru1           0.000       0.000      -0.002      -0.028            0.000            0.000            0.000            0.000            0.024            0.002            0.004            0.067            0.008            0.000            0.000            0.091            0.000            0.000            0.000
   242     8    29  2024       1       1  hru1           0.000       0.000       0.000      -0.028            0.000            0.000            0.000            0.000            0.023            0.002            0.004            0.064            0.007            0.000            0.000            0.088            0.000            0.000            0.000
   243     8    30  2024       1       1  hru1           0.000       0.000      -0.002      -0.027            0.000            0.000            0.000            0.000            0.023            0.002            0.004            0.064            0.007            0.000            0.000            0.088            0.000            0.000            0.000
   244     8    31  2024       1       1  hru1           0.000       0.000      -0.002      -0.027            0.000            0.000            0.000            0.000            0.023            0.002            0.004            0.066            0.008            0.000            0.000            0.090            0.000            0.000            0.000
   245     9     1  2024       1       1  hru1           0.000       0.000      -0.002      -0.027            0.000            0.000            0.000            0.000            0.023            0.002            0.004            0.069            0.008            0.000            0.000            0.092            0.000            0.000            0.000
   246     9     2  2024       1       1  hru1           0.000       0.000      -0.001      -0.027            0.000            0.000            0.000            0.000            0.024            0.002            0.004            0.072            0.008            0.000            0.000            0.096            0.000            0.000            0.000
   247     9     3  2024       1       1  hru1           0.000       0.000      -0.003      -0.027            0.000            0.000            0.000            0.000            0.024            0.002            0.004            0.073            0.008            0.000            0.000            0.098            0.000            0.000            0.000
   248     9     4  2024       1       1  hru1           0.000       0.000      -0.003      -0.027            0.000            0.000            0.000            0.000            0.024            0.002            0.004            0.073            0.008            0.000            0.000            0.097            0.000            0.000            0.000
   249     9     5  2024       1       1  hru1           0.000       0.000      -0.002      -0.027            0.000            0.000            0.000            0.000            0.024            0.002            0.004            0.074            0.008            0.000            0.000            0.097            0.000            0.000            0.000
   250     9     6  2024       1       1  hru1           0.000       0.000       0.001      -0.027            0.000            0.000            0.000            0.000            0.024            0.002            0.004            0.075            0.008            0.000            0.000            0.099            0.000            0.000            0.000
   251     9     7  2024       1       1  hru1           0.000       0.000      -0.000      -0.027            0.000            0.000            0.000            0.000            0.024            0.002            0.004            0.078            0.009            0.000            0.000            0.102            0.000            0.000            0.000
   252     9     8  2024       1       1  hru1           0.000       0.000      -0.001      -0.027            0.000            0.000            0.000            0.000            0.024            0.002            0.004            0.080            0.009            0.000            0.000            0.104            0.000            0.000            0.000
   253     9     9  2024       1       1  hru1           0.000       0.000      -0.002      -0.027            0.000            0.000            0.000            0.000            0.024            0.002            0.004            0.081            0.009            0.000            0.000            0.106            0.000            0.000            0.000
   254     9    10  2024       1       1  hru1           0.000       0.000      -0.002      -0.027            0.000            0.000            0.000            0.000            0.024            0.002            0.004            0.082            0.009            0.000            0.000            0.106            0.000            0.000            0.000
   255     9    11  2024       1       1  hru1           0.000       0.000       0.001      -0.027            0.000            0.000            0.000            0.000            0.024            0.002            0.004            0.081            0.009            0.000            0.000            0.105            0.000            0.000            0.000
   256     9    12  2024       1       1  hru1           0.000       0.000       0.000      -0.027            0.000            0.000            0.000            0.000            0.023            0.002            0.004            0.074            0.008            0.000            0.000            0.096            0.000            0.000            0.000
   257     9    13  2024       1       1  hru1           0.000       0.000      -0.003      -0.027            0.000            0.000            0.000            0.000            0.022            0.002            0.004            0.067            0.007            0.000            0.000            0.090            0.000            0.000            0.000
   258     9    14  2024       1       1  hru1           0.000       0.000      -0.003      -0.027            0.000            0.000            0.000            0.000            0.022            0.002            0.004            0.065            0.007            0.000            0.000            0.087            0.000            0.000            0.000
   259     9    15  2024       1       1  hru1           0.000       0.000      -0.002      -0.027            0.000            0.000            0.000            0.000            0.022            0.002            0.004            0.065            0.007            0.000            0.000            0.087            0.000            0.000            0.000
   260     9    16  2024       1       1  hru1           0.000       0.000      -0.001      -0.027            0.000            0.000            0.000            0.000            0.022            0.002            0.004            0.064            0.007            0.000            0.000            0.086            0.000            0.000            0.000
   261     9    17  2024       1       1  hru1           0.000       0.000      -0.003      -0.027            0.000            0.000            0.000            0.000            0.021            0.002            0.004            0.061            0.007            0.000            0.000            0.083            0.000            0.000            0.000
   262     9    18  2024       1       1  hru1           0.000       0.000      -0.004      -0.027            0.000            0.000            0.000            0.000            0.021            0.002            0.003            0.057            0.006            0.000            0.000            0.078            0.000            0.000            0.000
   263     9    19  2024       1       1  hru1           0.000       0.000      -0.002      -0.027            0.000            0.000            0.000            0.000            0.021            0.002            0.003            0.057            0.006            0.000            0.000            0.078            0.001            0.000            0.000
   264     9    20  2024       1       1  hru1           0.000       0.000      -0.003      -0.027            0.000            0.000            0.000            0.000            0.021            0.002            0.003            0.057            0.006            0.000            0.000            0.079            0.006            0.000            0.000
   265     9    21  2024       1       1  hru1           0.000       0.000      -0.006      -0.027            0.000            0.000            0.000            0.000            0.021            0.002            0.003            0.056            0.006            0.000            0.000            0.077            0.002            0.000            0.000
   266     9    22  2024       1       1  hru1           0.000       0.000      -0.003      -0.027            0.000            0.000            0.000            0.000            0.021            0.002            0.003            0.056            0.006            0.000            0.000            0.076            0.003            0.000            0.000
   267     9    23  2024       1       1  hru1           0.000       0.000      -0.005      -0.027            0.000            0.000            0.000            0.000            0.021            0.002            0.003            0.056            0.006            0.000            0.000            0.077            0.002            0.000            0.000
   268     9    24  2024       1       1  hru1           0.000       0.000      -0.004      -0.027            0.000            0.000            0.000            0.000            0.021            0.002            0.004            0.058            0.006            0.000            0.000            0.000            0.000            0.000            0.000
   269     9    25  2024       1       1  hru1           0.000       0.000       0.001      -0.027            0.000            0.000            0.000            0.000            0.022            0.002            0.004            0.240            0.040            0.000            0.000            0.000            0.000            0.000            0.000
   270     9    26  2024       1       1  hru1           0.000       0.000       0.003      -0.027            0.000            0.000            0.000            0.000            0.022            0.002            0.004            0.209            0.035            0.000            0.000            0.000            0.000            0.000            0.000
   271     9    27  2024       1       1  hru1           0.000       0.000       0.009      -0.027            0.000            0.000            0.000            0.000            0.022            0.002            0.004            0.207            0.034            0.000            0.000            0.000            0.000            0.000            0.000
   272     9    28  2024       1       1  hru1           0.000       0.000       0.011      -0.027            0.000            0.000            0.000            0.000            0.022            0.002            0.004            0.205            0.034            0.000            0.000            0.000            0.000            0.000            0.000
   273     9    29  2024       1       1  hru1           0.000       0.000       0.011      -0.027            0.000            0.000            0.000            0.000            0.022            0.002            0.004            0.203            0.034            0.000            0.000            0.000            0.000            0.000            0.000
   274     9    30  2024       1       1  hru1           0.000       0.000       0.009      -0.027            0.000            0.000            0.000            0.000            0.021            0.002            0.004            0.201            0.033            0.000            0.000            0.000            0.000            0.000            0.000
   275    10     1  2024       1       1  hru1           0.000       0.000       0.009      -0.027            0.000            0.000            0.000            0.000            0.021            0.002            0.003            0.199            0.033            0.000            0.000            0.000            0.000            0.000            0.000
   276    10     2  2024       1       1  hru1           0.000       0.000       0.010      -0.027            0.000            0.000            0.000            0.000            0.020            0.002            0.003            0.197            0.033            0.000            0.000            0.000            0.000            0.000            0.000
   277    10     3  2024       1       1  hru1           0.000       0.000       0.011      -0.027            0.000            0.000            0.000            0.000            0.020            0.002            0.003            0.195            0.032            0.000            0.000            0.000            0.000            0.000            0.000
   278    10     4  2024       1       1  hru1           0.000       0.000       0.011      -0.027            0.000            0.000            0.000            0.000            0.020            0.002            0.003            0.193            0.032            0.000            0.000            0.000            0.000            0.000            0.000
   279    10     5  2024       1       1  hru1           0.000       0.000       0.012      -0.027            0.000            0.000            0.000            0.000            0.020            0.002            0.003            0.191            0.032            0.000            0.000            0.000            0.000            0.000            0.000
   280    10     6  2024       1       1  hru1           0.000       0.000       0.012      -0.027            0.000            0.000            0.000            0.000            0.019            0.002            0.003            0.189            0.031            0.000            0.000            0.000            0.000            0.000            0.000
   281    10     7  2024       1       1  hru1           0.000       0.000       0.012      -0.027            0.000            0.000            0.000            0.000            0.019            0.003            0.003            0.188            0.031            0.000            0.000            0.000            0.000            0.000            0.000
   282    10     8  2024       1       1  hru1           0.000       0.000       0.013      -0.027            0.000            0.000            0.000            0.000            0.019            0.003            0.003            0.186            0.031            0.000            0.000            0.000            0.000            0.000            0.000
   283    10     9  2024       1       1  hru1           0.000       0.000       0.013      -0.027            0.000            0.000            0.000            0.000            0.019            0.003            0.003            0.184            0.030            0.000            0.000            0.000            0.000            0.000            0.000
   284    10    10  2024       1       1  hru1           0.000       0.000       0.013      -0.027            0.000            0.000            0.000            0.000            0.019            0.003            0.003            0.182            0.030            0.000            0.000            0.000            0.000            0.000            0.000
   285    10    11  2024       1       1  hru1           0.000       0.000       0.013      -0.027            0.000            0.000            0.000            0.000            0.019            0.003            0.003            0.180            0.030            0.000            0.000            0.000            0.000            0.000            0.000
   286    10    12  2024       1       1  hru1           0.000       0.000       0.013      -0.027            0.000            0.000            0.000            0.000            0.019            0.003            0.003            0.178            0.029            0.000            0.000            0.000            0.000            0.000            0.000
   287    10    13  2024       1       1  hru1           0.000       0.000       0.013      -0.027            0.000            0.000            0.000            0.000            0.019            0.003            0.003            0.177            0.029            0.000            0.000            0.000            0.000            0.000            0.000
   288    10    14  2024       1       1  hru1           0.000       0.000       0.013      -0.026            0.000            0.000            0.000            0.000            0.019            0.003            0.003            0.175            0.029            0.000            0.000            0.000            0.000            0.000            0.000
   289    10    15  2024       1       1  hru1           0.000       0.000       0.013      -0.026            0.000            0.000            0.000            0.000            0.018            0.003            0.003            0.173            0.029            0.000            0.000            0.000            0.000            0.000            0.000
   290    10    16  2024       1       1  hru1           0.000       0.000       0.013      -0.026            0.000            0.000            0.000            0.000            0.018            0.003            0.003            0.171            0.028            0.000            0.000            0.000            0.000            0.000            0.000
   291    10    17  2024       1       1  hru1           0.000       0.000       0.013      -0.026            0.000            0.000            0.000            0.000            0.018            0.003            0.003            0.170            0.028            0.000            0.000            0.000            0.000            0.000            0.000
   292    10    18  2024       1       1  hru1           0.000       0.000       0.012      -0.026            0.000            0.000            0.000            0.000            0.017            0.003            0.003            0.168            0.028            0.000            0.000            0.000            0.000            0.000            0.000
   293    10    19  2024       1       1  hru1           0.000       0.000       0.012      -0.026            0.000            0.000            0.000            0.000            0.017            0.003            0.003            0.166            0.027            0.000            0.000            0.000            0.000            0.000            0.000
   294    10    20  2024       1       1  hru1           0.000       0.000       0.012      -0.026            0.000            0.000            0.000            0.000            0.017            0.003            0.003            0.165            0.027            0.000            0.000            0.000            0.000            0.000            0.000
   295    10    21  2024       1       1  hru1           0.000       0.000       0.012      -0.026            0.000            0.000            0.000            0.000            0.017            0.003            0.003            0.163            0.027            0.000            0.000            0.000            0.000            0.000            0.000
   296    10    22  2024       1       1  hru1           0.000       0.000       0.012      -0.026            0.000            0.000            0.000            0.000            0.017            0.003            0.003            0.161            0.027            0.000            0.000            0.000            0.000            0.000            0.000
   297    10    23  2024       1       1  hru1           0.000       0.000       0.012      -0.026            0.000            0.000            0.000            0.000            0.017            0.003            0.003            0.160            0.026            0.000            0.000            0.000            0.000            0.000            0.000
   298    10    24  2024       1       1  hru1           0.000       0.000       0.012      -0.026            0.000            0.000            0.000            0.000            0.017            0.003            0.003            0.158            0.026            0.000            0.000            0.000            0.000            0.000            0.000
   299    10    25  2024       1       1  hru1           0.000       0.000       0.011      -0.026            0.000            0.000            0.000            0.000            0.017            0.003            0.003            0.157            0.026            0.000            0.000            0.000            0.000            0.000            0.000
   300    10    26  2024       1       1  hru1           0.000       0.000       0.011      -0.026            0.000            0.000            0.000            0.000            0.017            0.003            0.003            0.155            0.026            0.000            0.000            0.000            0.000            0.000            0.000
   301    10    27  2024       1       1  hru1           0.000       0.000       0.011      -0.026            0.000            0.000            0.000            0.000            0.017            0.003            0.003            0.153            0.025            0.000            0.000            0.000            0.000            0.000            0.000
   302    10    28  2024       1       1  hru1           0.000       0.000       0.011      -0.026            0.000            0.000            0.000            0.000            0.017            0.003            0.003            0.152            0.025            0.000            0.000            0.000            0.000            0.000            0.000
   303    10    29  2024       1       1  hru1           0.000       0.000       0.011      -0.026            0.000            0.000            0.000            0.000            0.016            0.003            0.003            0.150            0.025            0.000            0.000            0.000            0.000            0.000            0.000
   304    10    30  2024       1       1  hru1           0.000       0.000       0.011      -0.026            0.000            0.000            0.000            0.000            0.016            0.003            0.003            0.149            0.025            0.000            0.000            0.000            0.000            0.000            0.000
   305    10    31  2024       1       1  hru1           0.000       0.000       0.010      -0.026            0.000            0.000            0.000            0.000            0.016            0.003            0.003            0.147            0.024            0.000            0.000            0.000            0.000            0.000            0.000
   306    11     1  2024       1       1  hru1           0.000       0.000       0.012      -0.026            0.000            0.000            0.000            0.000            0.016            0.003            0.003            0.146            0.024            0.000            0.000            0.000            0.000            0.000            0.000
   307    11     2  2024       1       1  hru1           0.000       0.000       0.010      -0.026            0.000            0.000            0.000            0.000            0.016            0.003            0.003            0.144            0.024            0.000            0.000            0.000            0.000            0.000            0.000
   308    11     3  2024       1       1  hru1           0.000       0.000       0.011      -0.026            0.000            0.000            0.000            0.000            0.016            0.003            0.003            0.143            0.024            0.000            0.000            0.000            0.000            0.000            0.000
   309    11     4  2024       1       1  hru1           0.000       0.000       0.010      -0.026            0.000            0.000            0.000            0.000            0.016            0.003            0.003            0.142            0.023            0.000            0.000            0.000            0.000            0.000            0.000
   310    11     5  2024       1       1  hru1           0.000       0.000       0.009      -0.026            0.000            0.000            0.000            0.000            0.016            0.003            0.003            0.140            0.023            0.000            0.000            0.000            0.000            0.000            0.000
   311    11     6  2024       1       1  hru1           0.000       0.000       0.009      -0.026            0.000            0.000            0.000            0.000            0.016            0.003            0.003            0.139            0.023            0.000            0.000            0.000            0.000            0.000            0.000
   312    11     7  2024       1       1  hru1           0.000       0.000       0.009      -0.025            0.000            0.000            0.000            0.000            0.016            0.003            0.003            0.137            0.023            0.000            0.000            0.000            0.000            0.000            0.000
   313    11     8  2024       1       1  hru1           0.000       0.000       0.009      -0.025            0.000            0.000            0.000            0.000            0.016            0.003            0.003            0.136            0.022            0.000            0.000            0.000            0.000            0.000            0.000
   314    11     9  2024       1       1  hru1           0.000       0.000       0.009      -0.025            0.000            0.000            0.000            0.000            0.016            0.003            0.003            0.135            0.022            0.000            0.000            0.000            0.000            0.000            0.000
   315    11    10  2024       1       1  hru1           0.000       0.000       0.009      -0.025            0.000            0.000            0.000            0.000            0.016            0.003            0.003            0.133            0.022            0.000            0.000            0.000            0.000            0.000            0.000
   316    11    11  2024       1       1  hru1           0.000       0.000       0.009      -0.025            0.000            0.000            0.000            0.000            0.016            0.003            0.003            0.132            0.022            0.000            0.000            0.000            0.000            0.000            0.000
   317    11    12  2024       1       1  hru1           0.000       0.000       0.009      -0.025            0.000            0.000            0.000            0.000            0.016            0.003            0.003            0.131            0.022            0.000            0.000            0.000            0.000            0.000            0.000
   318    11    13  2024       1       1  hru1           0.000       0.000       0.008      -0.025            0.000            0.000            0.000            0.000            0.016            0.003            0.003            0.129            0.021            0.000            0.000            0.000            0.000            0.000            0.000
   319    11    14  2024       1       1  hru1           0.000       0.000       0.008      -0.025            0.000            0.000            0.000            0.000            0.016            0.003            0.003            0.128            0.021            0.000            0.000            0.000            0.000            0.000            0.000
   320    11    15  2024       1       1  hru1           0.000       0.000       0.008      -0.025            0.000            0.000            0.000            0.000            0.016            0.003            0.003            0.127            0.021            0.000            0.000            0.000            0.000            0.000            0.000
   321    11    16  2024       1       1  hru1           0.000       0.000       0.008      -0.025            0.000            0.000            0.000            0.000            0.016            0.003            0.003            0.125            0.021            0.000            0.000            0.000            0.000            0.000            0.000
   322    11    17  2024       1       1  hru1           0.000       0.000       0.008      -0.025            0.000            0.000            0.000            0.000            0.016            0.003            0.003            0.124            0.021            0.000            0.000            0.000            0.000            0.000            0.000
   323    11    18  2024       1       1  hru1           0.000       0.000       0.008      -0.025            0.000            0.000            0.000            0.000            0.016            0.003            0.003            0.123            0.020            0.000            0.000            0.000            0.000            0.000            0.000
   324    11    19  2024       1       1  hru1           0.000       0.000       0.008      -0.025            0.000            0.000            0.000            0.000            0.016            0.003            0.003            0.122            0.020            0.000            0.000            0.000            0.000            0.000            0.000
   325    11    20  2024       1       1  hru1           0.000       0.000       0.008      -0.025            0.000            0.000            0.000            0.000            0.016            0.003            0.003            0.121            0.020            0.000            0.000            0.000            0.000            0.000            0.000
   326    11    21  2024       1       1  hru1           0.000       0.000       0.007      -0.025            0.000            0.000            0.000            0.000            0.016            0.003            0.003            0.119            0.020            0.000            0.000            0.000            0.000            0.000            0.000
   327    11    22  2024       1       1  hru1           0.000       0.000       0.007      -0.025            0.000            0.000            0.000            0.000            0.016            0.003            0.003            0.118            0.020            0.000            0.000            0.000            0.000            0.000            0.000
   328    11    23  2024       1       1  hru1           0.000       0.000       0.007      -0.025            0.000            0.000            0.000            0.000            0.016            0.003            0.003            0.117            0.019            0.000            0.000            0.000            0.000            0.000            0.000
   329    11    24  2024       1       1  hru1           0.000       0.000       0.007      -0.025            0.000            0.000            0.000            0.000            0.016            0.003            0.003            0.116            0.019            0.000            0.000            0.000            0.000            0.000            0.000
   330    11    25  2024       1       1  hru1           0.000       0.000       0.007      -0.025            0.000            0.000            0.000            0.000            0.016            0.003            0.003            0.115            0.019            0.000            0.000            0.000            0.000            0.000            0.000
   331    11    26  2024       1       1  hru1           0.000       0.000       0.007      -0.025            0.000            0.000            0.000            0.000            0.016            0.003            0.003            0.113            0.019            0.000            0.000            0.000            0.000            0.000            0.000
   332    11    27  2024       1       1  hru1           0.000       0.000       0.008      -0.025            0.000            0.000            0.000            0.000            0.016            0.003            0.003            0.112            0.019            0.000            0.000            0.000            0.000            0.000            0.000
   333    11    28  2024       1       1  hru1           0.000       0.000       0.006      -0.025            0.000            0.000            0.000            0.000            0.016            0.003            0.003            0.111            0.018            0.000            0.000            0.000            0.000            0.000            0.000
   334    11    29  2024       1       1  hru1           0.000       0.000       0.004      -0.025            0.000            0.000            0.000            0.000            0.016            0.003            0.003            0.000            0.000            0.000            0.000            0.000            0.000            0.000            0.000
   335    11    30  2024       1       1  hru1           0.000       0.000       0.003      -0.025            0.000            0.000            0.000            0.000            0.016            0.003            0.003            0.000            0.000            0.000            0.000            0.000            0.000            0.000            0.000
   336    12     1  2024       1       1  hru1           0.000       0.000       0.001      -0.025            0.000            0.000            0.000            0.000            0.016            0.003            0.003            0.000            0.000            0.000            0.000            0.000            0.000            0.000            0.000
   337    12     2  2024       1       1  hru1           0.000       0.000       0.000      -0.025            0.000            0.000            0.000            0.000            0.016            0.003            0.003            0.000            0.000            0.000            0.000            0.000            0.000            0.000            0.000
   338    12     3  2024       1       1  hru1           0.000       0.000      -0.001      -0.025            0.000            0.000            0.000            0.000            0.016            0.003            0.003            0.000            0.000            0.000            0.000            0.000            0.000            0.000            0.000
   339    12     4  2024       1       1  hru1           0.000       0.000      -0.002      -0.025            0.000            0.000            0.000            0.000            0.016            0.003            0.003            0.000            0.000            0.000            0.000            0.000            0.000            0.000            0.000
   340    12     5  2024       1       1  hru1           0.000       0.000      -0.003      -0.025            0.000            0.000            0.000            0.000            0.010           -0.008            0.002            0.000            0.000            0.000            0.000            0.000            0.000            0.000            0.000
   341    12     6  2024       1       1  hru1           0.000       0.000      -0.003      -0.025            0.000            0.000            0.000            0.000            0.010           -0.008            0.002            0.000            0.000            0.000            0.000            0.000            0.000            0.000            0.000
   342    12     7  2024       1       1  hru1           0.000       0.000      -0.004      -0.025            0.000            0.000            0.000            0.000            0.010           -0.008            0.002            0.000            0.000            0.000            0.000            0.000            0.000            0.000            0.000
   343    12     8  2024       1       1  hru1           0.000       0.000      -0.004      -0.025            0.000            0.000            0.000            0.000            0.010           -0.008            0.002            0.000            0.000            0.000            0.000            0.000            0.000            0.000            0.000
   344    12     9  2024       1       1  hru1           0.000       0.000      -0.005      -0.025            0.000            0.000            0.000            0.000            0.010           -0.008            0.002            0.000            0.000            0.000            0.000            0.000            0.000            0.000            0.000
   345    12    10  2024       1       1  hru1           0.000       0.000      -0.005      -0.025            0.000            0.000            0.000            0.000            0.010           -0.008            0.002            0.000            0.000            0.000            0.000            0.000            0.000            0.000            0.000
   346    12    11  2024       1       1  hru1           0.000       0.000      -0.005      -0.025            0.000            0.000            0.000            0.000            0.010           -0.008            0.002            0.000            0.000            0.000            0.000            0.000            0.000            0.000            0.000
   347    12    12  2024       1       1  hru1           0.000       0.000      -0.006      -0.025            0.000            0.000            0.000            0.000            0.010           -0.008            0.002            0.000            0.000            0.000            0.000            0.000            0.000            0.000            0.000
   348    12    13  2024       1       1  hru1           0.000       0.000      -0.006      -0.025            0.000            0.000            0.000            0.000            0.010           -0.008            0.002            0.000            0.000            0.000            0.000            0.000            0.000            0.000            0.000
   349    12    14  2024       1       1  hru1           0.000       0.000      -0.006      -0.025            0.000            0.000            0.000            0.000            0.016            0.003            0.003            0.000            0.000            0.000            0.000            0.000            0.000            0.000            0.000
   350    12    15  2024       1       1  hru1           0.000       0.000      -0.006      -0.025            0.000            0.000            0.000            0.000            0.016            0.003            0.003            0.000            0.000            0.000            0.000            0.000            0.000            0.000            0.000
   351    12    16  2024       1       1  hru1           0.000       0.000      -0.006      -0.025            0.000            0.000            0.000            0.000            0.016            0.003            0.003            0.000            0.000            0.000            0.000            0.000            0.000            0.000            0.000
   352    12    17  2024       1       1  hru1           0.000       0.000      -0.007      -0.025            0.000            0.000            0.000            0.000            0.016            0.003            0.003            0.000            0.000            0.000            0.000            0.000            0.000            0.000            0.000
   353    12    18  2024       1       1  hru1           0.000       0.000      -0.006      -0.025            0.000            0.000            0.000            0.000            0.016            0.003            0.003            0.110            0.018            0.000            0.000            0.000            0.000            0.000            0.000
   354    12    19  2024       1       1  hru1           0.000       0.000      -0.003      -0.025            0.000            0.000            0.000            0.000            0.016            0.003            0.003            0.109            0.018            0.000            0.000            0.000            0.000            0.000            0.000
   355    12    20  2024       1       1  hru1           0.000       0.000      -0.003      -0.025            0.000            0.000            0.000            0.000            0.016            0.003            0.003            0.108            0.018            0.000            0.000            0.000            0.000            0.000            0.000
   356    12    21  2024       1       1  hru1           0.000       0.000      -0.002      -0.025            0.000            0.000            0.000            0.000            0.016            0.003            0.003            0.107            0.018            0.000            0.000            0.000            0.000            0.000            0.000
   357    12    22  2024       1       1  hru1           0.000       0.000      -0.001      -0.025            0.000            0.000            0.000            0.000            0.016            0.003            0.003            0.106            0.017            0.000            0.000            0.000            0.000            0.000            0.000
   358    12    23  2024       1       1  hru1           0.000       0.000       0.000      -0.025            0.000            0.000            0.000            0.000            0.016            0.003            0.003            0.105            0.017            0.000            0.000            0.000            0.000            0.000            0.000
   359    12    24  2024       1       1  hru1           0.000       0.000       0.002      -0.025            0.000            0.000            0.000            0.000            0.016            0.003            0.003            0.104            0.017            0.000            0.000            0.000            0.000            0.000            0.000
   360    12    25  2024       1       1  hru1           0.000       0.000       0.003      -0.025            0.000            0.000            0.000            0.000            0.016            0.003            0.003            0.103            0.017            0.000            0.000            0.000            0.000            0.000            0.000
   361    12    26  2024       1       1  hru1           0.000       0.000       0.002      -0.025            0.000            0.000            0.000            0.000            0.016            0.003            0.003            0.102            0.017            0.000            0.000            0.000            0.000            0.000            0.000
   362    12    27  2024       1       1  hru1           0.000       0.000       0.004      -0.025            0.000            0.000            0.000            0.000            0.017            0.003            0.003            0.101            0.017            0.000            0.000            0.000            0.000            0.000            0.000
   363    12    28  2024       1       1  hru1           0.000       0.000       0.004      -0.025            0.000            0.000            0.000            0.000            0.018            0.003            0.003            0.100            0.016            0.000            0.000            0.000            0.000            0.000            0.000
   364    12    29  2024       1       1  hru1           0.000       0.000       0.004      -0.025            0.000            0.000            0.000            0.000            0.018            0.003            0.003            0.099            0.016            0.000            0.000            0.000            0.000            0.000            0.000
   365    12    30  2024       1       1  hru1           0.000       0.000       0.001      -0.025            0.000            0.000            0.000            0.000            0.018            0.003            0.003            0.098            0.016            0.000            0.000            0.000            0.000            0.000            0.000
   366    12    31  2024       1       1  hru1           0.000       0.000       0.006      -0.025            0.000            0.000            0.000            0.000            0.018            0.003            0.003            0.097            0.016            0.000            0.000            0.000            0.000            0.000            0.000
     1     1     1  2025       1       1  hru1           0.000       0.000       0.004      -0.026            0.000            0.000            0.000            0.000            0.018            0.003            0.003            0.000            0.000            0.000            0.000            0.000            0.000            0.000            0.000
     2     1     2  2025       1       1  hru1           0.000       0.000       0.003      -0.026            0.000            0.000            0.000            0.000            0.018            0.003            0.003            0.000            0.000            0.000            0.000            0.000            0.000            0.000            0.000
     3     1     3  2025       1       1  hru1           0.000       0.000       0.000      -0.026            0.000            0.000            0.000            0.000            0.018            0.003            0.003            0.077            0.013            0.000            0.000            0.000            0.000            0.000            0.000
     4     1     4  2025       1       1  hru1           0.000       0.000       0.001      -0.026            0.000            0.000            0.000            0.000            0.018            0.003            0.003            0.076            0.013            0.000            0.000            0.000            0.000            0.000            0.000
     5     1     5  2025       1       1  hru1           0.000       0.000       0.001      -0.026            0.000            0.000            0.000            0.000            0.018            0.003            0.003            0.075            0.012            0.000            0.000            0.000            0.000            0.000            0.000
     6     1     6  2025       1       1  hru1           0.000       0.000      -0.000      -0.026            0.000            0.000            0.000            0.000            0.018            0.003            0.003            0.074            0.012            0.000            0.000            0.000            0.000            0.000            0.000
     7     1     7  2025       1       1  hru1           0.000       0.000       0.000      -0.026            0.000            0.000            0.000            0.000            0.018            0.003            0.003            0.074            0.012            0.000            0.000            0.000            0.000            0.000            0.000
     8     1     8  2025       1       1  hru1           0.000       0.000       0.000      -0.026            0.000            0.000            0.000            0.000            0.018            0.003            0.003            0.073            0.012            0.000            0.000            0.000            0.000            0.000            0.000
     9     1     9  2025       1       1  hru1           0.000       0.000      -0.001      -0.026            0.000            0.000            0.000            0.000            0.018            0.003            0.003            0.000            0.000            0.000            0.000            0.000            0.000            0.000            0.000
    10     1    10  2025       1       1  hru1           0.000       0.000      -0.002      -0.026            0.000            0.000            0.000            0.000            0.018            0.003            0.003            0.000            0.000            0.000            0.000            0.000            0.000            0.000            0.000
    11     1    11  2025       1       1  hru1           0.000       0.000      -0.002      -0.026            0.000            0.000            0.000            0.000            0.018            0.003            0.003            0.000            0.000            0.000            0.000            0.000            0.000            0.000            0.000
    12     1    12  2025       1       1  hru1           0.000       0.000      -0.003      -0.026            0.000            0.000            0.000            0.000            0.018            0.003            0.003            0.000            0.000            0.000            0.000            0.000            0.000            0.000            0.000
    13     1    13  2025       1       1  hru1           0.000       0.000      -0.004      -0.026            0.000            0.000            0.000            0.000            0.010           -0.008            0.002            0.000            0.000            0.000            0.000            0.000            0.000            0.000            0.000
    14     1    14  2025       1       1  hru1           0.000       0.000      -0.005      -0.026            0.000            0.000            0.000            0.000            0.010           -0.008            0.002            0.000            0.000            0.000            0.000            0.000            0.000            0.000            0.000
    15     1    15  2025       1       1  hru1           0.000       0.000      -0.005      -0.026            0.000            0.000            0.000            0.000            0.010           -0.008            0.002            0.000            0.000            0.000            0.000            0.000            0.000            0.000            0.000
    16     1    16  2025       1       1  hru1           0.000       0.000      -0.005      -0.026            0.000            0.000            0.000            0.000            0.010           -0.008            0.002            0.000            0.000            0.000            0.000            0.000            0.000            0.000            0.000
    17     1    17  2025       1       1  hru1           0.000       0.000      -0.006      -0.026            0.000            0.000            0.000            0.000            0.010           -0.008            0.002            0.000            0.000            0.000            0.000            0.000            0.000            0.000            0.000
    18     1    18  2025       1       1  hru1           0.000       0.000      -0.006      -0.026            0.000            0.000            0.000            0.000            0.010           -0.008            0.002            0.000            0.000            0.000            0.000            0.000            0.000            0.000            0.000
    19     1    19  2025       1       1  hru1           0.000       0.000      -0.006      -0.026            0.000            0.000            0.000            0.000            0.010           -0.008            0.002            0.000            0.000            0.000            0.000            0.000            0.000            0.000            0.000
    20     1    20  2025       1       1  hru1           0.000       0.000      -0.006      -0.026            0.000            0.000            0.000            0.000            0.010           -0.008            0.002            0.000            0.000            0.000            0.000            0.000            0.000            0.000            0.000
    21     1    21  2025       1       1  hru1           0.000       0.000      -0.006      -0.026            0.000            0.000            0.000            0.000            0.010           -0.008            0.002            0.000            0.000            0.000            0.000            0.000            0.000            0.000            0.000
    22     1    22  2025       1       1  hru1           0.000       0.000      -0.007      -0.026            0.000            0.000            0.000            0.000            0.010           -0.008            0.002            0.000            0.000            0.000            0.000            0.000            0.000            0.000            0.000
    23     1    23  2025       1       1  hru1           0.000       0.000      -0.007      -0.026            0.000            0.000            0.000            0.000            0.010           -0.008            0.002            0.000            0.000            0.000            0.000            0.000            0.000            0.000            0.000
    24     1    24  2025       1       1  hru1           0.000       0.000      -0.007      -0.026            0.000            0.000            0.000            0.000            0.010           -0.008            0.002            0.000            0.000            0.000            0.000            0.000            0.000            0.000            0.000
    25     1    25  2025       1       1  hru1           0.000       0.000      -0.007      -0.026            0.000            0.000            0.000            0.000            0.010           -0.008            0.002            0.000            0.000            0.000            0.000            0.000            0.000            0.000            0.000
    26     1    26  2025       1       1  hru1           0.000       0.000      -0.007      -0.026            0.000            0.000            0.000            0.000            0.010           -0.008            0.002            0.000            0.000            0.000            0.000            0.000            0.000            0.000            0.000
    27     1    27  2025       1       1  hru1           0.000       0.000      -0.007      -0.026            0.000            0.000            0.000            0.000            0.010           -0.008            0.002            0.000            0.000            0.000            0.000            0.000            0.000            0.000            0.000
    28     1    28  2025       1       1  hru1           0.000       0.000      -0.007      -0.026            0.000            0.000            0.000            0.000            0.010           -0.008            0.002            0.000            0.000            0.000            0.000            0.000            0.000            0.000            0.000
    29     1    29  2025       1       1  hru1           0.000       0.000      -0.007      -0.026            0.000            0.000            0.000            0.000            0.010           -0.008            0.002            0.000            0.000            0.000            0.000            0.000            0.000            0.000            0.000
    30     1    30  2025       1       1  hru1           0.000       0.000      -0.007      -0.026            0.000            0.000            0.000            0.000            0.010           -0.008            0.002            0.000            0.000            0.000            0.000            0.000            0.000            0.000            0.000
    31     1    31  2025       1       1  hru1           0.000       0.000      -0.007      -0.026            0.000            0.000            0.000            0.000            0.010           -0.008            0.002            0.000            0.000            0.000            0.000            0.000            0.000            0.000            0.000
    32     2     1  2025       1       1  hru1           0.000       0.000      -0.007      -0.026            0.000            0.000            0.000            0.000            0.010           -0.008            0.002            0.000            0.000            0.000            0.000            0.000            0.000            0.000            0.000
    33     2     2  2025       1       1  hru1           0.000       0.000      -0.008      -0.026            0.000            0.000            0.000            0.000            0.010           -0.008            0.002            0.000            0.000            0.000            0.000            0.000            0.000            0.000            0.000
    34     2     3  2025       1       1  hru1           0.000       0.000      -0.008      -0.026            0.000            0.000            0.000            0.000            0.010           -0.008            0.002            0.000            0.000            0.000            0.000            0.000            0.000            0.000            0.000
    35     2     4  2025       1       1  hru1           0.000       0.000      -0.008      -0.026            0.000            0.000            0.000            0.000            0.010           -0.008            0.002            0.000            0.000            0.000            0.000            0.000            0.000            0.000            0.000
    36     2     5  2025       1       1  hru1           0.000       0.000      -0.008      -0.026            0.000            0.000            0.000            0.000            0.017            0.003            0.003            0.000            0.000            0.000            0.000            0.000            0.000            0.000            0.000
    37     2     6  2025       1       1  hru1           0.000       0.000      -0.007      -0.026            0.000            0.000            0.000            0.000            0.017            0.003            0.003            0.000            0.000            0.000            0.000            0.000            0.000            0.000            0.000
    38     2     7  2025       1       1  hru1           0.000       0.000      -0.007      -0.026            0.000            0.000            0.000            0.000            0.017            0.003            0.003            0.000            0.000            0.000            0.000            0.000            0.000            0.000            0.000
    39     2     8  2025       1       1  hru1           0.000       0.000      -0.007      -0.026            0.000            0.000            0.000            0.000            0.017            0.003            0.003            0.000            0.000            0.000            0.000            0.000            0.000            0.000            0.000
    40     2     9  2025       1       1  hru1           0.000       0.000      -0.007      -0.026            0.000            0.000            0.000            0.000            0.017            0.003            0.003            0.000            0.000            0.000            0.000            0.000            0.000            0.000            0.000
    41     2    10  2025       1       1  hru1           0.000       0.000      -0.008      -0.026            0.000            0.000            0.000            0.000            0.010           -0.008            0.002            0.000            0.000            0.000            0.000            0.000            0.000            0.000            0.000
    42     2    11  2025       1       1  hru1           0.000       0.000      -0.008      -0.026            0.000            0.000            0.000            0.000            0.010           -0.008            0.002            0.000            0.000            0.000            0.000            0.000            0.000            0.000            0.000
    43     2    12  2025       1       1  hru1           0.000       0.000      -0.008      -0.026            0.000            0.000            0.000            0.000            0.010           -0.008            0.002            0.000            0.000            0.000            0.000            0.000            0.000            0.000            0.000
    44     2    13  2025       1       1  hru1           0.000       0.000      -0.008      -0.026            0.000            0.000            0.000            0.000            0.010           -0.008            0.002            0.000            0.000            0.000            0.000            0.000            0.000            0.000            0.000
    45     2    14  2025       1       1  hru1           0.000       0.000      -0.007      -0.026            0.000            0.000            0.000            0.000            0.010           -0.008            0.002            0.000            0.000            0.000            0.000            0.000            0.000            0.000            0.000
    46     2    15  2025       1       1  hru1           0.000       0.000      -0.008      -0.026            0.000            0.000            0.000            0.000            0.010           -0.008            0.002            0.000            0.000            0.000            0.000            0.000            0.000            0.000            0.000
    47     2    16  2025       1       1  hru1           0.000       0.000      -0.008      -0.026            0.000            0.000            0.000            0.000            0.010           -0.008            0.002            0.000            0.000            0.000            0.000            0.000            0.000            0.000            0.000
    48     2    17  2025       1       1  hru1           0.000       0.000      -0.008      -0.026            0.000            0.000            0.000            0.000            0.010           -0.008            0.002            0.000            0.000            0.000            0.000            0.000            0.000            0.000            0.000
    49     2    18  2025       1       1  hru1           0.000       0.000      -0.011      -0.026            0.000            0.000            0.000            0.000            0.010           -0.008            0.002            0.000            0.000            0.000            0.000            0.000            0.000            0.000            0.000
    50     2    19  2025       1       1  hru1           0.000       0.000      -0.008      -0.026            0.000            0.000            0.000            0.000            0.017            0.003            0.003            0.000            0.000            0.000            0.000            0.000            0.000            0.000            0.000
    51     2    20  2025       1       1  hru1           0.000       0.000      -0.009      -0.026            0.000            0.000            0.000            0.000            0.017            0.003            0.003            0.000            0.000            0.000            0.000            0.000            0.000            0.000            0.000
    52     2    21  2025       1       1  hru1           0.000       0.000      -0.008      -0.026            0.000            0.000            0.000            0.000            0.017            0.003            0.003            0.000            0.000            0.000            0.000            0.000            0.000            0.000            0.000
    53     2    22  2025       1       1  hru1           0.000       0.000      -0.008      -0.026            0.000            0.000            0.000            0.000            0.017            0.003            0.003            0.000            0.000            0.000            0.000            0.000            0.000            0.000            0.000
    54     2    23  2025       1       1  hru1           0.000       0.000      -0.006      -0.026            0.000            0.000            0.000            0.000            0.017            0.003            0.003            0.072            0.012            0.000            0.000            0.000            0.000            0.000            0.000
    55     2    24  2025       1       1  hru1           0.000       0.000      -0.004      -0.026            0.000            0.000            0.000            0.000            0.017            0.003            0.003            0.071            0.012            0.000            0.000            0.000            0.000            0.000            0.000
    56     2    25  2025       1       1  hru1           0.000       0.000      -0.004      -0.026            0.000            0.000            0.000            0.000            0.017            0.003            0.003            0.071            0.012            0.000            0.000            0.000            0.000            0.000            0.000
    57     2    26  2025       1       1  hru1           0.000       0.000      -0.004      -0.026            0.000            0.000            0.000            0.000            0.017            0.003            0.003            0.070            0.012            0.000            0.000            0.000            0.000            0.000            0.000
    58     2    27  2025       1       1  hru1           0.000       0.000      -0.003      -0.026            0.000            0.000            0.000            0.000            0.017            0.003            0.003            0.069            0.011            0.000            0.000            0.000            0.000            0.000            0.000
    59     2    28  2025       1       1  hru1           0.000       0.000      -0.002      -0.026            0.000            0.000            0.000            0.000            0.017            0.003            0.003            0.069            0.011            0.000            0.000            0.000            0.000            0.000            0.000
    60     3     1  2025       1       1  hru1           0.000       0.000      -0.002      -0.026            0.000            0.000            0.000            0.000            0.017            0.003            0.003            0.068            0.011            0.000            0.000            0.000            0.000            0.000            0.000
    61     3     2  2025       1       1  hru1           0.000       0.000      -0.001      -0.026            0.000            0.000            0.000            0.000            0.017            0.003            0.003            0.067            0.011            0.000            0.000            0.000            0.000            0.000            0.000
    62     3     3  2025       1       1  hru1           0.000       0.000      -0.001      -0.026            0.000            0.000            0.000            0.000            0.017            0.003            0.003            0.066            0.011            0.000            0.000            0.000            0.000            0.000            0.000
    63     3     4  2025       1       1  hru1           0.000       0.000      -0.001      -0.026            0.000            0.000            0.000            0.000            0.017            0.003            0.003            0.066            0.011            0.000            0.000            0.000            0.000            0.000            0.000
    64     3     5  2025       1       1  hru1           0.000       0.000      -0.001      -0.026            0.000            0.000            0.000            0.000            0.017            0.003            0.003            0.065            0.011            0.000            0.000            0.000            0.000            0.000            0.000
    65     3     6  2025       1       1  hru1           0.000       0.000       0.001      -0.026            0.000            0.000            0.000            0.000            0.018            0.003            0.003            0.064            0.011            0.000            0.000            0.000            0.000            0.000            0.000
    66     3     7  2025       1       1  hru1           0.000       0.000       0.001      -0.026            0.000            0.000            0.000            0.000            0.018            0.003            0.003            0.064            0.011            0.000            0.000            0.000            0.000            0.000            0.000
    67     3     8  2025       1       1  hru1           0.000       0.000      -0.000      -0.026            0.000            0.000            0.000            0.000            0.017            0.003            0.003            0.063            0.010            0.000            0.000            0.000            0.000            0.000            0.000
    68     3     9  2025       1       1  hru1           0.000       0.000      -0.000      -0.026            0.000            0.000            0.000            0.000            0.017            0.003            0.003            0.063            0.010            0.000            0.000            0.000            0.000            0.000            0.000
    69     3    10  2025       1       1  hru1           0.000       0.000      -0.000      -0.026            0.000            0.000            0.000            0.000            0.017            0.003            0.003            0.062            0.010            0.000            0.000            0.000            0.000            0.000            0.000
    70     3    11  2025       1       1  hru1           0.000       0.000      -0.000      -0.026            0.000            0.000            0.000            0.000            0.017            0.003            0.003            0.061            0.010            0.000            0.000            0.000            0.000            0.000            0.000
    71     3    12  2025       1       1  hru1           0.000       0.000      -0.000      -0.026            0.000            0.000            0.000            0.000            0.017            0.003            0.003            0.061            0.010            0.000            0.000            0.000            0.000            0.000            0.000
    72     3    13  2025       1       1  hru1           0.000       0.000      -0.000      -0.026            0.000            0.000            0.000            0.000            0.017            0.003            0.003            0.060            0.010            0.000            0.000            0.000            0.000            0.000            0.000
    73     3    14  2025       1       1  hru1           0.000       0.000      -0.000      -0.026            0.000            0.000            0.000            0.000            0.017            0.003            0.003            0.060            0.010            0.000            0.000            0.000            0.000            0.000            0.000
    74     3    15  2025       1       1  hru1           0.000       0.000      -0.000      -0.026            0.000            0.000            0.000            0.000            0.017            0.003            0.003            0.059            0.010            0.000            0.000            0.000            0.000            0.000            0.000
    75     3    16  2025       1       1  hru1           0.000       0.000      -0.000      -0.026            0.000            0.000            0.000            0.000            0.017            0.003            0.003            0.058            0.010            0.000            0.000            0.000            0.000            0.000            0.000
    76     3    17  2025       1       1  hru1           0.000       0.000      -0.000      -0.026            0.000            0.000            0.000            0.000            0.017            0.003            0.003            0.058            0.010            0.000            0.000            0.000            0.000            0.000            0.000
    77     3    18  2025       1       1  hru1           0.000       0.000       0.000      -0.026            0.000            0.000            0.000            0.000            0.017            0.003            0.003            0.057            0.009            0.000            0.000            0.000            0.000            0.000            0.000
    78     3    19  2025       1       1  hru1           0.000       0.000      -0.000      -0.026            0.000            0.000            0.000            0.000            0.017            0.003            0.003            0.057            0.009            0.000            0.000            0.000            0.000            0.000            0.000
    79     3    20  2025       1       1  hru1           0.000       0.000      -0.000      -0.026            0.000            0.000            0.000            0.000            0.017            0.003            0.003            0.056            0.009            0.000            0.000            0.000            0.000            0.000            0.000
    80     3    21  2025       1       1  hru1           0.000       0.000      -0.000      -0.025            0.000            0.000            0.000            0.000            0.017            0.003            0.003            0.055            0.009            0.000            0.000            0.000            0.000            0.000            0.000
    81     3    22  2025       1       1  hru1           0.000       0.000      -0.000      -0.025            0.000            0.000            0.000            0.000            0.017            0.003            0.003            0.055            0.009            0.000            0.000            0.000            0.000            0.000            0.000
    82     3    23  2025       1       1  hru1           0.000       0.000      -0.000      -0.025            0.000            0.000            0.000            0.000            0.017            0.003            0.003            0.054            0.009            0.000            0.000            0.000            0.000            0.000            0.000
    83     3    24  2025       1       1  hru1           0.000       0.000      -0.000      -0.025            0.000            0.000            0.000            0.000            0.017            0.003            0.003            0.054            0.009            0.000            0.000            0.000            0.000            0.000            0.000
    84     3    25  2025       1       1  hru1           0.000       0.000      -0.000      -0.025            0.000            0.000            0.000            0.000            0.017            0.003            0.003            0.053            0.009            0.000            0.000            0.000            0.000            0.000            0.000
    85     3    26  2025       1       1  hru1           0.000       0.000      -0.000      -0.025            0.000            0.000            0.000            0.000            0.017            0.003            0.003            0.053            0.009            0.000            0.000            0.000            0.000            0.000            0.000
    86     3    27  2025       1       1  hru1           0.000       0.000      -0.000      -0.025            0.000            0.000            0.000            0.000            0.017            0.003            0.003            0.052            0.009            0.000            0.000            0.000            0.000            0.000            0.000
    87     3    28  2025       1       1  hru1           0.000       0.000      -0.001      -0.025            0.000            0.000            0.000            0.000            0.017            0.003            0.003            0.052            0.009            0.000            0.000            0.000            0.000            0.000            0.000
    88     3    29  2025       1       1  hru1           0.000       0.000      -0.001      -0.025            0.000            0.000            0.000            0.000            0.017            0.003            0.003            0.051            0.008            0.000            0.000            0.000            0.000            0.000            0.000
    89     3    30  2025       1       1  hru1           0.000       0.000       0.001      -0.025            0.000            0.000            0.000            0.000            0.017            0.003            0.003            0.051            0.008            0.000            0.000            0.000            0.000            0.000            0.000
    90     3    31  2025       1       1  hru1           0.000       0.000      -0.001      -0.025            0.000            0.000            0.000            0.000            0.017            0.003            0.003            0.050            0.008            0.000            0.000            0.000            0.000            0.000            0.000
    91     4     1  2025       1       1  hru1           0.000       0.000       0.001      -0.025            0.000            0.000            0.000            0.000            0.017            0.003            0.003            0.050            0.008            0.000            0.000            0.000            0.000            0.000            0.000
    92     4     2  2025       1       1  hru1           0.000       0.000      -0.001      -0.025            0.000            0.000            0.000            0.000            0.017            0.003            0.003            0.049            0.008            0.000            0.000            0.000            0.000            0.000            0.000
    93     4     3  2025       1       1  hru1           0.000       0.000      -0.001      -0.025            0.000            0.000            0.000            0.000            0.017            0.003            0.003            0.049            0.008            0.000            0.000            0.000            0.000            0.000            0.000
    94     4     4  2025       1       1  hru1           0.000       0.000      -0.001      -0.025            0.000            0.000            0.000            0.000            0.017            0.003            0.003            0.048            0.008            0.000            0.000            0.000            0.000            0.000            0.000
    95     4     5  2025       1       1  hru1           0.000       0.000      -0.001      -0.025            0.000            0.000            0.000            0.000            0.016            0.003            0.003            0.048            0.008            0.000            0.000            0.000            0.000            0.000            0.000
    96     4     6  2025       1       1  hru1           0.000       0.000      -0.001      -0.025            0.000            0.000            0.000            0.000            0.016            0.003            0.003            0.047            0.008            0.000            0.000            0.000            0.000            0.000            0.000
    97     4     7  2025       1       1  hru1           0.000       0.000      -0.001      -0.025            0.000            0.000            0.000            0.000            0.016            0.003            0.003            0.047            0.008            0.000            0.000            0.000            0.000            0.000            0.000
    98     4     8  2025       1       1  hru1           0.000       0.000      -0.001      -0.025            0.000            0.000            0.000            0.000            0.016            0.003            0.003            0.046            0.008            0.000            0.000            0.000            0.000            0.000            0.000
    99     4     9  2025       1       1  hru1           0.000       0.000      -0.001      -0.025            0.000            0.000            0.000            0.000            0.016            0.003            0.003            0.046            0.008            0.000            0.000            0.000            0.000            0.000            0.000
   100     4    10  2025       1       1  hru1           0.000       0.000      -0.001      -0.025            0.000            0.000            0.000            0.000            0.016            0.003            0.003            0.045            0.007            0.000            0.000            0.000            0.000            0.000            0.000
   101     4    11  2025       1       1  hru1           0.000       0.000      -0.001      -0.025            0.000            0.000            0.000            0.000            0.016            0.003            0.003            0.045            0.007            0.000            0.000            0.000            0.000            0.000            0.000
   102     4    12  2025       1       1  hru1           0.000       0.000      -0.001      -0.025            0.000            0.000            0.000            0.000            0.016            0.003            0.003            0.044            0.007            0.000            0.000            0.000            0.000            0.000            0.000
   103     4    13  2025       1       1  hru1           0.000       0.000      -0.001      -0.025            0.000            0.000            0.000            0.000            0.016            0.003            0.003            0.044            0.007            0.000            0.000            0.000            0.000            0.000            0.000
   104     4    14  2025       1       1  hru1           0.000       0.000      -0.001      -0.025            0.000            0.000            0.000            0.000            0.016            0.003            0.003            0.044            0.007            0.000            0.000            0.000            0.000            0.000            0.000
   105     4    15  2025       1       1  hru1           0.000       0.000      -0.002      -0.025            0.000            0.000            0.000            0.000            0.016            0.003            0.003            0.043            0.007            0.000            0.000            0.000            0.000            0.000            0.000
   106     4    16  2025       1       1  hru1           0.000       0.000      -0.002      -0.025            0.000            0.000            0.000            0.000            0.016            0.003            0.003            0.043            0.007            0.000            0.000            0.000            0.000            0.000            0.000
   107     4    17  2025       1       1  hru1           0.000       0.000      -0.002      -0.025            0.000            0.000            0.000            0.000            0.016            0.003            0.003            0.042            0.007            0.000            0.000            0.000            0.000            0.000            0.000
   108     4    18  2025       1       1  hru1           0.000       0.000      -0.002      -0.025            0.000            0.000            0.000            0.000            0.016            0.003            0.003            0.042            0.007            0.000            0.000            0.000            0.000            0.000            0.000
   109     4    19  2025       1       1  hru1           0.000       0.000      -0.002      -0.025            0.000            0.000            0.000            0.000            0.016            0.002            0.003            0.041            0.007            0.000            0.000            0.000            0.000            0.000            0.000
   110     4    20  2025       1       1  hru1           0.000       0.000      -0.002      -0.025            0.000            0.000            0.000            0.000            0.016            0.002            0.003            0.041            0.007            0.000            0.000            0.000            0.000            0.000            0.000
   111     4    21  2025       1       1  hru1           0.000       0.000      -0.002      -0.025            0.000            0.000            0.000            0.000            0.015            0.002            0.003            0.041            0.007            0.000            0.000            0.000            0.000            0.000            0.000
   112     4    22  2025       1       1  hru1           0.000       0.000      -0.002      -0.025            0.000            0.000            0.000            0.000            0.015            0.002            0.003            0.040            0.007            0.000            0.000            0.000            0.000            0.000            0.000
   113     4    23  2025       1       1  hru1           0.000       0.000      -0.002      -0.025            0.000            0.000            0.000            0.000            0.015            0.002            0.003            0.040            0.007            0.000            0.000            0.000            0.000            0.000            0.000
   114     4    24  2025       1       1  hru1           0.000       0.000      -0.002      -0.025            0.000            0.000            0.000            0.000            0.015            0.002            0.003            0.039            0.007            0.000            0.000            0.000            0.000            0.000            0.000
   115     4    25  2025       1       1  hru1           0.000       0.000      -0.002      -0.025            0.000            0.000            0.000            0.000            0.015            0.002            0.003            0.039            0.006            0.000            0.000            0.000            0.000            0.000            0.000
   116     4    26  2025       1       1  hru1           0.000       0.000      -0.002      -0.025            0.000            0.000            0.000            0.000            0.015            0.002            0.003            0.039            0.006            0.000            0.000            0.000            0.000            0.000            0.000
   117     4    27  2025       1       1  hru1           0.000       0.000      -0.002      -0.025            0.000            0.000            0.000            0.000            0.015            0.002            0.003            0.038            0.006            0.000            0.000            0.000            0.000            0.000            0.000
   118     4    28  2025       1       1  hru1           0.000       0.000      -0.002      -0.025            0.000            0.000            0.000            0.000            0.015            0.002            0.003            0.038            0.006            0.000            0.000            0.000            0.000            0.000            0.000
   119     4    29  2025       1       1  hru1           0.000       0.000      -0.002      -0.025            0.000            0.000            0.000            0.000            0.015            0.002            0.003            0.037            0.006            0.000            0.000            0.000            0.000            0.000            0.000
   120     4    30  2025       1       1  hru1           0.000       0.000      -0.002      -0.025            0.000            0.000            0.000            0.000            0.015            0.002            0.003            0.037            0.006            0.000            0.000            0.000            0.000            0.000            0.000
   121     5     1  2025       1       1  hru1           0.000       0.000      -0.002      -0.025            0.000            0.000            0.000            0.000            0.015            0.002            0.003            0.037            0.006            0.000            0.000            0.000            0.000            0.000            0.000
   122     5     2  2025       1       1  hru1           0.000       0.000      -0.002      -0.025            0.000            0.000            0.000            0.000            0.015            0.002            0.003            0.036            0.006            0.000            0.000            0.000            0.000            0.000            0.000
   123     5     3  2025       1       1  hru1           0.000       0.000      -0.002      -0.025            0.000            0.000            0.000            0.000            0.015            0.002            0.003            0.036            0.006            0.000            0.000            0.000            0.000            0.000            0.000
   124     5     4  2025       1       1  hru1           0.000       0.000      -0.002      -0.025            0.000            0.000            0.000            0.000            0.015            0.002            0.003            0.036            0.006            0.000            0.000            0.000            0.000            0.000            0.000
   125     5     5  2025       1       1  hru1           0.000       0.000      -0.002      -0.025            0.000            0.000            0.000            0.000            0.015            0.002            0.002            0.035            0.006            0.000            0.000            0.000            0.000            0.000            0.000
   126     5     6  2025       1       1  hru1           0.000       0.000      -0.003      -0.025            0.000            0.000            0.000            0.000            0.015            0.002            0.002            0.035            0.006            0.000            0.000            0.000            0.000            0.000            0.000
   127     5     7  2025       1       1  hru1           0.000       0.000      -0.003      -0.025            0.000            0.000            0.000            0.000            0.015            0.002            0.002            0.035            0.006            0.000            0.000            0.000            0.000            0.000            0.000
   128     5     8  2025       1       1  hru1           0.000       0.000      -0.003      -0.025            0.000            0.000            0.000            0.000            0.015            0.002            0.002            0.034            0.006            0.000            0.000            0.000            0.000            0.000            0.000
   129     5     9  2025       1       1  hru1           0.000       0.000      -0.003      -0.025            0.000            0.000            0.000            0.000            0.015            0.002            0.002            0.034            0.006            0.000            0.000            0.000            0.000            0.000            0.000
   130     5    10  2025       1       1  hru1           0.000       0.000      -0.003      -0.025            0.000            0.000            0.000            0.000            0.015            0.002            0.003            0.034            0.006            0.000            0.000            0.000            0.000            0.000            0.000
   131     5    11  2025       1       1  hru1           0.000       0.000      -0.003      -0.025            0.000            0.000            0.000            0.000            0.015            0.002            0.003            0.033            0.005            0.000            0.000            0.000            0.000            0.000            0.000
   132     5    12  2025       1       1  hru1           0.000       0.000      -0.003      -0.025            0.000            0.000            0.000            0.000            0.015            0.002            0.002            0.033            0.005            0.000            0.000            0.000            0.000            0.000            0.000
   133     5    13  2025       1       1  hru1           0.000       0.000      -0.003      -0.025            0.000            0.000            0.000            0.000            0.014            0.002            0.002            0.033            0.005            0.000            0.000            0.000            0.000            0.000            0.000
   134     5    14  2025       1       1  hru1           0.000       0.000      -0.003      -0.025            0.000            0.000            0.000            0.000            0.015            0.002            0.002            0.035            0.006            0.000            0.000            0.000            0.000            0.000            0.000
   135     5    15  2025       1       1  hru1           0.000       0.000      -0.002      -0.025            0.000            0.000            0.000            0.000            0.014            0.002            0.002            0.032            0.005            0.000            0.000            0.000            0.000            0.000            0.000
   136     5    16  2025       1       1  hru1           0.000       0.000      -0.003      -0.025            0.000            0.000            0.000            0.000            0.015            0.002            0.003            0.032            0.005            0.000            0.000            0.000            0.000            0.000            0.000
   137     5    17  2025       1       1  hru1           0.000       0.000      -0.001      -0.025            0.000            0.000            0.000            0.000            0.016            0.002            0.003            0.031            0.005            0.000            0.000            0.000            0.000            0.000            0.000
   138     5    18  2025       1       1  hru1           0.000       0.000      -0.002      -0.025            0.000            0.000            0.000            0.000            0.015            0.002            0.003            0.031            0.005            0.000            0.000            0.000            0.000            0.000            0.000
   139     5    19  2025       1       1  hru1           0.000       0.000      -0.003      -0.025            0.000            0.000            0.000            0.000            0.015            0.002            0.003            0.031            0.005            0.000            0.000            0.000            0.000            0.000            0.000
   140     5    20  2025       1       1  hru1           0.000       0.000      -0.003      -0.025            0.000            0.000            0.000            0.000            0.015            0.002            0.003            0.030            0.005            0.000            0.000            0.000            0.000            0.000            0.000
   141     5    21  2025       1       1  hru1           0.000       0.000      -0.003      -0.025            0.000            0.000            0.000            0.000            0.015            0.002            0.003            0.030            0.005            0.000            0.000            0.000            0.000            0.000            0.000
   142     5    22  2025       1       1  hru1           0.000       0.000      -0.003      -0.025            0.000            0.000            0.000            0.000            0.015            0.002            0.003            0.030            0.005            0.000            0.000            0.000            0.000            0.000            0.000
   143     5    23  2025       1       1  hru1           0.000       0.000      -0.003      -0.025            0.000            0.000            0.000            0.000            0.015            0.002            0.003            0.029            0.005            0.000            0.000            0.000            0.000            0.000            0.000
   144     5    24  2025       1       1  hru1           0.000       0.000      -0.003      -0.025            0.000            0.000            0.000            0.000            0.015            0.002            0.003            0.029            0.005            0.000            0.000            0.000            0.000            0.000            0.000
   145     5    25  2025       1       1  hru1           0.000       0.000      -0.003      -0.025            0.000            0.000            0.000            0.000            0.015            0.002            0.003            0.029            0.005            0.000            0.000            0.000            0.000            0.000            0.000
   146     5    26  2025       1       1  hru1           0.000       0.000      -0.003      -0.025            0.000            0.000            0.000            0.000            0.015            0.002            0.003            0.029            0.005            0.000            0.000            0.000            0.000            0.000            0.000
   147     5    27  2025       1       1  hru1           0.000       0.000      -0.003      -0.025            0.000            0.000            0.000            0.000            0.015            0.002            0.003            0.028            0.005            0.000            0.000            0.000            0.000            0.000            0.000
   148     5    28  2025       1       1  hru1           0.000       0.000      -0.003      -0.025            0.000            0.000            0.000            0.000            0.015            0.002            0.003            0.028            0.005            0.000            0.000            0.000            0.000            0.000            0.000
   149     5    29  2025       1       1  hru1           0.000       0.000      -0.003      -0.025            0.000            0.000            0.000            0.000            0.016            0.002            0.003            0.028            0.005            0.000            0.000            0.000            0.000            0.000            0.000
   150     5    30  2025       1       1  hru1           0.000       0.000      -0.003      -0.025            0.000            0.000            0.000            0.000            0.016            0.002            0.003            0.027            0.005            0.000            0.000            0.000            0.000            0.000            0.000
   151     5    31  2025       1       1  hru1           0.000       0.000      -0.003      -0.025            0.000            0.000            0.000            0.000            0.016            0.002            0.003            0.027            0.004            0.000            0.000            0.000            0.000            0.000            0.000
   152     6     1  2025       1       1  hru1           0.000       0.000      -0.003      -0.025            0.000            0.000            0.000            0.000            0.016            0.002            0.003            0.027            0.004            0.000            0.000            0.000            0.000            0.000            0.000
   153     6     2  2025       1       1  hru1           0.000       0.000      -0.003      -0.025            0.000            0.000            0.000            0.000            0.017            0.002            0.003            0.043            0.007            0.000            0.000            0.781            0.119            0.000            0.000
   154     6     3  2025       1       1  hru1           0.000       0.000      -0.050      -0.025            0.000            0.000            0.000            0.000            0.017            0.002            0.003            0.039            0.006            0.000            0.000            0.582            0.029            0.000            0.000
   155     6     4  2025       1       1  hru1           0.000       0.000      -0.024      -0.025            0.000            0.000            0.000            0.000            0.018            0.002            0.003            0.036            0.006            0.000            0.000            0.444            0.053            0.000            0.000
   156     6     5  2025       1       1  hru1           0.000       0.000      -0.036      -0.025            0.000            0.000            0.000            0.000            0.018            0.002            0.003            0.036            0.006            0.000            0.000            0.435            0.039            0.000            0.000
   157     6     6  2025       1       1  hru1           0.000       0.000      -0.029      -0.025            0.000            0.000            0.000            0.000            0.018            0.002            0.003            0.036            0.006            0.000            0.000            0.565            0.065            0.000            0.000
   158     6     7  2025       1       1  hru1           0.000       0.000      -0.043      -0.025            0.000            0.000            0.000            0.000            0.019            0.002            0.003            0.038            0.006            0.000            0.000            0.693            0.070            0.000            0.000
   159     6     8  2025       1       1  hru1           0.000       0.000      -0.047      -0.025            0.000            0.000            0.000            0.000            0.021            0.002            0.003            0.041            0.007            0.000            0.000            0.792            0.079            0.000            0.000
   160     6     9  2025       1       1  hru1           0.000       0.000      -0.053      -0.025            0.000            0.000            0.000            0.000            0.022            0.002            0.004            0.044            0.007            0.000            0.000            0.931            0.093            0.000            0.000
   161     6    10  2025       1       1  hru1           0.000       0.000      -0.062      -0.025            0.000            0.000            0.000            0.000            0.023            0.002            0.004            0.046            0.008            0.000            0.000            0.951            0.087            0.000            0.000
   162     6    11  2025       1       1  hru1           0.000       0.000      -0.059      -0.025            0.000            0.000            0.000            0.000            0.023            0.002            0.004            0.045            0.007            0.000            0.000            1.139            0.116            0.000            0.000
   163     6    12  2025       1       1  hru1           0.000       0.000      -0.076      -0.025            0.000            0.000            0.000            0.000            0.023            0.002            0.004            0.044            0.007            0.000            0.000            1.159            0.102            0.000            0.000
   164     6    13  2025       1       1  hru1           0.000       0.000      -0.070      -0.025            0.000            0.000            0.000            0.000            0.024            0.002            0.004            0.044            0.007            0.000            0.000            1.437            0.145            0.000            0.000
   165     6    14  2025       1       1  hru1           0.000       0.000      -0.095      -0.025            0.000            0.000            0.000            0.000            0.024            0.002            0.004            0.043            0.007            0.000            0.000            1.370            0.111            0.000            0.000
   166     6    15  2025       1       1  hru1           0.000       0.000      -0.077      -0.025            0.000            0.000            0.000            0.000            0.024            0.002            0.004            0.042            0.007            0.000            0.000            1.610            0.158            0.000            0.000
   167     6    16  2025       1       1  hru1           0.000       0.000      -0.104      -0.025            0.000            0.000            0.000            0.000            0.024            0.002            0.004            0.042            0.007            0.000            0.000            1.685            0.140            0.000            0.000
   168     6    17  2025       1       1  hru1           0.000       0.000      -0.095      -0.025            0.000            0.000            0.000            0.000            0.024            0.002            0.004            0.041            0.007            0.000            0.000            2.113            0.204            0.000            0.000
   169     6    18  2025       1       1  hru1           0.000       0.000      -0.134      -0.025            0.000            0.000            0.000            0.000            0.025            0.002            0.004            0.041            0.007            0.000            0.000            2.130            0.166            0.000            0.000
   170     6    19  2025       1       1  hru1           0.000       0.000      -0.115      -0.025            0.000            0.000            0.000            0.000            0.025            0.002            0.004            0.041            0.007            0.000            0.000            2.479            0.237            0.000            0.000
   171     6    20  2025       1       1  hru1           0.000       0.000      -0.155      -0.025            0.000            0.000            0.000            0.000            0.024            0.002            0.004            0.038            0.006            0.000            0.000            0.063            0.227            0.000            0.000
   172     6    21  2025       1       1  hru1           0.000       0.000      -0.154      -0.026            0.000            0.000            0.000            0.000            0.022            0.002            0.004            0.032            0.005            0.000            0.000            0.055            0.270            0.000            0.000
   173     6    22  2025       1       1  hru1           0.000       0.000      -0.181      -0.026            0.000            0.000            0.000            0.000            0.021            0.002            0.003            0.028            0.005            0.000            0.000            0.050            0.000            0.000            0.000
   174     6    23  2025       1       1  hru1           0.000       0.000      -0.022      -0.026            0.000            0.000            0.000            0.000            0.020            0.002            0.003            0.026            0.004            0.000            0.000            0.047            0.120            0.000            0.000
   175     6    24  2025       1       1  hru1           0.000       0.000      -0.077      -0.026            0.000            0.000            0.000            0.000            0.020            0.002            0.003            0.026            0.004            0.000            0.000            0.047            0.144            0.000            0.000
   176     6    25  2025       1       1  hru1           0.000       0.000      -0.097      -0.026            0.000            0.000            0.000            0.000            0.021            0.002            0.003            0.027            0.004            0.000            0.000            0.048            0.298            0.000            0.000
   177     6    26  2025       1       1  hru1           0.000       0.000      -0.192      -0.026            0.000            0.000            0.000            0.000            0.022            0.002            0.004            0.028            0.005            0.000            0.000            0.050            0.148            0.000            0.000
   178     6    27  2025       1       1  hru1           0.000       0.000      -0.111      -0.026            0.000            0.000            0.000            0.000            0.022            0.002            0.004            0.029            0.005            0.000            0.000            0.051            0.153            0.000            0.000
   179     6    28  2025       1       1  hru1           0.000       0.000      -0.106      -0.026            0.000            0.000            0.000            0.000            0.022            0.002            0.004            0.030            0.005            0.000            0.000            0.052            0.071            0.000            0.000
   180     6    29  2025       1       1  hru1           0.000       0.000      -0.056      -0.026            0.000            0.000            0.000            0.000            0.023            0.002            0.004            0.030            0.005            0.000            0.000            0.053            0.039            0.000            0.000
   181     6    30  2025       1       1  hru1           0.000       0.000      -0.032      -0.026            0.000            0.000            0.000            0.000            0.024            0.002            0.004            0.031            0.005            0.000            0.000            0.055            0.005            0.000            0.000
   182     7     1  2025       1       1  hru1           0.000       0.000      -0.010      -0.026            0.000            0.000            0.000            0.000            0.025            0.002            0.004            0.032            0.005            0.000            0.000            0.057            0.000            0.000            0.000
   183     7     2  2025       1       1  hru1           0.000       0.000      -0.005      -0.026            0.000            0.000            0.000            0.000            0.025            0.002            0.004            0.033            0.005            0.000            0.000            0.059            0.000            0.000            0.000
   184     7     3  2025       1       1  hru1           0.000       0.000      -0.004      -0.026            0.000            0.000            0.000            0.000            0.026            0.002            0.004            0.033            0.005            0.000            0.000            0.059            0.000            0.000            0.000
   185     7     4  2025       1       1  hru1           0.000       0.000      -0.004      -0.026            0.000            0.000            0.000            0.000            0.026            0.002            0.004            0.032            0.005            0.000            0.000            0.058            0.000            0.000            0.000
   186     7     5  2025       1       1  hru1           0.000       0.000      -0.004      -0.026            0.000            0.000            0.000            0.000            0.025            0.002            0.004            0.030            0.005            0.000            0.000            0.056            0.005            0.000            0.000
   187     7     6  2025       1       1  hru1           0.000       0.000      -0.007      -0.026            0.000            0.000            0.000            0.000            0.025            0.002            0.004            0.029            0.005            0.000            0.000            0.055            0.001            0.000            0.000
   188     7     7  2025       1       1  hru1           0.000       0.000      -0.005      -0.026            0.000            0.000            0.000            0.000            0.026            0.002            0.004            0.029            0.005            0.000            0.000            0.055            0.000            0.000            0.000
   189     7     8  2025       1       1  hru1           0.000       0.000      -0.004      -0.026            0.000            0.000            0.000            0.000            0.027            0.002            0.004            0.030            0.005            0.000            0.000            0.056            0.000            0.000            0.000
   190     7     9  2025       1       1  hru1           0.000       0.000       0.000      -0.026            0.000            0.000            0.000            0.000            0.027            0.002            0.004            0.030            0.005            0.000            0.000            0.057            0.000            0.000            0.000
   191     7    10  2025       1       1  hru1           0.000       0.000      -0.002      -0.026            0.000            0.000            0.000            0.000            0.027            0.002            0.004            0.029            0.005            0.000            0.000            0.056            0.004            0.000            0.000
   192     7    11  2025       1       1  hru1           0.000       0.000      -0.005      -0.026            0.000            0.000            0.000            0.000            0.027            0.002            0.004            0.028            0.005            0.000            0.000            0.056            0.051            0.000            0.000
   193     7    12  2025       1       1  hru1           0.000       0.000      -0.030      -0.026            0.000            0.000            0.000            0.000            0.027            0.002            0.004            0.028            0.005            0.000            0.000            0.055            0.023            0.000            0.000
   194     7    13  2025       1       1  hru1           0.000       0.000      -0.018      -0.026            0.000            0.000            0.000            0.000            0.028            0.002            0.005            0.028            0.005            0.000            0.000            0.056            0.024            0.000            0.000
   195     7    14  2025       1       1  hru1           0.000       0.000      -0.018      -0.026            0.000            0.000            0.000            0.000            0.028            0.002            0.005            0.028            0.005            0.000            0.000            0.057            0.043            0.000            0.000
   196     7    15  2025       1       1  hru1           0.000       0.000      -0.028      -0.026            0.000            0.000            0.000            0.000            0.028            0.002            0.005            0.027            0.005            0.000            0.000            0.056            0.101            0.000            0.000
   197     7    16  2025       1       1  hru1           0.000       0.000      -0.062      -0.026            0.000            0.000            0.000            0.000            0.028            0.002            0.005            0.026            0.004            0.000            0.000            0.055            0.076            0.000            0.000
   198     7    17  2025       1       1  hru1           0.000       0.000      -0.055      -0.026            0.000            0.000            0.000            0.000            0.028            0.002            0.005            0.026            0.004            0.000            0.000            0.054            0.053            0.000            0.000
   199     7    18  2025       1       1  hru1           0.000       0.000      -0.039      -0.026            0.000            0.000            0.000            0.000            0.028            0.002            0.005            0.025            0.004            0.000            0.000            0.054            0.066            0.000            0.000
   200     7    19  2025       1       1  hru1           0.000       0.000      -0.046      -0.026            0.000            0.000            0.000            0.000            0.028            0.002            0.005            0.025            0.004            0.000            0.000            0.053            0.035            0.000            0.000
   201     7    20  2025       1       1  hru1           0.000       0.000      -0.028      -0.026            0.000            0.000            0.000            0.000            0.028            0.002            0.005            0.024            0.004            0.000            0.000            0.052            0.135            0.000            0.000
   202     7    21  2025       1       1  hru1           0.000       0.000      -0.087      -0.026            0.000            0.000            0.000            0.000            0.027            0.002            0.004            0.023            0.004            0.000            0.000            0.051            0.053            0.000            0.000
   203     7    22  2025       1       1  hru1           0.000       0.000      -0.044      -0.026            0.000            0.000            0.000            0.000            0.027            0.002            0.004            0.022            0.004            0.000            0.000            0.049            0.074            0.000            0.000
   204     7    23  2025       1       1  hru1           0.000       0.000      -0.052      -0.026            0.000            0.000            0.000            0.000            0.027            0.002            0.004            0.021            0.004            0.000            0.000            0.049            0.066            0.000            0.000
   205     7    24  2025       1       1  hru1           0.000       0.000      -0.049      -0.026            0.000            0.000            0.000            0.000            0.027            0.002            0.004            0.021            0.003            0.000            0.000            0.048            0.034            0.000            0.000
   206     7    25  2025       1       1  hru1           0.000       0.000      -0.028      -0.026            0.000            0.000            0.000            0.000            0.027            0.002            0.004            0.021            0.003            0.000            0.000            0.048            0.079            0.000            0.000
   207     7    26  2025       1       1  hru1           0.000       0.000      -0.053      -0.026            0.000            0.000            0.000            0.000            0.027            0.002            0.004            0.020            0.003            0.000            0.000            0.047            0.034            0.000            0.000
   208     7    27  2025       1       1  hru1           0.000       0.000      -0.029      -0.026            0.000            0.000            0.000            0.000            0.027            0.002            0.004            0.020            0.003            0.000            0.000            0.047            0.067            0.000            0.000
   209     7    28  2025       1       1  hru1           0.000       0.000      -0.046      -0.026            0.000            0.000            0.000            0.000            0.027            0.002            0.004            0.020            0.003            0.000            0.000            0.047            0.058            0.000            0.000
   210     7    29  2025       1       1  hru1           0.000       0.000      -0.043      -0.026            0.000            0.000            0.000            0.000            0.027            0.002            0.004            0.019            0.003            0.000            0.000            0.046            0.041            0.000            0.000
   211     7    30  2025       1       1  hru1           0.000       0.000      -0.032      -0.026            0.000            0.000            0.000            0.000            0.027            0.002            0.004            0.019            0.003            0.000            0.000            0.046            0.047            0.000            0.000
   212     7    31  2025       1       1  hru1           0.000       0.000      -0.035      -0.026            0.000            0.000            0.000            0.000            0.027            0.002            0.004            0.018            0.003            0.000            0.000            0.045            0.057            0.000            0.000
   213     8     1  2025       1       1  hru1           0.000       0.000      -0.041      -0.026            0.000            0.000            0.000            0.000            0.026            0.002            0.004            0.017            0.003            0.000            0.000            0.044            0.049            0.000            0.000
   214     8     2  2025       1       1  hru1           0.000       0.000      -0.037      -0.026            0.000            0.000            0.000            0.000            0.026            0.002            0.004            0.017            0.003            0.000            0.000            0.043            0.012            0.000            0.000
   215     8     3  2025       1       1  hru1           0.000       0.000      -0.015      -0.026            0.000            0.000            0.000            0.000            0.026            0.002            0.004            0.016            0.003            0.000            0.000            0.042            0.040            0.000            0.000
   216     8     4  2025       1       1  hru1           0.000       0.000      -0.029      -0.026            0.000            0.000            0.000            0.000            0.025            0.002            0.004            0.016            0.003            0.000            0.000            0.041            0.025            0.000            0.000
   217     8     5  2025       1       1  hru1           0.000       0.000      -0.023      -0.026            0.000            0.000            0.000            0.000            0.025            0.002            0.004            0.015            0.002            0.000            0.000            0.040            0.025            0.000            0.000
   218     8     6  2025       1       1  hru1           0.000       0.000      -0.022      -0.026            0.000            0.000            0.000            0.000            0.025            0.002            0.004            0.015            0.002            0.000            0.000            0.039            0.021            0.000            0.000
   219     8     7  2025       1       1  hru1           0.000       0.000      -0.018      -0.026            0.000            0.000            0.000            0.000            0.025            0.002            0.004            0.014            0.002            0.000            0.000            0.039            0.015            0.000            0.000
   220     8     8  2025       1       1  hru1           0.000       0.000      -0.016      -0.026            0.000            0.000            0.000            0.000            0.024            0.002            0.004            0.013            0.002            0.000            0.000            0.037            0.040            0.000            0.000
   221     8     9  2025       1       1  hru1           0.000       0.000      -0.032      -0.026            0.000            0.000            0.000            0.000            0.023            0.002            0.004            0.013            0.002            0.000            0.000            0.036            0.012            0.000            0.000
   222     8    10  2025       1       1  hru1           0.000       0.000      -0.015      -0.026            0.000            0.000            0.000            0.000            0.023            0.002            0.004            0.012            0.002            0.000            0.000            0.036            0.016            0.000            0.000
   223     8    11  2025       1       1  hru1           0.000       0.000      -0.013      -0.026            0.000            0.000            0.000            0.000            0.024            0.002            0.004            0.012            0.002            0.000            0.000            0.036            0.000            0.000            0.000
   224     8    12  2025       1       1  hru1           0.000       0.000      -0.007      -0.026            0.000            0.000            0.000            0.000            0.024            0.002            0.004            0.012            0.002            0.000            0.000            0.037            0.002            0.000            0.000
   225     8    13  2025       1       1  hru1           0.000       0.000      -0.003      -0.026            0.000            0.000            0.000            0.000            0.025            0.002            0.004            0.012            0.002            0.000            0.000            0.037            0.002            0.000            0.000
   226     8    14  2025       1       1  hru1           0.000       0.000      -0.006      -0.026            0.000            0.000            0.000            0.000            0.025            0.002            0.004            0.012            0.002            0.000            0.000            0.038            0.011            0.000            0.000
   227     8    15  2025       1       1  hru1           0.000       0.000      -0.013      -0.026            0.000            0.000            0.000            0.000            0.025            0.002            0.004            0.012            0.002            0.000            0.000            0.037            0.014            0.000            0.000
   228     8    16  2025       1       1  hru1           0.000       0.000      -0.015      -0.026            0.000            0.000            0.000            0.000            0.025            0.002            0.004            0.012            0.002            0.000            0.000            0.037            0.005            0.000            0.000
   229     8    17  2025       1       1  hru1           0.000       0.000      -0.006      -0.026            0.000            0.000            0.000            0.000            0.025            0.002            0.004            0.012            0.002            0.000            0.000            0.037            0.007            0.000            0.000
   230     8    18  2025       1       1  hru1           0.000       0.000      -0.011      -0.026            0.000            0.000            0.000            0.000            0.025            0.002            0.004            0.021            0.003            0.000            0.000            0.047            0.002            0.000            0.000
   231     8    19  2025       1       1  hru1           0.000       0.000      -0.006      -0.026            0.000            0.000            0.000            0.000            0.025            0.002            0.004            0.032            0.005            0.000            0.000            0.058            0.000            0.000            0.000
   232     8    20  2025       1       1  hru1           0.000       0.000      -0.006      -0.026            0.000            0.000            0.000            0.000            0.026            0.002            0.004            0.042            0.006            0.000            0.000            0.068            0.000            0.000            0.000
   233     8    21  2025       1       1  hru1           0.000       0.000      -0.003      -0.026            0.000            0.000            0.000            0.000            0.026            0.002            0.004            0.048            0.006            0.000            0.000            0.074            0.000            0.000            0.000
   234     8    22  2025       1       1  hru1           0.000       0.000      -0.004      -0.026            0.000            0.000            0.000            0.000            0.026            0.002            0.004            0.053            0.007            0.000            0.000            0.079            0.000            0.000            0.000
   235     8    23  2025       1       1  hru1           0.000       0.000      -0.004      -0.026            0.000            0.000            0.000            0.000            0.026            0.002            0.004            0.058            0.007            0.000            0.000            0.084            0.000            0.000            0.000
   236     8    24  2025       1       1  hru1           0.000       0.000      -0.003      -0.026            0.000            0.000            0.000            0.000            0.026            0.002            0.004            0.062            0.008            0.000            0.000            0.088            0.000            0.000            0.000
   237     8    25  2025       1       1  hru1           0.000       0.000      -0.004      -0.026            0.000            0.000            0.000            0.000            0.026            0.002            0.004            0.065            0.008            0.000            0.000            0.091            0.000            0.000            0.000
   238     8    26  2025       1       1  hru1           0.000       0.000      -0.004      -0.026            0.000            0.000            0.000            0.000            0.026            0.002            0.004            0.067            0.008            0.000            0.000            0.093            0.000            0.000            0.000
   239     8    27  2025       1       1  hru1           0.000       0.000      -0.005      -0.026            0.000            0.000            0.000            0.000            0.025            0.001            0.004            0.066            0.008            0.000            0.000            0.092            0.000            0.000            0.000
   240     8    28  2025       1       1  hru1           0.000       0.000      -0.004      -0.026            0.000            0.000            0.000            0.000            0.025            0.001            0.004            0.067            0.008            0.000            0.000            0.093            0.000            0.000            0.000
   241     8    29  2025       1       1  hru1           0.000       0.000      -0.003      -0.026            0.000            0.000            0.000            0.000            0.025            0.001            0.004            0.069            0.008            0.000            0.000            0.094            0.000            0.000            0.000
   242     8    30  2025       1       1  hru1           0.000       0.000      -0.000      -0.026            0.000            0.000            0.000            0.000            0.025            0.001            0.004            0.070            0.008            0.000            0.000            0.096            0.000            0.000            0.000
   243     8    31  2025       1       1  hru1           0.000       0.000      -0.001      -0.026            0.000            0.000            0.000            0.000            0.025            0.001            0.004            0.072            0.008            0.000            0.000            0.097            0.000            0.000            0.000
   244     9     1  2025       1       1  hru1           0.000       0.000      -0.002      -0.026            0.000            0.000            0.000            0.000            0.025            0.001            0.004            0.072            0.008            0.000            0.000            0.098            0.000            0.000            0.000
   245     9     2  2025       1       1  hru1           0.000       0.000      -0.000      -0.026            0.000            0.000            0.000            0.000            0.025            0.001            0.004            0.075            0.008            0.000            0.000            0.100            0.000            0.000            0.000
   246     9     3  2025       1       1  hru1           0.000       0.000      -0.001      -0.026            0.000            0.000            0.000            0.000            0.025            0.001            0.004            0.077            0.009            0.000            0.000            0.102            0.000            0.000            0.000
   247     9     4  2025       1       1  hru1           0.000       0.000      -0.002      -0.026            0.000            0.000            0.000            0.000            0.025            0.001            0.004            0.078            0.009            0.000            0.000            0.104            0.000            0.000            0.000
   248     9     5  2025       1       1  hru1           0.000       0.000      -0.000      -0.026            0.000            0.000            0.000            0.000            0.026            0.001            0.004            0.080            0.009            0.000            0.000            0.106            0.000            0.000            0.000
   249     9     6  2025       1       1  hru1           0.000       0.000      -0.001      -0.026            0.000            0.000            0.000            0.000            0.025            0.001            0.004            0.080            0.009            0.000            0.000            0.106            0.000            0.000            0.000
   250     9     7  2025       1       1  hru1           0.000       0.000      -0.000      -0.026            0.000            0.000            0.000            0.000            0.025            0.001            0.004            0.080            0.009            0.000            0.000            0.105            0.000            0.000            0.000
   251     9     8  2025       1       1  hru1           0.000       0.000       0.001      -0.026            0.000            0.000            0.000            0.000            0.025            0.001            0.004            0.080            0.009            0.000            0.000            0.105            0.000            0.000            0.000
   252     9     9  2025       1       1  hru1           0.000       0.000       0.001      -0.026            0.000            0.000            0.000            0.000            0.024            0.001            0.004            0.078            0.009            0.000            0.000            0.103            0.000            0.000            0.000
   253     9    10  2025       1       1  hru1           0.000       0.000      -0.000      -0.026            0.000            0.000            0.000            0.000            0.024            0.001            0.004            0.076            0.008            0.000            0.000            0.101            0.000            0.000            0.000
   254     9    11  2025       1       1  hru1           0.000       0.000      -0.002      -0.026            0.000            0.000            0.000            0.000            0.024            0.001            0.004            0.073            0.008            0.000            0.000            0.097            0.000            0.000            0.000
   255     9    12  2025       1       1  hru1           0.000       0.000      -0.001      -0.026            0.000            0.000            0.000            0.000            0.023            0.001            0.004            0.069            0.008            0.000            0.000            0.093            0.000            0.000            0.000
   256     9    13  2025       1       1  hru1           0.000       0.000      -0.001      -0.026            0.000            0.000            0.000            0.000            0.023            0.001            0.004            0.067            0.007            0.000            0.000            0.090            0.000            0.000            0.000
   257     9    14  2025       1       1  hru1           0.000       0.000      -0.001      -0.026            0.000            0.000            0.000            0.000            0.023            0.001            0.004            0.067            0.007            0.000            0.000            0.090            0.000            0.000            0.000
   258     9    15  2025       1       1  hru1           0.000       0.000       0.001      -0.026            0.000            0.000            0.000            0.000            0.022            0.001            0.004            0.064            0.007            0.000            0.000            0.086            0.000            0.000            0.000
   259     9    16  2025       1       1  hru1           0.000       0.000      -0.001      -0.026            0.000            0.000            0.000            0.000            0.022            0.001            0.004            0.061            0.007            0.000            0.000            0.083            0.000            0.000            0.000
   260     9    17  2025       1       1  hru1           0.000       0.000      -0.002      -0.026            0.000            0.000            0.000            0.000            0.022            0.001            0.004            0.061            0.007            0.000            0.000            0.083            0.000            0.000            0.000
   261     9    18  2025       1       1  hru1           0.000       0.000      -0.001      -0.026            0.000            0.000            0.000            0.000            0.022            0.001            0.004            0.062            0.007            0.000            0.000            0.084            0.000            0.000            0.000
   262     9    19  2025       1       1  hru1           0.000       0.000       0.000      -0.026            0.000            0.000            0.000            0.000            0.022            0.001            0.004            0.063            0.007            0.000            0.000            0.085            0.000            0.000            0.000
   263     9    20  2025       1       1  hru1           0.000       0.000      -0.001      -0.026            0.000            0.000            0.000            0.000            0.022            0.001            0.004            0.065            0.007            0.000            0.000            0.087            0.000            0.000            0.000
   264     9    21  2025       1       1  hru1           0.000       0.000      -0.001      -0.026            0.000            0.000            0.000            0.000            0.023            0.001            0.004            0.067            0.007            0.000            0.000            0.090            0.000            0.000            0.000
   265     9    22  2025       1       1  hru1           0.000       0.000      -0.003      -0.026            0.000            0.000            0.000            0.000            0.022            0.001            0.004            0.064            0.007            0.000            0.000            0.086            0.000            0.000            0.000
   266     9    23  2025       1       1  hru1           0.000       0.000      -0.003      -0.026            0.000            0.000            0.000            0.000            0.022            0.001            0.004            0.061            0.006            0.000            0.000            0.000            0.000            0.000            0.000
   267     9    24  2025       1       1  hru1           0.000       0.000      -0.003      -0.026            0.000            0.000            0.000            0.000            0.022            0.001            0.004            0.059            0.006            0.000            0.000            0.000            0.000            0.000            0.000
   268     9    25  2025       1       1  hru1           0.000       0.000       0.001      -0.026            0.000            0.000            0.000            0.000            0.022            0.001            0.004            0.232            0.039            0.000            0.000            0.000            0.000            0.000            0.000
   269     9    26  2025       1       1  hru1           0.000       0.000       0.003      -0.026            0.000            0.000            0.000            0.000            0.021            0.001            0.004            0.189            0.031            0.000            0.000            0.000            0.000            0.000            0.000
   270     9    27  2025       1       1  hru1           0.000       0.000       0.009      -0.026            0.000            0.000            0.000            0.000            0.021            0.001            0.004            0.187            0.031            0.000            0.000            0.000            0.000            0.000            0.000
   271     9    28  2025       1       1  hru1           0.000       0.000       0.010      -0.026            0.000            0.000            0.000            0.000            0.021            0.001            0.004            0.185            0.031            0.000            0.000            0.000            0.000            0.000            0.000
   272     9    29  2025       1       1  hru1           0.000       0.000       0.011      -0.026            0.000            0.000            0.000            0.000            0.021            0.001            0.004            0.183            0.030            0.000            0.000            0.000            0.000            0.000            0.000
   273     9    30  2025       1       1  hru1           0.000       0.000       0.011      -0.026            0.000            0.000            0.000            0.000            0.021            0.001            0.004            0.218            0.036            0.000            0.000            0.000            0.000            0.000            0.000
   274    10     1  2025       1       1  hru1           0.000       0.000       0.011      -0.026            0.000            0.000            0.000            0.000            0.021            0.001            0.003            0.194            0.032            0.000            0.000            0.000            0.000            0.000            0.000
   275    10     2  2025       1       1  hru1           0.000       0.000       0.010      -0.026            0.000            0.000            0.000            0.000            0.021            0.001            0.003            0.177            0.029            0.000            0.000            0.000            0.000            0.000            0.000
   276    10     3  2025       1       1  hru1           0.000       0.000       0.010      -0.026            0.000            0.000            0.000            0.000            0.020            0.002            0.003            0.176            0.029            0.000            0.000            0.000            0.000            0.000            0.000
   277    10     4  2025       1       1  hru1           0.000       0.000       0.011      -0.026            0.000            0.000            0.000            0.000            0.020            0.002            0.003            0.180            0.030            0.000            0.000            0.000            0.000            0.000            0.000
   278    10     5  2025       1       1  hru1           0.000       0.000       0.011      -0.026            0.000            0.000            0.000            0.000            0.019            0.002            0.003            0.172            0.029            0.000            0.000            0.000            0.000            0.000            0.000
   279    10     6  2025       1       1  hru1           0.000       0.000       0.011      -0.026            0.000            0.000            0.000            0.000            0.019            0.002            0.003            0.170            0.028            0.000            0.000            0.000            0.000            0.000            0.000
   280    10     7  2025       1       1  hru1           0.000       0.000       0.011      -0.026            0.000            0.000            0.000            0.000            0.018            0.002            0.003            0.169            0.028            0.000            0.000            0.000            0.000            0.000            0.000
   281    10     8  2025       1       1  hru1           0.000       0.000       0.011      -0.025            0.000            0.000            0.000            0.000            0.018            0.002            0.003            0.167            0.028            0.000            0.000            0.000            0.000            0.000            0.000
   282    10     9  2025       1       1  hru1           0.000       0.000       0.011      -0.025            0.000            0.000            0.000            0.000            0.018            0.002            0.003            0.165            0.027            0.000            0.000            0.000            0.000            0.000            0.000
   283    10    10  2025       1       1  hru1           0.000       0.000       0.012      -0.025            0.000            0.000            0.000            0.000            0.018            0.002            0.003            0.164            0.027            0.000            0.000            0.000            0.000            0.000            0.000
   284    10    11  2025       1       1  hru1           0.000       0.000       0.012      -0.025            0.000            0.000            0.000            0.000            0.018            0.002            0.003            0.162            0.027            0.000            0.000            0.000            0.000            0.000            0.000
   285    10    12  2025       1       1  hru1           0.000       0.000       0.012      -0.025            0.000            0.000            0.000            0.000            0.018            0.002            0.003            0.160            0.027            0.000            0.000            0.000            0.000            0.000            0.000
   286    10    13  2025       1       1  hru1           0.000       0.000       0.011      -0.025            0.000            0.000            0.000            0.000            0.018            0.002            0.003            0.159            0.026            0.000            0.000            0.000            0.000            0.000            0.000
   287    10    14  2025       1       1  hru1           0.000       0.000       0.011      -0.025            0.000            0.000            0.000            0.000            0.018            0.002            0.003            0.157            0.026            0.000            0.000            0.000            0.000            0.000            0.000
   288    10    15  2025       1       1  hru1           0.000       0.000       0.011      -0.025            0.000            0.000            0.000            0.000            0.018            0.002            0.003            0.156            0.026            0.000            0.000            0.000            0.000            0.000            0.000
   289    10    16  2025       1       1  hru1           0.000       0.000       0.013      -0.025            0.000            0.000            0.000            0.000            0.018            0.002            0.003            0.154            0.026            0.000            0.000            0.000            0.000            0.000            0.000
   290    10    17  2025       1       1  hru1           0.000       0.000       0.011      -0.025            0.000            0.000            0.000            0.000            0.018            0.002            0.003            0.152            0.025            0.000            0.000            0.000            0.000            0.000            0.000
   291    10    18  2025       1       1  hru1           0.000       0.000       0.011      -0.025            0.000            0.000            0.000            0.000            0.017            0.002            0.003            0.151            0.025            0.000            0.000            0.000            0.000            0.000            0.000
   292    10    19  2025       1       1  hru1           0.000       0.000       0.011      -0.025            0.000            0.000            0.000            0.000            0.018            0.002            0.003            0.149            0.025            0.000            0.000            0.000            0.000            0.000            0.000
   293    10    20  2025       1       1  hru1           0.000       0.000       0.012      -0.025            0.000            0.000            0.000            0.000            0.017            0.002            0.003            0.148            0.025            0.000            0.000            0.000            0.000            0.000            0.000
   294    10    21  2025       1       1  hru1           0.000       0.000       0.010      -0.025            0.000            0.000            0.000            0.000            0.017            0.002            0.003            0.146            0.024            0.000            0.000            0.000            0.000            0.000            0.000
   295    10    22  2025       1       1  hru1           0.000       0.000       0.010      -0.025            0.000            0.000            0.000            0.000            0.017            0.002            0.003            0.145            0.024            0.000            0.000            0.000            0.000            0.000            0.000
   296    10    23  2025       1       1  hru1           0.000       0.000       0.010      -0.025            0.000            0.000            0.000            0.000            0.017            0.002            0.003            0.144            0.024            0.000            0.000            0.000            0.000            0.000            0.000
   297    10    24  2025       1       1  hru1           0.000       0.000       0.010      -0.025            0.000            0.000            0.000            0.000            0.017            0.002            0.003            0.142            0.024            0.000            0.000            0.000            0.000            0.000            0.000
   298    10    25  2025       1       1  hru1           0.000       0.000       0.010      -0.025            0.000            0.000            0.000            0.000            0.017            0.002            0.003            0.141            0.023            0.000            0.000            0.000            0.000            0.000            0.000
   299    10    26  2025       1       1  hru1           0.000       0.000       0.010      -0.025            0.000            0.000            0.000            0.000            0.017            0.002            0.003            0.139            0.023            0.000            0.000            0.000            0.000            0.000            0.000
   300    10    27  2025       1       1  hru1           0.000       0.000       0.011      -0.025            0.000            0.000            0.000            0.000            0.017            0.002            0.003            0.138            0.023            0.000            0.000            0.000            0.000            0.000            0.000
   301    10    28  2025       1       1  hru1           0.000       0.000       0.009      -0.025            0.000            0.000            0.000            0.000            0.017            0.002            0.003            0.137            0.023            0.000            0.000            0.000            0.000            0.000            0.000
   302    10    29  2025       1       1  hru1           0.000       0.000       0.009      -0.025            0.000            0.000            0.000            0.000            0.017            0.002            0.003            0.135            0.022            0.000            0.000            0.000            0.000            0.000            0.000
   303    10    30  2025       1       1  hru1           0.000       0.000       0.009      -0.025            0.000            0.000            0.000            0.000            0.017            0.002            0.003            0.134            0.022            0.000            0.000            0.000            0.000            0.000            0.000
   304    10    31  2025       1       1  hru1           0.000       0.000       0.009      -0.025            0.000            0.000            0.000            0.000            0.017            0.002            0.003            0.132            0.022            0.000            0.000            0.000            0.000            0.000            0.000
   305    11     1  2025       1       1  hru1           0.000       0.000       0.009      -0.025            0.000            0.000            0.000            0.000            0.017            0.002            0.003            0.131            0.022            0.000            0.000            0.000            0.000            0.000            0.000
   306    11     2  2025       1       1  hru1           0.000       0.000       0.009      -0.024            0.000            0.000            0.000            0.000            0.017            0.002            0.003            0.130            0.022            0.000            0.000            0.000            0.000            0.000            0.000
   307    11     3  2025       1       1  hru1           0.000       0.000       0.009      -0.024            0.000            0.000            0.000            0.000            0.017            0.002            0.003            0.129            0.021            0.000            0.000            0.000            0.000            0.000            0.000
   308    11     4  2025       1       1  hru1           0.000       0.000       0.009      -0.024            0.000            0.000            0.000            0.000            0.017            0.002            0.003            0.127            0.021            0.000            0.000            0.000            0.000            0.000            0.000
   309    11     5  2025       1       1  hru1           0.000       0.000       0.008      -0.024            0.000            0.000            0.000            0.000            0.017            0.002            0.003            0.126            0.021            0.000            0.000            0.000            0.000            0.000            0.000
   310    11     6  2025       1       1  hru1           0.000       0.000       0.008      -0.024            0.000            0.000            0.000            0.000            0.017            0.002            0.003            0.125            0.021            0.000            0.000            0.000            0.000            0.000            0.000
   311    11     7  2025       1       1  hru1           0.000       0.000       0.008      -0.024            0.000            0.000            0.000            0.000            0.017            0.002            0.003            0.123            0.021            0.000            0.000            0.000            0.000            0.000            0.000
   312    11     8  2025       1       1  hru1           0.000       0.000       0.008      -0.024            0.000            0.000            0.000            0.000            0.017            0.002            0.003            0.122            0.020            0.000            0.000            0.000            0.000            0.000            0.000
   313    11     9  2025       1       1  hru1           0.000       0.000       0.008      -0.024            0.000            0.000            0.000            0.000            0.017            0.002            0.003            0.121            0.020            0.000            0.000            0.000            0.000            0.000            0.000
   314    11    10  2025       1       1  hru1           0.000       0.000       0.008      -0.024            0.000            0.000            0.000            0.000            0.017            0.002            0.003            0.120            0.020            0.000            0.000            0.000            0.000            0.000            0.000
   315    11    11  2025       1       1  hru1           0.000       0.000       0.008      -0.024            0.000            0.000            0.000            0.000            0.017            0.002            0.003            0.119            0.020            0.000            0.000            0.000            0.000            0.000            0.000
   316    11    12  2025       1       1  hru1           0.000       0.000       0.008      -0.024            0.000            0.000            0.000            0.000            0.017            0.002            0.003            0.117            0.020            0.000            0.000            0.000            0.000            0.000            0.000
   317    11    13  2025       1       1  hru1           0.000       0.000       0.007      -0.024            0.000            0.000            0.000            0.000            0.017            0.002            0.003            0.116            0.019            0.000            0.000            0.000            0.000            0.000            0.000
   318    11    14  2025       1       1  hru1           0.000       0.000       0.007      -0.024            0.000            0.000            0.000            0.000            0.017            0.002            0.003            0.115            0.019            0.000            0.000            0.000            0.000            0.000            0.000
   319    11    15  2025       1       1  hru1           0.000       0.000       0.007      -0.024            0.000            0.000            0.000            0.000            0.017            0.002            0.003            0.114            0.019            0.000            0.000            0.000            0.000            0.000            0.000
   320    11    16  2025       1       1  hru1           0.000       0.000       0.007      -0.024            0.000            0.000            0.000            0.000            0.017            0.002            0.003            0.113            0.019            0.000            0.000            0.000            0.000            0.000            0.000
   321    11    17  2025       1       1  hru1           0.000       0.000       0.007      -0.024            0.000            0.000            0.000            0.000            0.017            0.002            0.003            0.112            0.019            0.000            0.000            0.000            0.000            0.000            0.000
   322    11    18  2025       1       1  hru1           0.000       0.000       0.007      -0.024            0.000            0.000            0.000            0.000            0.016            0.002            0.003            0.111            0.018            0.000            0.000            0.000            0.000            0.000            0.000
   323    11    19  2025       1       1  hru1           0.000       0.000       0.007      -0.024            0.000            0.000            0.000            0.000            0.016            0.002            0.003            0.109            0.018            0.000            0.000            0.000            0.000            0.000            0.000
   324    11    20  2025       1       1  hru1           0.000       0.000       0.007      -0.024            0.000            0.000            0.000            0.000            0.016            0.002            0.003            0.108            0.018            0.000            0.000            0.000            0.000            0.000            0.000
   325    11    21  2025       1       1  hru1           0.000       0.000       0.007      -0.024            0.000            0.000            0.000            0.000            0.016            0.002            0.003            0.107            0.018            0.000            0.000            0.000            0.000            0.000            0.000
   326    11    22  2025       1       1  hru1           0.000       0.000       0.006      -0.024            0.000            0.000            0.000            0.000            0.016            0.002            0.003            0.106            0.018            0.000            0.000            0.000            0.000            0.000            0.000
   327    11    23  2025       1       1  hru1           0.000       0.000       0.006      -0.024            0.000            0.000            0.000            0.000            0.016            0.002            0.003            0.105            0.017            0.000            0.000            0.000            0.000            0.000            0.000
   328    11    24  2025       1       1  hru1           0.000       0.000       0.006      -0.024            0.000            0.000            0.000            0.000            0.016            0.002            0.003            0.104            0.017            0.000            0.000            0.000            0.000            0.000            0.000
   329    11    25  2025       1       1  hru1           0.000       0.000       0.006      -0.024            0.000            0.000            0.000            0.000            0.016            0.002            0.003            0.103            0.017            0.000            0.000            0.000            0.000            0.000            0.000
   330    11    26  2025       1       1  hru1           0.000       0.000       0.006      -0.024            0.000            0.000            0.000            0.000            0.016            0.002            0.003            0.102            0.017            0.000            0.000            0.000            0.000            0.000            0.000
   331    11    27  2025       1       1  hru1           0.000       0.000       0.006      -0.024            0.000            0.000            0.000            0.000            0.016            0.002            0.003            0.101            0.017            0.000            0.000            0.000            0.000            0.000            0.000
   332    11    28  2025       1       1  hru1           0.000       0.000       0.006      -0.024            0.000            0.000            0.000            0.000            0.016            0.002            0.003            0.100            0.017            0.000            0.000            0.000            0.000            0.000            0.000
   333    11    29  2025       1       1  hru1           0.000       0.000       0.006      -0.024            0.000            0.000            0.000            0.000            0.016            0.002            0.003            0.099            0.016            0.000            0.000            0.000            0.000            0.000            0.000
   334    11    30  2025       1       1  hru1           0.000       0.000       0.005      -0.024            0.000            0.000            0.000            0.000            0.016            0.002            0.003            0.098            0.016            0.000            0.000            0.000            0.000            0.000            0.000
   335    12     1  2025       1       1  hru1           0.000       0.000       0.005      -0.024            0.000            0.000            0.000            0.000            0.016            0.002            0.003            0.097            0.016            0.000            0.000            0.000            0.000            0.000            0.000
   336    12     2  2025       1       1  hru1           0.000       0.000       0.005      -0.024            0.000            0.000            0.000            0.000            0.016            0.002            0.003            0.096            0.016            0.000            0.000            0.000            0.000            0.000            0.000
   337    12     3  2025       1       1  hru1           0.000       0.000       0.005      -0.024            0.000            0.000            0.000            0.000            0.016            0.002            0.003            0.095            0.016            0.000            0.000            0.000            0.000            0.000            0.000
   338    12     4  2025       1       1  hru1           0.000       0.000       0.005      -0.024            0.000            0.000            0.000            0.000            0.016            0.002            0.003            0.094            0.016            0.000            0.000            0.000            0.000            0.000            0.000
   339    12     5  2025       1       1  hru1           0.000       0.000       0.005      -0.023            0.000            0.000            0.000            0.000            0.016            0.002            0.003            0.093            0.015            0.000            0.000            0.000            0.000            0.000            0.000
   340    12     6  2025       1       1  hru1           0.000       0.000       0.006      -0.023            0.000            0.000            0.000            0.000            0.016            0.002            0.003            0.092            0.015            0.000            0.000            0.000            0.000            0.000            0.000
   341    12     7  2025       1       1  hru1           0.000       0.000       0.005      -0.023            0.000            0.000            0.000            0.000            0.016            0.002            0.003            0.091            0.015            0.000            0.000            0.000            0.000            0.000            0.000
   342    12     8  2025       1       1  hru1           0.000       0.000       0.004      -0.023            0.000            0.000            0.000            0.000            0.016            0.002            0.003            0.090            0.015            0.000            0.000            0.000            0.000            0.000            0.000
   343    12     9  2025       1       1  hru1           0.000       0.000       0.004      -0.023            0.000            0.000            0.000            0.000            0.016            0.002            0.003            0.090            0.015            0.000            0.000            0.000            0.000            0.000            0.000
   344    12    10  2025       1       1  hru1           0.000       0.000       0.004      -0.023            0.000            0.000            0.000            0.000            0.016            0.002            0.003            0.089            0.015            0.000            0.000            0.000            0.000            0.000            0.000
   345    12    11  2025       1       1  hru1           0.000       0.000       0.004      -0.023            0.000            0.000            0.000            0.000            0.016            0.002            0.003            0.088            0.015            0.000            0.000            0.000            0.000            0.000            0.000
   346    12    12  2025       1       1  hru1           0.000       0.000       0.004      -0.023            0.000            0.000            0.000            0.000            0.016            0.002            0.003            0.087            0.014            0.000            0.000            0.000            0.000            0.000            0.000
   347    12    13  2025       1       1  hru1           0.000       0.000       0.004      -0.023            0.000            0.000            0.000            0.000            0.016            0.002            0.003            0.086            0.014            0.000            0.000            0.000            0.000            0.000            0.000
   348    12    14  2025       1       1  hru1           0.000       0.000       0.004      -0.023            0.000            0.000            0.000            0.000            0.016            0.002            0.003            0.085            0.014            0.000            0.000            0.000            0.000            0.000            0.000
   349    12    15  2025       1       1  hru1           0.000       0.000       0.004      -0.023            0.000            0.000            0.000            0.000            0.016            0.002            0.003            0.084            0.014            0.000            0.000            0.000            0.000            0.000            0.000
   350    12    16  2025       1       1  hru1           0.000       0.000       0.004      -0.023            0.000            0.000            0.000            0.000            0.016            0.002            0.003            0.083            0.014            0.000            0.000            0.000            0.000            0.000            0.000
   351    12    17  2025       1       1  hru1           0.000       0.000       0.004      -0.023            0.000            0.000            0.000            0.000            0.016            0.002            0.003            0.083            0.014            0.000            0.000            0.000            0.000            0.000            0.000
   352    12    18  2025       1       1  hru1           0.000       0.000       0.005      -0.023            0.000            0.000            0.000            0.000            0.016            0.002            0.003            0.082            0.014            0.000            0.000            0.000            0.000            0.000            0.000
   353    12    19  2025       1       1  hru1           0.000       0.000       0.004      -0.023            0.000            0.000            0.000            0.000            0.016            0.002            0.003            0.081            0.013            0.000            0.000            0.000            0.000            0.000            0.000
   354    12    20  2025       1       1  hru1           0.000       0.000       0.005      -0.023            0.000            0.000            0.000            0.000            0.016            0.002            0.003            0.080            0.013            0.000            0.000            0.000            0.000            0.000            0.000
   355    12    21  2025       1       1  hru1           0.000       0.000       0.003      -0.023            0.000            0.000            0.000            0.000            0.017            0.002            0.003            0.079            0.013            0.000            0.000            0.000            0.000            0.000            0.000
   356    12    22  2025       1       1  hru1           0.000       0.000       0.005      -0.023            0.000            0.000            0.000            0.000            0.017            0.002            0.003            0.079            0.013            0.000            0.000            0.000            0.000            0.000            0.000
   357    12    23  2025       1       1  hru1           0.000       0.000       0.003      -0.023            0.000            0.000            0.000            0.000            0.017            0.002            0.003            0.078            0.013            0.000            0.000            0.000            0.000            0.000            0.000
   358    12    24  2025       1       1  hru1           0.000       0.000       0.003      -0.023            0.000            0.000            0.000            0.000            0.017            0.002            0.003            0.077            0.013            0.000            0.000            0.000            0.000            0.000            0.000
   359    12    25  2025       1       1  hru1           0.000       0.000       0.004      -0.023            0.000            0.000            0.000            0.000            0.017            0.002            0.003            0.076            0.013            0.000            0.000            0.000            0.000            0.000            0.000
   360    12    26  2025       1       1  hru1           0.000       0.000       0.003      -0.023            0.000            0.000            0.000            0.000            0.017            0.002            0.003            0.075            0.013            0.000            0.000            0.000            0.000            0.000            0.000
   361    12    27  2025       1       1  hru1           0.000       0.000       0.002      -0.023            0.000            0.000            0.000            0.000            0.017            0.002            0.003            0.075            0.012            0.000            0.000            0.000            0.000            0.000            0.000
   362    12    28  2025       1       1  hru1           0.000       0.000       0.002      -0.023            0.000            0.000            0.000            0.000            0.017            0.002            0.003            0.074            0.012            0.000            0.000            0.000            0.000            0.000            0.000
   363    12    29  2025       1       1  hru1           0.000       0.000       0.002      -0.023            0.000            0.000            0.000            0.000            0.017            0.002            0.003            0.073            0.012            0.000            0.000            0.000            0.000            0.000            0.000
   364    12    30  2025       1       1  hru1           0.000       0.000       0.002      -0.023            0.000            0.000            0.000            0.000            0.017            0.002            0.003            0.072            0.012            0.000            0.000            0.000            0.000            0.000            0.000
   365    12    31  2025       1       1  hru1           0.000       0.000       0.002      -0.023            0.000            0.000            0.000            0.000            0.017            0.002            0.003            0.072            0.012            0.000            0.000            0.000            0.000            0.000            0.000
