 a10_single_hru            SWAT+ Jun 13 2023       MODULAR Rev 2023.60.5.7                                
   jday   mon   day    yr   unit  gis_id  name                     lai       bioms       yield     residue     sol_tmp       strsw       strsa     strstmp       strsn       strsp        nplt       percn       pplnt         tmx         tmn       tmpav     solarad      wndspd        rhum     phubas0     lai_max      bm_max     bm_grow       c_gro
                                                             m**2/m**2        kgha        kgha        kgha        degc         ---         ---         ---         ---         ---        kgha        kgha        kgha        degc        degc        degc      mj/m^2         m/s        frac        degc   m**2/m**2       kg/ha       kg/ha       kg/ha
     1     1     1  2020       1       1  hru1                   0.000       0.000       0.000    3640.997      -0.916       0.000       0.000       0.000       0.000       0.000       0.000       0.000       0.000       6.839      -0.172       3.333       7.782       2.320       0.990       0.001       0.000       0.000       0.000       0.000
     2     1     2  2020       1       1  hru1                   0.000       0.000       0.000    3640.997      -0.455       0.000       0.000       0.000       0.000       0.000       0.000       0.000       0.000       4.567      -0.339       2.114       7.782       2.709       0.866       0.001       0.000       0.000       0.000       0.000
     3     1     3  2020       1       1  hru1                   0.000       0.000       0.000    3640.997       0.071       0.000       0.000       0.000       0.000       0.000       0.000       0.000       0.000       8.956      -0.511       4.222       7.782       3.681       0.675       0.003       0.000       0.000       0.000       0.000
     4     1     4  2020       1       1  hru1                   0.000       0.000       0.000    3640.997       0.242       0.000       0.000       0.000       0.000       0.000       0.000       0.000       0.000       6.278      -3.039       1.619       7.782       3.090       0.687       0.003       0.000       0.000       0.000       0.000
     5     1     5  2020       1       1  hru1                   0.000       0.000       0.000    3640.997       0.077       0.000       0.000       0.000       0.000       0.000       0.000       0.000       0.000       1.267      -4.994      -1.864       7.782       3.426       0.990       0.003       0.000       0.000       0.000       0.000
     6     1     6  2020       1       1  hru1                   0.000       0.000       0.000    3640.997      -0.077       0.000       0.000       0.000       0.000       0.000       0.000       0.000       0.000       4.600      -5.139      -0.269       7.782       1.751       0.659       0.003       0.000       0.000       0.000       0.000
     7     1     7  2020       1       1  hru1                   0.000       0.000       0.000    3640.997       0.315       0.000       0.000       0.000       0.000       0.000       0.000       0.000       0.000       8.417      -1.350       3.533       7.782       2.834       0.801       0.004       0.000       0.000       0.000       0.000
     8     1     8  2020       1       1  hru1                   0.000       0.000       0.000    3640.997       0.579       0.000       0.000       0.000       0.000       0.000       0.000       0.000       0.000       5.450      -1.117       2.167       7.782       2.659       0.895       0.005       0.000       0.000       0.000       0.000
     9     1     9  2020       1       1  hru1                   0.000       0.000       0.000    3640.997       0.414       0.000       0.000       0.000       0.000       0.000       0.000       0.000       0.000       0.339      -4.056      -1.858       7.782       3.041       0.990       0.005       0.000       0.000       0.000       0.000
    10     1    10  2020       1       1  hru1                   0.000       0.000       0.000    3640.997      -0.164       0.000       0.000       0.000       0.000       0.000       0.000       0.000       0.000      -0.639      -8.144      -4.392       7.782       3.061       0.990       0.005       0.000       0.000       0.000       0.000
    11     1    11  2020       1       1  hru1                   0.000       0.000       0.000    3640.997      -0.366       0.000       0.000       0.000       0.000       0.000       0.000       0.000       0.000       3.528      -5.789      -1.131       7.782       1.966       0.990       0.005       0.000       0.000       0.000       0.000
    12     1    12  2020       1       1  hru1                   0.000       0.000       0.000    3640.997      -0.301       0.000       0.000       0.000       0.000       0.000       0.000       0.000       0.000       2.339      -2.839      -0.250       7.782       1.483       0.815       0.005       0.000       0.000       0.000       0.000
    13     1    13  2020       1       1  hru1                   0.000       0.000       0.000    3640.997      -0.360       0.000       0.000       0.000       0.000       0.000       0.000       0.000       0.000       1.767      -4.772      -1.503       7.782       1.769       0.792       0.005       0.000       0.000       0.000       0.000
    14     1    14  2020       1       1  hru1                   0.000       0.000       0.000    3640.997      -0.424       0.000       0.000       0.000       0.000       0.000       0.000       0.000       0.000       2.828      -5.350      -1.261       7.782       4.526       0.880       0.005       0.000       0.000       0.000       0.000
    15     1    15  2020       1       1  hru1                   0.000       0.000       0.000    3640.997      -1.056       0.000       0.000       0.000       0.000       0.000       0.000       0.000       0.000      -2.767     -10.417      -6.592       7.782       3.871       0.723       0.005       0.000       0.000       0.000       0.000
    16     1    16  2020       1       1  hru1                   0.000       0.000       0.000    3640.997      -0.845       0.000       0.000       0.000       0.000       0.000       0.000       0.000       0.000       9.383      -5.678       1.853       7.782       3.045       0.844       0.005       0.000       0.000       0.000       0.000
    17     1    17  2020       1       1  hru1                   0.000       0.000       0.000    3640.997      -0.839       0.000       0.000       0.000       0.000       0.000       0.000       0.000       0.000       2.783      -5.283      -1.250       7.782       3.762       0.984       0.005       0.000       0.000       0.000       0.000
    18     1    18  2020       1       1  hru1                   0.000       0.000       0.000    3640.997      -1.003       0.000       0.000       0.000       0.000       0.000       0.000       0.000       0.000       0.917      -6.661      -2.872       7.782       1.928       0.832       0.005       0.000       0.000       0.000       0.000
    19     1    19  2020       1       1  hru1                   0.000       0.000       0.000    3640.997      -1.398       0.000       0.000       0.000       0.000       0.000       0.000       0.000       0.000      -0.700      -9.233      -4.967       7.782       2.670       0.937       0.005       0.000       0.000       0.000       0.000
    20     1    20  2020       1       1  hru1                   0.000       0.000       0.000    3640.997      -1.377       0.000       0.000       0.000       0.000       0.000       0.000       0.000       0.000       1.661      -5.572      -1.956       7.782       5.395       0.875       0.005       0.000       0.000       0.000       0.000
    21     1    21  2020       1       1  hru1                   0.000       0.000       0.000    3640.997      -0.873       0.000       0.000       0.000       0.000       0.000       0.000       0.000       0.000       7.067      -1.583       2.742       7.782       2.417       0.990       0.006       0.000       0.000       0.000       0.000
    22     1    22  2020       1       1  hru1                   0.000       0.000       0.000    3640.997      -0.278       0.000       0.000       0.000       0.000       0.000       0.000       0.000       0.000       5.883       0.883       3.383       7.782       1.698       0.888       0.007       0.000       0.000       0.000       0.000
    23     1    23  2020       1       1  hru1                   0.000       0.000       0.000    3640.997       0.328       0.000       0.000       0.000       0.000       0.000       0.000       0.000       0.000      10.133       0.333       5.233       7.782       4.424       0.780       0.008       0.000       0.000       0.000       0.000
    24     1    24  2020       1       1  hru1                   0.000       0.000       0.000    3640.997       0.720       0.000       0.000       0.000       0.000       0.000       0.000       0.000       0.000       6.889      -0.067       3.411       7.782       1.519       0.990       0.009       0.000       0.000       0.000       0.000
    25     1    25  2020       1       1  hru1                   0.000       0.000       0.000    3604.587       1.092       0.000       0.000       0.000       0.000       0.000       0.000       0.000       0.000       7.772       0.000       3.886       7.782       2.621       0.990       0.010       0.000       0.000       0.000       0.000
    26     1    26  2020       1       1  hru1                   0.000       0.000       0.000    3568.541       1.590       0.000       0.000       0.000       0.000       0.000       0.000       0.000       0.000       9.161       1.650       5.406       7.782       4.306       0.977       0.012       0.000       0.000       0.000       0.000
    27     1    27  2020       1       1  hru1                   0.000       0.000       0.000    3532.855       1.859       0.000       0.000       0.000       0.000       0.000       0.000       0.000       0.000       7.194       0.394       3.794       7.782       2.024       0.955       0.013       0.000       0.000       0.000       0.000
    28     1    28  2020       1       1  hru1                   0.000       0.000       0.000    3497.527       2.119       0.000       0.000       0.000       0.000       0.000       0.000       0.000       0.000       7.000       0.806       3.903       7.782       2.933       0.990       0.014       0.000       0.000       0.000       0.000
    29     1    29  2020       1       1  hru1                   0.000       0.000       0.000    3462.552       2.234       0.000       0.000       0.000       0.000       0.000       0.000       0.000       0.000       4.394       0.472       2.433       7.782       3.132       0.632       0.014       0.000       0.000       0.000       0.000
    30     1    30  2020       1       1  hru1                   0.000       0.000       0.000    3427.926       2.296       0.000       0.000       0.000       0.000       0.000       0.000       0.000       0.000       3.828       0.233       2.031       7.782       3.308       0.990       0.015       0.000       0.000       0.000       0.000
    31     1    31  2020       1       1  hru1                   0.000       0.000       0.000    3393.647       2.459       0.000       0.000       0.000       0.000       0.000       0.000       0.000       0.000       8.422      -0.239       4.092       7.782       1.491       0.810       0.016       0.000       0.000       0.000       0.000
    32     2     1  2020       1       1  hru1                   0.000       0.000       0.000    3359.710       2.662       0.000       0.000       0.000       0.000       0.000       0.000       0.000       0.000      12.783      -2.533       5.125      11.295       2.977       0.895       0.017       0.000       0.000       0.000       0.000
    33     2     2  2020       1       1  hru1                   0.000       0.000       0.000    3326.113       2.609       0.000       0.000       0.000       0.000       0.000       0.000       0.000       0.000      10.600      -4.467       3.067      11.295       2.878       0.777       0.018       0.000       0.000       0.000       0.000
    34     2     3  2020       1       1  hru1                   0.000       0.000       0.000    3292.852       1.819       0.000       0.000       0.000       0.000       0.000       0.000       0.000       0.000       0.383      -9.133      -4.375      11.295       1.953       0.747       0.018       0.000       0.000       0.000       0.000
    35     2     4  2020       1       1  hru1                   0.000       0.000       0.000    3292.852       0.930       0.000       0.000       0.000       0.000       0.000       0.000       0.000       0.000      -1.344     -10.961      -6.153      11.295       1.416       0.728       0.018       0.000       0.000       0.000       0.000
    36     2     5  2020       1       1  hru1                   0.000       0.000       0.000    3292.852       0.864       0.000       0.000       0.000       0.000       0.000       0.000       0.000       0.000       3.183      -3.883      -0.350      11.295       2.303       0.729       0.018       0.000       0.000       0.000       0.000
    37     2     6  2020       1       1  hru1                   0.000       0.000       0.000    3259.923       1.457       0.000       0.000       0.000       0.000       0.000       0.000       0.000       0.000       9.061       1.789       5.425      11.295       3.541       0.990       0.020       0.000       0.000       0.000       0.000
    38     2     7  2020       1       1  hru1                   0.000       0.000       0.000    3227.324       2.286       0.000       0.000       0.000       0.000       0.000       0.000       0.000       0.000      11.044       5.011       8.028      11.295       3.297       0.815       0.022       0.000       0.000       0.000       0.000
    39     2     8  2020       1       1  hru1                   0.000       0.000       0.000    3195.051       2.374       0.000       0.000       0.000       0.000       0.000       0.000       0.000       0.000       6.906      -1.289       2.808      11.295       3.338       0.592       0.023       0.000       0.000       0.000       0.000
    40     2     9  2020       1       1  hru1                   0.000       0.000       0.000    3163.101       2.240       0.000       0.000       0.000       0.000       0.000       0.000       0.000       0.000       4.156      -2.633       0.761      11.295       2.530       0.889       0.023       0.000       0.000       0.000       0.000
    41     2    10  2020       1       1  hru1                   0.000       0.000       0.000    3131.469       2.029       0.000       0.000       0.000       0.000       0.000       0.000       0.000       0.000       4.428      -4.061       0.183      11.295       3.977       0.498       0.023       0.000       0.000       0.000       0.000
    42     2    11  2020       1       1  hru1                   0.000       0.000       0.000    3100.155       1.862       0.000       0.000       0.000       0.000       0.000       0.000       0.000       0.000       7.611      -5.544       1.033      11.295       2.097       0.707       0.023       0.000       0.000       0.000       0.000
    43     2    12  2020       1       1  hru1                   0.000       0.000       0.000    3069.153       1.715       0.000       0.000       0.000       0.000       0.000       0.000       0.000       0.000       5.922      -4.672       0.625      11.295       2.011       0.626       0.023       0.000       0.000       0.000       0.000
    44     2    13  2020       1       1  hru1                   0.000       0.000       0.000    3038.462       1.701       0.000       0.000       0.000       0.000       0.000       0.000       0.000       0.000       9.650      -5.144       2.253      11.295       3.059       0.891       0.024       0.000       0.000       0.000       0.000
    45     2    14  2020       1       1  hru1                   0.000       0.000       0.000    3008.077       1.447       0.000       0.000       0.000       0.000       0.000       0.000       0.000       0.000       5.450      -6.122      -0.336      11.295       2.711       0.867       0.024       0.000       0.000       0.000       0.000
    46     2    15  2020       1       1  hru1                   0.000       0.000       0.000    2977.996       1.405       0.000       0.000       0.000       0.000       0.000       0.000       0.000       0.000       7.333      -4.772       1.281      11.295       1.647       0.990       0.024       0.000       0.000       0.000       0.000
    47     2    16  2020       1       1  hru1                   0.000       0.000       0.000    2948.216       1.618       0.000       0.000       0.000       0.000       0.000       0.000       0.000       0.000       5.617      -0.544       2.536      11.295       4.768       0.990       0.025       0.000       0.000       0.000       0.000
    48     2    17  2020       1       1  hru1                   0.000       0.000       0.000    2918.734       1.414       0.000       0.000       0.000       0.000       0.000       0.000       0.000       0.000       2.372      -3.922      -0.775      11.295       2.005       0.812       0.025       0.000       0.000       0.000       0.000
    49     2    18  2020       1       1  hru1                   0.000       0.000       0.000    2918.734       1.040       0.000       0.000       0.000       0.000       0.000       0.000       0.000       0.000       3.411      -7.089      -1.839      11.295       3.351       0.667       0.025       0.000       0.000       0.000       0.000
    50     2    19  2020       1       1  hru1                   0.000       0.000       0.000    2918.734       0.597       0.000       0.000       0.000       0.000       0.000       0.000       0.000       0.000       1.661      -7.739      -3.039      11.295       0.771       0.682       0.025       0.000       0.000       0.000       0.000
    51     2    20  2020       1       1  hru1                   0.000       0.000       0.000    2918.734       0.188       0.000       0.000       0.000       0.000       0.000       0.000       0.000       0.000       4.650      -9.706      -2.528      11.295       4.128       0.721       0.025       0.000       0.000       0.000       0.000
    52     2    21  2020       1       1  hru1                   0.000       0.000       0.000    2918.734       0.039       0.000       0.000       0.000       0.000       0.000       0.000       0.000       0.000       7.817      -8.722      -0.453      11.295       4.452       0.894       0.025       0.000       0.000       0.000       0.000
    53     2    22  2020       1       1  hru1                   0.000       0.000       0.000    2918.734       0.152       0.000       0.000       0.000       0.000       0.000       0.000       0.000       0.000      10.439      -6.933       1.753      11.295       2.248       0.859       0.025       0.000       0.000       0.000       0.000
    54     2    23  2020       1       1  hru1                   0.000       0.000       0.000    2918.734       0.336       0.000       0.000       0.000       0.000       0.000       0.000       0.000       0.000      12.661      -6.967       2.847      11.295       3.644       0.700       0.026       0.000       0.000       0.000       0.000
    55     2    24  2020       1       1  hru1                   0.000       0.000       0.000    2918.734       0.457       0.000       0.000       0.000       0.000       0.000       0.000       0.000       0.000       4.972      -3.383       0.794      11.295       2.698       0.588       0.026       0.000       0.000       0.000       0.000
    56     2    25  2020       1       1  hru1                   0.000       0.000       0.000    2918.734       0.203       0.000       0.000       0.000       0.000       0.000       0.000       0.000       0.000       5.717      -8.494      -1.389      11.295       2.583       0.705       0.026       0.000       0.000       0.000       0.000
    57     2    26  2020       1       1  hru1                   0.000       0.000       0.000    2918.734       0.346       0.000       0.000       0.000       0.000       0.000       0.000       0.000       0.000      11.556      -6.839       2.358      11.295       1.686       0.851       0.027       0.000       0.000       0.000       0.000
    58     2    27  2020       1       1  hru1                   0.000       0.000       0.000    2918.734       0.572       0.000       0.000       0.000       0.000       0.000       0.000       0.000       0.000      11.650      -5.550       3.050      11.295       4.066       0.743       0.028       0.000       0.000       0.000       0.000
    59     2    28  2020       1       1  hru1                   0.000       0.000       0.000    2918.734       0.959       0.000       0.000       0.000       0.000       0.000       0.000       0.000       0.000      15.611      -5.111       5.250      11.295       2.662       0.756       0.029       0.000       0.000       0.000       0.000
    60     2    29  2020       1       1  hru1                   0.000       0.000       0.000    2889.547       1.264       0.000       0.000       0.000       0.000       0.000       0.000       0.000       0.000       9.772      -2.372       3.700      11.295       1.242       0.783       0.030       0.000       0.000       0.000       0.000
    61     3     1  2020       1       1  hru1                   0.000       0.000       0.000    2860.651       1.284       0.000       0.000       0.000       0.000       0.000       0.000       0.000       0.000       6.178      -5.178       0.500      16.267       2.018       0.707       0.030       0.000       0.000       0.000       0.000
    62     3     2  2020       1       1  hru1                   0.000       0.000       0.000    2832.045       1.390       0.000       0.000       0.000       0.000       0.000       0.000       0.000       0.000       8.006      -5.239       1.383      16.267       1.403       0.682       0.031       0.000       0.000       0.000       0.000
    63     3     3  2020       1       1  hru1                   0.000       0.000       0.000    2803.724       2.039       0.000       0.000       0.000       0.000       0.000       0.000       0.000       0.000      12.694      -0.389       6.153      16.267       2.744       0.564       0.032       0.000       0.000       0.000       0.000
    64     3     4  2020       1       1  hru1                   0.000       0.000       0.000    2775.687       2.592       0.000       0.000       0.000       0.000       0.000       0.000       0.000       0.000      14.317      -1.744       6.286      16.267       4.145       0.404       0.034       0.000       0.000       0.000       0.000
    65     3     5  2020       1       1  hru1                   0.000       0.000       0.000    2747.930       3.351       0.000       0.000       0.000       0.000       0.000       0.000       0.000       0.000      20.933      -2.578       9.178      16.267       5.000       0.510       0.036       0.000       0.000       0.000       0.000
    66     3     6  2020       1       1  hru1                   0.000       0.000       0.000    2720.451       4.176       0.000       0.000       0.000       0.000       0.000       0.000       0.000       0.000      19.900       0.800      10.350      16.267       4.074       0.682       0.039       0.000       0.000       0.000       0.000
    67     3     7  2020       1       1  hru1                   0.000       0.000       0.000    2693.246       4.819       0.000       0.000       0.000       0.000       0.000       0.000       0.000       0.000      16.167       2.650       9.408      16.267       3.593       0.812       0.042       0.000       0.000       0.000       0.000
    68     3     8  2020       1       1  hru1                   0.000       0.000       0.000    2666.314       5.016       0.000       0.000       0.000       0.000       0.000       0.000       0.000       0.000      10.733       1.500       6.117      16.267       2.614       0.990       0.043       0.000       0.000       0.000       0.000
    69     3     9  2020       1       1  hru1                   0.000       0.000       0.000    2639.651       4.976       0.000       0.000       0.000       0.000       0.000       0.000       0.000       0.000       8.811      -0.150       4.331      16.267       3.109       0.581       0.045       0.000       0.000       0.000       0.000
    70     3    10  2020       1       1  hru1                   0.000       0.000       0.000    2613.254       4.915       0.000       0.000       0.000       0.000       0.000       0.000       0.000       0.000      12.356      -3.278       4.539      16.267       3.009       0.792       0.046       0.000       0.000       0.000       0.000
    71     3    11  2020       1       1  hru1                   0.000       0.000       0.000    2587.122       5.024       0.000       0.000       0.000       0.000       0.000       0.000       0.000       0.000      16.506      -4.067       6.219      16.267       3.807       0.655       0.048       0.000       0.000       0.000       0.000
    72     3    12  2020       1       1  hru1                   0.000       0.000       0.000    2561.250       4.890       0.000       0.000       0.000       0.000       0.000       0.000       0.000       0.000      10.467      -2.794       3.836      16.267       4.448       0.665       0.049       0.000       0.000       0.000       0.000
    73     3    13  2020       1       1  hru1                   0.000       0.000       0.000    2535.638       4.556       0.000       0.000       0.000       0.000       0.000       0.000       0.000       0.000      12.111      -7.311       2.400      16.267       3.637       0.420       0.049       0.000       0.000       0.000       0.000
    74     3    14  2020       1       1  hru1                   0.000       0.000       0.000    2510.281       4.914       0.000       0.000       0.000       0.000       0.000       0.000       0.000       0.000      10.439       3.506       6.972      16.267       4.047       0.872       0.051       0.000       0.000       0.000       0.000
    75     3    15  2020       1       1  hru1                   0.000       0.000       0.000    2485.179       5.173       0.000       0.000       0.000       0.000       0.000       0.000       0.000       0.000      11.750       1.817       6.783      16.267       2.604       0.854       0.053       0.000       0.000       0.000       0.000
    76     3    16  2020       1       1  hru1                   0.000       0.000       0.000    2460.327       5.585       0.000       0.000       0.000       0.000       0.000       0.000       0.000       0.000      14.411       2.567       8.489      16.267       4.723       0.517       0.055       0.000       0.000       0.000       0.000
    77     3    17  2020       1       1  hru1                   0.000       0.000       0.000    2435.724       5.991       0.000       0.000       0.000       0.000       0.000       0.000       0.000       0.000      14.217       3.472       8.844      16.267       1.696       0.846       0.058       0.000       0.000       0.000       0.000
    78     3    18  2020       1       1  hru1                   0.000       0.000       0.000    2411.366       5.974       0.000       0.000       0.000       0.000       0.000       0.000       0.000       0.000      10.356       1.100       5.728      16.267       2.621       0.990       0.059       0.000       0.000       0.000       0.000
    79     3    19  2020       1       1  hru1                   0.000       0.000       0.000    2387.253       5.876       0.000       0.000       0.000       0.000       0.000       0.000       0.000       0.000      11.094      -0.678       5.208      16.267       4.111       0.733       0.061       0.000       0.000       0.000       0.000
    80     3    20  2020       1       1  hru1                   0.000       0.000       0.000    2363.380       6.147       0.000       0.000       0.000       0.000       0.000       0.000       0.000       0.000      13.422       2.700       8.061      16.267       1.638       0.990       0.063       0.000       0.000       0.000       0.000
    81     3    21  2020       1       1  hru1                   0.000       0.000       0.000    2339.746       6.190       0.000       0.000       0.000       0.000       0.000       0.000       0.000       0.000      13.472      -0.078       6.697      16.267       3.640       0.448       0.064       0.000       0.000       0.000       0.000
    82     3    22  2020       1       1  hru1                   0.000       0.000       0.000    2316.349       6.413       0.000       0.000       0.000       0.000       0.000       0.000       0.000       0.000      14.333       1.939       8.136      16.267       2.209       0.425       0.067       0.000       0.000       0.000       0.000
    83     3    23  2020       1       1  hru1                   0.000       0.000       0.000    2293.185       6.349       0.000       0.000       0.000       0.000       0.000       0.000       0.000       0.000      12.467      -0.311       6.078      16.267       3.158       0.803       0.068       0.000       0.000       0.000       0.000
    84     3    24  2020       1       1  hru1                   0.000       0.000       0.000    2270.253       6.294       0.000       0.000       0.000       0.000       0.000       0.000       0.000       0.000      10.494       1.206       5.850      16.267       2.835       0.672       0.070       0.000       0.000       0.000       0.000
    85     3    25  2020       1       1  hru1                   0.000       0.000       0.000    2247.551       5.955       0.000       0.000       0.000       0.000       0.000       0.000       0.000       0.000       8.144      -1.200       3.472      16.267       3.309       0.990       0.071       0.000       0.000       0.000       0.000
    86     3    26  2020       1       1  hru1                   0.000       0.000       0.000    2225.075       5.413       0.000       0.000       0.000       0.000       0.000       0.000       0.000       0.000       7.328      -4.194       1.567      16.267       2.517       0.642       0.071       0.000       0.000       0.000       0.000
    87     3    27  2020       1       1  hru1                   0.000       0.000       0.000    2202.824       5.034       0.000       0.000       0.000       0.000       0.000       0.000       0.000       0.000       8.683      -4.022       2.331      16.267       2.573       0.574       0.072       0.000       0.000       0.000       0.000
    88     3    28  2020       1       1  hru1                   0.000       0.000       0.000    2180.796       5.085       0.000       0.000       0.000       0.000       0.000       0.000       0.000       0.000      12.122      -1.289       5.417      16.267       1.741       0.442       0.073       0.000       0.000       0.000       0.000
    89     3    29  2020       1       1  hru1                   0.000       0.000       0.000    2158.988       5.181       0.000       0.000       0.000       0.000       0.000       0.000       0.000       0.000      11.650      -0.178       5.736      16.267       0.921       0.782       0.075       0.000       0.000       0.000       0.000
    90     3    30  2020       1       1  hru1                   0.000       0.000       0.000    2137.398       5.328       0.000       0.000       0.000       0.000       0.000       0.000       0.000       0.000      14.428      -1.389       6.519      16.267       2.524       0.804       0.077       0.000       0.000       0.000       0.000
    91     3    31  2020       1       1  hru1                   0.000       0.000       0.000    2116.024       5.771       0.000       0.000       0.000       0.000       0.000       0.000       0.000       0.000      15.850       2.050       8.950      16.267       3.632       0.819       0.079       0.000       0.000       0.000       0.000
    92     4     1  2020       1       1  hru1                   0.000       0.000       0.000    2094.864       5.350       0.000       0.000       0.000       0.000       0.000       0.000       0.000       0.000       4.222      -1.356       1.433      21.914       1.874       0.197       0.079       0.000       0.000       0.000       0.000
    93     4     2  2020       1       1  hru1                   0.000       0.000       0.000    2073.916       4.987       0.000       0.000       0.000       0.000       0.000       0.000       0.000       0.000       7.061      -4.672       1.194      21.914       1.311       0.462       0.080       0.000       0.000       0.000       0.000
    94     4     3  2020       1       1  hru1                   0.000       0.000       0.000    2053.176       4.767       0.000       0.000       0.000       0.000       0.000       0.000       0.000       0.000      10.467      -7.033       1.717      21.914       2.580       0.504       0.080       0.000       0.000       0.000       0.000
    95     4     4  2020       1       1  hru1                   0.000       0.000       0.000    2032.645       4.926       0.000       0.000       0.000       0.000       0.000       0.000       0.000       0.000      15.294      -6.606       4.344      21.914       5.408       0.485       0.081       0.000       0.000       0.000       0.000
    96     4     5  2020       1       1  hru1                   0.000       0.000       0.000    2012.318       5.322       0.000       0.000       0.000       0.000       0.000       0.000       0.000       0.000      15.033      -1.844       6.594      21.914       3.748       0.346       0.083       0.000       0.000       0.000       0.000
    97     4     6  2020       1       1  hru1                   0.000       0.000       0.000    1992.195       5.855       0.000       0.000       0.000       0.000       0.000       0.000       0.000       0.000      14.489       2.117       8.303      21.914       2.786       0.898       0.085       0.000       0.000       0.000       0.000
    98     4     7  2020       1       1  hru1                   0.000       0.000       0.000    1972.273       6.399       0.000       0.000       0.000       0.000       0.000       0.000       0.000       0.000      17.200       0.533       8.867      21.914       2.681       0.256       0.088       0.000       0.000       0.000       0.000
    99     4     8  2020       1       1  hru1                   0.000       0.000       0.000    1952.550       7.082       0.000       0.000       0.000       0.000       0.000       0.000       0.000       0.000      19.389       1.778      10.583      21.914       3.878       0.386       0.091       0.000       0.000       0.000       0.000
   100     4     9  2020       1       1  hru1                   0.000       0.000       0.000    1933.025       7.704       0.000       0.000       0.000       0.000       0.000       0.000       0.000       0.000      22.033      -0.561      10.736      21.914       4.811       0.419       0.094       0.000       0.000       0.000       0.000
   101     4    10  2020       1       1  hru1                   0.000       0.000       0.000    1913.694       8.383       0.000       0.000       0.000       0.000       0.000       0.000       0.000       0.000      20.750       3.456      12.103      21.914       5.249       0.400       0.097       0.000       0.000       0.000       0.000
   102     4    11  2020       1       1  hru1                   0.000       0.000       0.000    1894.557       8.802       0.000       0.000       0.000       0.000       0.000       0.000       0.000       0.000      16.361       5.783      11.072      21.914       0.830       0.422       0.100       0.000       0.000       0.000       0.000
   103     4    12  2020       1       1  hru1                   0.000       0.000       0.000    1875.612       8.200       0.000       0.000       0.000       0.000       0.000       0.000       0.000       0.000       9.956      -3.161       3.397      21.914       2.916       0.262       0.101       0.000       0.000       0.000       0.000
   104     4    13  2020       1       1  hru1                   0.000       0.000       0.000    1856.856       7.526       0.000       0.000       0.000       0.000       0.000       0.000       0.000       0.000       8.133      -3.822       2.156      21.914       3.148       0.376       0.101       0.000       0.000       0.000       0.000
   105     4    14  2020       1       1  hru1                   0.000       0.000       0.000    1838.287       7.280       0.000       0.000       0.000       0.000       0.000       0.000       0.000       0.000      13.606      -4.567       4.519      21.914       3.211       0.408       0.102       0.000       0.000       0.000       0.000
   106     4    15  2020       1       1  hru1                   0.000       0.000       0.000    1819.904       7.509       0.000       0.000       0.000       0.000       0.000       0.000       0.000       0.000      14.211       2.144       8.178      21.914       4.464       0.460       0.105       0.000       0.000       0.000       0.000
   107     4    16  2020       1       1  hru1                   0.000       0.000       0.000    1801.705       7.042       0.000       0.000       0.000       0.000       0.000       0.000       0.000       0.000       8.567      -2.556       3.006      21.914       2.440       0.279       0.105       0.000       0.000       0.000       0.000
   108     4    17  2020       1       1  hru1                   0.000       0.000       0.000    1783.688       6.996       0.000       0.000       0.000       0.000       0.000       0.000       0.000       0.000      15.983      -5.144       5.419      21.914       3.421       0.337       0.107       0.000       0.000       0.000       0.000
   109     4    18  2020       1       1  hru1                   0.000       0.000       0.000    1765.851       7.263       0.000       0.000       0.000       0.000       0.000       0.000       0.000       0.000      19.061      -3.528       7.767      21.914       2.822       0.213       0.109       0.000       0.000       0.000       0.000
   110     4    19  2020       1       1  hru1                   0.000       0.000       0.000    1748.193       7.851       0.000       0.000       0.000       0.000       0.000       0.000       0.000       0.000      18.311       3.394      10.853      21.914       3.965       0.333       0.112       0.000       0.000       0.000       0.000
   111     4    20  2020       1       1  hru1                   0.000       0.000       0.000    1730.711       8.275       0.000       0.000       0.000       0.000       0.000       0.000       0.000       0.000      19.650       0.628      10.139      21.914       2.504       0.475       0.115       0.000       0.000       0.000       0.000
   112     4    21  2020       1       1  hru1                   0.000       0.000       0.000    1713.404       8.857       0.000       0.000       0.000       0.000       0.000       0.000       0.000       0.000      21.494       2.250      11.872      21.914       3.032       0.457       0.118       0.000       0.000       0.000       0.000
   113     4    22  2020       1       1  hru1                   0.000       0.000       0.000    1696.270       9.421       0.000       0.000       0.000       0.000       0.000       0.000       0.000       0.000      18.389       6.972      12.681      21.914       1.907       0.526       0.121       0.000       0.000       0.000       0.000
   114     4    23  2020       1       1  hru1                   0.000       0.000       0.000    1679.307       9.719       0.000       0.000       0.000       0.000       0.000       0.000       0.000       0.000      15.894       6.833      11.364      21.914       4.287       0.241       0.124       0.000       0.000       0.000       0.000
   115     4    24  2020       1       1  hru1                   0.000       0.000       0.000    1662.514       9.866       0.000       0.000       0.000       0.000       0.000       0.000       0.000       0.000      17.367       3.394      10.381      21.914       4.346       0.281       0.127       0.000       0.000       0.000       0.000
   116     4    25  2020       1       1  hru1                   0.000       0.000       0.000    1645.889      10.121       0.000       0.000       0.000       0.000       0.000       0.000       0.000       0.000      20.328       2.178      11.253      21.914       2.694       0.501       0.130       0.000       0.000       0.000       0.000
   117     4    26  2020       1       1  hru1                   0.000       0.000       0.000    1629.430      10.841       0.000       0.000       0.000       0.000       0.000       0.000       0.000       0.000      21.578       9.194      15.386      21.914       3.336       0.328       0.134       0.000       0.000       0.000       0.000
   118     4    27  2020       1       1  hru1                   0.000       0.000       0.000    1613.136      11.045       0.000       0.000       0.000       0.000       0.000       0.000       0.000       0.000      19.356       4.978      12.167      21.914       3.877       0.451       0.138       0.000       0.000       0.000       0.000
   119     4    28  2020       1       1  hru1                   0.000       0.000       0.000    1597.004      11.460       0.000       0.000       0.000       0.000       0.000       0.000       0.000       0.000      22.356       5.589      13.972      21.914       3.569       0.184       0.141       0.000       0.000       0.000       0.000
   120     4    29  2020       1       1  hru1                   0.000       0.000       0.000    1581.034      12.305       0.000       0.000       0.000       0.000       0.000       0.000       0.000       0.000      30.500       4.539      17.519      21.914       3.533       0.281       0.146       0.000       0.000       0.000       0.000
   121     4    30  2020       1       1  hru1                   0.000       0.000       0.000    1565.224      12.966       0.000       0.000       0.000       0.000       0.000       0.000       0.000       0.000      24.517      10.544      17.531      21.914       3.512       0.198       0.151       0.000       0.000       0.000       0.000
   122     5     1  2020       1       1  hru1                   0.000       0.000       0.000    1549.572      13.182       0.000       0.000       0.000       0.000       0.000       0.000       0.000       0.000      20.122       8.122      14.122      25.817       2.913       0.467       0.155       0.000       0.000       0.000       0.000
   123     5     2  2020       1       1  hru1                   0.000       0.000       0.000    1534.076      13.487       0.000       0.000       0.000       0.000       0.000       0.000       0.000       0.000      23.983       4.717      14.350      25.817       4.577       0.394       0.158       0.000       0.000       0.000       0.000
   124     5     3  2020       1       1  hru1                   0.000       0.000       0.000    1518.735      13.242       0.000       0.000       0.000       0.000       0.000       0.000       0.000       0.000      16.200       6.700      11.450      25.817       3.766       0.511       0.162       0.000       0.000       0.000       0.000
   125     5     4  2020       1       1  hru1                   0.000       0.000       0.000    1503.548      12.985       0.000       0.000       0.000       0.000       0.000       0.000       0.000       0.000      18.044       2.956      10.500      25.817       2.834       0.279       0.164       0.000       0.000       0.000       0.000
   126     5     5  2020       1       1  hru1                   0.000       0.000       0.000    1488.512      13.151       0.000       0.000       0.000       0.000       0.000       0.000       0.000       0.000      23.917       1.544      12.731      25.817       2.373       0.172       0.168       0.000       0.000       0.000       0.000
   127     5     6  2020       1       1  hru1                   0.000       0.000       0.000    1473.627      13.138       0.000       0.000       0.000       0.000       0.000       0.000       0.000       0.000      20.011       4.494      12.253      25.817       4.093       0.366       0.171       0.000       0.000       0.000       0.000
   128     5     7  2020       1       1  hru1                   0.000       0.000       0.000    1458.891      12.635       0.000       0.000       0.000       0.000       0.000       0.000       0.000       0.000      16.633       0.011       8.322      25.817       3.565       0.311       0.173       0.000       0.000       0.000       0.000
   129     5     8  2020       1       1  hru1                   0.000       0.000       0.000    1444.302      12.516       0.000       0.000       0.000       0.000       0.000       0.000       0.000       0.000      21.578      -1.500      10.039      25.817       3.132       0.196       0.176       0.000       0.000       0.000       0.000
   130     5     9  2020       1       1  hru1                   0.000       0.000       0.000    1429.859      12.915       0.000       0.000       0.000       0.000       0.000       0.000       0.000       0.000      23.439       5.422      14.431      25.817       2.410       0.288       0.180       0.000       0.000       0.000       0.000
   131     5    10  2020       1       1  hru1                   0.000       0.000       0.000    1415.560      13.460       0.000       0.000       0.000       0.000       0.000       0.000       0.000       0.000      27.389       3.561      15.475      25.817       5.265       0.547       0.184       0.000       0.000       0.000       0.000
   132     5    11  2020       1       1  hru1                   0.000       0.000       0.000    1401.405      14.153       0.000       0.000       0.000       0.000       0.000       0.000       0.000       0.000      26.000      10.278      18.139      25.817       2.942       0.357       0.189       0.000       0.000       0.000       0.000
   133     5    12  2020       1       1  hru1                   0.000       0.000       0.000    1387.391      14.122       0.000       0.000       0.000       0.000       0.000       0.000       0.000       0.000      19.733       7.844      13.789      25.817       3.123       0.362       0.193       0.000       0.000       0.000       0.000
   134     5    13  2020       1       1  hru1                   0.000       0.000       0.000    1373.517      13.623       0.000       0.000       0.000       0.000       0.000       0.000       0.000       0.000      15.056       5.700      10.378      25.817       3.109       0.298       0.195       0.000       0.000       0.000       0.000
   135     5    14  2020       1       1  hru1                   0.000       0.000       0.000    1359.782      13.304       0.000       0.000       0.000       0.000       0.000       0.000       0.000       0.000      15.761       6.611      11.186      25.817       2.149       0.883       0.198       0.000       0.000       0.000       0.000
   136     5    15  2020       1       1  hru1                   0.000       0.000       0.000    1346.184      13.058       0.000       0.000       0.000       0.000       0.000       0.000       0.000       0.000      16.833       5.389      11.111      25.817       1.820       0.880       0.201       0.000       0.000       0.000       0.000
   137     5    16  2020       1       1  hru1                   0.000       0.000       0.000    1332.722      12.926       0.000       0.000       0.000       0.000       0.000       0.000       0.000       0.000      19.939       2.189      11.064      25.817       2.444       0.293       0.204       0.000       0.000       0.000       0.000
   138     5    17  2020       1       1  hru1                   0.000       0.000       0.000    1319.395      13.648       0.000       0.000       0.000       0.000       0.000       0.000       0.000       0.000      25.406      10.150      17.778      25.817       2.532       0.136       0.209       0.000       0.000       0.000       0.000
   139     5    18  2020       1       1  hru1                   0.000       0.000       0.000    1306.201      14.019       0.000       0.000       0.000       0.000       0.000       0.000       0.000       0.000      23.111       9.128      16.119      25.817       4.953       0.414       0.214       0.000       0.000       0.000       0.000
   140     5    19  2020       1       1  hru1                   0.000       0.000       0.000    1293.139      13.268       0.000       0.000       0.000       0.000       0.000       0.000       0.000       0.000      11.439       6.089       8.764      25.817       2.039       0.990       0.216       0.000       0.000       0.000       0.000
   141     5    20  2020       1       1  hru1                   0.000       0.000       0.000    1280.207      12.734       0.000       0.000       0.000       0.000       0.000       0.000       0.000       0.000      12.667       6.078       9.372      25.817       4.814       0.990       0.218       0.000       0.000       0.000       0.000
   142     5    21  2020       1       1  hru1                   0.000       0.000       0.000    1267.405      12.617       0.000       0.000       0.000       0.000       0.000       0.000       0.000       0.000      17.172       5.600      11.386      25.817       2.116       0.990       0.221       0.000       0.000       0.000       0.000
   143     5    22  2020       1       1  hru1                   0.000       0.000       0.000    1254.731      11.735       0.000       0.000       0.000       0.000       0.000       0.000       0.000       0.000       8.144       4.211       6.178      25.817       2.464       0.990       0.223       0.000       0.000       0.000       0.000
   144     5    23  2020       1       1  hru1                   0.000       0.000       0.000    1242.184      11.524       0.000       0.000       0.000       0.000       0.000       0.000       0.000       0.000      15.900       2.567       9.233      25.817       3.882       0.971       0.226       0.000       0.000       0.000       0.000
   145     5    24  2020       1       1  hru1                   0.000       0.000       0.000    1229.762      11.632       0.000       0.000       0.000       0.000       0.000       0.000       0.000       0.000      18.683       3.778      11.231      25.817       2.055       0.262       0.229       0.000       0.000       0.000       0.000
   146     5    25  2020       1       1  hru1                   0.000       0.000       0.000    1217.464      12.111       0.000       0.000       0.000       0.000       0.000       0.000       0.000       0.000      23.339       4.144      13.742      25.817       3.967       0.477       0.232       0.000       0.000       0.000       0.000
   147     5    26  2020       1       1  hru1                   0.000       0.000       0.000    1205.290      12.968       0.000       0.000       0.000       0.000       0.000       0.000       0.000       0.000      24.183      11.567      17.875      25.817       2.189       0.298       0.237       0.000       0.000       0.000       0.000
   148     5    27  2020       1       1  hru1                   0.000       0.000       0.000    1193.237      13.943       0.000       0.000       0.000       0.000       0.000       0.000       0.000       0.000      26.228      13.456      19.842      25.817       3.010       0.483       0.243       0.000       0.000       0.000       0.000
   149     5    28  2020       1       1  hru1                   0.000       0.000       0.000    1181.304      14.827       0.000       0.000       0.000       0.000       0.000       0.000       0.000       0.000      30.389       8.550      19.469      25.817       2.370       0.570       0.248       0.000       0.000       0.000       0.000
   150     5    29  2020       1       1  hru1                   0.000       0.000       0.000    1169.491      16.111       0.000       0.000       0.000       0.000       0.000       0.000       0.000       0.000      34.389      12.967      23.678      25.817       3.184       0.290       0.254       0.000       0.000       0.000       0.000
   151     5    30  2020       1       1  hru1                   0.000       0.000       0.000    1157.797      17.307       0.000       0.000       0.000       0.000       0.000       0.000       0.000       0.000      34.500      15.300      24.900      25.817       4.784       0.314       0.261       0.000       0.000       0.000       0.000
   152     5    31  2020       1       1  hru1                   0.000       0.000       0.000    1146.219      17.379       0.000       0.000       0.000       0.000       0.000       0.000       0.000       0.000      24.400      13.000      18.700      25.817       4.092       0.503       0.266       0.000       0.000       0.000       0.000
   153     6     1  2020       1       1  hru1                   0.000       0.000       0.000    1134.756      17.337       0.000       0.000       0.251       0.000       0.000       0.000       0.000       0.000      23.744      10.578      17.161      28.473       2.290       0.177       0.270       0.000       0.000       0.000       0.000
   154     6     2  2020       1       1  hru1                   0.001      12.595       0.000    1117.224      17.693       0.000       0.000       0.109       0.000       0.000       0.000       0.000       0.000      27.444      12.372      19.908      28.473       2.112       0.395       0.276       0.000       0.000       0.000       0.000
   155     6     3  2020       1       1  hru1                   0.003      28.595       0.000    1099.151      18.107       0.000       0.000       0.092       0.000       0.000       0.591       0.000       0.090      28.778      11.861      20.319      28.473       4.721       0.120       0.281       0.000       0.000       0.000       0.000
   156     6     4  2020       1       1  hru1                   0.006      43.351       0.000    1081.173      18.218       0.000       0.000       0.163       0.000       0.000       1.342       0.000       0.158      26.328      11.150      18.739      28.473       3.154       0.374       0.286       0.000       0.000       0.000       0.000
   157     6     5  2020       1       1  hru1                   0.009      59.931       0.000    1062.231      18.889       0.000       0.000       0.041       0.000       0.000       2.033       0.000       0.228      33.056      10.744      21.900      28.473       4.774       0.802       0.292       0.000       0.000       0.000       0.000
   158     6     6  2020       1       1  hru1                   0.014      81.191       0.000    1044.557      18.416       0.000       0.000       0.369       0.000       0.000       2.808       0.000       0.307      22.422       8.350      15.386      28.473       3.979       0.990       0.296       0.000       0.000       0.000       0.000
   159     6     7  2020       1       1  hru1                   0.016      96.218       0.000    1030.231      16.688       0.000       0.000       1.133       0.000       0.000       3.802       0.000       0.414      10.139       2.978       6.558      28.473       2.421       0.949       0.298       0.000       0.000       0.000       0.000
   160     6     8  2020       1       1  hru1                   0.016      96.218       0.000    1017.518      15.736       0.000       0.000       0.856       0.000       0.000       4.505       0.000       0.466      14.978       4.156       9.567      28.473       2.538       0.892       0.301       0.000       0.000       0.000       0.000
   161     6     9  2020       1       1  hru1                   0.017      99.805       0.000    1005.434      15.392       0.000       0.000       0.647       0.000       0.000       4.505       0.000       0.466      20.278       3.539      11.908      28.473       3.137       0.203       0.304       0.000       0.000       0.000       0.000
   162     6    10  2020       1       1  hru1                   0.019     108.502       0.000     992.968      15.853       0.000       0.000       0.271       0.000       0.000       4.671       0.000       0.466      26.722       6.944      16.833      28.473       4.243       0.325       0.308       0.000       0.000       0.000       0.000
   163     6    11  2020       1       1  hru1                   0.023     126.276       0.000     979.106      16.991       0.000       0.000       0.046       0.000       0.000       5.074       0.000       0.520      33.389      10.000      21.694      28.473       2.251       0.207       0.314       0.000       0.000       0.000       0.000
   164     6    12  2020       1       1  hru1                   0.031     147.458       0.000     963.553      18.200       0.000       0.000       0.003       0.000       0.000       5.896       0.000       0.609      33.889      14.394      24.142      28.473       1.736       0.187       0.321       0.000       0.000       0.000       0.000
   165     6    13  2020       1       1  hru1                   0.042     169.830       0.000     948.713      17.929       0.000       0.000       0.313       0.000       0.000       6.871       0.000       0.699      21.850      10.544      16.197      28.473       3.894       0.292       0.325       0.000       0.000       0.000       0.000
   166     6    14  2020       1       1  hru1                   0.048     191.974       0.000     934.894      17.432       0.000       0.000       0.467       0.000       0.000       7.903       0.000       0.799      20.278       7.889      14.083      28.473       3.189       0.193       0.329       0.000       0.000       0.000       0.000
   167     6    15  2020       1       1  hru1                   0.054     210.393       0.000     921.059      17.590       0.000       0.000       0.261       0.000       0.000       8.925       0.000       0.892      27.111       6.878      16.994      28.473       3.027       0.974       0.334       0.000       0.000       0.000       0.000
   168     6    16  2020       1       1  hru1                   0.063     238.759       0.000     908.457      16.884       0.000       0.000       0.568       0.000       0.000       9.765       0.000       0.959      16.767       8.906      12.836      28.473       1.962       0.950       0.337       0.000       0.000       0.000       0.000
   169     6    17  2020       1       1  hru1                   0.068     256.732       0.000     896.880      16.233       0.000       0.000       0.627       0.000       0.000      11.071       0.000       1.109      16.811       7.456      12.133      28.473       3.889       0.930       0.340       0.000       0.000       0.000       0.000
   170     6    18  2020       1       1  hru1                   0.073     272.931       0.000     885.641      16.088       0.000       0.000       0.491       0.000       0.000      11.895       0.000       1.147      22.322       5.228      13.775      28.473       1.839       0.210       0.344       0.000       0.000       0.000       0.000
   171     6    19  2020       1       1  hru1                   0.080     294.918       0.000     874.384      16.242       0.000       0.000       0.357       0.000       0.000      12.629       0.000       1.226      24.639       6.467      15.553      28.473       3.132       0.463       0.348       0.000       0.000       0.000       0.000
   172     6    20  2020       1       1  hru1                   0.090     325.547       0.000     862.415      16.959       0.000       0.000       0.129       0.000       0.000      13.623       0.000       1.318      29.444       9.433      19.439      28.473       2.529       0.264       0.353       0.000       0.000       0.000       0.000
   173     6    21  2020       1       1  hru1                   0.107     365.011       0.000     849.855      17.546       0.000       0.000       0.082       0.000       0.000      14.993       0.000       1.449      26.500      14.689      20.594      28.473       5.336       0.190       0.359       0.000       0.000       0.000       0.000
   174     6    22  2020       1       1  hru1                   0.130     408.732       0.000     836.700      18.119       0.000       0.000       0.069       0.000       0.000      16.749       0.000       1.608      27.722      14.200      20.961      28.473       1.908       0.232       0.365       0.000       0.000       0.000       0.000
   175     6    23  2020       1       1  hru1                   0.156     459.585       0.000     822.930      18.709       0.000       0.000       0.079       0.000       0.000      18.675       0.000       1.771      31.056      10.272      20.664      28.473       4.526       0.365       0.370       0.000       0.000       0.000       0.000
   176     6    24  2020       1       1  hru1                   0.186     521.097       0.000     808.326      19.469       0.000       0.000       0.021       0.000       0.000      20.897       0.000       1.967      32.500      13.106      22.803      28.473       4.514       0.471       0.376       0.000       0.000       0.000       0.000
   177     6    25  2020       1       1  hru1                   0.228     596.523       0.000     793.336      19.944       0.000       0.000       0.023       0.000       0.000      23.542       0.000       2.192      29.167      16.144      22.656      28.473       2.039       0.214       0.382       0.000       0.000       0.000       0.000
   178     6    26  2020       1       1  hru1                   0.276     672.264       0.000     778.217      20.258       0.000       0.000       0.064       0.000       0.000      26.752       0.000       2.469      30.778      11.456      21.117      28.473       4.382       0.084       0.388       0.000       0.000       0.000       0.000
   179     6    27  2020       1       1  hru1                   0.326     753.780       0.000     763.181      20.419       0.000       0.000       0.066       0.000       0.000      29.923       0.000       2.711      28.667      13.411      21.039      28.473       3.874       0.221       0.394       0.000       0.000       0.000       0.000
   180     6    28  2020       1       1  hru1                   0.383     853.411       0.000     749.690      19.434       0.000       0.000       0.502       0.000       0.000      33.270       0.000       2.985      18.783       8.500      13.642      28.473       2.099       0.990       0.397       0.000       0.000       0.000       0.000
   181     6    29  2020       1       1  hru1                   0.410     925.299       0.000     738.302      17.965       0.000       0.000       0.860       0.000       0.000      37.518       0.000       3.380      12.461       6.578       9.519      28.473       3.949       0.990       0.400       0.000       0.000       0.000       0.000
   182     6    30  2020       1       1  hru1                   0.417     946.577       0.000     727.563      17.571       0.000       0.000       0.416       0.000       0.000      40.634       0.000       3.581      20.561       8.950      14.756      28.473       4.317       0.920       0.404       0.000       0.000       0.000       0.000
   183     7     1  2020       1       1  hru1                   0.452    1036.690       0.000     717.169      17.415       0.000       0.000       0.347       0.000       0.000      41.358       0.000       3.581      22.694       8.706      15.700      28.317       2.902       0.263       0.408       0.000       0.000       0.000       0.000
   184     7     2  2020       1       1  hru1                   0.494    1137.254       0.000     706.810      17.526       0.000       0.000       0.272       0.000       0.000      45.016       0.000       3.983      26.056       7.583      16.819      28.317       4.017       0.377       0.413       0.000       0.000       0.000       0.000
   185     7     3  2020       1       1  hru1                   0.546    1259.894       0.000     695.727      18.304       0.000       0.000       0.046       0.000       0.000      49.010       0.000       4.253      31.611      11.828      21.719      28.317       2.852       0.376       0.419       0.000       0.000       0.000       0.000
   186     7     4  2020       1       1  hru1                   0.635    1419.939       0.000     684.298      18.756       0.000       0.000       0.088       0.000       0.000      53.597       0.000       4.635      29.722      11.150      20.436      28.317       3.446       0.220       0.424       0.000       0.000       0.000       0.000
   187     7     5  2020       1       1  hru1                   0.725    1582.716       0.000     672.668      19.097       0.000       0.000       0.097       0.045       0.000      59.622       0.000       5.141      29.444      10.950      20.197      28.317       2.847       0.333       0.429       0.000       0.000       0.000       0.000
   188     7     6  2020       1       1  hru1                   0.821    1770.820       0.000     660.654      19.610       0.000       0.000       0.054       0.083       0.000      60.037       0.000       5.566      32.444      10.439      21.442      28.317       3.434       0.350       0.435       0.000       0.000       0.000       0.000
   189     7     7  2020       1       1  hru1                   0.937    1976.285       0.000     648.805      19.658       0.000       0.000       0.097       0.144       0.000      60.146       0.000       6.102      25.550      14.839      20.194      28.317       1.388       0.209       0.441       0.000       0.000       0.000       0.000
   190     7     8  2020       1       1  hru1                   1.050    2177.511       0.000     637.259      19.578       0.000       0.000       0.180       0.226       0.000      60.253       0.000       6.643      26.600      10.206      18.403      28.317       2.328       0.164       0.446       0.000       0.000       0.000       0.000
   191     7     9  2020       1       1  hru1                   1.152    2377.801       0.000     625.714      19.771       0.000       0.000       0.111       0.323       0.000      60.359       0.000       7.152      30.222       9.506      19.864      28.317       2.926       0.343       0.451       0.000       0.000       0.000       0.000
   192     7    10  2020       1       1  hru1                   1.275    2572.975       0.000     614.192      19.951       0.000       0.000       0.076       0.425       0.000      60.464       0.000       7.604      28.667      12.839      20.753      28.317       2.087       0.215       0.457       0.000       0.000       0.000       0.000
   193     7    11  2020       1       1  hru1                   1.414    2736.217       0.000     602.439      20.393       0.000       0.000       0.038       0.496       0.000      60.570       0.000       8.000      33.667      10.372      22.019      28.317       3.348       0.421       0.462       0.000       0.000       0.000       0.000
   194     7    12  2020       1       1  hru1                   1.572    2900.487       0.000     590.631      20.684       0.000       0.000       0.026       0.559       0.000      60.679       0.000       8.211      30.278      14.794      22.536      28.317       3.430       0.257       0.469       0.000       0.000       0.000       0.000
   195     7    13  2020       1       1  hru1                   1.741    3038.437       0.000     579.104      20.633       0.000       0.000       0.082       0.602       0.000      60.787       0.000       8.472      26.600      14.578      20.589      28.317       2.144       0.443       0.474       0.000       0.000       0.000       0.000
   196     7    14  2020       1       1  hru1                   1.890    3188.802       0.000     568.015      20.404       0.000       0.000       0.196       0.663       0.000      60.894       0.000       8.614      27.167       9.061      18.114      28.317       3.719       0.089       0.479       0.000       0.000       0.000       0.000
   197     7    15  2020       1       1  hru1                   2.010    3308.013       0.000     557.184      20.355       0.000       0.000       0.141       0.686       0.000      60.998       0.000       8.911      28.833       9.539      19.186      28.317       3.006       0.230       0.484       0.000       0.000       0.000       0.000
   198     7    16  2020       1       1  hru1                   2.142    3426.757       0.000     546.433      20.496       0.000       0.000       0.088       0.694       0.000      61.100       0.000       8.955      31.167       9.700      20.433      28.317       2.543       0.265       0.490       0.000       0.000       0.000       0.000
   199     7    17  2020       1       1  hru1                   2.286    3544.732       0.000     535.578      20.856       0.000       0.000       0.026       0.680       0.000      61.201       0.000       9.077      33.167      11.889      22.528      28.317       3.512       0.289       0.496       0.000       0.000       0.000       0.000
   200     7    18  2020       1       1  hru1                   2.450    3667.163       0.000     524.784      21.045       0.000       0.000       0.031       0.664       0.000      61.304       0.000       9.089      30.389      14.183      22.286      28.317       4.519       0.205       0.502       0.000       0.000       0.000       0.000
   201     7    19  2020       1       1  hru1                   2.604    3793.867       0.000     514.014      21.290       0.000       0.000       0.021       0.642       0.000      61.406       0.000       9.168      31.667      13.922      22.794      28.317       2.680       0.123       0.508       0.000       0.000       0.000       0.000
   202     7    20  2020       1       1  hru1                   2.755    3923.106       0.000     503.248      21.582       0.000       0.000       0.008       0.611       0.000      61.509       0.000       9.206      32.167      15.139      23.653      28.317       3.045       0.407       0.514       0.000       0.000       0.000       0.000
   203     7    21  2020       1       1  hru1                   2.904    4089.806       0.000     492.534      21.831       0.000       0.000       0.017       0.604       0.000      61.612       0.000       9.244      33.667      12.294      22.981      28.317       2.119       0.164       0.520       0.000       0.000       0.000       0.000
   204     7    22  2020       1       1  hru1                   3.034    4241.101       0.000     481.907      22.045       0.000       0.000       0.004       0.578       0.000      61.715       0.000       9.422      31.389      16.667      24.028      28.317       1.378       0.990       0.527       0.000       0.000       0.000       0.000
   205     7    23  2020       1       1  hru1                   3.161    4455.113       0.000     471.381      22.256       0.000       0.000       0.007       0.586       0.000      61.818       0.000       9.442      32.778      14.728      23.753      28.317       3.090       0.856       0.533       0.000       0.000       0.000       0.000
   206     7    24  2020       1       1  hru1                   3.271    4667.509       0.000     461.174      22.109       0.000       0.000       0.081       0.611       0.000      61.921       0.000       9.747      30.278      10.950      20.614      28.317       1.569       0.144       0.539       0.000       0.000       0.000       0.000
   207     7    25  2020       1       1  hru1                   3.350    4830.900       0.000     451.258      21.994       0.000       0.000       0.071       0.606       0.000      62.021       0.000       9.967      30.000      11.794      20.897      28.317       2.945       0.285       0.544       0.000       0.000       0.000       0.000
   208     7    26  2020       1       1  hru1                   3.422    5008.763       0.000     441.534      22.032       0.000       0.000       0.043       0.602       0.000      62.119       0.000      10.058      32.000      11.661      21.831      28.317       3.928       0.172       0.550       0.000       0.000       0.000       0.000
   209     7    27  2020       1       1  hru1                   3.489    5175.048       0.000     431.935      22.183       0.000       0.000       0.019       0.586       0.000      62.216       0.000      10.231      33.222      12.567      22.894      28.317       3.287       0.364       0.556       0.000       0.000       0.000       0.000
   210     7    28  2020       1       1  hru1                   3.552    5363.809       0.000     422.466      22.328       0.000       0.000       0.002       0.574       0.000      62.312       0.000      10.300      30.722      17.750      24.236      28.317       4.164       0.205       0.563       0.000       0.000       0.000       0.000
   211     7    29  2020       1       1  hru1                   3.610    5533.987       0.000     413.126      22.480       0.000       0.000       0.013       0.562       0.000      62.407       0.000      10.458      33.889      12.572      23.231      28.317       2.728       0.165       0.569       0.000       0.000       0.000       0.000
   212     7    30  2020       1       1  hru1                   3.655    5710.606       0.000     403.788      22.914       0.000       0.000       0.005       0.543       0.000      62.502       0.000      10.540      36.778      15.367      26.072      28.317       3.780       0.258       0.576       0.000       0.000       0.000       0.000
   213     7    31  2020       1       1  hru1                   3.698    5890.336       0.000     394.466      23.379       0.000       0.000       0.012       0.527       0.000      62.597       0.000      10.624      38.278      15.078      26.678      28.317       2.724       0.385       0.583       0.000       0.000       0.000       0.000
   214     8     1  2020       1       1  hru1                   3.734    6092.398       0.000     385.344      23.417       0.000       0.000       0.000       0.533       0.000      62.693       0.000      10.712      35.889      13.944      24.917      24.505       2.055       0.201       0.590       0.000       0.000       0.000       0.000
   215     8     2  2020       1       1  hru1                   3.760    6251.556       0.000     376.434      23.413       0.000       0.000       0.001       0.528       0.000      62.787       0.000      10.900      35.944      13.033      24.489      24.505       2.528       0.130       0.597       0.000       0.000       0.000       0.000
   216     8     3  2020       1       1  hru1                   3.779    6406.731       0.000     367.741      23.379       0.000       0.000       0.000       0.524       0.000      62.880       0.000      10.938      31.500      18.700      25.100      24.505       1.805       0.250       0.604       0.000       0.000       0.000       0.000
   217     8     4  2020       1       1  hru1                   3.796    6574.325       0.000     359.349      23.108       0.000       0.000       0.031       0.537       0.000      62.972       0.000      11.039      31.333      13.278      22.306      24.505       2.995       0.299       0.610       0.000       0.000       0.000       0.000
   218     8     5  2020       1       1  hru1                   3.807    6756.137       0.000     351.144      23.119       0.000       0.000       0.002       0.553       0.000      63.061       0.000      11.193      35.278      13.472      24.375      24.505       3.123       0.341       0.616       0.000       0.000       0.000       0.000
   219     8     6  2020       1       1  hru1                   3.818    6927.447       0.000     343.159      23.028       0.000       0.000       0.006       0.570       0.000      63.148       0.000      11.330      32.333      15.339      23.836      24.505       2.439       0.228       0.622       0.000       0.000       0.000       0.000
   220     8     7  2020       1       1  hru1                   3.826    7082.938       0.000     335.550      22.523       0.000       0.000       0.101       0.593       0.000      63.234       0.000      11.465      26.161      14.011      20.086      24.505       2.198       0.344       0.628       0.000       0.000       0.000       0.000
   221     8     8  2020       1       1  hru1                   3.832    7254.458       0.000     328.285      22.100       0.000       0.000       0.120       0.625       0.000      63.317       0.000      11.618      29.167      10.117      19.642      24.505       1.869       0.200       0.633       0.000       0.000       0.000       0.000
   222     8     9  2020       1       1  hru1                   3.836    7403.924       0.000     321.319      21.776       0.000       0.000       0.104       0.650       0.000      63.396       0.000      11.809      29.833      10.211      20.022      24.505       1.906       0.262       0.639       0.000       0.000       0.000       0.000
   223     8    10  2020       1       1  hru1                   3.840    7546.421       0.000     314.590      21.578       0.000       0.000       0.061       0.672       0.000      63.473       0.000      11.926      29.222      13.150      21.186      24.505       1.304       0.296       0.644       0.000       0.000       0.000       0.000
   224     8    11  2020       1       1  hru1                   3.844    7678.884       0.000     308.051      21.471       0.000       0.000       0.057       0.692       0.000      63.549       0.000      12.053      32.167      10.517      21.342      24.505       3.174       0.312       0.650       0.000       0.000       0.000       0.000
   225     8    12  2020       1       1  hru1                   3.847    7803.840       0.000     301.662      21.441       0.000       0.000       0.028       0.710       0.000      63.622       0.000      12.154      30.611      14.289      22.450      24.505       1.919       0.309       0.656       0.000       0.000       0.000       0.000
   226     8    13  2020       1       1  hru1                   3.850    7918.563       0.000     295.490      21.252       0.000       0.000       0.079       0.728       0.000      63.695       0.000      12.244      29.667      11.661      20.664      24.505       2.675       0.426       0.662       0.000       0.000       0.000       0.000
   227     8    14  2020       1       1  hru1                   3.853    8036.538       0.000     289.528      21.065       0.000       0.000       0.084       0.750       0.000      63.766       0.000      12.340      29.111      11.933      20.522      24.505       3.276       0.285       0.667       0.000       0.000       0.000       0.000
   228     8    15  2020       1       1  hru1                   3.855    8138.547       0.000     283.720      20.992       0.000       0.000       0.071       0.766       0.000      63.835       0.000      12.447      32.444       9.367      20.906      24.505       1.871       0.274       0.673       0.000       0.000       0.000       0.000
   229     8    16  2020       1       1  hru1                   3.856    8232.478       0.000     277.925      21.235       0.000       0.000       0.003       0.778       0.000      63.903       0.000      12.513      34.611      13.783      24.197      24.505       1.479       0.259       0.679       0.000       0.000       0.000       0.000
   230     8    17  2020       1       1  hru1                   3.858    8313.680       0.000     272.124      21.550       0.000       0.000       0.000       0.787       0.000      63.972       0.000      12.558      35.944      14.383      25.164      24.505       1.735       0.275       0.686       0.000       0.000       0.000       0.000
   231     8    18  2020       1       1  hru1                   3.860    8390.314       0.000     266.289      21.970       0.000       0.000       0.021       0.794       0.000      64.040       0.000      12.586      34.556      19.917      27.236      24.505       3.597       0.155       0.693       0.000       0.000       0.000       0.000
   232     8    19  2020       1       1  hru1                   3.861    8452.024       0.000     260.479      22.261       0.000       0.000       0.006       0.799       0.000      64.110       0.000      12.607      35.222      17.111      26.167      24.505       3.208       0.138       0.700       0.000       0.000       0.000       0.000
   233     8    20  2020       1       1  hru1                   3.862    8514.297       0.000     296.859      22.047       0.000       0.000       0.045       0.809       0.000      64.180       0.000      12.617      28.889      14.622      21.756      24.505       3.586       0.162       0.706       0.000       0.000       0.000       0.000
   234     8    21  2020       1       1  hru1                   3.737    8543.220       0.000     330.798      21.970       0.000       0.000       0.036       0.833       0.000      63.655       0.000      12.606      33.500      10.717      22.108      24.505       2.744       0.180       0.712       0.000       0.000       0.000       0.000
   235     8    22  2020       1       1  hru1                   3.608    8562.248       0.000     354.721      21.620       0.000       0.000       0.110       0.855       0.000      63.151       0.000      12.596      27.722      12.033      19.878      24.505       2.988       0.169       0.718       0.000       0.000       0.000       0.000
   236     8    23  2020       1       1  hru1                   3.500    8582.879       0.000     382.274      21.570       0.000       0.000       0.037       0.872       0.000      62.776       0.000      12.591      32.389      11.733      22.061      24.505       0.747       0.285       0.724       0.000       0.000       0.000       0.000
   237     8    24  2020       1       1  hru1                   3.372    8591.085       0.000     412.295      21.680       0.000       0.000       0.005       0.888       0.000      62.342       0.000      12.561      32.611      15.200      23.906      24.505       4.101       0.120       0.730       0.000       0.000       0.000       0.000
   238     8    25  2020       1       1  hru1                   3.227    8582.033       0.000     440.721      21.770       0.000       0.000       0.003       0.901       0.000      61.868       0.000      12.516      31.167      17.183      24.175      24.505       1.856       0.816       0.736       0.000       0.000       0.000       0.000
   239     8    26  2020       1       1  hru1                   3.079    8581.143       0.000     465.117      21.818       0.000       0.000       0.010       0.917       0.000      61.416       0.000      12.452      32.333      14.667      23.500      24.505       1.899       0.169       0.743       0.000       0.000       0.000       0.000
   240     8    27  2020       1       1  hru1                   2.938    8566.543       0.000     478.864      21.485       0.000       0.000       0.102       0.927       0.000      61.019       0.000      12.427      26.567      13.583      20.075      24.505       2.645       0.990       0.748       0.000       0.000       0.000       0.000
   241     8    28  2020       1       1  hru1                   2.828    8566.015       0.000     494.712      21.356       0.000       0.000       0.061       0.935       0.000      60.771       0.000      12.380      30.611      11.794      21.203      24.505       2.187       0.139       0.754       0.000       0.000       0.000       0.000
   242     8    29  2020       1       1  hru1                   2.707    8553.421       0.000     512.107      21.347       0.000       0.000       0.032       0.941       0.000      60.495       0.000      12.354      31.667      12.878      22.272      24.505       1.671       0.150       0.760       0.000       0.000       0.000       0.000
   243     8    30  2020       1       1  hru1                   2.577    8535.975       0.000     518.059      20.850       0.000       0.000       0.202       0.947       0.000      60.197       0.000      12.301      23.239      12.778      18.008      24.505       1.637       0.238       0.765       0.000       0.000       0.000       0.000
   244     8    31  2020       1       1  hru1                   2.486    8530.322       0.000     517.556      20.139       0.000       0.000       0.384       0.951       0.000      60.061       0.000      12.269      20.444       9.933      15.189      24.505       0.912       0.196       0.769       0.000       0.000       0.000       0.000
   245     9     1  2020       1       1  hru1                   2.420    8531.012       0.000     518.056      19.418       0.000       0.000       0.386       0.953       0.000      60.018       0.000      12.264      24.311       6.006      15.158      19.429       3.111       0.325       0.773       0.000       0.000       0.000       0.000
   246     9     2  2020       1       1  hru1                   2.355    8527.973       0.000     531.357      19.287       0.000       0.000       0.092       0.952       0.000      59.967       0.000      12.249      31.167       9.472      20.319      19.429       4.955       0.437       0.778       0.000       0.000       0.000       0.000
   247     9     3  2020       1       1  hru1                   2.243    8511.817       0.000     545.867      19.253       0.000       0.000       0.063       0.956       0.000      59.739       0.000      12.206      31.611      10.683      21.147      19.429       3.790       0.082       0.784       0.000       0.000       0.000       0.000
   248     9     4  2020       1       1  hru1                   2.123    8490.468       0.000     562.617      19.360       0.000       0.000       0.025       0.958       0.000      59.495       0.000      12.160      34.333      10.778      22.556      19.429       3.046       0.363       0.790       0.000       0.000       0.000       0.000
   249     9     5  2020       1       1  hru1                   1.990    8466.635       0.000     580.803      19.574       0.000       0.000       0.006       0.961       0.000      59.218       0.000      12.110      36.500      11.083      23.792      19.429       2.936       0.351       0.797       0.000       0.000       0.000       0.000
   250     9     6  2020       1       1  hru1                   1.846    8438.966       0.000     595.272      19.664       0.000       0.000       0.021       0.965       0.000      58.920       0.000      12.057      31.611      13.950      22.781      19.429       2.984       0.335       0.803       0.000       0.000       0.000       0.000
   251     9     7  2020       1       1  hru1                   1.711    8413.231       0.000     599.010      19.299       0.000       0.000       0.191       0.967       0.000      58.672       0.000      12.008      28.389       8.028      18.208      19.429       3.287       0.965       0.808       0.000       0.000       0.000       0.000
   252     9     8  2020       1       1  hru1                   1.618    8398.835       0.000     587.134      18.236       0.000       0.000       0.764       0.968       0.000      58.575       0.000      11.975      16.539       4.611      10.575      19.429       2.706       0.302       0.810       0.000       0.000       0.000       0.000
   253     9     9  2020       1       1  hru1                   1.595    8401.533       0.000     577.250      17.300       0.000       0.000       0.764       0.963       0.000      58.699       0.000      11.966      21.633      -0.483      10.575      19.429       2.370       0.333       0.813       0.000       0.000       0.000       0.000
   254     9    10  2020       1       1  hru1                   1.571    8405.330       0.000     576.234      16.814       0.000       0.000       0.471       0.960       0.000      58.802       0.000      11.960      25.672       2.394      14.033      19.429       3.516       0.413       0.817       0.000       0.000       0.000       0.000
   255     9    11  2020       1       1  hru1                   1.516    8402.194       0.000     582.042      16.672       0.000       0.000       0.263       0.959       0.000      58.786       0.000      11.951      28.111       5.839      16.975      19.429       1.969       0.131       0.822       0.000       0.000       0.000       0.000
   256     9    12  2020       1       1  hru1                   1.434    8391.229       0.000     587.676      16.544       0.000       0.000       0.265       0.960       0.000      58.677       0.000      11.926      26.622       7.244      16.933      19.429       2.881       0.244       0.826       0.000       0.000       0.000       0.000
   257     9    13  2020       1       1  hru1                   1.353    8380.361       0.000     595.888      16.556       0.000       0.000       0.190       0.961       0.000      58.571       0.000      11.902      31.278       5.150      18.214      19.429       3.094       0.329       0.831       0.000       0.000       0.000       0.000
   258     9    14  2020       1       1  hru1                   1.260    8366.371       0.000     609.628      16.846       0.000       0.000       0.065       0.962       0.000      58.428       0.000      11.873      32.333       9.817      21.075      19.429       3.251       0.095       0.837       0.000       0.000       0.000       0.000
   259     9    15  2020       1       1  hru1                   1.140    8344.284       0.000     617.549      16.870       0.000       0.000       0.164       0.964       0.000      58.208       0.000      11.832      29.944       7.478      18.711      19.429       1.186       0.309       0.842       0.000       0.000       0.000       0.000
   260     9    16  2020       1       1  hru1                   1.043    8327.828       0.000     627.687      17.017       0.000       0.000       0.105       0.965       0.000      58.068       0.000      11.800      31.333       8.667      20.000      19.429       4.055       0.244       0.847       0.000       0.000       0.000       0.000
   261     9    17  2020       1       1  hru1                   0.933    8307.881       0.000     636.532      17.116       0.000       0.000       0.118       0.966       0.000      57.896       0.000      11.764      31.111       8.256      19.683      19.429       1.888       0.485       0.852       0.000       0.000       0.000       0.000
   262     9    18  2020       1       1  hru1                   0.827    8288.868       0.000     646.661      17.292       0.000       0.000       0.081       0.966       0.000      57.742       0.000      11.728      27.722      13.483      20.603      19.429       3.110       0.133       0.858       0.000       0.000       0.000       0.000
   263     9    19  2020       1       1  hru1                   0.712    8266.518       0.000     645.575      16.928       0.000       0.000       0.378       0.967       0.000      57.568       0.000      11.690      21.222       9.300      15.261      19.429       3.997       0.363       0.862       0.000       0.000       0.000       0.000
   264     9    20  2020       1       1  hru1                   0.646    8256.079       0.000     643.521      16.533       0.000       0.000       0.435       0.964       0.000      57.551       0.000      11.671      23.506       5.500      14.503      19.429       1.827       0.287       0.866       0.000       0.000       0.000       0.000
   265     9    21  2020       1       1  hru1                   0.586    8247.270       0.000     646.519      16.407       0.000       0.000       0.275       0.961       0.000      57.549       0.000      11.655      28.389       5.156      16.772      19.429       2.092       0.317       0.871       0.000       0.000       0.000       0.000
   266     9    22  2020       1       1  hru1                   0.506    8233.615       0.000     649.639      16.300       0.000       0.000       0.273       0.960       0.000      57.479       0.000      11.630      26.589       7.039      16.814      19.429       2.558       0.212       0.875       0.000       0.000       0.000       0.000
   267     9    23  2020       1       1  hru1                   0.426    8219.407       0.000     655.111      16.321       0.000       0.000       0.202       0.958       0.000      57.407       0.000      11.606      26.944       9.067      18.006      19.429       1.845       0.258       0.880       0.000       0.000       0.000       0.000
   268     9    24  2020       1       1  hru1                   0.335    8202.338       0.000     657.052      16.176       0.000       0.000       0.305       0.957       0.000      57.303       0.000      11.577      25.200       7.439      16.319      19.429       2.682       0.212       0.884       0.000       0.000       0.000       0.000
   269     9    25  2020       1       1  hru1                   0.000       0.000       0.000    7085.637      15.953       0.000       0.000       0.000       0.000       0.000       0.000       0.000       0.000      23.844       6.839      15.342      19.429       1.641       0.276       0.000       0.000       0.000       0.000       0.000
   270     9    26  2020       1       1  hru1                   0.000       0.000       0.000    7014.780      15.535       0.000       0.000       0.000       0.000       0.000       0.000       0.000       0.000      18.089       8.261      13.175      19.429       2.938       0.317       0.004       0.000       0.000       0.000       0.000
   271     9    27  2020       1       1  hru1                   0.000       0.000       0.000    6944.632      15.061       0.000       0.000       0.000       0.000       0.000       0.000       0.000       0.000      18.117       6.094      12.106      19.429       3.126       0.131       0.007       0.000       0.000       0.000       0.000
   272     9    28  2020       1       1  hru1                   0.000       0.000       0.000    6875.186      14.651       0.000       0.000       0.000       0.000       0.000       0.000       0.000       0.000      21.544       2.972      12.258      19.429       1.294       0.220       0.010       0.000       0.000       0.000       0.000
   273     9    29  2020       1       1  hru1                   0.000       0.000       0.000    6806.434      14.547       0.000       0.000       0.000       0.000       0.000       0.000       0.000       0.000      27.000       2.861      14.931      19.429       2.950       0.285       0.014       0.000       0.000       0.000       0.000
   274     9    30  2020       1       1  hru1                   0.000       0.000       0.000    6738.370      14.438       0.000       0.000       0.000       0.000       0.000       0.000       0.000       0.000      24.389       5.022      14.706      19.429       2.579       0.170       0.018       0.000       0.000       0.000       0.000
   275    10     1  2020       1       1  hru1                   0.000       0.000       0.000    6670.986      14.281       0.000       0.000       0.000       0.000       0.000       0.000       0.000       0.000      27.833       5.017      16.425      13.652       4.382       0.291       0.023       0.000       0.000       0.000       0.000
   276    10     2  2020       1       1  hru1                   0.000       0.000       0.000    6604.276      14.024       0.000       0.000       0.000       0.000       0.000       0.000       0.000       0.000      23.678       5.694      14.686      13.652       3.022       0.396       0.026       0.000       0.000       0.000       0.000
   277    10     3  2020       1       1  hru1                   0.000       0.000       0.000    6538.233      13.844       0.000       0.000       0.000       0.000       0.000       0.000       0.000       0.000      24.217       6.106      15.161      13.652       2.751       0.223       0.031       0.000       0.000       0.000       0.000
   278    10     4  2020       1       1  hru1                   0.000       0.000       0.000    6472.851      13.757       0.000       0.000       0.000       0.000       0.000       0.000       0.000       0.000      29.333       4.044      16.689      13.652       1.812       0.453       0.035       0.000       0.000       0.000       0.000
   279    10     5  2020       1       1  hru1                   0.000       0.000       0.000    6408.122      13.802       0.000       0.000       0.000       0.000       0.000       0.000       0.000       0.000      23.811       9.567      16.689      13.652       1.117       0.322       0.040       0.000       0.000       0.000       0.000
   280    10     6  2020       1       1  hru1                   0.000       0.000       0.000    6344.041      13.516       0.000       0.000       0.000       0.000       0.000       0.000       0.000       0.000      25.267       3.261      14.264      13.652       2.261       0.404       0.043       0.000       0.000       0.000       0.000
   281    10     7  2020       1       1  hru1                   0.000       0.000       0.000    6280.601      13.307       0.000       0.000       0.000       0.000       0.000       0.000       0.000       0.000      26.778       2.989      14.883      13.652       1.831       0.516       0.047       0.000       0.000       0.000       0.000
   282    10     8  2020       1       1  hru1                   0.000       0.000       0.000    6217.794      13.186       0.000       0.000       0.000       0.000       0.000       0.000       0.000       0.000      25.672       4.744      15.208      13.652       3.436       0.481       0.051       0.000       0.000       0.000       0.000
   283    10     9  2020       1       1  hru1                   0.000       0.000       0.000    6155.617      13.043       0.000       0.000       0.000       0.000       0.000       0.000       0.000       0.000      24.861       4.650      14.756      13.652       3.034       0.544       0.055       0.000       0.000       0.000       0.000
   284    10    10  2020       1       1  hru1                   0.000       0.000       0.000    6094.061      12.681       0.000       0.000       0.000       0.000       0.000       0.000       0.000       0.000      22.261       2.422      12.342      13.652       2.876       0.990       0.059       0.000       0.000       0.000       0.000
   285    10    11  2020       1       1  hru1                   0.000       0.000       0.000    6033.120      12.006       0.000       0.000       0.000       0.000       0.000       0.000       0.000       0.000      12.528       2.789       7.658      13.652       1.900       0.921       0.061       0.000       0.000       0.000       0.000
   286    10    12  2020       1       1  hru1                   0.000       0.000       0.000    5972.789      11.494       0.000       0.000       0.000       0.000       0.000       0.000       0.000       0.000      18.094       0.561       9.328      13.652       1.807       0.285       0.063       0.000       0.000       0.000       0.000
   287    10    13  2020       1       1  hru1                   0.000       0.000       0.000    5913.061      11.414       0.000       0.000       0.000       0.000       0.000       0.000       0.000       0.000      20.144       5.306      12.725      13.652       2.296       0.373       0.067       0.000       0.000       0.000       0.000
   288    10    14  2020       1       1  hru1                   0.000       0.000       0.000    5853.931      11.169       0.000       0.000       0.000       0.000       0.000       0.000       0.000       0.000      15.622       5.328      10.475      13.652       2.561       0.607       0.070       0.000       0.000       0.000       0.000
   289    10    15  2020       1       1  hru1                   0.000       0.000       0.000    5795.392      10.677       0.000       0.000       0.000       0.000       0.000       0.000       0.000       0.000      12.833       2.600       7.717      13.652       2.450       0.266       0.072       0.000       0.000       0.000       0.000
   290    10    16  2020       1       1  hru1                   0.000       0.000       0.000    5737.438      10.467       0.000       0.000       0.000       0.000       0.000       0.000       0.000       0.000      19.983       1.656      10.819      13.652       2.724       0.316       0.075       0.000       0.000       0.000       0.000
   291    10    17  2020       1       1  hru1                   0.000       0.000       0.000    5680.063      10.671       0.000       0.000       0.000       0.000       0.000       0.000       0.000       0.000      18.394       8.967      13.681      13.652       2.821       0.446       0.078       0.000       0.000       0.000       0.000
   292    10    18  2020       1       1  hru1                   0.000       0.000       0.000    5623.262      10.790       0.000       0.000       0.000       0.000       0.000       0.000       0.000       0.000      19.094       7.561      13.328      13.652       3.137       0.341       0.082       0.000       0.000       0.000       0.000
   293    10    19  2020       1       1  hru1                   0.000       0.000       0.000    5567.030      10.838       0.000       0.000       0.000       0.000       0.000       0.000       0.000       0.000      17.622       7.578      12.600      13.652       3.014       0.183       0.085       0.000       0.000       0.000       0.000
   294    10    20  2020       1       1  hru1                   0.000       0.000       0.000    5511.359      10.926       0.000       0.000       0.000       0.000       0.000       0.000       0.000       0.000      16.844       8.811      12.828      13.652       2.960       0.364       0.089       0.000       0.000       0.000       0.000
   295    10    21  2020       1       1  hru1                   0.000       0.000       0.000    5456.246      10.782       0.000       0.000       0.000       0.000       0.000       0.000       0.000       0.000      15.306       6.228      10.767      13.652       2.196       0.349       0.092       0.000       0.000       0.000       0.000
   296    10    22  2020       1       1  hru1                   0.000       0.000       0.000    5401.683       9.785       0.000       0.000       0.000       0.000       0.000       0.000       0.000       0.000       7.906      -3.083       2.411      13.652       3.891       0.316       0.092       0.000       0.000       0.000       0.000
   297    10    23  2020       1       1  hru1                   0.000       0.000       0.000    5347.667       8.995       0.000       0.000       0.000       0.000       0.000       0.000       0.000       0.000      12.122      -4.394       3.864      13.652       3.216       0.484       0.093       0.000       0.000       0.000       0.000
   298    10    24  2020       1       1  hru1                   0.000       0.000       0.000    5294.190       8.683       0.000       0.000       0.000       0.000       0.000       0.000       0.000       0.000      13.383       0.900       7.142      13.652       3.521       0.411       0.095       0.000       0.000       0.000       0.000
   299    10    25  2020       1       1  hru1                   0.000       0.000       0.000    5241.248       7.316       0.000       0.000       0.000       0.000       0.000       0.000       0.000       0.000       1.461      -9.039      -3.789      13.652       1.863       0.160       0.095       0.000       0.000       0.000       0.000
   300    10    26  2020       1       1  hru1                   0.000       0.000       0.000    5188.835       6.172       0.000       0.000       0.000       0.000       0.000       0.000       0.000       0.000       4.744     -10.239      -2.747      13.652       4.743       0.447       0.095       0.000       0.000       0.000       0.000
   301    10    27  2020       1       1  hru1                   0.000       0.000       0.000    5136.947       5.719       0.000       0.000       0.000       0.000       0.000       0.000       0.000       0.000      10.417      -5.100       2.658      13.652       3.165       0.276       0.096       0.000       0.000       0.000       0.000
   302    10    28  2020       1       1  hru1                   0.000       0.000       0.000    5085.578       5.815       0.000       0.000       0.000       0.000       0.000       0.000       0.000       0.000      13.856       0.556       7.206      13.652       2.186       0.481       0.098       0.000       0.000       0.000       0.000
   303    10    29  2020       1       1  hru1                   0.000       0.000       0.000    5034.722       5.883       0.000       0.000       0.000       0.000       0.000       0.000       0.000       0.000      19.517      -3.283       8.117      13.652       2.802       0.359       0.100       0.000       0.000       0.000       0.000
   304    10    30  2020       1       1  hru1                   0.000       0.000       0.000    4984.375       6.016       0.000       0.000       0.000       0.000       0.000       0.000       0.000       0.000      21.111      -3.144       8.983      13.652       3.089       0.443       0.102       0.000       0.000       0.000       0.000
   305    10    31  2020       1       1  hru1                   0.000       0.000       0.000    4934.531       5.984       0.000       0.000       0.000       0.000       0.000       0.000       0.000       0.000      12.861      -0.250       6.306      13.652       3.375       0.201       0.104       0.000       0.000       0.000       0.000
   306    11     1  2020       1       1  hru1                   0.000       0.000       0.000    4885.186       5.875       0.000       0.000       0.000       0.000       0.000       0.000       0.000       0.000      18.950      -2.394       8.278       8.726       4.746       0.647       0.106       0.000       0.000       0.000       0.000
   307    11     2  2020       1       1  hru1                   0.000       0.000       0.000    4836.333       5.950       0.000       0.000       0.000       0.000       0.000       0.000       0.000       0.000      21.544      -1.161      10.192       8.726       2.720       0.645       0.109       0.000       0.000       0.000       0.000
   308    11     3  2020       1       1  hru1                   0.000       0.000       0.000    4787.970       6.047       0.000       0.000       0.000       0.000       0.000       0.000       0.000       0.000      22.856      -1.300      10.778       8.726       1.927       0.523       0.112       0.000       0.000       0.000       0.000
   309    11     4  2020       1       1  hru1                   0.000       0.000       0.000    4740.090       6.201       0.000       0.000       0.000       0.000       0.000       0.000       0.000       0.000      20.456       0.700      10.578       8.726       2.844       0.590       0.115       0.000       0.000       0.000       0.000
   310    11     5  2020       1       1  hru1                   0.000       0.000       0.000    4692.689       6.366       0.000       0.000       0.000       0.000       0.000       0.000       0.000       0.000      22.578       0.200      11.389       8.726       3.332       0.424       0.118       0.000       0.000       0.000       0.000
   311    11     6  2020       1       1  hru1                   0.000       0.000       0.000    4645.763       6.935       0.000       0.000       0.000       0.000       0.000       0.000       0.000       0.000      22.250       6.178      14.214       8.726       1.673       0.741       0.122       0.000       0.000       0.000       0.000
   312    11     7  2020       1       1  hru1                   0.000       0.000       0.000    4599.305       6.591       0.000       0.000       0.000       0.000       0.000       0.000       0.000       0.000       9.228       0.294       4.761       8.726       1.312       0.582       0.123       0.000       0.000       0.000       0.000
   313    11     8  2020       1       1  hru1                   0.000       0.000       0.000    4553.312       5.725       0.000       0.000       0.000       0.000       0.000       0.000       0.000       0.000       0.878      -3.822      -1.472       8.726       2.552       0.908       0.123       0.000       0.000       0.000       0.000
   314    11     9  2020       1       1  hru1                   0.000       0.000       0.000    4507.779       4.940       0.000       0.000       0.000       0.000       0.000       0.000       0.000       0.000      -0.600      -3.172      -1.886       8.726       2.133       0.570       0.123       0.000       0.000       0.000       0.000
   315    11    10  2020       1       1  hru1                   0.000       0.000       0.000    4462.701       4.349       0.000       0.000       0.000       0.000       0.000       0.000       0.000       0.000       2.794      -2.867      -0.036       8.726       2.894       0.402       0.123       0.000       0.000       0.000       0.000
   316    11    11  2020       1       1  hru1                   0.000       0.000       0.000    4418.074       3.896       0.000       0.000       0.000       0.000       0.000       0.000       0.000       0.000       2.750      -2.867      -0.058       8.726       1.825       0.921       0.123       0.000       0.000       0.000       0.000
   317    11    12  2020       1       1  hru1                   0.000       0.000       0.000    4373.894       3.212       0.000       0.000       0.000       0.000       0.000       0.000       0.000       0.000       4.472      -7.533      -1.531       8.726       2.646       0.448       0.123       0.000       0.000       0.000       0.000
   318    11    13  2020       1       1  hru1                   0.000       0.000       0.000    4330.155       2.888       0.000       0.000       0.000       0.000       0.000       0.000       0.000       0.000       8.022      -5.367       1.328       8.726       1.928       0.990       0.123       0.000       0.000       0.000       0.000
   319    11    14  2020       1       1  hru1                   0.000       0.000       0.000    4286.853       2.949       0.000       0.000       0.000       0.000       0.000       0.000       0.000       0.000       5.783       0.283       3.033       8.726       2.443       0.581       0.124       0.000       0.000       0.000       0.000
   320    11    15  2020       1       1  hru1                   0.000       0.000       0.000    4243.984       3.126       0.000       0.000       0.000       0.000       0.000       0.000       0.000       0.000       8.022       0.983       4.503       8.726       3.344       0.944       0.125       0.000       0.000       0.000       0.000
   321    11    16  2020       1       1  hru1                   0.000       0.000       0.000    4201.544       3.696       0.000       0.000       0.000       0.000       0.000       0.000       0.000       0.000      14.933       3.583       9.258       8.726       2.310       0.552       0.128       0.000       0.000       0.000       0.000
   322    11    17  2020       1       1  hru1                   0.000       0.000       0.000    4159.529       4.172       0.000       0.000       0.000       0.000       0.000       0.000       0.000       0.000      18.094       1.928      10.011       8.726       3.671       0.476       0.131       0.000       0.000       0.000       0.000
   323    11    18  2020       1       1  hru1                   0.000       0.000       0.000    4117.934       4.478       0.000       0.000       0.000       0.000       0.000       0.000       0.000       0.000       9.633       4.150       6.892       8.726       1.905       0.965       0.132       0.000       0.000       0.000       0.000
   324    11    19  2020       1       1  hru1                   0.000       0.000       0.000    4076.754       4.354       0.000       0.000       0.000       0.000       0.000       0.000       0.000       0.000       8.972      -0.767       4.103       8.726       4.012       0.976       0.134       0.000       0.000       0.000       0.000
   325    11    20  2020       1       1  hru1                   0.000       0.000       0.000    4035.987       3.857       0.000       0.000       0.000       0.000       0.000       0.000       0.000       0.000       5.617      -4.489       0.564       8.726       1.704       0.523       0.134       0.000       0.000       0.000       0.000
   326    11    21  2020       1       1  hru1                   0.000       0.000       0.000    3995.627       3.242       0.000       0.000       0.000       0.000       0.000       0.000       0.000       0.000       4.956      -6.617      -0.831       8.726       2.916       0.840       0.134       0.000       0.000       0.000       0.000
   327    11    22  2020       1       1  hru1                   0.000       0.000       0.000    3955.670       2.787       0.000       0.000       0.000       0.000       0.000       0.000       0.000       0.000       3.833      -5.056      -0.611       8.726       2.257       0.610       0.134       0.000       0.000       0.000       0.000
   328    11    23  2020       1       1  hru1                   0.000       0.000       0.000    3916.114       2.418       0.000       0.000       0.000       0.000       0.000       0.000       0.000       0.000       3.900      -4.728      -0.414       8.726       1.199       0.700       0.134       0.000       0.000       0.000       0.000
   329    11    24  2020       1       1  hru1                   0.000       0.000       0.000    3876.953       2.174       0.000       0.000       0.000       0.000       0.000       0.000       0.000       0.000       4.428      -3.944       0.242       8.726       2.783       0.552       0.134       0.000       0.000       0.000       0.000
   330    11    25  2020       1       1  hru1                   0.000       0.000       0.000    3838.183       1.860       0.000       0.000       0.000       0.000       0.000       0.000       0.000       0.000       2.011      -4.217      -1.103       8.726       4.491       0.965       0.134       0.000       0.000       0.000       0.000
   331    11    26  2020       1       1  hru1                   0.000       0.000       0.000    3799.801       1.713       0.000       0.000       0.000       0.000       0.000       0.000       0.000       0.000       3.461      -2.289       0.586       8.726       4.361       0.735       0.134       0.000       0.000       0.000       0.000
   332    11    27  2020       1       1  hru1                   0.000       0.000       0.000    3761.803       1.487       0.000       0.000       0.000       0.000       0.000       0.000       0.000       0.000       4.872      -5.089      -0.108       8.726       2.006       0.814       0.134       0.000       0.000       0.000       0.000
   333    11    28  2020       1       1  hru1                   0.000       0.000       0.000    3724.185       1.182       0.000       0.000       0.000       0.000       0.000       0.000       0.000       0.000       6.306      -7.128      -0.411       8.726       2.463       0.653       0.134       0.000       0.000       0.000       0.000
   334    11    29  2020       1       1  hru1                   0.000       0.000       0.000    3724.185       0.751       0.000       0.000       0.000       0.000       0.000       0.000       0.000       0.000       4.117      -8.350      -2.117       8.726       1.763       0.612       0.134       0.000       0.000       0.000       0.000
   335    11    30  2020       1       1  hru1                   0.000       0.000       0.000    3724.185       0.749       0.000       0.000       0.000       0.000       0.000       0.000       0.000       0.000       9.933      -6.006       1.964       8.726       2.510       0.639       0.134       0.000       0.000       0.000       0.000
   336    12     1  2020       1       1  hru1                   0.000       0.000       0.000    3724.185       0.428       0.000       0.000       0.000       0.000       0.000       0.000       0.000       0.000       3.867      -7.033      -1.583       6.825       2.770       0.725       0.134       0.000       0.000       0.000       0.000
   337    12     2  2020       1       1  hru1                   0.000       0.000       0.000    3724.185      -0.039       0.000       0.000       0.000       0.000       0.000       0.000       0.000       0.000       2.933      -9.056      -3.061       6.825       1.644       0.604       0.134       0.000       0.000       0.000       0.000
   338    12     3  2020       1       1  hru1                   0.000       0.000       0.000    3724.185      -0.467       0.000       0.000       0.000       0.000       0.000       0.000       0.000       0.000       4.544      -9.933      -2.694       6.825       2.915       0.758       0.134       0.000       0.000       0.000       0.000
   339    12     4  2020       1       1  hru1                   0.000       0.000       0.000    3724.185      -1.042       0.000       0.000       0.000       0.000       0.000       0.000       0.000       0.000       4.444     -12.439      -3.997       6.825       3.799       0.663       0.134       0.000       0.000       0.000       0.000
   340    12     5  2020       1       1  hru1                   0.000       0.000       0.000    3724.185      -1.235       0.000       0.000       0.000       0.000       0.000       0.000       0.000       0.000       7.967      -9.933      -0.983       6.825       2.386       0.634       0.134       0.000       0.000       0.000       0.000
   341    12     6  2020       1       1  hru1                   0.000       0.000       0.000    3724.185      -1.400       0.000       0.000       0.000       0.000       0.000       0.000       0.000       0.000       5.750      -9.094      -1.672       6.825       3.468       0.910       0.134       0.000       0.000       0.000       0.000
   342    12     7  2020       1       1  hru1                   0.000       0.000       0.000    3724.185      -1.658       0.000       0.000       0.000       0.000       0.000       0.000       0.000       0.000       6.067     -10.644      -2.289       6.825       2.797       0.623       0.134       0.000       0.000       0.000       0.000
   343    12     8  2020       1       1  hru1                   0.000       0.000       0.000    3724.185      -1.858       0.000       0.000       0.000       0.000       0.000       0.000       0.000       0.000       7.694     -10.956      -1.631       6.825       2.172       0.871       0.134       0.000       0.000       0.000       0.000
   344    12     9  2020       1       1  hru1                   0.000       0.000       0.000    3724.185      -2.096       0.000       0.000       0.000       0.000       0.000       0.000       0.000       0.000       7.083     -11.533      -2.225       6.825       4.737       0.722       0.134       0.000       0.000       0.000       0.000
   345    12    10  2020       1       1  hru1                   0.000       0.000       0.000    3724.185      -2.164       0.000       0.000       0.000       0.000       0.000       0.000       0.000       0.000       2.850      -8.250      -2.700       6.825       3.225       0.841       0.134       0.000       0.000       0.000       0.000
   346    12    11  2020       1       1  hru1                   0.000       0.000       0.000    3724.185      -2.388       0.000       0.000       0.000       0.000       0.000       0.000       0.000       0.000       2.117     -10.039      -3.961       6.825       2.046       0.899       0.134       0.000       0.000       0.000       0.000
   347    12    12  2020       1       1  hru1                   0.000       0.000       0.000    3724.185      -2.885       0.000       0.000       0.000       0.000       0.000       0.000       0.000       0.000       0.189     -13.117      -6.464       6.825       3.286       0.651       0.134       0.000       0.000       0.000       0.000
   348    12    13  2020       1       1  hru1                   0.000       0.000       0.000    3724.185      -2.968       0.000       0.000       0.000       0.000       0.000       0.000       0.000       0.000       2.761      -9.728      -3.483       6.825       1.718       0.760       0.134       0.000       0.000       0.000       0.000
   349    12    14  2020       1       1  hru1                   0.000       0.000       0.000    3724.185      -2.772       0.000       0.000       0.000       0.000       0.000       0.000       0.000       0.000      -1.717      -4.728      -3.222       6.825       4.362       0.975       0.134       0.000       0.000       0.000       0.000
   350    12    15  2020       1       1  hru1                   0.000       0.000       0.000    3724.185      -2.998       0.000       0.000       0.000       0.000       0.000       0.000       0.000       0.000       0.050      -9.239      -4.594       6.825       3.651       0.776       0.134       0.000       0.000       0.000       0.000
   351    12    16  2020       1       1  hru1                   0.000       0.000       0.000    3724.185      -2.321       0.000       0.000       0.000       0.000       0.000       0.000       0.000       0.000       6.067      -0.833       2.617       6.825       1.718       0.637       0.135       0.000       0.000       0.000       0.000
   352    12    17  2020       1       1  hru1                   0.000       0.000       0.000    3724.185      -1.724       0.000       0.000       0.000       0.000       0.000       0.000       0.000       0.000       2.350      -0.128       1.111       6.825       2.157       0.990       0.135       0.000       0.000       0.000       0.000
   353    12    18  2020       1       1  hru1                   0.000       0.000       0.000    3724.185      -1.403       0.000       0.000       0.000       0.000       0.000       0.000       0.000       0.000       3.489      -3.000       0.244       6.825       4.022       0.831       0.136       0.000       0.000       0.000       0.000
   354    12    19  2020       1       1  hru1                   0.000       0.000       0.000    3724.185      -1.362       0.000       0.000       0.000       0.000       0.000       0.000       0.000       0.000       6.394      -7.033      -0.319       6.825       2.396       0.864       0.136       0.000       0.000       0.000       0.000
   355    12    20  2020       1       1  hru1                   0.000       0.000       0.000    3724.185      -0.766       0.000       0.000       0.000       0.000       0.000       0.000       0.000       0.000       9.267      -1.106       4.081       6.825       1.612       0.551       0.137       0.000       0.000       0.000       0.000
   356    12    21  2020       1       1  hru1                   0.000       0.000       0.000    3724.185       0.158       0.000       0.000       0.000       0.000       0.000       0.000       0.000       0.000      15.844       1.556       8.700       6.825       2.024       0.687       0.139       0.000       0.000       0.000       0.000
   357    12    22  2020       1       1  hru1                   0.000       0.000       0.000    3724.185       0.432       0.000       0.000       0.000       0.000       0.000       0.000       0.000       0.000      10.250      -2.972       3.639       6.825       2.861       0.651       0.140       0.000       0.000       0.000       0.000
   358    12    23  2020       1       1  hru1                   0.000       0.000       0.000    3724.185       0.109       0.000       0.000       0.000       0.000       0.000       0.000       0.000       0.000       1.267      -6.650      -2.692       6.825       3.090       0.900       0.140       0.000       0.000       0.000       0.000
   359    12    24  2020       1       1  hru1                   0.000       0.000       0.000    3724.185      -0.276       0.000       0.000       0.000       0.000       0.000       0.000       0.000       0.000       2.694      -8.506      -2.906       6.825       1.304       0.719       0.140       0.000       0.000       0.000       0.000
   360    12    25  2020       1       1  hru1                   0.000       0.000       0.000    3724.185      -0.428       0.000       0.000       0.000       0.000       0.000       0.000       0.000       0.000       5.022      -7.089      -1.033       6.825       3.641       0.836       0.140       0.000       0.000       0.000       0.000
   361    12    26  2020       1       1  hru1                   0.000       0.000       0.000    3724.185       0.046       0.000       0.000       0.000       0.000       0.000       0.000       0.000       0.000       5.928       0.144       3.036       6.825       3.193       0.990       0.141       0.000       0.000       0.000       0.000
   362    12    27  2020       1       1  hru1                   0.000       0.000       0.000    3724.185       0.042       0.000       0.000       0.000       0.000       0.000       0.000       0.000       0.000       3.794      -4.256      -0.231       6.825       1.990       0.849       0.141       0.000       0.000       0.000       0.000
   363    12    28  2020       1       1  hru1                   0.000       0.000       0.000    3724.185      -0.353       0.000       0.000       0.000       0.000       0.000       0.000       0.000       0.000       0.256      -7.839      -3.792       6.825       3.322       0.918       0.141       0.000       0.000       0.000       0.000
   364    12    29  2020       1       1  hru1                   0.000       0.000       0.000    3724.185      -1.181       0.000       0.000       0.000       0.000       0.000       0.000       0.000       0.000      -3.333     -12.572      -7.953       6.825       3.170       0.543       0.141       0.000       0.000       0.000       0.000
   365    12    30  2020       1       1  hru1                   0.000       0.000       0.000    3724.185      -1.579       0.000       0.000       0.000       0.000       0.000       0.000       0.000       0.000       0.122      -9.867      -4.872       6.825       3.431       0.853       0.141       0.000       0.000       0.000       0.000
   366    12    31  2020       1       1  hru1                   0.000       0.000       0.000    3724.185      -1.350       0.000       0.000       0.000       0.000       0.000       0.000       0.000       0.000       2.150      -3.444      -0.647       6.825       2.993       0.621       0.141       0.000       0.000       0.000       0.000
     1     1     1  2021       1       1  hru1                   0.000       0.000       0.000    2979.348      -0.901       0.000       0.000       0.000       0.000       0.000       0.000       0.000       0.000       5.144      -1.583       1.781       7.782       1.887       0.628       0.000       0.000       0.000       0.000       0.000
     2     1     2  2021       1       1  hru1                   0.000       0.000       0.000    2979.348      -0.427       0.000       0.000       0.000       0.000       0.000       0.000       0.000       0.000       6.744      -1.278       2.733       7.782       3.650       0.902       0.001       0.000       0.000       0.000       0.000
     3     1     3  2021       1       1  hru1                   0.000       0.000       0.000    2979.348       0.160       0.000       0.000       0.000       0.000       0.000       0.000       0.000       0.000       9.244      -0.100       4.572       7.782       3.493       0.990       0.002       0.000       0.000       0.000       0.000
     4     1     4  2021       1       1  hru1                   0.000       0.000       0.000    2979.348       0.502       0.000       0.000       0.000       0.000       0.000       0.000       0.000       0.000       8.567      -1.817       3.375       7.782       0.589       0.990       0.003       0.000       0.000       0.000       0.000
     5     1     5  2021       1       1  hru1                   0.000       0.000       0.000    2979.348       0.650       0.000       0.000       0.000       0.000       0.000       0.000       0.000       0.000       4.906      -2.122       1.392       7.782       2.043       0.673       0.004       0.000       0.000       0.000       0.000
     6     1     6  2021       1       1  hru1                   0.000       0.000       0.000    2979.348       0.591       0.000       0.000       0.000       0.000       0.000       0.000       0.000       0.000       4.378      -4.183       0.097       7.782       0.721       0.748       0.004       0.000       0.000       0.000       0.000
     7     1     7  2021       1       1  hru1                   0.000       0.000       0.000    2979.348       0.794       0.000       0.000       0.000       0.000       0.000       0.000       0.000       0.000       5.311      -1.478       1.917       7.782       5.347       0.722       0.004       0.000       0.000       0.000       0.000
     8     1     8  2021       1       1  hru1                   0.000       0.000       0.000    2979.348       0.732       0.000       0.000       0.000       0.000       0.000       0.000       0.000       0.000       2.683      -3.306      -0.311       7.782       0.882       0.487       0.004       0.000       0.000       0.000       0.000
     9     1     9  2021       1       1  hru1                   0.000       0.000       0.000    2979.348       0.783       0.000       0.000       0.000       0.000       0.000       0.000       0.000       0.000       1.200      -1.444      -0.122       7.782       4.588       0.695       0.004       0.000       0.000       0.000       0.000
    10     1    10  2021       1       1  hru1                   0.000       0.000       0.000    2979.348       0.628       0.000       0.000       0.000       0.000       0.000       0.000       0.000       0.000       2.239      -4.283      -1.022       7.782       4.042       0.770       0.004       0.000       0.000       0.000       0.000
    11     1    11  2021       1       1  hru1                   0.000       0.000       0.000    2979.348       0.298       0.000       0.000       0.000       0.000       0.000       0.000       0.000       0.000       2.578      -6.822      -2.122       7.782       5.054       0.627       0.004       0.000       0.000       0.000       0.000
    12     1    12  2021       1       1  hru1                   0.000       0.000       0.000    2979.348       0.195       0.000       0.000       0.000       0.000       0.000       0.000       0.000       0.000       4.511      -5.400      -0.444       7.782       1.500       0.948       0.004       0.000       0.000       0.000       0.000
    13     1    13  2021       1       1  hru1                   0.000       0.000       0.000    2979.348       0.763       0.000       0.000       0.000       0.000       0.000       0.000       0.000       0.000      11.094      -0.033       5.531       7.782       3.619       0.774       0.006       0.000       0.000       0.000       0.000
    14     1    14  2021       1       1  hru1                   0.000       0.000       0.000    2979.348       0.934       0.000       0.000       0.000       0.000       0.000       0.000       0.000       0.000       6.161      -1.922       2.119       7.782       3.312       0.571       0.006       0.000       0.000       0.000       0.000
    15     1    15  2021       1       1  hru1                   0.000       0.000       0.000    2979.348       0.907       0.000       0.000       0.000       0.000       0.000       0.000       0.000       0.000       5.867      -3.944       0.961       7.782       1.714       0.638       0.007       0.000       0.000       0.000       0.000
    16     1    16  2021       1       1  hru1                   0.000       0.000       0.000    2979.348       0.780       0.000       0.000       0.000       0.000       0.000       0.000       0.000       0.000       5.261      -4.961       0.150       7.782       3.403       0.851       0.007       0.000       0.000       0.000       0.000
    17     1    17  2021       1       1  hru1                   0.000       0.000       0.000    2979.348       0.792       0.000       0.000       0.000       0.000       0.000       0.000       0.000       0.000       7.078      -4.217       1.431       7.782       4.296       0.981       0.007       0.000       0.000       0.000       0.000
    18     1    18  2021       1       1  hru1                   0.000       0.000       0.000    2979.348       0.683       0.000       0.000       0.000       0.000       0.000       0.000       0.000       0.000       2.944      -4.017      -0.536       7.782       3.118       0.538       0.007       0.000       0.000       0.000       0.000
    19     1    19  2021       1       1  hru1                   0.000       0.000       0.000    2979.348       0.275       0.000       0.000       0.000       0.000       0.000       0.000       0.000       0.000       3.867      -8.211      -2.172       7.782       2.024       0.874       0.007       0.000       0.000       0.000       0.000
    20     1    20  2021       1       1  hru1                   0.000       0.000       0.000    2979.348      -0.060       0.000       0.000       0.000       0.000       0.000       0.000       0.000       0.000       5.828      -8.811      -1.492       7.782       3.307       0.872       0.007       0.000       0.000       0.000       0.000
    21     1    21  2021       1       1  hru1                   0.000       0.000       0.000    2979.348       0.092       0.000       0.000       0.000       0.000       0.000       0.000       0.000       0.000       6.750      -3.811       1.469       7.782       1.493       0.990       0.007       0.000       0.000       0.000       0.000
    22     1    22  2021       1       1  hru1                   0.000       0.000       0.000    2979.348       0.297       0.000       0.000       0.000       0.000       0.000       0.000       0.000       0.000       4.917      -2.161       1.378       7.782       3.418       0.704       0.008       0.000       0.000       0.000       0.000
    23     1    23  2021       1       1  hru1                   0.000       0.000       0.000    2979.348      -0.159       0.000       0.000       0.000       0.000       0.000       0.000       0.000       0.000       1.167      -8.383      -3.608       7.782       2.965       0.860       0.008       0.000       0.000       0.000       0.000
    24     1    24  2021       1       1  hru1                   0.000       0.000       0.000    2979.348      -1.071       0.000       0.000       0.000       0.000       0.000       0.000       0.000       0.000       0.589     -12.678      -6.044       7.782       3.629       0.799       0.008       0.000       0.000       0.000       0.000
    25     1    25  2021       1       1  hru1                   0.000       0.000       0.000    2979.348      -1.435       0.000       0.000       0.000       0.000       0.000       0.000       0.000       0.000       1.811      -8.439      -3.314       7.782       1.916       0.886       0.008       0.000       0.000       0.000       0.000
    26     1    26  2021       1       1  hru1                   0.000       0.000       0.000    2979.348      -1.568       0.000       0.000       0.000       0.000       0.000       0.000       0.000       0.000       0.961      -6.311      -2.675       7.782       0.873       0.743       0.008       0.000       0.000       0.000       0.000
    27     1    27  2021       1       1  hru1                   0.000       0.000       0.000    2979.348      -1.572       0.000       0.000       0.000       0.000       0.000       0.000       0.000       0.000       4.311      -5.900      -0.794       7.782       2.275       0.727       0.008       0.000       0.000       0.000       0.000
    28     1    28  2021       1       1  hru1                   0.000       0.000       0.000    2979.348      -0.693       0.000       0.000       0.000       0.000       0.000       0.000       0.000       0.000       9.511       1.389       5.450       7.782       3.703       0.958       0.009       0.000       0.000       0.000       0.000
    29     1    29  2021       1       1  hru1                   0.000       0.000       0.000    2979.348      -0.065       0.000       0.000       0.000       0.000       0.000       0.000       0.000       0.000       8.094       0.367       4.231       7.782       3.044       0.987       0.010       0.000       0.000       0.000       0.000
    30     1    30  2021       1       1  hru1                   0.000       0.000       0.000    2979.348       0.200       0.000       0.000       0.000       0.000       0.000       0.000       0.000       0.000       5.650      -1.989       1.831       7.782       3.555       0.739       0.011       0.000       0.000       0.000       0.000
    31     1    31  2021       1       1  hru1                   0.000       0.000       0.000    2979.348       0.261       0.000       0.000       0.000       0.000       0.000       0.000       0.000       0.000       7.378      -4.728       1.325       7.782       3.546       0.840       0.011       0.000       0.000       0.000       0.000
    32     2     1  2021       1       1  hru1                   0.000       0.000       0.000    2979.348       0.581       0.000       0.000       0.000       0.000       0.000       0.000       0.000       0.000       7.483      -2.361       2.561      11.295       3.904       0.803       0.012       0.000       0.000       0.000       0.000
    33     2     2  2021       1       1  hru1                   0.000       0.000       0.000    2949.555       1.153       0.000       0.000       0.000       0.000       0.000       0.000       0.000       0.000      14.239      -2.022       6.108      11.295       2.324       0.990       0.014       0.000       0.000       0.000       0.000
    34     2     3  2021       1       1  hru1                   0.000       0.000       0.000    2949.555       0.978       0.000       0.000       0.000       0.000       0.000       0.000       0.000       0.000       3.828      -5.350      -0.761      11.295       3.796       0.975       0.014       0.000       0.000       0.000       0.000
    35     2     4  2021       1       1  hru1                   0.000       0.000       0.000    2949.555       0.885       0.000       0.000       0.000       0.000       0.000       0.000       0.000       0.000       2.406      -3.817      -0.706      11.295       3.837       0.725       0.014       0.000       0.000       0.000       0.000
    36     2     5  2021       1       1  hru1                   0.000       0.000       0.000    2920.059       1.295       0.000       0.000       0.000       0.000       0.000       0.000       0.000       0.000       6.533       0.489       3.511      11.295       1.946       0.902       0.015       0.000       0.000       0.000       0.000
    37     2     6  2021       1       1  hru1                   0.000       0.000       0.000    2890.859       1.781       0.000       0.000       0.000       0.000       0.000       0.000       0.000       0.000       9.161       0.856       5.008      11.295       2.431       0.699       0.016       0.000       0.000       0.000       0.000
    38     2     7  2021       1       1  hru1                   0.000       0.000       0.000    2861.950       1.862       0.000       0.000       0.000       0.000       0.000       0.000       0.000       0.000       7.000      -2.467       2.267      11.295       2.945       0.643       0.016       0.000       0.000       0.000       0.000
    39     2     8  2021       1       1  hru1                   0.000       0.000       0.000    2833.331       1.758       0.000       0.000       0.000       0.000       0.000       0.000       0.000       0.000       4.300      -3.344       0.478      11.295       4.142       0.721       0.017       0.000       0.000       0.000       0.000
    40     2     9  2021       1       1  hru1                   0.000       0.000       0.000    2804.997       1.764       0.000       0.000       0.000       0.000       0.000       0.000       0.000       0.000       6.806      -3.411       1.697      11.295       2.878       0.706       0.017       0.000       0.000       0.000       0.000
    41     2    10  2021       1       1  hru1                   0.000       0.000       0.000    2776.947       1.818       0.000       0.000       0.000       0.000       0.000       0.000       0.000       0.000       8.383      -3.606       2.389      11.295       2.305       0.864       0.018       0.000       0.000       0.000       0.000
    42     2    11  2021       1       1  hru1                   0.000       0.000       0.000    2749.178       1.872       0.000       0.000       0.000       0.000       0.000       0.000       0.000       0.000       6.194      -2.328       1.933      11.295       4.627       0.916       0.018       0.000       0.000       0.000       0.000
    43     2    12  2021       1       1  hru1                   0.000       0.000       0.000    2721.686       1.846       0.000       0.000       0.000       0.000       0.000       0.000       0.000       0.000       2.139      -1.111       0.514      11.295       1.812       0.792       0.018       0.000       0.000       0.000       0.000
    44     2    13  2021       1       1  hru1                   0.000       0.000       0.000    2694.469       1.458       0.000       0.000       0.000       0.000       0.000       0.000       0.000       0.000       1.289      -5.411      -2.061      11.295       3.847       0.990       0.018       0.000       0.000       0.000       0.000
    45     2    14  2021       1       1  hru1                   0.000       0.000       0.000    2694.469       0.617       0.000       0.000       0.000       0.000       0.000       0.000       0.000       0.000       0.578      -9.467      -4.444      11.295       2.422       0.990       0.018       0.000       0.000       0.000       0.000
    46     2    15  2021       1       1  hru1                   0.000       0.000       0.000    2694.469       0.709       0.000       0.000       0.000       0.000       0.000       0.000       0.000       0.000       4.478      -1.750       1.364      11.295       2.168       0.990       0.019       0.000       0.000       0.000       0.000
    47     2    16  2021       1       1  hru1                   0.000       0.000       0.000    2694.469       0.868       0.000       0.000       0.000       0.000       0.000       0.000       0.000       0.000       2.878      -1.206       0.836      11.295       3.074       0.806       0.019       0.000       0.000       0.000       0.000
    48     2    17  2021       1       1  hru1                   0.000       0.000       0.000    2694.469       0.791       0.000       0.000       0.000       0.000       0.000       0.000       0.000       0.000       1.933      -3.478      -0.772      11.295       2.161       0.800       0.019       0.000       0.000       0.000       0.000
    49     2    18  2021       1       1  hru1                   0.000       0.000       0.000    2694.469       0.609       0.000       0.000       0.000       0.000       0.000       0.000       0.000       0.000       3.556      -5.867      -1.156      11.295       2.449       0.724       0.019       0.000       0.000       0.000       0.000
    50     2    19  2021       1       1  hru1                   0.000       0.000       0.000    2694.469       0.953       0.000       0.000       0.000       0.000       0.000       0.000       0.000       0.000       7.944      -1.683       3.131      11.295       4.077       0.990       0.020       0.000       0.000       0.000       0.000
    51     2    20  2021       1       1  hru1                   0.000       0.000       0.000    2694.469       1.118       0.000       0.000       0.000       0.000       0.000       0.000       0.000       0.000       3.961      -1.244       1.358      11.295       2.534       0.990       0.020       0.000       0.000       0.000       0.000
    52     2    21  2021       1       1  hru1                   0.000       0.000       0.000    2667.525       1.233       0.000       0.000       0.000       0.000       0.000       0.000       0.000       0.000       5.378      -2.361       1.508      11.295       2.583       0.880       0.021       0.000       0.000       0.000       0.000
    53     2    22  2021       1       1  hru1                   0.000       0.000       0.000    2640.849       1.763       0.000       0.000       0.000       0.000       0.000       0.000       0.000       0.000      11.900      -0.228       5.836      11.295       1.531       0.657       0.022       0.000       0.000       0.000       0.000
    54     2    23  2021       1       1  hru1                   0.000       0.000       0.000    2614.441       1.737       0.000       0.000       0.000       0.000       0.000       0.000       0.000       0.000       6.778      -3.756       1.511      11.295       1.934       0.761       0.023       0.000       0.000       0.000       0.000
    55     2    24  2021       1       1  hru1                   0.000       0.000       0.000    2588.296       1.504       0.000       0.000       0.000       0.000       0.000       0.000       0.000       0.000       2.950      -4.433      -0.742      11.295       3.787       0.518       0.023       0.000       0.000       0.000       0.000
    56     2    25  2021       1       1  hru1                   0.000       0.000       0.000    2588.296       1.023       0.000       0.000       0.000       0.000       0.000       0.000       0.000       0.000       3.322      -8.278      -2.478      11.295       2.933       0.850       0.023       0.000       0.000       0.000       0.000
    57     2    26  2021       1       1  hru1                   0.000       0.000       0.000    2588.296       0.964       0.000       0.000       0.000       0.000       0.000       0.000       0.000       0.000       3.700      -3.911      -0.106      11.295       3.386       0.816       0.023       0.000       0.000       0.000       0.000
    58     2    27  2021       1       1  hru1                   0.000       0.000       0.000    2588.296       0.685       0.000       0.000       0.000       0.000       0.000       0.000       0.000       0.000       2.489      -6.222      -1.867      11.295       2.558       0.605       0.023       0.000       0.000       0.000       0.000
    59     2    28  2021       1       1  hru1                   0.000       0.000       0.000    2588.296       0.438       0.000       0.000       0.000       0.000       0.000       0.000       0.000       0.000       4.639      -7.467      -1.414      11.295       3.142       0.733       0.023       0.000       0.000       0.000       0.000
    60     3     1  2021       1       1  hru1                   0.000       0.000       0.000    2588.296       0.703       0.000       0.000       0.000       0.000       0.000       0.000       0.000       0.000      10.822      -6.989       1.917      16.267       5.492       0.327       0.023       0.000       0.000       0.000       0.000
    61     3     2  2021       1       1  hru1                   0.000       0.000       0.000    2588.296       1.088       0.000       0.000       0.000       0.000       0.000       0.000       0.000       0.000      12.672      -6.050       3.311      16.267       4.642       0.363       0.024       0.000       0.000       0.000       0.000
    62     3     3  2021       1       1  hru1                   0.000       0.000       0.000    2562.413       1.690       0.000       0.000       0.000       0.000       0.000       0.000       0.000       0.000      13.889      -2.939       5.475      16.267       1.383       0.254       0.025       0.000       0.000       0.000       0.000
    63     3     4  2021       1       1  hru1                   0.000       0.000       0.000    2536.789       2.198       0.000       0.000       0.000       0.000       0.000       0.000       0.000       0.000      14.761      -3.756       5.503      16.267       2.371       0.562       0.027       0.000       0.000       0.000       0.000
    64     3     5  2021       1       1  hru1                   0.000       0.000       0.000    2511.421       2.914       0.000       0.000       0.000       0.000       0.000       0.000       0.000       0.000      18.572      -2.506       8.033      16.267       2.015       0.705       0.029       0.000       0.000       0.000       0.000
    65     3     6  2021       1       1  hru1                   0.000       0.000       0.000    2486.307       3.491       0.000       0.000       0.000       0.000       0.000       0.000       0.000       0.000      15.961      -1.067       7.447      16.267       2.252       0.411       0.031       0.000       0.000       0.000       0.000
    66     3     7  2021       1       1  hru1                   0.000       0.000       0.000    2461.444       3.583       0.000       0.000       0.000       0.000       0.000       0.000       0.000       0.000      13.739      -5.344       4.197      16.267       2.720       0.386       0.032       0.000       0.000       0.000       0.000
    67     3     8  2021       1       1  hru1                   0.000       0.000       0.000    2436.830       3.545       0.000       0.000       0.000       0.000       0.000       0.000       0.000       0.000      11.228      -5.144       3.042      16.267       2.178       0.810       0.033       0.000       0.000       0.000       0.000
    68     3     9  2021       1       1  hru1                   0.000       0.000       0.000    2412.461       3.479       0.000       0.000       0.000       0.000       0.000       0.000       0.000       0.000       8.411      -3.483       2.464      16.267       3.042       0.614       0.034       0.000       0.000       0.000       0.000
    69     3    10  2021       1       1  hru1                   0.000       0.000       0.000    2388.337       3.420       0.000       0.000       0.000       0.000       0.000       0.000       0.000       0.000      10.211      -4.894       2.658      16.267       2.910       0.427       0.034       0.000       0.000       0.000       0.000
    70     3    11  2021       1       1  hru1                   0.000       0.000       0.000    2364.453       3.275       0.000       0.000       0.000       0.000       0.000       0.000       0.000       0.000      10.061      -6.194       1.933      16.267       4.530       0.389       0.035       0.000       0.000       0.000       0.000
    71     3    12  2021       1       1  hru1                   0.000       0.000       0.000    2340.809       3.016       0.000       0.000       0.000       0.000       0.000       0.000       0.000       0.000      10.200      -8.278       0.961      16.267       1.811       0.590       0.035       0.000       0.000       0.000       0.000
    72     3    13  2021       1       1  hru1                   0.000       0.000       0.000    2317.401       2.989       0.000       0.000       0.000       0.000       0.000       0.000       0.000       0.000      12.206      -6.956       2.625      16.267       3.365       0.437       0.036       0.000       0.000       0.000       0.000
    73     3    14  2021       1       1  hru1                   0.000       0.000       0.000    2294.227       3.450       0.000       0.000       0.000       0.000       0.000       0.000       0.000       0.000      16.367      -3.072       6.647      16.267       2.632       0.664       0.038       0.000       0.000       0.000       0.000
    74     3    15  2021       1       1  hru1                   0.000       0.000       0.000    2271.284       4.130       0.000       0.000       0.000       0.000       0.000       0.000       0.000       0.000      18.750      -0.717       9.017      16.267       3.037       0.468       0.040       0.000       0.000       0.000       0.000
    75     3    16  2021       1       1  hru1                   0.000       0.000       0.000    2248.571       4.340       0.000       0.000       0.000       0.000       0.000       0.000       0.000       0.000      11.594      -0.656       5.469      16.267       2.571       0.571       0.042       0.000       0.000       0.000       0.000
    76     3    17  2021       1       1  hru1                   0.000       0.000       0.000    2226.086       4.543       0.000       0.000       0.000       0.000       0.000       0.000       0.000       0.000      15.711      -3.483       6.114      16.267       3.455       0.538       0.043       0.000       0.000       0.000       0.000
    77     3    18  2021       1       1  hru1                   0.000       0.000       0.000    2203.825       5.204       0.000       0.000       0.000       0.000       0.000       0.000       0.000       0.000      20.328       0.067      10.197      16.267       3.151       0.678       0.046       0.000       0.000       0.000       0.000
    78     3    19  2021       1       1  hru1                   0.000       0.000       0.000    2181.787       6.001       0.000       0.000       0.000       0.000       0.000       0.000       0.000       0.000      17.150       5.872      11.511      16.267       2.607       0.959       0.049       0.000       0.000       0.000       0.000
    79     3    20  2021       1       1  hru1                   0.000       0.000       0.000    2159.969       5.941       0.000       0.000       0.000       0.000       0.000       0.000       0.000       0.000       9.289       1.211       5.250      16.267       3.387       0.990       0.050       0.000       0.000       0.000       0.000
    80     3    21  2021       1       1  hru1                   0.000       0.000       0.000    2138.369       5.655       0.000       0.000       0.000       0.000       0.000       0.000       0.000       0.000       8.289      -1.378       3.456      16.267       3.707       0.407       0.051       0.000       0.000       0.000       0.000
    81     3    22  2021       1       1  hru1                   0.000       0.000       0.000    2116.985       5.319       0.000       0.000       0.000       0.000       0.000       0.000       0.000       0.000       7.939      -2.433       2.753      16.267       1.959       0.333       0.052       0.000       0.000       0.000       0.000
    82     3    23  2021       1       1  hru1                   0.000       0.000       0.000    2095.815       5.066       0.000       0.000       0.000       0.000       0.000       0.000       0.000       0.000       7.367      -1.517       2.925      16.267       1.292       0.889       0.053       0.000       0.000       0.000       0.000
    83     3    24  2021       1       1  hru1                   0.000       0.000       0.000    2074.857       4.880       0.000       0.000       0.000       0.000       0.000       0.000       0.000       0.000       8.417      -1.889       3.264      16.267       2.465       0.877       0.054       0.000       0.000       0.000       0.000
    84     3    25  2021       1       1  hru1                   0.000       0.000       0.000    2054.109       4.720       0.000       0.000       0.000       0.000       0.000       0.000       0.000       0.000       5.617       0.239       2.928      16.267       0.666       0.825       0.055       0.000       0.000       0.000       0.000
    85     3    26  2021       1       1  hru1                   0.000       0.000       0.000    2033.568       4.825       0.000       0.000       0.000       0.000       0.000       0.000       0.000       0.000      10.617      -0.161       5.228      16.267       3.647       0.604       0.056       0.000       0.000       0.000       0.000
    86     3    27  2021       1       1  hru1                   0.000       0.000       0.000    2013.232       5.183       0.000       0.000       0.000       0.000       0.000       0.000       0.000       0.000      15.239       0.117       7.678      16.267       2.690       0.483       0.058       0.000       0.000       0.000       0.000
    87     3    28  2021       1       1  hru1                   0.000       0.000       0.000    1993.099       5.884       0.000       0.000       0.000       0.000       0.000       0.000       0.000       0.000      22.289       0.333      11.311      16.267       3.928       0.367       0.061       0.000       0.000       0.000       0.000
    88     3    29  2021       1       1  hru1                   0.000       0.000       0.000    1973.168       5.923       0.000       0.000       0.000       0.000       0.000       0.000       0.000       0.000      16.928      -3.500       6.714      16.267       0.926       0.617       0.063       0.000       0.000       0.000       0.000
    89     3    30  2021       1       1  hru1                   0.000       0.000       0.000    1953.437       5.357       0.000       0.000       0.000       0.000       0.000       0.000       0.000       0.000       7.033      -4.389       1.322      16.267       2.363       0.294       0.063       0.000       0.000       0.000       0.000
    90     3    31  2021       1       1  hru1                   0.000       0.000       0.000    1933.902       5.118       0.000       0.000       0.000       0.000       0.000       0.000       0.000       0.000      13.678      -6.083       3.797      16.267       3.355       0.560       0.064       0.000       0.000       0.000       0.000
    91     4     1  2021       1       1  hru1                   0.000       0.000       0.000    1914.563       5.831       0.000       0.000       0.000       0.000       0.000       0.000       0.000       0.000      22.844      -5.011       8.917      21.914       2.389       0.341       0.067       0.000       0.000       0.000       0.000
    92     4     2  2021       1       1  hru1                   0.000       0.000       0.000    1895.418       6.793       0.000       0.000       0.000       0.000       0.000       0.000       0.000       0.000      22.461       1.511      11.986      21.914       3.801       0.224       0.070       0.000       0.000       0.000       0.000
    93     4     3  2021       1       1  hru1                   0.000       0.000       0.000    1876.464       7.646       0.000       0.000       0.000       0.000       0.000       0.000       0.000       0.000      24.050       0.289      12.169      21.914       2.743       0.480       0.073       0.000       0.000       0.000       0.000
    94     4     4  2021       1       1  hru1                   0.000       0.000       0.000    1857.699       8.483       0.000       0.000       0.000       0.000       0.000       0.000       0.000       0.000      22.728       3.733      13.231      21.914       3.608       0.366       0.077       0.000       0.000       0.000       0.000
    95     4     5  2021       1       1  hru1                   0.000       0.000       0.000    1839.122       8.258       0.000       0.000       0.000       0.000       0.000       0.000       0.000       0.000      11.050       1.094       6.072      21.914       2.648       0.990       0.078       0.000       0.000       0.000       0.000
    96     4     6  2021       1       1  hru1                   0.000       0.000       0.000    1820.731       8.197       0.000       0.000       0.000       0.000       0.000       0.000       0.000       0.000      13.678       0.306       6.992      21.914       3.037       0.990       0.080       0.000       0.000       0.000       0.000
    97     4     7  2021       1       1  hru1                   0.000       0.000       0.000    1802.523       8.436       0.000       0.000       0.000       0.000       0.000       0.000       0.000       0.000      20.750      -2.839       8.956      21.914       2.808       0.280       0.083       0.000       0.000       0.000       0.000
    98     4     8  2021       1       1  hru1                   0.000       0.000       0.000    1784.498       8.326       0.000       0.000       0.000       0.000       0.000       0.000       0.000       0.000      12.189       1.639       6.914      21.914       2.996       0.296       0.085       0.000       0.000       0.000       0.000
    99     4     9  2021       1       1  hru1                   0.000       0.000       0.000    1766.653       7.972       0.000       0.000       0.000       0.000       0.000       0.000       0.000       0.000      14.139      -5.044       4.547      21.914       3.549       0.422       0.086       0.000       0.000       0.000       0.000
   100     4    10  2021       1       1  hru1                   0.000       0.000       0.000    1748.987       8.034       0.000       0.000       0.000       0.000       0.000       0.000       0.000       0.000      17.656      -2.906       7.375      21.914       2.400       0.396       0.088       0.000       0.000       0.000       0.000
   101     4    11  2021       1       1  hru1                   0.000       0.000       0.000    1731.497       7.497       0.000       0.000       0.000       0.000       0.000       0.000       0.000       0.000       8.989      -3.006       2.992      21.914       1.823       0.379       0.089       0.000       0.000       0.000       0.000
   102     4    12  2021       1       1  hru1                   0.000       0.000       0.000    1714.182       7.073       0.000       0.000       0.000       0.000       0.000       0.000       0.000       0.000      12.222      -6.189       3.017      21.914       3.874       0.325       0.089       0.000       0.000       0.000       0.000
   103     4    13  2021       1       1  hru1                   0.000       0.000       0.000    1697.040       7.245       0.000       0.000       0.000       0.000       0.000       0.000       0.000       0.000      13.717       1.083       7.400      21.914       6.009       0.361       0.091       0.000       0.000       0.000       0.000
   104     4    14  2021       1       1  hru1                   0.000       0.000       0.000    1680.070       7.018       0.000       0.000       0.000       0.000       0.000       0.000       0.000       0.000       8.317       0.939       4.628      21.914       5.289       0.990       0.093       0.000       0.000       0.000       0.000
   105     4    15  2021       1       1  hru1                   0.000       0.000       0.000    1663.269       6.908       0.000       0.000       0.000       0.000       0.000       0.000       0.000       0.000       9.828       0.611       5.219      21.914       3.279       0.796       0.094       0.000       0.000       0.000       0.000
   106     4    16  2021       1       1  hru1                   0.000       0.000       0.000    1646.636       7.012       0.000       0.000       0.000       0.000       0.000       0.000       0.000       0.000      13.778      -0.567       6.606      21.914       6.173       0.401       0.096       0.000       0.000       0.000       0.000
   107     4    17  2021       1       1  hru1                   0.000       0.000       0.000    1630.170       7.392       0.000       0.000       0.000       0.000       0.000       0.000       0.000       0.000      15.622       2.222       8.922      21.914       3.504       0.416       0.098       0.000       0.000       0.000       0.000
   108     4    18  2021       1       1  hru1                   0.000       0.000       0.000    1613.868       7.916       0.000       0.000       0.000       0.000       0.000       0.000       0.000       0.000      20.217       0.361      10.289      21.914       3.966       0.402       0.101       0.000       0.000       0.000       0.000
   109     4    19  2021       1       1  hru1                   0.000       0.000       0.000    1597.729       8.349       0.000       0.000       0.000       0.000       0.000       0.000       0.000       0.000      17.183       3.667      10.425      21.914       3.960       0.326       0.104       0.000       0.000       0.000       0.000
   110     4    20  2021       1       1  hru1                   0.000       0.000       0.000    1581.752       8.238       0.000       0.000       0.000       0.000       0.000       0.000       0.000       0.000      14.378      -1.122       6.628      21.914       1.223       0.437       0.106       0.000       0.000       0.000       0.000
   111     4    21  2021       1       1  hru1                   0.000       0.000       0.000    1565.935       8.408       0.000       0.000       0.000       0.000       0.000       0.000       0.000       0.000      16.572       0.778       8.675      21.914       2.880       0.446       0.108       0.000       0.000       0.000       0.000
   112     4    22  2021       1       1  hru1                   0.000       0.000       0.000    1550.275       8.687       0.000       0.000       0.000       0.000       0.000       0.000       0.000       0.000      18.222       1.172       9.697      21.914       4.192       0.580       0.111       0.000       0.000       0.000       0.000
   113     4    23  2021       1       1  hru1                   0.000       0.000       0.000    1534.773       8.934       0.000       0.000       0.000       0.000       0.000       0.000       0.000       0.000      17.783       1.850       9.817      21.914       1.686       0.365       0.113       0.000       0.000       0.000       0.000
   114     4    24  2021       1       1  hru1                   0.000       0.000       0.000    1519.425       9.166       0.000       0.000       0.000       0.000       0.000       0.000       0.000       0.000      15.489       4.889      10.189      21.914       1.384       0.928       0.116       0.000       0.000       0.000       0.000
   115     4    25  2021       1       1  hru1                   0.000       0.000       0.000    1504.231       9.118       0.000       0.000       0.000       0.000       0.000       0.000       0.000       0.000      11.289       5.600       8.444      21.914       5.823       0.871       0.118       0.000       0.000       0.000       0.000
   116     4    26  2021       1       1  hru1                   0.000       0.000       0.000    1489.188       8.609       0.000       0.000       0.000       0.000       0.000       0.000       0.000       0.000       8.311       1.206       4.758      21.914       3.535       0.990       0.119       0.000       0.000       0.000       0.000
   117     4    27  2021       1       1  hru1                   0.000       0.000       0.000    1474.296       8.480       0.000       0.000       0.000       0.000       0.000       0.000       0.000       0.000      14.033      -0.339       6.847      21.914       1.797       0.990       0.121       0.000       0.000       0.000       0.000
   118     4    28  2021       1       1  hru1                   0.000       0.000       0.000    1459.553       9.097       0.000       0.000       0.000       0.000       0.000       0.000       0.000       0.000      19.906       5.006      12.456      21.914       4.800       0.500       0.125       0.000       0.000       0.000       0.000
   119     4    29  2021       1       1  hru1                   0.000       0.000       0.000    1444.958      10.033       0.000       0.000       0.000       0.000       0.000       0.000       0.000       0.000      25.811       5.194      15.503      21.914       4.846       0.349       0.129       0.000       0.000       0.000       0.000
   120     4    30  2021       1       1  hru1                   0.000       0.000       0.000    1430.508      11.166       0.000       0.000       0.000       0.000       0.000       0.000       0.000       0.000      29.722       6.494      18.108      21.914       2.730       0.324       0.134       0.000       0.000       0.000       0.000
   121     5     1  2021       1       1  hru1                   0.000       0.000       0.000    1416.203      12.018       0.000       0.000       0.000       0.000       0.000       0.000       0.000       0.000      23.244      10.378      16.811      25.817       4.396       0.192       0.138       0.000       0.000       0.000       0.000
   122     5     2  2021       1       1  hru1                   0.000       0.000       0.000    1402.041      11.953       0.000       0.000       0.000       0.000       0.000       0.000       0.000       0.000      16.544       5.294      10.919      25.817       3.314       0.661       0.141       0.000       0.000       0.000       0.000
   123     5     3  2021       1       1  hru1                   0.000       0.000       0.000    1388.021      11.750       0.000       0.000       0.000       0.000       0.000       0.000       0.000       0.000      16.978       1.717       9.347      25.817       3.188       0.397       0.144       0.000       0.000       0.000       0.000
   124     5     4  2021       1       1  hru1                   0.000       0.000       0.000    1374.141      11.981       0.000       0.000       0.000       0.000       0.000       0.000       0.000       0.000      19.317       6.033      12.675      25.817       3.250       0.289       0.147       0.000       0.000       0.000       0.000
   125     5     5  2021       1       1  hru1                   0.000       0.000       0.000    1360.399      12.243       0.000       0.000       0.000       0.000       0.000       0.000       0.000       0.000      22.356       2.794      12.575      25.817       4.637       0.310       0.150       0.000       0.000       0.000       0.000
   126     5     6  2021       1       1  hru1                   0.000       0.000       0.000    1346.795      13.031       0.000       0.000       0.000       0.000       0.000       0.000       0.000       0.000      29.500       3.128      16.314      25.817       2.982       0.443       0.155       0.000       0.000       0.000       0.000
   127     5     7  2021       1       1  hru1                   0.000       0.000       0.000    1333.327      13.173       0.000       0.000       0.000       0.000       0.000       0.000       0.000       0.000      19.872       7.578      13.725      25.817       3.037       0.492       0.159       0.000       0.000       0.000       0.000
   128     5     8  2021       1       1  hru1                   0.000       0.000       0.000    1319.994      12.492       0.000       0.000       0.000       0.000       0.000       0.000       0.000       0.000      13.272       1.956       7.614      25.817       3.225       0.123       0.161       0.000       0.000       0.000       0.000
   129     5     9  2021       1       1  hru1                   0.000       0.000       0.000    1306.794      11.921       0.000       0.000       0.000       0.000       0.000       0.000       0.000       0.000      15.161      -0.917       7.122      25.817       2.205       0.431       0.163       0.000       0.000       0.000       0.000
   130     5    10  2021       1       1  hru1                   0.000       0.000       0.000    1293.726      11.630       0.000       0.000       0.000       0.000       0.000       0.000       0.000       0.000      15.767       1.850       8.808      25.817       3.723       0.149       0.165       0.000       0.000       0.000       0.000
   131     5    11  2021       1       1  hru1                   0.000       0.000       0.000    1280.789      11.427       0.000       0.000       0.000       0.000       0.000       0.000       0.000       0.000      18.256      -1.094       8.581      25.817       3.952       0.323       0.167       0.000       0.000       0.000       0.000
   132     5    12  2021       1       1  hru1                   0.000       0.000       0.000    1267.981      11.767       0.000       0.000       0.000       0.000       0.000       0.000       0.000       0.000      23.133       1.511      12.322      25.817       4.200       0.382       0.171       0.000       0.000       0.000       0.000
   133     5    13  2021       1       1  hru1                   0.000       0.000       0.000    1255.301      12.529       0.000       0.000       0.000       0.000       0.000       0.000       0.000       0.000      26.667       5.556      16.111      25.817       3.450       0.365       0.175       0.000       0.000       0.000       0.000
   134     5    14  2021       1       1  hru1                   0.000       0.000       0.000    1242.748      13.269       0.000       0.000       0.000       0.000       0.000       0.000       0.000       0.000      25.539       9.333      17.436      25.817       5.368       0.163       0.180       0.000       0.000       0.000       0.000
   135     5    15  2021       1       1  hru1                   0.000       0.000       0.000    1230.321      13.465       0.000       0.000       0.000       0.000       0.000       0.000       0.000       0.000      19.917       9.611      14.764      25.817       4.896       0.990       0.184       0.000       0.000       0.000       0.000
   136     5    16  2021       1       1  hru1                   0.000       0.000       0.000    1218.017      13.965       0.000       0.000       0.000       0.000       0.000       0.000       0.000       0.000      25.539       7.722      16.631      25.817       2.733       0.990       0.188       0.000       0.000       0.000       0.000
   137     5    17  2021       1       1  hru1                   0.000       0.000       0.000    1205.837      14.458       0.000       0.000       0.000       0.000       0.000       0.000       0.000       0.000      26.328       7.989      17.158      25.817       3.042       0.258       0.193       0.000       0.000       0.000       0.000
   138     5    18  2021       1       1  hru1                   0.000       0.000       0.000    1193.779      14.676       0.000       0.000       0.000       0.000       0.000       0.000       0.000       0.000      22.322      10.339      16.331      25.817       2.689       0.293       0.197       0.000       0.000       0.000       0.000
   139     5    19  2021       1       1  hru1                   0.000       0.000       0.000    1181.841      14.426       0.000       0.000       0.000       0.000       0.000       0.000       0.000       0.000      19.733       5.828      12.781      25.817       2.590       0.409       0.200       0.000       0.000       0.000       0.000
   140     5    20  2021       1       1  hru1                   0.000       0.000       0.000    1170.023      13.808       0.000       0.000       0.000       0.000       0.000       0.000       0.000       0.000      15.667       3.906       9.786      25.817       4.083       0.212       0.203       0.000       0.000       0.000       0.000
   141     5    21  2021       1       1  hru1                   0.000       0.000       0.000    1158.247      13.092       0.000       0.000       0.000       0.000       0.000       0.000       0.000       0.000      12.561       4.689       8.625      25.817       3.257       0.927       0.205       0.000       0.000       0.000       0.000
   142     5    22  2021       1       1  hru1                   0.000       0.000       0.000    1146.664      12.934       0.000       0.000       0.000       0.000       0.000       0.000       0.000       0.000      18.539       4.211      11.375      25.817       3.525       0.745       0.208       0.000       0.000       0.000       0.000
   143     5    23  2021       1       1  hru1                   0.000       0.000       0.000    1135.198      12.487       0.000       0.000       0.000       0.000       0.000       0.000       0.000       0.000      14.422       4.283       9.353      25.817       2.215       0.990       0.211       0.000       0.000       0.000       0.000
   144     5    24  2021       1       1  hru1                   0.000       0.000       0.000    1123.846      12.638       0.000       0.000       0.000       0.000       0.000       0.000       0.000       0.000      18.856       7.800      13.328      25.817       5.149       0.242       0.215       0.000       0.000       0.000       0.000
   145     5    25  2021       1       1  hru1                   0.000       0.000       0.000    1112.607      12.756       0.000       0.000       0.000       0.000       0.000       0.000       0.000       0.000      20.994       4.517      12.756      25.817       3.029       0.990       0.218       0.000       0.000       0.000       0.000
   146     5    26  2021       1       1  hru1                   0.000       0.000       0.000    1101.481      12.781       0.000       0.000       0.000       0.000       0.000       0.000       0.000       0.000      19.361       5.528      12.444      25.817       2.444       0.114       0.221       0.000       0.000       0.000       0.000
   147     5    27  2021       1       1  hru1                   0.000       0.000       0.000    1090.467      13.245       0.000       0.000       0.000       0.000       0.000       0.000       0.000       0.000      25.789       4.583      15.186      25.817       5.142       0.165       0.225       0.000       0.000       0.000       0.000
   148     5    28  2021       1       1  hru1                   0.000       0.000       0.000    1079.562      13.447       0.000       0.000       0.000       0.000       0.000       0.000       0.000       0.000      20.750       8.683      14.717      25.817       4.659       0.190       0.229       0.000       0.000       0.000       0.000
   149     5    29  2021       1       1  hru1                   0.000       0.000       0.000    1068.766      13.542       0.000       0.000       0.000       0.000       0.000       0.000       0.000       0.000      21.883       5.594      13.739      25.817       2.359       0.390       0.233       0.000       0.000       0.000       0.000
   150     5    30  2021       1       1  hru1                   0.000       0.000       0.000    1058.079      13.874       0.000       0.000       0.000       0.000       0.000       0.000       0.000       0.000      26.089       4.278      15.183      25.817       3.257       0.437       0.237       0.000       0.000       0.000       0.000
   151     5    31  2021       1       1  hru1                   0.000       0.000       0.000    1047.498      14.411       0.000       0.000       0.000       0.000       0.000       0.000       0.000       0.000      27.667       7.106      17.386      25.817       3.311       0.355       0.242       0.000       0.000       0.000       0.000
   152     6     1  2021       1       1  hru1                   0.000       0.000       0.000    1037.023      15.219       0.000       0.000       0.127       0.000       0.000       0.000       0.000       0.000      29.222       9.739      19.481      28.473       3.620       0.227       0.247       0.000       0.000       0.000       0.000
   153     6     2  2021       1       1  hru1                   0.002      14.279       0.000    1022.718      16.212       0.000       0.000       0.039       0.000       0.000       0.000       0.000       0.000      32.000      11.967      21.983      28.473       4.141       0.213       0.253       0.000       0.000       0.000       0.000
   154     6     3  2021       1       1  hru1                   0.004      29.467       0.000    1006.468      17.424       0.000       0.000       0.005       0.000       0.000       0.670       0.000       0.102      36.278      11.556      23.917      28.473       3.990       0.243       0.259       0.000       0.000       0.000       0.000
   155     6     4  2021       1       1  hru1                   0.008      45.384       0.000     988.609      18.438       0.000       0.000       0.000       0.000       0.000       1.382       0.000       0.158      33.611      16.128      24.869      28.473       4.051       0.214       0.266       0.000       0.000       0.000       0.000
   156     6     5  2021       1       1  hru1                   0.014      61.649       0.000     970.176      18.955       0.000       0.000       0.017       0.000       0.000       2.126       0.000       0.240      29.167      16.839      23.003      28.473       3.459       0.211       0.272       0.000       0.000       0.000       0.000
   157     6     6  2021       1       1  hru1                   0.020      80.118       0.000     952.458      18.787       0.000       0.000       0.220       0.000       0.000       2.885       0.000       0.309      26.128       9.256      17.692      28.473       2.078       0.211       0.277       0.000       0.000       0.000       0.000
   158     6     7  2021       1       1  hru1                   0.025      98.368       0.000     935.409      18.636       0.000       0.000       0.247       0.000       0.000       3.745       0.000       0.400      26.600       7.844      17.222      28.473       4.321       0.322       0.282       0.000       0.000       0.000       0.000
   159     6     8  2021       1       1  hru1                   0.030     118.107       0.000     918.967      18.507       0.000       0.000       0.229       0.000       0.000       4.594       0.000       0.477      25.583       9.467      17.525      28.473       2.568       0.385       0.286       0.000       0.000       0.000       0.000
   160     6     9  2021       1       1  hru1                   0.036     140.096       0.000     902.947      18.475       0.000       0.000       0.205       0.000       0.000       5.509       0.000       0.569      26.217       9.672      17.944      28.473       2.671       0.230       0.291       0.000       0.000       0.000       0.000
   161     6    10  2021       1       1  hru1                   0.043     162.922       0.000     888.991      17.417       0.000       0.000       0.688       0.000       0.000       6.526       0.000       0.667      15.994       6.878      11.436      28.473       2.698       0.990       0.294       0.000       0.000       0.000       0.000
   162     6    11  2021       1       1  hru1                   0.046     173.731       0.000     875.748      17.133       0.000       0.000       0.486       0.000       0.000       7.585       0.000       0.770      24.739       2.939      13.839      28.473       5.189       0.387       0.298       0.000       0.000       0.000       0.000
   163     6    12  2021       1       1  hru1                   0.051     192.033       0.000     862.289      17.451       0.000       0.000       0.186       0.000       0.000       8.080       0.000       0.786      27.722       8.872      18.297      28.473       2.956       0.415       0.303       0.000       0.000       0.000       0.000
   164     6    13  2021       1       1  hru1                   0.061     221.292       0.000     847.306      18.617       0.000       0.000       0.006       0.000       0.000       8.916       0.000       0.891      36.611      10.994      23.803      28.473       3.408       0.234       0.309       0.000       0.000       0.000       0.000
   165     6    14  2021       1       1  hru1                   0.079     253.088       0.000     831.293      19.487       0.000       0.000       0.006       0.000       0.000      10.241       0.000       1.014      34.444      13.100      23.772      28.473       3.230       0.487       0.316       0.000       0.000       0.000       0.000
   166     6    15  2021       1       1  hru1                   0.101     295.996       0.000     814.808      20.045       0.000       0.000       0.011       0.000       0.000      11.668       0.000       1.138      31.333      15.422      23.378      28.473       3.591       0.478       0.322       0.000       0.000       0.000       0.000
   167     6    16  2021       1       1  hru1                   0.128     345.769       0.000     798.903      19.879       0.000       0.000       0.161       0.000       0.000      13.587       0.000       1.325      26.833      10.711      18.772      28.473       3.529       0.222       0.327       0.000       0.000       0.000       0.000
   168     6    17  2021       1       1  hru1                   0.149     393.201       0.000     783.117      20.030       0.000       0.000       0.094       0.000       0.000      15.816       0.000       1.524      30.389      10.150      20.269      28.473       4.880       0.263       0.333       0.000       0.000       0.000       0.000
   169     6    18  2021       1       1  hru1                   0.177     449.478       0.000     767.195      20.377       0.000       0.000       0.046       0.000       0.000      17.904       0.000       1.689      32.556      10.889      21.722      28.473       3.881       0.257       0.339       0.000       0.000       0.000       0.000
   170     6    19  2021       1       1  hru1                   0.214     514.156       0.000     751.133      20.752       0.000       0.000       0.023       0.000       0.000      20.350       0.000       1.911      32.667      12.667      22.667      28.473       5.150       0.216       0.345       0.000       0.000       0.000       0.000
   171     6    20  2021       1       1  hru1                   0.260     586.541       0.000     735.348      20.793       0.000       0.000       0.051       0.000       0.000      23.115       0.000       2.137      28.889      14.189      21.539      28.473       4.142       0.113       0.350       0.000       0.000       0.000       0.000
   172     6    21  2021       1       1  hru1                   0.309     665.756       0.000     719.602      21.039       0.000       0.000       0.022       0.000       0.000      26.173       0.000       2.394      31.611      13.828      22.719      28.473       2.607       0.990       0.357       0.000       0.000       0.000       0.000
   173     6    22  2021       1       1  hru1                   0.371     785.614       0.000     703.457      21.771       0.000       0.000       0.008       0.000       0.000      29.435       0.000       2.651      36.000      16.772      26.386      28.473       3.494       0.123       0.364       0.000       0.000       0.000       0.000
   174     6    23  2021       1       1  hru1                   0.462     876.309       0.000     687.642      21.796       0.000       0.000       0.032       0.000       0.000      34.274       0.000       3.090      31.389      13.100      22.244      28.473       4.283       0.306       0.370       0.000       0.000       0.000       0.000
   175     6    24  2021       1       1  hru1                   0.544    1013.336       0.000     672.133      21.840       0.000       0.000       0.020       0.000       0.000      37.777       0.000       3.269      30.833      14.794      22.814      28.473       3.752       0.227       0.376       0.000       0.000       0.000       0.000
   176     6    25  2021       1       1  hru1                   0.641    1161.146       0.000     657.099      21.683       0.000       0.000       0.063       0.050       0.000      43.076       0.000       3.797      30.000      12.261      21.131      28.473       3.930       0.261       0.381       0.000       0.000       0.000       0.000
   177     6    26  2021       1       1  hru1                   0.736    1330.936       0.000     642.378      21.693       0.000       0.000       0.025       0.105       0.000      43.911       0.000       4.186      30.500      14.667      22.583      28.473       2.089       0.237       0.388       0.000       0.000       0.000       0.000
   178     6    27  2021       1       1  hru1                   0.853    1501.591       0.000     627.911      21.771       0.000       0.000       0.019       0.187       0.000      44.039       0.000       4.703      31.722      14.056      22.889      28.473       2.599       0.388       0.394       0.000       0.000       0.000       0.000
   179     6    28  2021       1       1  hru1                   0.985    1687.791       0.000     613.517      22.084       0.000       0.000       0.000       0.304       0.000      44.166       0.000       5.110      33.056      17.433      25.244      28.473       2.656       0.279       0.400       0.000       0.000       0.000       0.000
   180     6    29  2021       1       1  hru1                   1.151    1842.410       0.000     599.322      22.257       0.000       0.000       0.003       0.407       0.000      44.292       0.000       5.564      33.500      14.722      24.111      28.473       2.980       0.297       0.407       0.000       0.000       0.000       0.000
   181     6    30  2021       1       1  hru1                   1.320    1994.888       0.000     585.295      22.482       0.000       0.000       0.000       0.504       0.000      44.417       0.000       5.811      33.167      17.494      25.331      28.473       1.512       0.464       0.414       0.000       0.000       0.000       0.000
   182     7     1  2021       1       1  hru1                   1.512    2145.213       0.000     571.554      22.547       0.000       0.000       0.003       0.594       0.000      44.542       0.000       6.090      32.500      15.878      24.189      28.317       2.493       0.234       0.420       0.000       0.000       0.000       0.000
   183     7     2  2021       1       1  hru1                   1.699    2262.093       0.000     558.050      22.682       0.000       0.000       0.002       0.633       0.000      44.665       0.000       6.324      34.833      13.644      24.239      28.317       3.578       0.081       0.427       0.000       0.000       0.000       0.000
   184     7     3  2021       1       1  hru1                   1.890    2362.559       0.000     544.722      22.924       0.000       0.000       0.003       0.632       0.000      44.786       0.000       6.404      35.278      16.350      25.814      28.317       2.034       0.245       0.434       0.000       0.000       0.000       0.000
   185     7     4  2021       1       1  hru1                   2.101    2476.177       0.000     531.712      22.911       0.000       0.000       0.003       0.645       0.000      44.906       0.000       6.442      33.056      15.200      24.128      28.317       3.260       0.237       0.440       0.000       0.000       0.000       0.000
   186     7     5  2021       1       1  hru1                   2.289    2597.470       0.000     518.983      22.952       0.000       0.000       0.001       0.652       0.000      45.024       0.000       6.569      34.111      14.794      24.453      28.317       3.867       0.357       0.447       0.000       0.000       0.000       0.000
   187     7     6  2021       1       1  hru1                   2.474    2729.833       0.000     506.449      23.161       0.000       0.000       0.002       0.651       0.000      45.139       0.000       6.659      36.778      14.456      25.617      28.317       4.289       0.129       0.454       0.000       0.000       0.000       0.000
   188     7     7  2021       1       1  hru1                   2.661    2841.077       0.000     494.135      23.313       0.000       0.000       0.003       0.619       0.000      45.254       0.000       6.771      36.167      15.639      25.903      28.317       1.816       0.189       0.461       0.000       0.000       0.000       0.000
   189     7     8  2021       1       1  hru1                   2.838    2970.704       0.000     482.123      23.278       0.000       0.000       0.001       0.607       0.000      45.367       0.000       6.775      34.333      14.894      24.614      28.317       4.228       0.156       0.467       0.000       0.000       0.000       0.000
   190     7     9  2021       1       1  hru1                   2.988    3110.829       0.000     470.462      23.096       0.000       0.000       0.007       0.605       0.000      45.478       0.000       6.915      32.556      14.794      23.675      28.317       1.768       0.164       0.474       0.000       0.000       0.000       0.000
   191     7    10  2021       1       1  hru1                   3.117    3259.771       0.000     459.169      22.865       0.000       0.000       0.032       0.616       0.000      45.586       0.000       7.031      33.500      11.050      22.275      28.317       3.099       0.340       0.480       0.000       0.000       0.000       0.000
   192     7    11  2021       1       1  hru1                   3.222    3429.541       0.000     448.151      22.832       0.000       0.000       0.003       0.625       0.000      45.691       0.000       7.203      34.278      14.033      24.156      28.317       3.199       0.227       0.486       0.000       0.000       0.000       0.000
   193     7    12  2021       1       1  hru1                   3.328    3578.212       0.000     437.332      22.960       0.000       0.000       0.001       0.606       0.000      45.794       0.000       7.370      36.333      14.733      25.533      28.317       2.397       0.167       0.493       0.000       0.000       0.000       0.000
   194     7    13  2021       1       1  hru1                   3.427    3721.534       0.000     426.791      22.890       0.000       0.000       0.001       0.591       0.000      45.896       0.000       7.440      33.444      15.539      24.492      28.317       2.768       0.160       0.500       0.000       0.000       0.000       0.000
   195     7    14  2021       1       1  hru1                   3.506    3876.763       0.000     416.576      22.681       0.000       0.000       0.019       0.595       0.000      45.996       0.000       7.556      32.778      12.978      22.878      28.317       2.199       0.293       0.506       0.000       0.000       0.000       0.000
   196     7    15  2021       1       1  hru1                   3.566    4053.988       0.000     406.603      22.662       0.000       0.000       0.002       0.605       0.000      46.093       0.000       7.710      34.611      13.989      24.300      28.317       2.242       0.210       0.512       0.000       0.000       0.000       0.000
   197     7    16  2021       1       1  hru1                   3.622    4211.987       0.000     396.891      22.590       0.000       0.000       0.007       0.608       0.000      46.188       0.000       7.882      34.333      13.100      23.717      28.317       4.517       0.107       0.519       0.000       0.000       0.000       0.000
   198     7    17  2021       1       1  hru1                   3.666    4361.407       0.000     387.468      22.406       0.000       0.000       0.019       0.613       0.000      46.282       0.000       7.996      33.056      12.767      22.911      28.317       2.517       0.183       0.525       0.000       0.000       0.000       0.000
   199     7    18  2021       1       1  hru1                   3.701    4521.514       0.000     378.212      22.518       0.000       0.000       0.001       0.614       0.000      46.372       0.000       8.127      36.222      14.733      25.478      28.317       3.643       0.133       0.532       0.000       0.000       0.000       0.000
   200     7    19  2021       1       1  hru1                   3.734    4662.097       0.000     369.229      22.336       0.000       0.000       0.001       0.613       0.000      46.462       0.000       8.241      30.056      18.939      24.497      28.317       2.594       0.990       0.538       0.000       0.000       0.000       0.000
   201     7    20  2021       1       1  hru1                   3.759    4869.166       0.000     360.527      22.149       0.000       0.000       0.006       0.655       0.000      46.549       0.000       8.328      29.889      17.750      23.819      28.317       3.494       0.244       0.545       0.000       0.000       0.000       0.000
   202     7    21  2021       1       1  hru1                   3.778    5014.365       0.000     352.031      22.124       0.000       0.000       0.002       0.665       0.000      46.635       0.000       8.617      33.667      15.000      24.333      28.317       0.879       0.199       0.551       0.000       0.000       0.000       0.000
   203     7    22  2021       1       1  hru1                   3.794    5149.095       0.000     343.800      21.954       0.000       0.000       0.015       0.678       0.000      46.718       0.000       8.638      31.167      15.028      23.097      28.317       4.623       0.288       0.558       0.000       0.000       0.000       0.000
   204     7    23  2021       1       1  hru1                   3.807    5291.596       0.000     335.824      21.781       0.000       0.000       0.025       0.700       0.000      46.800       0.000       8.786      31.944      13.217      22.581      28.317       0.963       0.201       0.564       0.000       0.000       0.000       0.000
   205     7    24  2021       1       1  hru1                   3.816    5419.499       0.000     328.112      21.584       0.000       0.000       0.038       0.719       0.000      46.880       0.000       8.900      31.278      12.711      21.994      28.317       1.468       0.394       0.570       0.000       0.000       0.000       0.000
   206     7    25  2021       1       1  hru1                   3.824    5554.706       0.000     320.631      21.463       0.000       0.000       0.036       0.745       0.000      46.958       0.000       9.005      32.444      11.728      22.086      28.317       4.218       0.130       0.576       0.000       0.000       0.000       0.000
   207     7    26  2021       1       1  hru1                   3.831    5660.708       0.000     313.252      21.624       0.000       0.000       0.001       0.752       0.000      47.034       0.000       9.135      36.389      12.844      24.617      28.317       1.416       0.167       0.582       0.000       0.000       0.000       0.000
   208     7    27  2021       1       1  hru1                   3.837    5757.441       0.000     305.995      21.747       0.000       0.000       0.003       0.756       0.000      47.109       0.000       9.160      32.833      18.972      25.903      28.317       3.949       0.140       0.589       0.000       0.000       0.000       0.000
   209     7    28  2021       1       1  hru1                   3.843    5845.757       0.000     298.866      21.834       0.000       0.000       0.004       0.761       0.000      47.184       0.000       9.212      32.889      19.072      25.981      28.317       3.037       0.311       0.596       0.000       0.000       0.000       0.000
   210     7    29  2021       1       1  hru1                   3.847    5945.090       0.000     291.867      21.912       0.000       0.000       0.003       0.774       0.000      47.257       0.000       9.240      33.500      18.294      25.897      28.317       4.115       0.305       0.603       0.000       0.000       0.000       0.000
   211     7    30  2021       1       1  hru1                   3.851    6038.646       0.000     285.025      21.893       0.000       0.000       0.001       0.789       0.000      47.330       0.000       9.316      32.333      18.433      25.383      28.317       2.380       0.236       0.610       0.000       0.000       0.000       0.000
   212     7    31  2021       1       1  hru1                   3.854    6122.922       0.000     278.365      21.796       0.000       0.000       0.000       0.804       0.000      47.401       0.000       9.366      30.944      18.706      24.825      28.317       2.753       0.990       0.617       0.000       0.000       0.000       0.000
   213     8     1  2021       1       1  hru1                   3.856    6228.852       0.000     271.991      21.418       0.000       0.000       0.031       0.833       0.000      47.471       0.000       9.420      27.444      17.128      22.286      24.505       0.748       0.782       0.623       0.000       0.000       0.000       0.000
   214     8     2  2021       1       1  hru1                   3.858    6306.961       0.000     265.843      21.267       0.000       0.000       0.014       0.849       0.000      47.540       0.000       9.544      29.611      16.756      23.183      24.505       2.691       0.373       0.629       0.000       0.000       0.000       0.000
   215     8     3  2021       1       1  hru1                   3.859    6367.670       0.000     259.900      21.153       0.000       0.000       0.019       0.860       0.000      47.607       0.000       9.568      31.833      13.928      22.881      24.505       3.272       0.235       0.635       0.000       0.000       0.000       0.000
   216     8     4  2021       1       1  hru1                   3.861    6420.104       0.000     254.119      21.127       0.000       0.000       0.007       0.868       0.000      47.673       0.000       9.610      32.611      14.767      23.689      24.505       3.009       0.415       0.641       0.000       0.000       0.000       0.000
   217     8     5  2021       1       1  hru1                   3.862    6474.172       0.000     290.334      21.350       0.000       0.000       0.007       0.876       0.000      47.737       0.000       9.625      35.056      17.483      26.269      24.505       2.241       0.990       0.648       0.000       0.000       0.000       0.000
   218     8     6  2021       1       1  hru1                   3.700    6490.219       0.000     306.876      20.812       0.000       0.000       0.145       0.907       0.000      47.208       0.000       9.588      23.794      14.394      19.094      24.505       3.607       0.990       0.654       0.000       0.000       0.000       0.000
   219     8     7  2021       1       1  hru1                   3.601    6508.161       0.000     325.109      20.604       0.000       0.000       0.080       0.924       0.000      46.944       0.000       9.618      31.056      10.222      20.639      24.505       2.287       0.260       0.659       0.000       0.000       0.000       0.000
   220     8     8  2021       1       1  hru1                   3.489    6510.183       0.000     341.695      20.389       0.000       0.000       0.074       0.936       0.000      46.652       0.000       9.585      28.000      13.622      20.811      24.505       1.056       0.207       0.665       0.000       0.000       0.000       0.000
   221     8     9  2021       1       1  hru1                   3.376    6506.631       0.000     350.136      19.937       0.000       0.000       0.215       0.947       0.000      46.376       0.000       9.555      26.328       9.228      17.778      24.505       3.298       0.115       0.670       0.000       0.000       0.000       0.000
   222     8    10  2021       1       1  hru1                   3.289    6506.492       0.000     360.451      19.710       0.000       0.000       0.150       0.952       0.000      46.212       0.000       9.536      30.389       7.583      18.986      24.505       1.158       0.440       0.675       0.000       0.000       0.000       0.000
   223     8    11  2021       1       1  hru1                   3.191    6503.950       0.000     378.992      19.897       0.000       0.000       0.011       0.957       0.000      46.021       0.000       9.504      31.833      14.944      23.389      24.505       1.200       0.192       0.681       0.000       0.000       0.000       0.000
   224     8    12  2021       1       1  hru1                   3.055    6486.730       0.000     397.129      20.154       0.000       0.000       0.004       0.963       0.000      45.716       0.000       9.457      34.000      14.056      24.028      24.505       1.835       0.336       0.687       0.000       0.000       0.000       0.000
   225     8    13  2021       1       1  hru1                   2.913    6467.773       0.000     414.077      20.398       0.000       0.000       0.002       0.968       0.000      45.416       0.000       9.410      33.722      14.872      24.297      24.505       3.294       0.191       0.694       0.000       0.000       0.000       0.000
   226     8    14  2021       1       1  hru1                   2.768    6445.787       0.000     431.640      20.707       0.000       0.000       0.001       0.972       0.000      45.131       0.000       9.363      33.778      17.300      25.539      24.505       2.824       0.064       0.701       0.000       0.000       0.000       0.000
   227     8    15  2021       1       1  hru1                   2.612    6419.659       0.000     445.945      20.912       0.000       0.000       0.000       0.975       0.000      44.836       0.000       9.314      33.833      15.672      24.753      24.505       2.326       0.176       0.707       0.000       0.000       0.000       0.000
   228     8    16  2021       1       1  hru1                   2.464    6395.807       0.000     457.131      21.008       0.000       0.000       0.006       0.977       0.000      44.586       0.000       9.269      33.444      14.183      23.814      24.505       3.564       0.328       0.714       0.000       0.000       0.000       0.000
   229     8    17  2021       1       1  hru1                   2.324    6374.612       0.000     464.308      20.834       0.000       0.000       0.037       0.978       0.000      44.379       0.000       9.227      26.833      17.228      22.031      24.505       2.907       0.164       0.720       0.000       0.000       0.000       0.000
   230     8    18  2021       1       1  hru1                   2.199    6356.216       0.000     460.514      20.073       0.000       0.000       0.353       0.979       0.000      44.229       0.000       9.190      21.139      10.100      15.619      24.505       4.243       0.101       0.724       0.000       0.000       0.000       0.000
   231     8    19  2021       1       1  hru1                   2.131    6350.064       0.000     454.537      19.205       0.000       0.000       0.505       0.976       0.000      44.234       0.000       9.171      18.672       8.533      13.603      24.505       3.101       0.386       0.728       0.000       0.000       0.000       0.000
   232     8    20  2021       1       1  hru1                   2.082    6349.442       0.000     453.051      18.738       0.000       0.000       0.349       0.973       0.000      44.275       0.000       9.157      25.606       5.728      15.667      24.505       0.681       0.358       0.732       0.000       0.000       0.000       0.000
   233     8    21  2021       1       1  hru1                   2.014    6346.190       0.000     456.004      18.519       0.000       0.000       0.199       0.971       0.000      44.258       0.000       9.138      25.083      11.017      18.050      24.505       2.317       0.267       0.737       0.000       0.000       0.000       0.000
   234     8    22  2021       1       1  hru1                   1.925    6338.535       0.000     456.026      18.188       0.000       0.000       0.314       0.972       0.000      44.181       0.000       9.113      25.461       6.917      16.189      24.505       2.228       0.333       0.741       0.000       0.000       0.000       0.000
   235     8    23  2021       1       1  hru1                   1.852    6334.258       0.000     457.520      17.962       0.000       0.000       0.267       0.972       0.000      44.148       0.000       9.093      25.606       8.194      16.900      24.505       1.966       0.329       0.746       0.000       0.000       0.000       0.000
   236     8    24  2021       1       1  hru1                   1.773    6328.723       0.000     460.939      17.855       0.000       0.000       0.201       0.972       0.000      44.095       0.000       9.071      25.333      10.717      18.025      24.505       1.153       0.250       0.751       0.000       0.000       0.000       0.000
   237     8    25  2021       1       1  hru1                   1.684    6320.741       0.000     464.389      17.825       0.000       0.000       0.194       0.972       0.000      44.017       0.000       9.047      28.167       8.128      18.147      24.505       3.384       0.161       0.755       0.000       0.000       0.000       0.000
   238     8    26  2021       1       1  hru1                   1.594    6311.971       0.000     467.207      17.739       0.000       0.000       0.212       0.973       0.000      43.939       0.000       9.023      26.200       9.444      17.822      24.505       2.016       0.203       0.760       0.000       0.000       0.000       0.000
   239     8    27  2021       1       1  hru1                   1.507    6303.740       0.000     468.013      17.530       0.000       0.000       0.291       0.973       0.000      43.871       0.000       8.999      24.456       8.600      16.528      24.505       3.012       0.095       0.765       0.000       0.000       0.000       0.000
   240     8    28  2021       1       1  hru1                   1.431    6297.333       0.000     470.109      17.431       0.000       0.000       0.244       0.972       0.000      43.831       0.000       8.979      25.656       8.906      17.281      24.505       2.402       0.288       0.769       0.000       0.000       0.000       0.000
   241     8    29  2021       1       1  hru1                   1.349    6290.259       0.000     473.776      17.528       0.000       0.000       0.180       0.972       0.000      43.775       0.000       8.958      30.722       6.106      18.414      24.505       2.801       0.146       0.774       0.000       0.000       0.000       0.000
   242     8    30  2021       1       1  hru1                   1.257    6280.648       0.000     478.222      17.657       0.000       0.000       0.143       0.972       0.000      43.697       0.000       8.934      29.889       8.389      19.139      24.505       3.176       0.265       0.779       0.000       0.000       0.000       0.000
   243     8    31  2021       1       1  hru1                   1.158    6269.963       0.000     480.282      17.574       0.000       0.000       0.218       0.972       0.000      43.608       0.000       8.908      25.183      10.267      17.725      24.505       3.712       0.238       0.784       0.000       0.000       0.000       0.000
   244     9     1  2021       1       1  hru1                   1.071    6261.311       0.000     480.261      17.213       0.000       0.000       0.314       0.972       0.000      43.552       0.000       8.886      25.028       7.322      16.175      19.429       1.810       0.248       0.789       0.000       0.000       0.000       0.000
   245     9     2  2021       1       1  hru1                   0.999    6253.745       0.000     478.913      16.784       0.000       0.000       0.398       0.970       0.000      43.526       0.000       8.867      23.272       6.711      14.992      19.429       2.544       0.343       0.793       0.000       0.000       0.000       0.000
   246     9     3  2021       1       1  hru1                   0.937    6248.466       0.000     480.238      16.559       0.000       0.000       0.294       0.968       0.000      43.522       0.000       8.851      25.200       7.761      16.481      19.429       2.189       0.202       0.797       0.000       0.000       0.000       0.000
   247     9     4  2021       1       1  hru1                   0.862    6240.635       0.000     481.513      16.348       0.000       0.000       0.304       0.966       0.000      43.481       0.000       8.832      28.778       3.872      16.325      19.429       1.898       0.278       0.801       0.000       0.000       0.000       0.000
   248     9     5  2021       1       1  hru1                   0.788    6233.138       0.000     487.786      16.499       0.000       0.000       0.119       0.965       0.000      43.443       0.000       8.819      32.111       7.211      19.661      19.429       4.312       0.159       0.807       0.000       0.000       0.000       0.000
   249     9     6  2021       1       1  hru1                   0.684    6219.728       0.000     492.102      16.522       0.000       0.000       0.171       0.965       0.000      43.335       0.000       8.794      30.333       6.839      18.586      19.429       4.188       0.247       0.812       0.000       0.000       0.000       0.000
   250     9     7  2021       1       1  hru1                   0.590    6207.850       0.000     496.289      16.548       0.000       0.000       0.168       0.965       0.000      43.253       0.000       8.773      31.111       6.156      18.633      19.429       2.097       0.215       0.817       0.000       0.000       0.000       0.000
   251     9     8  2021       1       1  hru1                   0.496    6195.491       0.000     505.350      16.929       0.000       0.000       0.033       0.964       0.000      43.174       0.000       8.751      35.056       9.367      22.211      19.429       3.105       0.331       0.823       0.000       0.000       0.000       0.000
   252     9     9  2021       1       1  hru1                   0.370    6177.180       0.000     513.679      17.271       0.000       0.000       0.031       0.964       0.000      43.026       0.000       8.720      34.500      10.067      22.283      19.429       3.026       0.333       0.829       0.000       0.000       0.000       0.000
   253     9    10  2021       1       1  hru1                   0.243    6158.095       0.000     524.910      17.839       0.000       0.000       0.000       0.954       0.000      42.886       0.000       8.689      34.278      15.639      24.958      19.429       2.290       0.990       0.835       0.000       0.000       0.000       0.000
   254     9    11  2021       1       1  hru1                   0.093    6135.234       0.000     525.061      17.625       0.000       0.000       0.214       0.909       0.000      42.704       0.000       8.652      24.583      10.983      17.783      19.429       2.806       0.990       0.840       0.000       0.000       0.000       0.000
   255     9    12  2021       1       1  hru1                   0.006    6123.492       0.000     510.326      17.585       0.000       0.000       0.000       0.000       0.000      42.675       0.000       8.631      28.556       9.878      19.217      19.429       2.508       0.307       0.845       0.000       0.000       0.000       0.000
   256     9    13  2021       1       1  hru1                   0.006    6123.492       0.000     496.210      17.462       0.000       0.000       0.000       0.000       0.000      42.675       0.000       8.631      25.650      11.000      18.325      19.429       2.738       0.169       0.850       0.000       0.000       0.000       0.000
   257     9    14  2021       1       1  hru1                   0.006    6123.492       0.000     482.884      17.201       0.000       0.000       0.000       0.000       0.000      42.675       0.000       8.631      24.694       8.850      16.772      19.429       1.097       0.344       0.855       0.000       0.000       0.000       0.000
   258     9    15  2021       1       1  hru1                   0.006    6123.492       0.000     470.183      17.018       0.000       0.000       0.000       0.000       0.000      42.675       0.000       8.631      28.000       6.444      17.222      19.429       2.541       0.406       0.859       0.000       0.000       0.000       0.000
   259     9    16  2021       1       1  hru1                   0.006    6123.492       0.000     458.349      16.614       0.000       0.000       0.000       0.000       0.000      42.675       0.000       8.631      20.550       8.994      14.772      19.429       2.661       0.229       0.863       0.000       0.000       0.000       0.000
   260     9    17  2021       1       1  hru1                   0.006    6123.492       0.000     447.177      16.316       0.000       0.000       0.000       0.000       0.000      42.675       0.000       8.631      27.944       2.717      15.331      19.429       2.692       0.390       0.868       0.000       0.000       0.000       0.000
   261     9    18  2021       1       1  hru1                   0.006    6123.492       0.000     435.964      16.599       0.000       0.000       0.000       0.000       0.000      42.675       0.000       8.631      28.278      13.039      20.658      19.429       3.383       0.200       0.873       0.000       0.000       0.000       0.000
   262     9    19  2021       1       1  hru1                   0.006    6123.492       0.000     425.846      15.846       0.000       0.000       0.000       0.000       0.000      42.675       0.000       8.631      14.333       7.244      10.789      19.429       2.256       0.990       0.876       0.000       0.000       0.000       0.000
   263     9    20  2021       1       1  hru1                   0.006    6123.492       0.000     416.598      15.148       0.000       0.000       0.000       0.000       0.000      42.675       0.000       8.631      16.372       4.433      10.403      19.429       3.754       0.374       0.879       0.000       0.000       0.000       0.000
   264     9    21  2021       1       1  hru1                   0.006    6123.492       0.000     407.920      14.673       0.000       0.000       0.000       0.000       0.000      42.675       0.000       8.631      22.378       1.106      11.742      19.429       2.611       0.269       0.882       0.000       0.000       0.000       0.000
   265     9    22  2021       1       1  hru1                   0.006    6123.492       0.000     399.482      14.597       0.000       0.000       0.000       0.000       0.000      42.675       0.000       8.631      26.356       3.778      15.067      19.429       1.570       0.357       0.886       0.000       0.000       0.000       0.000
   266     9    23  2021       1       1  hru1                   0.006    6123.492       0.000     391.311      14.463       0.000       0.000       0.000       0.000       0.000      42.675       0.000       8.631      20.856       7.906      14.381      19.429       2.335       0.301       0.890       0.000       0.000       0.000       0.000
   267     9    24  2021       1       1  hru1                   0.006    6123.492       0.000     383.317      14.453       0.000       0.000       0.000       0.000       0.000      42.675       0.000       8.631      26.067       4.822      15.444      19.429       2.457       0.114       0.894       0.000       0.000       0.000       0.000
   268     9    25  2021       1       1  hru1                   0.000       0.000       0.000    5226.565      14.583       0.000       0.000       0.000       0.000       0.000       0.000       0.000       0.000      29.056       4.550      16.803      19.429       4.175       0.204       0.000       0.000       0.000       0.000       0.000
   269     9    26  2021       1       1  hru1                   0.000       0.000       0.000    5174.299      14.775       0.000       0.000       0.000       0.000       0.000       0.000       0.000       0.000      28.611       6.844      17.728      19.429       4.315       0.222       0.005       0.000       0.000       0.000       0.000
   270     9    27  2021       1       1  hru1                   0.000       0.000       0.000    5122.556      14.758       0.000       0.000       0.000       0.000       0.000       0.000       0.000       0.000      26.722       5.117      15.919      19.429       2.029       0.344       0.009       0.000       0.000       0.000       0.000
   271     9    28  2021       1       1  hru1                   0.000       0.000       0.000    5071.331      14.181       0.000       0.000       0.000       0.000       0.000       0.000       0.000       0.000      16.556       4.206      10.381      19.429       4.081       0.266       0.012       0.000       0.000       0.000       0.000
   272     9    29  2021       1       1  hru1                   0.000       0.000       0.000    5020.617      13.361       0.000       0.000       0.000       0.000       0.000       0.000       0.000       0.000      15.494      -0.789       7.353      19.429       2.193       0.349       0.014       0.000       0.000       0.000       0.000
   273     9    30  2021       1       1  hru1                   0.000       0.000       0.000    4970.411      12.949       0.000       0.000       0.000       0.000       0.000       0.000       0.000       0.000      20.783      -0.033      10.375      19.429       4.191       0.273       0.017       0.000       0.000       0.000       0.000
   274    10     1  2021       1       1  hru1                   0.000       0.000       0.000    4920.707      12.430       0.000       0.000       0.000       0.000       0.000       0.000       0.000       0.000      21.033       0.739      10.886      13.652       0.855       0.516       0.020       0.000       0.000       0.000       0.000
   275    10     2  2021       1       1  hru1                   0.000       0.000       0.000    4871.500      12.052       0.000       0.000       0.000       0.000       0.000       0.000       0.000       0.000      22.172       1.206      11.689      13.652       1.515       0.174       0.023       0.000       0.000       0.000       0.000
   276    10     3  2021       1       1  hru1                   0.000       0.000       0.000    4822.785      11.979       0.000       0.000       0.000       0.000       0.000       0.000       0.000       0.000      25.333       3.267      14.300      13.652       2.808       0.560       0.027       0.000       0.000       0.000       0.000
   277    10     4  2021       1       1  hru1                   0.000       0.000       0.000    4774.557      12.083       0.000       0.000       0.000       0.000       0.000       0.000       0.000       0.000      28.167       4.111      16.139      13.652       2.900       0.225       0.031       0.000       0.000       0.000       0.000
   278    10     5  2021       1       1  hru1                   0.000       0.000       0.000    4726.812      12.214       0.000       0.000       0.000       0.000       0.000       0.000       0.000       0.000      29.111       4.144      16.628      13.652       3.273       0.377       0.035       0.000       0.000       0.000       0.000
   279    10     6  2021       1       1  hru1                   0.000       0.000       0.000    4679.543      12.355       0.000       0.000       0.000       0.000       0.000       0.000       0.000       0.000      21.294       9.544      15.419      13.652       3.430       0.944       0.040       0.000       0.000       0.000       0.000
   280    10     7  2021       1       1  hru1                   0.000       0.000       0.000    4632.748      12.228       0.000       0.000       0.000       0.000       0.000       0.000       0.000       0.000      17.056       8.300      12.678      13.652       2.137       0.990       0.043       0.000       0.000       0.000       0.000
   281    10     8  2021       1       1  hru1                   0.000       0.000       0.000    4586.420      11.904       0.000       0.000       0.000       0.000       0.000       0.000       0.000       0.000      13.717       7.100      10.408      13.652       1.855       0.842       0.046       0.000       0.000       0.000       0.000
   282    10     9  2021       1       1  hru1                   0.000       0.000       0.000    4540.556      11.493       0.000       0.000       0.000       0.000       0.000       0.000       0.000       0.000      13.072       5.517       9.294      13.652       1.774       0.888       0.048       0.000       0.000       0.000       0.000
   283    10    10  2021       1       1  hru1                   0.000       0.000       0.000    4495.150      11.210       0.000       0.000       0.000       0.000       0.000       0.000       0.000       0.000      16.306       4.633      10.469      13.652       4.152       0.358       0.051       0.000       0.000       0.000       0.000
   284    10    11  2021       1       1  hru1                   0.000       0.000       0.000    4450.199      10.440       0.000       0.000       0.000       0.000       0.000       0.000       0.000       0.000      10.572       0.189       5.381      13.652       3.606       0.990       0.053       0.000       0.000       0.000       0.000
   285    10    12  2021       1       1  hru1                   0.000       0.000       0.000    4405.697       9.631       0.000       0.000       0.000       0.000       0.000       0.000       0.000       0.000       7.839      -0.172       3.833      13.652       3.448       0.990       0.054       0.000       0.000       0.000       0.000
   286    10    13  2021       1       1  hru1                   0.000       0.000       0.000    4361.640       8.885       0.000       0.000       0.000       0.000       0.000       0.000       0.000       0.000       7.750      -0.733       3.508      13.652       2.872       0.530       0.054       0.000       0.000       0.000       0.000
   287    10    14  2021       1       1  hru1                   0.000       0.000       0.000    4318.023       8.392       0.000       0.000       0.000       0.000       0.000       0.000       0.000       0.000       9.294       0.733       5.014      13.652       2.848       0.484       0.056       0.000       0.000       0.000       0.000
   288    10    15  2021       1       1  hru1                   0.000       0.000       0.000    4274.843       8.192       0.000       0.000       0.000       0.000       0.000       0.000       0.000       0.000      16.378      -0.256       8.061      13.652       3.498       0.336       0.058       0.000       0.000       0.000       0.000
   289    10    16  2021       1       1  hru1                   0.000       0.000       0.000    4232.095       8.060       0.000       0.000       0.000       0.000       0.000       0.000       0.000       0.000      18.406      -0.906       8.750      13.652       1.963       0.292       0.060       0.000       0.000       0.000       0.000
   290    10    17  2021       1       1  hru1                   0.000       0.000       0.000    4189.774       8.353       0.000       0.000       0.000       0.000       0.000       0.000       0.000       0.000      22.450       2.772      12.611      13.652       3.765       0.387       0.064       0.000       0.000       0.000       0.000
   291    10    18  2021       1       1  hru1                   0.000       0.000       0.000    4147.876       8.605       0.000       0.000       0.000       0.000       0.000       0.000       0.000       0.000      16.328       6.611      11.469      13.652       2.688       0.297       0.067       0.000       0.000       0.000       0.000
   292    10    19  2021       1       1  hru1                   0.000       0.000       0.000    4106.397       8.611       0.000       0.000       0.000       0.000       0.000       0.000       0.000       0.000      15.628       3.806       9.717      13.652       3.848       0.297       0.069       0.000       0.000       0.000       0.000
   293    10    20  2021       1       1  hru1                   0.000       0.000       0.000    4065.333       8.819       0.000       0.000       0.000       0.000       0.000       0.000       0.000       0.000      19.606       4.361      11.983      13.652       2.093       0.404       0.073       0.000       0.000       0.000       0.000
   294    10    21  2021       1       1  hru1                   0.000       0.000       0.000    4024.680       9.112       0.000       0.000       0.000       0.000       0.000       0.000       0.000       0.000      21.906       4.583      13.244      13.652       3.811       0.393       0.076       0.000       0.000       0.000       0.000
   295    10    22  2021       1       1  hru1                   0.000       0.000       0.000    3984.433       9.480       0.000       0.000       0.000       0.000       0.000       0.000       0.000       0.000      22.800       5.739      14.269      13.652       0.622       0.475       0.080       0.000       0.000       0.000       0.000
   296    10    23  2021       1       1  hru1                   0.000       0.000       0.000    3944.589       9.428       0.000       0.000       0.000       0.000       0.000       0.000       0.000       0.000      13.783       5.839       9.811      13.652       3.229       0.215       0.083       0.000       0.000       0.000       0.000
   297    10    24  2021       1       1  hru1                   0.000       0.000       0.000    3905.143       9.277       0.000       0.000       0.000       0.000       0.000       0.000       0.000       0.000      12.550       5.028       8.789      13.652       1.876       0.741       0.085       0.000       0.000       0.000       0.000
   298    10    25  2021       1       1  hru1                   0.000       0.000       0.000    3866.092       9.264       0.000       0.000       0.000       0.000       0.000       0.000       0.000       0.000      14.544       5.539      10.042      13.652       2.728       0.990       0.088       0.000       0.000       0.000       0.000
   299    10    26  2021       1       1  hru1                   0.000       0.000       0.000    3827.431       8.945       0.000       0.000       0.000       0.000       0.000       0.000       0.000       0.000      10.650       3.417       7.033      13.652       3.968       0.342       0.090       0.000       0.000       0.000       0.000
   300    10    27  2021       1       1  hru1                   0.000       0.000       0.000    3789.156       8.941       0.000       0.000       0.000       0.000       0.000       0.000       0.000       0.000      14.728       4.906       9.817      13.652       1.961       0.389       0.092       0.000       0.000       0.000       0.000
   301    10    28  2021       1       1  hru1                   0.000       0.000       0.000    3751.265       9.333       0.000       0.000       0.000       0.000       0.000       0.000       0.000       0.000      19.717       7.633      13.675      13.652       1.188       0.268       0.096       0.000       0.000       0.000       0.000
   302    10    29  2021       1       1  hru1                   0.000       0.000       0.000    3713.752       9.507       0.000       0.000       0.000       0.000       0.000       0.000       0.000       0.000      21.078       4.294      12.686      13.652       1.997       0.468       0.099       0.000       0.000       0.000       0.000
   303    10    30  2021       1       1  hru1                   0.000       0.000       0.000    3676.615       9.505       0.000       0.000       0.000       0.000       0.000       0.000       0.000       0.000      14.072       6.472      10.272      13.652       2.572       0.444       0.102       0.000       0.000       0.000       0.000
   304    10    31  2021       1       1  hru1                   0.000       0.000       0.000    3639.849       9.276       0.000       0.000       0.000       0.000       0.000       0.000       0.000       0.000      12.672       3.983       8.328      13.652       3.241       0.990       0.104       0.000       0.000       0.000       0.000
   305    11     1  2021       1       1  hru1                   0.000       0.000       0.000    3603.450       8.948       0.000       0.000       0.000       0.000       0.000       0.000       0.000       0.000      11.494       3.889       7.692       8.726       2.720       0.983       0.107       0.000       0.000       0.000       0.000
   306    11     2  2021       1       1  hru1                   0.000       0.000       0.000    3567.416       8.835       0.000       0.000       0.000       0.000       0.000       0.000       0.000       0.000      14.556       4.789       9.672       8.726       2.561       0.852       0.109       0.000       0.000       0.000       0.000
   307    11     3  2021       1       1  hru1                   0.000       0.000       0.000    3531.742       8.593       0.000       0.000       0.000       0.000       0.000       0.000       0.000       0.000      16.039       2.294       9.167       8.726       2.963       0.567       0.112       0.000       0.000       0.000       0.000
   308    11     4  2021       1       1  hru1                   0.000       0.000       0.000    3496.424       8.591       0.000       0.000       0.000       0.000       0.000       0.000       0.000       0.000      18.072       4.089      11.081       8.726       1.993       0.838       0.115       0.000       0.000       0.000       0.000
   309    11     5  2021       1       1  hru1                   0.000       0.000       0.000    3461.460       8.361       0.000       0.000       0.000       0.000       0.000       0.000       0.000       0.000      16.139       1.994       9.067       8.726       2.236       0.569       0.117       0.000       0.000       0.000       0.000
   310    11     6  2021       1       1  hru1                   0.000       0.000       0.000    3426.845       8.296       0.000       0.000       0.000       0.000       0.000       0.000       0.000       0.000      12.194       5.433       8.814       8.726       1.841       0.990       0.119       0.000       0.000       0.000       0.000
   311    11     7  2021       1       1  hru1                   0.000       0.000       0.000    3392.577       7.622       0.000       0.000       0.000       0.000       0.000       0.000       0.000       0.000       8.822      -1.017       3.903       8.726       3.765       0.600       0.120       0.000       0.000       0.000       0.000
   312    11     8  2021       1       1  hru1                   0.000       0.000       0.000    3358.651       6.827       0.000       0.000       0.000       0.000       0.000       0.000       0.000       0.000       7.889      -3.311       2.289       8.726       2.857       0.560       0.121       0.000       0.000       0.000       0.000
   313    11     9  2021       1       1  hru1                   0.000       0.000       0.000    3325.065       6.457       0.000       0.000       0.000       0.000       0.000       0.000       0.000       0.000       9.183       0.211       4.697       8.726       2.346       0.990       0.122       0.000       0.000       0.000       0.000
   314    11    10  2021       1       1  hru1                   0.000       0.000       0.000    3291.814       6.281       0.000       0.000       0.000       0.000       0.000       0.000       0.000       0.000       8.450       2.367       5.408       8.726       4.955       0.779       0.124       0.000       0.000       0.000       0.000
   315    11    11  2021       1       1  hru1                   0.000       0.000       0.000    3258.896       6.287       0.000       0.000       0.000       0.000       0.000       0.000       0.000       0.000      11.872       2.911       7.392       8.726       3.141       0.444       0.126       0.000       0.000       0.000       0.000
   316    11    12  2021       1       1  hru1                   0.000       0.000       0.000    3226.307       6.398       0.000       0.000       0.000       0.000       0.000       0.000       0.000       0.000      16.333       2.294       9.314       8.726       2.322       0.614       0.128       0.000       0.000       0.000       0.000
   317    11    13  2021       1       1  hru1                   0.000       0.000       0.000    3194.044       6.663       0.000       0.000       0.000       0.000       0.000       0.000       0.000       0.000      15.056       4.994      10.025       8.726       2.972       0.439       0.131       0.000       0.000       0.000       0.000
   318    11    14  2021       1       1  hru1                   0.000       0.000       0.000    3162.103       6.887       0.000       0.000       0.000       0.000       0.000       0.000       0.000       0.000      18.933       3.244      11.089       8.726       1.797       0.565       0.134       0.000       0.000       0.000       0.000
   319    11    15  2021       1       1  hru1                   0.000       0.000       0.000    3130.482       7.112       0.000       0.000       0.000       0.000       0.000       0.000       0.000       0.000      19.711       3.311      11.511       8.726       2.583       0.625       0.137       0.000       0.000       0.000       0.000
   320    11    16  2021       1       1  hru1                   0.000       0.000       0.000    3099.177       6.785       0.000       0.000       0.000       0.000       0.000       0.000       0.000       0.000      14.800      -1.122       6.839       8.726       1.920       0.462       0.139       0.000       0.000       0.000       0.000
   321    11    17  2021       1       1  hru1                   0.000       0.000       0.000    3068.186       5.798       0.000       0.000       0.000       0.000       0.000       0.000       0.000       0.000       4.700      -5.572      -0.436       8.726       1.800       0.627       0.139       0.000       0.000       0.000       0.000
   322    11    18  2021       1       1  hru1                   0.000       0.000       0.000    3037.504       5.219       0.000       0.000       0.000       0.000       0.000       0.000       0.000       0.000       7.989      -3.572       2.208       8.726       1.899       0.990       0.139       0.000       0.000       0.000       0.000
   323    11    19  2021       1       1  hru1                   0.000       0.000       0.000    3007.129       5.333       0.000       0.000       0.000       0.000       0.000       0.000       0.000       0.000      10.422       3.050       6.736       8.726       2.839       0.990       0.141       0.000       0.000       0.000       0.000
   324    11    20  2021       1       1  hru1                   0.000       0.000       0.000    2977.057       5.041       0.000       0.000       0.000       0.000       0.000       0.000       0.000       0.000       7.439      -0.494       3.472       8.726       2.266       0.472       0.142       0.000       0.000       0.000       0.000
   325    11    21  2021       1       1  hru1                   0.000       0.000       0.000    2947.287       4.480       0.000       0.000       0.000       0.000       0.000       0.000       0.000       0.000       7.033      -4.150       1.442       8.726       3.552       0.391       0.143       0.000       0.000       0.000       0.000
   326    11    22  2021       1       1  hru1                   0.000       0.000       0.000    2917.814       4.175       0.000       0.000       0.000       0.000       0.000       0.000       0.000       0.000       9.267      -2.900       3.183       8.726       3.384       0.579       0.143       0.000       0.000       0.000       0.000
   327    11    23  2021       1       1  hru1                   0.000       0.000       0.000    2888.636       3.833       0.000       0.000       0.000       0.000       0.000       0.000       0.000       0.000       8.433      -3.506       2.464       8.726       1.434       0.744       0.144       0.000       0.000       0.000       0.000
   328    11    24  2021       1       1  hru1                   0.000       0.000       0.000    2859.749       3.362       0.000       0.000       0.000       0.000       0.000       0.000       0.000       0.000       4.444      -3.950       0.247       8.726       0.450       0.738       0.144       0.000       0.000       0.000       0.000
   329    11    25  2021       1       1  hru1                   0.000       0.000       0.000    2831.152       2.833       0.000       0.000       0.000       0.000       0.000       0.000       0.000       0.000       7.278      -6.683       0.297       8.726       3.851       0.573       0.144       0.000       0.000       0.000       0.000
   330    11    26  2021       1       1  hru1                   0.000       0.000       0.000    2802.840       2.835       0.000       0.000       0.000       0.000       0.000       0.000       0.000       0.000      11.267      -2.794       4.236       8.726       3.108       0.590       0.145       0.000       0.000       0.000       0.000
   331    11    27  2021       1       1  hru1                   0.000       0.000       0.000    2774.812       3.002       0.000       0.000       0.000       0.000       0.000       0.000       0.000       0.000      11.900      -1.039       5.431       8.726       1.736       0.573       0.147       0.000       0.000       0.000       0.000
   332    11    28  2021       1       1  hru1                   0.000       0.000       0.000    2747.064       3.211       0.000       0.000       0.000       0.000       0.000       0.000       0.000       0.000      15.167      -1.650       6.758       8.726       3.247       0.497       0.149       0.000       0.000       0.000       0.000
   333    11    29  2021       1       1  hru1                   0.000       0.000       0.000    2719.593       3.380       0.000       0.000       0.000       0.000       0.000       0.000       0.000       0.000      14.433      -1.478       6.478       8.726       4.764       0.583       0.150       0.000       0.000       0.000       0.000
   334    11    30  2021       1       1  hru1                   0.000       0.000       0.000    2692.397       3.364       0.000       0.000       0.000       0.000       0.000       0.000       0.000       0.000      11.639      -2.239       4.700       8.726       2.695       0.619       0.152       0.000       0.000       0.000       0.000
   335    12     1  2021       1       1  hru1                   0.000       0.000       0.000    2665.473       3.446       0.000       0.000       0.000       0.000       0.000       0.000       0.000       0.000      13.144      -1.039       6.053       6.825       2.775       0.890       0.153       0.000       0.000       0.000       0.000
   336    12     2  2021       1       1  hru1                   0.000       0.000       0.000    2638.818       3.540       0.000       0.000       0.000       0.000       0.000       0.000       0.000       0.000      15.067      -1.483       6.792       6.825       2.565       0.802       0.155       0.000       0.000       0.000       0.000
   337    12     3  2021       1       1  hru1                   0.000       0.000       0.000    2612.430       3.625       0.000       0.000       0.000       0.000       0.000       0.000       0.000       0.000      13.956      -1.017       6.469       6.825       2.928       0.857       0.157       0.000       0.000       0.000       0.000
   338    12     4  2021       1       1  hru1                   0.000       0.000       0.000    2586.306       3.530       0.000       0.000       0.000       0.000       0.000       0.000       0.000       0.000      13.828      -2.906       5.461       6.825       3.275       0.882       0.158       0.000       0.000       0.000       0.000
   339    12     5  2021       1       1  hru1                   0.000       0.000       0.000    2560.443       3.613       0.000       0.000       0.000       0.000       0.000       0.000       0.000       0.000      10.450       0.239       5.344       6.825       3.510       0.821       0.160       0.000       0.000       0.000       0.000
   340    12     6  2021       1       1  hru1                   0.000       0.000       0.000    2534.838       3.570       0.000       0.000       0.000       0.000       0.000       0.000       0.000       0.000       6.033       0.544       3.289       6.825       2.948       0.765       0.161       0.000       0.000       0.000       0.000
   341    12     7  2021       1       1  hru1                   0.000       0.000       0.000    2509.490       3.388       0.000       0.000       0.000       0.000       0.000       0.000       0.000       0.000       8.194      -1.900       3.147       6.825       3.737       0.559       0.162       0.000       0.000       0.000       0.000
   342    12     8  2021       1       1  hru1                   0.000       0.000       0.000    2484.395       2.928       0.000       0.000       0.000       0.000       0.000       0.000       0.000       0.000       6.344      -4.694       0.825       6.825       3.564       0.649       0.162       0.000       0.000       0.000       0.000
   343    12     9  2021       1       1  hru1                   0.000       0.000       0.000    2459.551       2.421       0.000       0.000       0.000       0.000       0.000       0.000       0.000       0.000       3.794      -5.033      -0.619       6.825       2.744       0.847       0.162       0.000       0.000       0.000       0.000
   344    12    10  2021       1       1  hru1                   0.000       0.000       0.000    2434.956       1.811       0.000       0.000       0.000       0.000       0.000       0.000       0.000       0.000       1.067      -6.017      -2.475       6.825       3.315       0.806       0.162       0.000       0.000       0.000       0.000
   345    12    11  2021       1       1  hru1                   0.000       0.000       0.000    2410.606       1.656       0.000       0.000       0.000       0.000       0.000       0.000       0.000       0.000       6.244      -3.739       1.253       6.825       3.701       0.912       0.162       0.000       0.000       0.000       0.000
   346    12    12  2021       1       1  hru1                   0.000       0.000       0.000    2386.500       2.007       0.000       0.000       0.000       0.000       0.000       0.000       0.000       0.000       9.178       0.678       4.928       6.825       3.350       0.990       0.163       0.000       0.000       0.000       0.000
   347    12    13  2021       1       1  hru1                   0.000       0.000       0.000    2362.635       2.670       0.000       0.000       0.000       0.000       0.000       0.000       0.000       0.000      12.889       3.411       8.150       6.825       1.059       0.459       0.166       0.000       0.000       0.000       0.000
   348    12    14  2021       1       1  hru1                   0.000       0.000       0.000    2339.009       2.602       0.000       0.000       0.000       0.000       0.000       0.000       0.000       0.000      10.044      -2.733       3.656       6.825       5.731       0.964       0.167       0.000       0.000       0.000       0.000
   349    12    15  2021       1       1  hru1                   0.000       0.000       0.000    2315.618       1.868       0.000       0.000       0.000       0.000       0.000       0.000       0.000       0.000      -0.022      -6.617      -3.319       6.825       4.852       0.765       0.167       0.000       0.000       0.000       0.000
   350    12    16  2021       1       1  hru1                   0.000       0.000       0.000    2292.462       1.609       0.000       0.000       0.000       0.000       0.000       0.000       0.000       0.000       1.711      -3.100      -0.694       6.825       2.711       0.990       0.167       0.000       0.000       0.000       0.000
   351    12    17  2021       1       1  hru1                   0.000       0.000       0.000    2292.462       0.612       0.000       0.000       0.000       0.000       0.000       0.000       0.000       0.000       1.472     -10.317      -4.422       6.825       2.967       0.816       0.167       0.000       0.000       0.000       0.000
   352    12    18  2021       1       1  hru1                   0.000       0.000       0.000    2292.462      -0.558       0.000       0.000       0.000       0.000       0.000       0.000       0.000       0.000      -0.867     -12.989      -6.928       6.825       3.983       0.626       0.167       0.000       0.000       0.000       0.000
   353    12    19  2021       1       1  hru1                   0.000       0.000       0.000    2292.462      -1.297       0.000       0.000       0.000       0.000       0.000       0.000       0.000       0.000       1.844     -10.989      -4.572       6.825       2.381       0.768       0.167       0.000       0.000       0.000       0.000
   354    12    20  2021       1       1  hru1                   0.000       0.000       0.000    2292.462      -1.448       0.000       0.000       0.000       0.000       0.000       0.000       0.000       0.000       4.778      -6.822      -1.022       6.825       2.585       0.731       0.167       0.000       0.000       0.000       0.000
   355    12    21  2021       1       1  hru1                   0.000       0.000       0.000    2292.462      -1.516       0.000       0.000       0.000       0.000       0.000       0.000       0.000       0.000       5.356      -7.700      -1.172       6.825       2.350       0.908       0.167       0.000       0.000       0.000       0.000
   356    12    22  2021       1       1  hru1                   0.000       0.000       0.000    2292.462      -1.506       0.000       0.000       0.000       0.000       0.000       0.000       0.000       0.000       4.117      -6.489      -1.186       6.825       2.676       0.915       0.167       0.000       0.000       0.000       0.000
   357    12    23  2021       1       1  hru1                   0.000       0.000       0.000    2292.462      -0.730       0.000       0.000       0.000       0.000       0.000       0.000       0.000       0.000       7.500       0.883       4.192       6.825       3.949       0.990       0.168       0.000       0.000       0.000       0.000
   358    12    24  2021       1       1  hru1                   0.000       0.000       0.000    2292.462      -0.409       0.000       0.000       0.000       0.000       0.000       0.000       0.000       0.000       5.150      -2.094       1.528       6.825       2.446       0.990       0.168       0.000       0.000       0.000       0.000
   359    12    25  2021       1       1  hru1                   0.000       0.000       0.000    2292.462      -0.208       0.000       0.000       0.000       0.000       0.000       0.000       0.000       0.000       3.272      -2.206       0.533       6.825       2.600       0.810       0.168       0.000       0.000       0.000       0.000
   360    12    26  2021       1       1  hru1                   0.000       0.000       0.000    2292.462      -0.256       0.000       0.000       0.000       0.000       0.000       0.000       0.000       0.000       3.306      -3.856      -0.275       6.825       2.473       0.589       0.168       0.000       0.000       0.000       0.000
   361    12    27  2021       1       1  hru1                   0.000       0.000       0.000    2292.462      -0.758       0.000       0.000       0.000       0.000       0.000       0.000       0.000       0.000      -0.789      -8.350      -4.569       6.825       3.361       0.714       0.168       0.000       0.000       0.000       0.000
   362    12    28  2021       1       1  hru1                   0.000       0.000       0.000    2292.462      -1.736       0.000       0.000       0.000       0.000       0.000       0.000       0.000       0.000      -6.717     -12.322      -9.519       6.825       1.798       0.754       0.168       0.000       0.000       0.000       0.000
   363    12    29  2021       1       1  hru1                   0.000       0.000       0.000    2292.462      -2.050       0.000       0.000       0.000       0.000       0.000       0.000       0.000       0.000      -0.489      -8.778      -4.633       6.825       4.922       0.903       0.168       0.000       0.000       0.000       0.000
   364    12    30  2021       1       1  hru1                   0.000       0.000       0.000    2292.462      -2.836       0.000       0.000       0.000       0.000       0.000       0.000       0.000       0.000      -1.167     -12.961      -7.064       6.825       3.991       0.990       0.168       0.000       0.000       0.000       0.000
   365    12    31  2021       1       1  hru1                   0.000       0.000       0.000    2292.462      -3.384       0.000       0.000       0.000       0.000       0.000       0.000       0.000       0.000      -2.300     -11.461      -6.881       6.825       0.888       0.818       0.168       0.000       0.000       0.000       0.000
     1     1     1  2022       1       1  hru1                   0.000       0.000       0.000    1833.970      -4.955       0.000       0.000       0.000       0.000       0.000       0.000       0.000       0.000      -8.267     -21.267     -14.767       7.782       3.047       0.734       0.000       0.000       0.000       0.000       0.000
     2     1     2  2022       1       1  hru1                   0.000       0.000       0.000    1833.970      -6.120       0.000       0.000       0.000       0.000       0.000       0.000       0.000       0.000      -8.133     -18.778     -13.456       7.782       1.298       0.648       0.000       0.000       0.000       0.000       0.000
     3     1     3  2022       1       1  hru1                   0.000       0.000       0.000    1833.970      -6.114       0.000       0.000       0.000       0.000       0.000       0.000       0.000       0.000       3.911     -12.028      -4.058       7.782       1.656       0.987       0.000       0.000       0.000       0.000       0.000
     4     1     4  2022       1       1  hru1                   0.000       0.000       0.000    1833.970      -5.017       0.000       0.000       0.000       0.000       0.000       0.000       0.000       0.000       5.067      -1.783       1.642       7.782       2.660       0.888       0.000       0.000       0.000       0.000       0.000
     5     1     5  2022       1       1  hru1                   0.000       0.000       0.000    1833.970      -3.906       0.000       0.000       0.000       0.000       0.000       0.000       0.000       0.000       4.289      -0.428       1.931       7.782       3.457       0.990       0.001       0.000       0.000       0.000       0.000
     6     1     6  2022       1       1  hru1                   0.000       0.000       0.000    1833.970      -3.000       0.000       0.000       0.000       0.000       0.000       0.000       0.000       0.000       5.344      -1.256       2.044       7.782       1.622       0.990       0.002       0.000       0.000       0.000       0.000
     7     1     7  2022       1       1  hru1                   0.000       0.000       0.000    1833.970      -2.129       0.000       0.000       0.000       0.000       0.000       0.000       0.000       0.000       7.872      -1.139       3.367       7.782       3.796       0.961       0.002       0.000       0.000       0.000       0.000
     8     1     8  2022       1       1  hru1                   0.000       0.000       0.000    1833.970      -2.315       0.000       0.000       0.000       0.000       0.000       0.000       0.000       0.000       2.478      -9.100      -3.311       7.782       1.088       0.657       0.002       0.000       0.000       0.000       0.000
     9     1     9  2022       1       1  hru1                   0.000       0.000       0.000    1833.970      -2.875       0.000       0.000       0.000       0.000       0.000       0.000       0.000       0.000      -2.178     -11.633      -6.906       7.782       2.608       0.711       0.002       0.000       0.000       0.000       0.000
    10     1    10  2022       1       1  hru1                   0.000       0.000       0.000    1833.970      -3.300       0.000       0.000       0.000       0.000       0.000       0.000       0.000       0.000      -2.483     -10.956      -6.719       7.782       2.723       0.859       0.002       0.000       0.000       0.000       0.000
    11     1    11  2022       1       1  hru1                   0.000       0.000       0.000    1833.970      -3.605       0.000       0.000       0.000       0.000       0.000       0.000       0.000       0.000      -1.611     -10.711      -6.161       7.782       1.856       0.873       0.002       0.000       0.000       0.000       0.000
    12     1    12  2022       1       1  hru1                   0.000       0.000       0.000    1833.970      -3.575       0.000       0.000       0.000       0.000       0.000       0.000       0.000       0.000       0.861      -8.550      -3.844       7.782       3.350       0.747       0.002       0.000       0.000       0.000       0.000
    13     1    13  2022       1       1  hru1                   0.000       0.000       0.000    1833.970      -3.126       0.000       0.000       0.000       0.000       0.000       0.000       0.000       0.000       3.628      -5.028      -0.700       7.782       4.550       0.802       0.002       0.000       0.000       0.000       0.000
    14     1    14  2022       1       1  hru1                   0.000       0.000       0.000    1833.970      -2.852       0.000       0.000       0.000       0.000       0.000       0.000       0.000       0.000       4.028      -6.356      -1.164       7.782       3.268       0.524       0.002       0.000       0.000       0.000       0.000
    15     1    15  2022       1       1  hru1                   0.000       0.000       0.000    1833.970      -2.930       0.000       0.000       0.000       0.000       0.000       0.000       0.000       0.000      -0.733      -7.850      -4.292       7.782       4.545       0.702       0.002       0.000       0.000       0.000       0.000
    16     1    16  2022       1       1  hru1                   0.000       0.000       0.000    1833.970      -3.157       0.000       0.000       0.000       0.000       0.000       0.000       0.000       0.000      -1.989      -9.128      -5.558       7.782       1.801       0.990       0.002       0.000       0.000       0.000       0.000
    17     1    17  2022       1       1  hru1                   0.000       0.000       0.000    1833.970      -3.491       0.000       0.000       0.000       0.000       0.000       0.000       0.000       0.000      -2.933     -10.283      -6.608       7.782       2.512       0.813       0.002       0.000       0.000       0.000       0.000
    18     1    18  2022       1       1  hru1                   0.000       0.000       0.000    1833.970      -3.615       0.000       0.000       0.000       0.000       0.000       0.000       0.000       0.000      -4.117      -8.078      -6.097       7.782       4.076       0.974       0.002       0.000       0.000       0.000       0.000
    19     1    19  2022       1       1  hru1                   0.000       0.000       0.000    1833.970      -3.303       0.000       0.000       0.000       0.000       0.000       0.000       0.000       0.000      -1.850      -4.422      -3.136       7.782       2.887       0.990       0.002       0.000       0.000       0.000       0.000
    20     1    20  2022       1       1  hru1                   0.000       0.000       0.000    1833.970      -2.799       0.000       0.000       0.000       0.000       0.000       0.000       0.000       0.000       1.672      -3.206      -0.767       7.782       2.115       0.987       0.002       0.000       0.000       0.000       0.000
    21     1    21  2022       1       1  hru1                   0.000       0.000       0.000    1833.970      -2.560       0.000       0.000       0.000       0.000       0.000       0.000       0.000       0.000       0.050      -4.061      -2.006       7.782       2.568       0.990       0.002       0.000       0.000       0.000       0.000
    22     1    22  2022       1       1  hru1                   0.000       0.000       0.000    1833.970      -2.407       0.000       0.000       0.000       0.000       0.000       0.000       0.000       0.000      -1.344      -4.222      -2.783       7.782       0.463       0.833       0.002       0.000       0.000       0.000       0.000
    23     1    23  2022       1       1  hru1                   0.000       0.000       0.000    1833.970      -2.405       0.000       0.000       0.000       0.000       0.000       0.000       0.000       0.000      -2.839      -5.100      -3.969       7.782       3.219       0.990       0.002       0.000       0.000       0.000       0.000
    24     1    24  2022       1       1  hru1                   0.000       0.000       0.000    1833.970      -2.508       0.000       0.000       0.000       0.000       0.000       0.000       0.000       0.000      -3.539      -5.944      -4.742       7.782       4.848       0.835       0.002       0.000       0.000       0.000       0.000
    25     1    25  2022       1       1  hru1                   0.000       0.000       0.000    1833.970      -3.244       0.000       0.000       0.000       0.000       0.000       0.000       0.000       0.000      -3.000     -12.322      -7.661       7.782       3.611       0.990       0.002       0.000       0.000       0.000       0.000
    26     1    26  2022       1       1  hru1                   0.000       0.000       0.000    1833.970      -4.322       0.000       0.000       0.000       0.000       0.000       0.000       0.000       0.000      -5.700     -16.072     -10.886       7.782       2.397       0.887       0.002       0.000       0.000       0.000       0.000
    27     1    27  2022       1       1  hru1                   0.000       0.000       0.000    1833.970      -5.272       0.000       0.000       0.000       0.000       0.000       0.000       0.000       0.000      -6.683     -16.178     -11.431       7.782       2.880       0.833       0.002       0.000       0.000       0.000       0.000
    28     1    28  2022       1       1  hru1                   0.000       0.000       0.000    1833.970      -6.168       0.000       0.000       0.000       0.000       0.000       0.000       0.000       0.000      -6.817     -17.017     -11.917       7.782       2.789       0.869       0.002       0.000       0.000       0.000       0.000
    29     1    29  2022       1       1  hru1                   0.000       0.000       0.000    1833.970      -6.785       0.000       0.000       0.000       0.000       0.000       0.000       0.000       0.000      -4.372     -16.217     -10.294       7.782       3.552       0.492       0.002       0.000       0.000       0.000       0.000
    30     1    30  2022       1       1  hru1                   0.000       0.000       0.000    1833.970      -7.708       0.000       0.000       0.000       0.000       0.000       0.000       0.000       0.000      -4.817     -19.967     -12.392       7.782       1.186       0.849       0.002       0.000       0.000       0.000       0.000
    31     1    31  2022       1       1  hru1                   0.000       0.000       0.000    1833.970      -7.680       0.000       0.000       0.000       0.000       0.000       0.000       0.000       0.000      -0.361     -13.183      -6.772       7.782       2.695       0.803       0.002       0.000       0.000       0.000       0.000
    32     2     1  2022       1       1  hru1                   0.000       0.000       0.000    1833.970      -7.585       0.000       0.000       0.000       0.000       0.000       0.000       0.000       0.000      -1.889     -12.378      -7.133      11.295       2.789       0.686       0.002       0.000       0.000       0.000       0.000
    33     2     2  2022       1       1  hru1                   0.000       0.000       0.000    1833.970      -7.716       0.000       0.000       0.000       0.000       0.000       0.000       0.000       0.000      -5.033     -13.639      -9.336      11.295       3.492       0.538       0.002       0.000       0.000       0.000       0.000
    34     2     3  2022       1       1  hru1                   0.000       0.000       0.000    1833.970      -7.767       0.000       0.000       0.000       0.000       0.000       0.000       0.000       0.000      -2.928     -13.594      -8.261      11.295       3.497       0.702       0.002       0.000       0.000       0.000       0.000
    35     2     4  2022       1       1  hru1                   0.000       0.000       0.000    1833.970      -7.748       0.000       0.000       0.000       0.000       0.000       0.000       0.000       0.000      -1.511     -13.356      -7.433      11.295       2.557       0.734       0.002       0.000       0.000       0.000       0.000
    36     2     5  2022       1       1  hru1                   0.000       0.000       0.000    1833.970      -7.685       0.000       0.000       0.000       0.000       0.000       0.000       0.000       0.000       1.711     -13.728      -6.008      11.295       3.716       0.616       0.002       0.000       0.000       0.000       0.000
    37     2     6  2022       1       1  hru1                   0.000       0.000       0.000    1833.970      -7.557       0.000       0.000       0.000       0.000       0.000       0.000       0.000       0.000      -1.839     -12.078      -6.958      11.295       3.083       0.748       0.002       0.000       0.000       0.000       0.000
    38     2     7  2022       1       1  hru1                   0.000       0.000       0.000    1833.970      -7.368       0.000       0.000       0.000       0.000       0.000       0.000       0.000       0.000      -1.006     -11.494      -6.250      11.295       3.597       0.797       0.002       0.000       0.000       0.000       0.000
    39     2     8  2022       1       1  hru1                   0.000       0.000       0.000    1833.970      -7.165       0.000       0.000       0.000       0.000       0.000       0.000       0.000       0.000       0.989     -11.600      -5.306      11.295       2.753       0.825       0.002       0.000       0.000       0.000       0.000
    40     2     9  2022       1       1  hru1                   0.000       0.000       0.000    1833.970      -6.745       0.000       0.000       0.000       0.000       0.000       0.000       0.000       0.000       2.950      -9.672      -3.361      11.295       2.827       0.779       0.002       0.000       0.000       0.000       0.000
    41     2    10  2022       1       1  hru1                   0.000       0.000       0.000    1833.970      -6.006       0.000       0.000       0.000       0.000       0.000       0.000       0.000       0.000       6.767      -6.889      -0.061      11.295       3.589       0.826       0.002       0.000       0.000       0.000       0.000
    42     2    11  2022       1       1  hru1                   0.000       0.000       0.000    1833.970      -5.021       0.000       0.000       0.000       0.000       0.000       0.000       0.000       0.000       5.778      -5.006       0.386      11.295       3.447       0.872       0.003       0.000       0.000       0.000       0.000
    43     2    12  2022       1       1  hru1                   0.000       0.000       0.000    1833.970      -4.467       0.000       0.000       0.000       0.000       0.000       0.000       0.000       0.000       0.511      -5.572      -2.531      11.295       3.295       0.955       0.003       0.000       0.000       0.000       0.000
    44     2    13  2022       1       1  hru1                   0.000       0.000       0.000    1833.970      -4.212       0.000       0.000       0.000       0.000       0.000       0.000       0.000       0.000       1.833      -8.856      -3.511      11.295       2.741       0.735       0.003       0.000       0.000       0.000       0.000
    45     2    14  2022       1       1  hru1                   0.000       0.000       0.000    1833.970      -3.364       0.000       0.000       0.000       0.000       0.000       0.000       0.000       0.000      10.550      -5.939       2.306      11.295       2.844       0.838       0.003       0.000       0.000       0.000       0.000
    46     2    15  2022       1       1  hru1                   0.000       0.000       0.000    1833.970      -2.669       0.000       0.000       0.000       0.000       0.000       0.000       0.000       0.000       2.206      -1.789       0.208      11.295       3.331       0.990       0.003       0.000       0.000       0.000       0.000
    47     2    16  2022       1       1  hru1                   0.000       0.000       0.000    1833.970      -1.999       0.000       0.000       0.000       0.000       0.000       0.000       0.000       0.000       3.250      -1.378       0.936      11.295       2.668       0.977       0.003       0.000       0.000       0.000       0.000
    48     2    17  2022       1       1  hru1                   0.000       0.000       0.000    1833.970      -1.661       0.000       0.000       0.000       0.000       0.000       0.000       0.000       0.000       4.461      -4.794      -0.167      11.295       4.297       0.804       0.003       0.000       0.000       0.000       0.000
    49     2    18  2022       1       1  hru1                   0.000       0.000       0.000    1833.970      -0.810       0.000       0.000       0.000       0.000       0.000       0.000       0.000       0.000       8.133       0.011       4.072      11.295       2.167       0.779       0.005       0.000       0.000       0.000       0.000
    50     2    19  2022       1       1  hru1                   0.000       0.000       0.000    1833.970      -0.344       0.000       0.000       0.000       0.000       0.000       0.000       0.000       0.000       8.983      -3.511       2.736      11.295       3.416       0.586       0.005       0.000       0.000       0.000       0.000
    51     2    20  2022       1       1  hru1                   0.000       0.000       0.000    1833.970       0.150       0.000       0.000       0.000       0.000       0.000       0.000       0.000       0.000       8.617      -2.139       3.239      11.295       2.513       0.839       0.006       0.000       0.000       0.000       0.000
    52     2    21  2022       1       1  hru1                   0.000       0.000       0.000    1833.970       0.038       0.000       0.000       0.000       0.000       0.000       0.000       0.000       0.000       1.256      -4.594      -1.669      11.295       3.447       0.787       0.006       0.000       0.000       0.000       0.000
    53     2    22  2022       1       1  hru1                   0.000       0.000       0.000    1833.970      -0.702       0.000       0.000       0.000       0.000       0.000       0.000       0.000       0.000      -3.333      -9.906      -6.619      11.295       2.677       0.531       0.006       0.000       0.000       0.000       0.000
    54     2    23  2022       1       1  hru1                   0.000       0.000       0.000    1833.970      -1.640       0.000       0.000       0.000       0.000       0.000       0.000       0.000       0.000      -7.122     -11.622      -9.372      11.295       3.886       0.803       0.006       0.000       0.000       0.000       0.000
    55     2    24  2022       1       1  hru1                   0.000       0.000       0.000    1833.970      -2.184       0.000       0.000       0.000       0.000       0.000       0.000       0.000       0.000      -4.822      -9.828      -7.325      11.295       3.107       0.990       0.006       0.000       0.000       0.000       0.000
    56     2    25  2022       1       1  hru1                   0.000       0.000       0.000    1833.970      -2.688       0.000       0.000       0.000       0.000       0.000       0.000       0.000       0.000      -3.367     -11.122      -7.244      11.295       2.974       0.911       0.006       0.000       0.000       0.000       0.000
    57     2    26  2022       1       1  hru1                   0.000       0.000       0.000    1833.970      -3.399       0.000       0.000       0.000       0.000       0.000       0.000       0.000       0.000      -2.383     -15.050      -8.717      11.295       2.934       0.690       0.006       0.000       0.000       0.000       0.000
    58     2    27  2022       1       1  hru1                   0.000       0.000       0.000    1833.970      -3.614       0.000       0.000       0.000       0.000       0.000       0.000       0.000       0.000       0.283     -11.828      -5.772      11.295       2.818       0.898       0.006       0.000       0.000       0.000       0.000
    59     2    28  2022       1       1  hru1                   0.000       0.000       0.000    1833.970      -3.082       0.000       0.000       0.000       0.000       0.000       0.000       0.000       0.000       8.289      -7.500       0.394      11.295       0.965       0.611       0.006       0.000       0.000       0.000       0.000
    60     3     1  2022       1       1  hru1                   0.000       0.000       0.000    1833.970      -1.720       0.000       0.000       0.000       0.000       0.000       0.000       0.000       0.000      11.689       0.083       5.886      16.267       4.720       0.522       0.008       0.000       0.000       0.000       0.000
    61     3     2  2022       1       1  hru1                   0.000       0.000       0.000    1833.970      -0.505       0.000       0.000       0.000       0.000       0.000       0.000       0.000       0.000      12.972      -0.094       6.439      16.267       3.719       0.546       0.010       0.000       0.000       0.000       0.000
    62     3     3  2022       1       1  hru1                   0.000       0.000       0.000    1833.970       0.653       0.000       0.000       0.000       0.000       0.000       0.000       0.000       0.000      14.228       0.711       7.469      16.267       2.593       0.439       0.012       0.000       0.000       0.000       0.000
    63     3     4  2022       1       1  hru1                   0.000       0.000       0.000    1815.630       1.202       0.000       0.000       0.000       0.000       0.000       0.000       0.000       0.000       6.856       0.361       3.608      16.267       3.369       0.735       0.013       0.000       0.000       0.000       0.000
    64     3     5  2022       1       1  hru1                   0.000       0.000       0.000    1797.474       1.230       0.000       0.000       0.000       0.000       0.000       0.000       0.000       0.000       1.861      -1.889      -0.014      16.267       2.504       0.855       0.013       0.000       0.000       0.000       0.000
    65     3     6  2022       1       1  hru1                   0.000       0.000       0.000    1779.499       1.265       0.000       0.000       0.000       0.000       0.000       0.000       0.000       0.000       2.878      -2.500       0.189      16.267       3.202       0.585       0.013       0.000       0.000       0.000       0.000
    66     3     7  2022       1       1  hru1                   0.000       0.000       0.000    1761.704       1.359       0.000       0.000       0.000       0.000       0.000       0.000       0.000       0.000       5.783      -3.844       0.969      16.267       3.929       0.552       0.013       0.000       0.000       0.000       0.000
    67     3     8  2022       1       1  hru1                   0.000       0.000       0.000    1744.087       1.642       0.000       0.000       0.000       0.000       0.000       0.000       0.000       0.000       5.411      -0.767       2.322      16.267       3.514       0.933       0.013       0.000       0.000       0.000       0.000
    68     3     9  2022       1       1  hru1                   0.000       0.000       0.000    1744.087       0.968       0.000       0.000       0.000       0.000       0.000       0.000       0.000       0.000       0.850      -9.833      -4.492      16.267       2.419       0.329       0.013       0.000       0.000       0.000       0.000
    69     3    10  2022       1       1  hru1                   0.000       0.000       0.000    1744.087       0.303       0.000       0.000       0.000       0.000       0.000       0.000       0.000       0.000      -1.039      -9.700      -5.369      16.267       2.684       0.961       0.013       0.000       0.000       0.000       0.000
    70     3    11  2022       1       1  hru1                   0.000       0.000       0.000    1744.087       0.412       0.000       0.000       0.000       0.000       0.000       0.000       0.000       0.000       7.678      -7.161       0.258      16.267       2.020       0.641       0.014       0.000       0.000       0.000       0.000
    71     3    12  2022       1       1  hru1                   0.000       0.000       0.000    1726.646       1.450       0.000       0.000       0.000       0.000       0.000       0.000       0.000       0.000      15.439      -0.089       7.675      16.267       3.723       0.755       0.016       0.000       0.000       0.000       0.000
    72     3    13  2022       1       1  hru1                   0.000       0.000       0.000    1709.380       2.029       0.000       0.000       0.000       0.000       0.000       0.000       0.000       0.000       9.706       0.161       4.933      16.267       5.338       0.426       0.017       0.000       0.000       0.000       0.000
    73     3    14  2022       1       1  hru1                   0.000       0.000       0.000    1692.286       2.644       0.000       0.000       0.000       0.000       0.000       0.000       0.000       0.000      13.339      -0.939       6.200      16.267       3.683       0.690       0.019       0.000       0.000       0.000       0.000
    74     3    15  2022       1       1  hru1                   0.000       0.000       0.000    1675.363       3.000       0.000       0.000       0.000       0.000       0.000       0.000       0.000       0.000       9.172       0.000       4.586      16.267       1.538       0.852       0.020       0.000       0.000       0.000       0.000
    75     3    16  2022       1       1  hru1                   0.000       0.000       0.000    1658.609       3.238       0.000       0.000       0.000       0.000       0.000       0.000       0.000       0.000       7.883       0.156       4.019      16.267       1.369       0.537       0.021       0.000       0.000       0.000       0.000
    76     3    17  2022       1       1  hru1                   0.000       0.000       0.000    1642.023       3.399       0.000       0.000       0.000       0.000       0.000       0.000       0.000       0.000      10.772      -2.633       4.069      16.267       2.978       0.501       0.022       0.000       0.000       0.000       0.000
    77     3    18  2022       1       1  hru1                   0.000       0.000       0.000    1625.603       3.902       0.000       0.000       0.000       0.000       0.000       0.000       0.000       0.000      14.711      -0.667       7.022      16.267       3.326       0.659       0.024       0.000       0.000       0.000       0.000
    78     3    19  2022       1       1  hru1                   0.000       0.000       0.000    1609.347       4.625       0.000       0.000       0.000       0.000       0.000       0.000       0.000       0.000      16.856       1.722       9.289      16.267       3.317       0.398       0.026       0.000       0.000       0.000       0.000
    79     3    20  2022       1       1  hru1                   0.000       0.000       0.000    1593.253       4.442       0.000       0.000       0.000       0.000       0.000       0.000       0.000       0.000       6.956      -1.461       2.747      16.267       4.306       0.990       0.027       0.000       0.000       0.000       0.000
    80     3    21  2022       1       1  hru1                   0.000       0.000       0.000    1577.321       4.500       0.000       0.000       0.000       0.000       0.000       0.000       0.000       0.000       9.628      -0.633       4.497      16.267       3.713       0.666       0.028       0.000       0.000       0.000       0.000
    81     3    22  2022       1       1  hru1                   0.000       0.000       0.000    1561.548       4.766       0.000       0.000       0.000       0.000       0.000       0.000       0.000       0.000      13.500      -0.667       6.417      16.267       2.395       0.592       0.030       0.000       0.000       0.000       0.000
    82     3    23  2022       1       1  hru1                   0.000       0.000       0.000    1545.932       5.311       0.000       0.000       0.000       0.000       0.000       0.000       0.000       0.000      19.361      -0.850       9.256      16.267       2.678       0.415       0.033       0.000       0.000       0.000       0.000
    83     3    24  2022       1       1  hru1                   0.000       0.000       0.000    1530.473       6.210       0.000       0.000       0.000       0.000       0.000       0.000       0.000       0.000      18.806       5.500      12.153      16.267       4.006       0.648       0.036       0.000       0.000       0.000       0.000
    84     3    25  2022       1       1  hru1                   0.000       0.000       0.000    1515.168       6.889       0.000       0.000       0.000       0.000       0.000       0.000       0.000       0.000      23.122       1.106      12.114      16.267       2.611       0.531       0.039       0.000       0.000       0.000       0.000
    85     3    26  2022       1       1  hru1                   0.000       0.000       0.000    1500.016       7.535       0.000       0.000       0.000       0.000       0.000       0.000       0.000       0.000      21.661       3.194      12.428      16.267       2.080       0.376       0.042       0.000       0.000       0.000       0.000
    86     3    27  2022       1       1  hru1                   0.000       0.000       0.000    1485.016       8.157       0.000       0.000       0.000       0.000       0.000       0.000       0.000       0.000      23.428       2.889      13.158      16.267       3.823       0.593       0.046       0.000       0.000       0.000       0.000
    87     3    28  2022       1       1  hru1                   0.000       0.000       0.000    1470.166       8.595       0.000       0.000       0.000       0.000       0.000       0.000       0.000       0.000      17.444       6.311      11.878      16.267       2.359       0.607       0.049       0.000       0.000       0.000       0.000
    88     3    29  2022       1       1  hru1                   0.000       0.000       0.000    1455.464       8.832       0.000       0.000       0.000       0.000       0.000       0.000       0.000       0.000      16.278       5.433      10.856      16.267       2.229       0.484       0.052       0.000       0.000       0.000       0.000
    89     3    30  2022       1       1  hru1                   0.000       0.000       0.000    1440.910       8.608       0.000       0.000       0.000       0.000       0.000       0.000       0.000       0.000      15.833       0.089       7.961      16.267       4.382       0.577       0.054       0.000       0.000       0.000       0.000
    90     3    31  2022       1       1  hru1                   0.000       0.000       0.000    1426.501       8.075       0.000       0.000       0.000       0.000       0.000       0.000       0.000       0.000       9.761       0.128       4.944      16.267       3.354       0.325       0.056       0.000       0.000       0.000       0.000
    91     4     1  2022       1       1  hru1                   0.000       0.000       0.000    1412.236       7.885       0.000       0.000       0.000       0.000       0.000       0.000       0.000       0.000      12.561      -0.906       5.828      21.914       1.783       0.492       0.057       0.000       0.000       0.000       0.000
    92     4     2  2022       1       1  hru1                   0.000       0.000       0.000    1398.113       7.679       0.000       0.000       0.000       0.000       0.000       0.000       0.000       0.000      13.411      -2.633       5.389      21.914       2.492       0.360       0.059       0.000       0.000       0.000       0.000
    93     4     3  2022       1       1  hru1                   0.000       0.000       0.000    1384.132       7.657       0.000       0.000       0.000       0.000       0.000       0.000       0.000       0.000      15.906      -3.039       6.433      21.914       1.807       0.407       0.060       0.000       0.000       0.000       0.000
    94     4     4  2022       1       1  hru1                   0.000       0.000       0.000    1370.291       7.711       0.000       0.000       0.000       0.000       0.000       0.000       0.000       0.000      13.361       1.039       7.200      21.914       2.936       0.990       0.062       0.000       0.000       0.000       0.000
    95     4     5  2022       1       1  hru1                   0.000       0.000       0.000    1356.588       7.088       0.000       0.000       0.000       0.000       0.000       0.000       0.000       0.000       7.072      -2.544       2.264      21.914       3.150       0.565       0.063       0.000       0.000       0.000       0.000
    96     4     6  2022       1       1  hru1                   0.000       0.000       0.000    1343.022       6.717       0.000       0.000       0.000       0.000       0.000       0.000       0.000       0.000      11.378      -5.033       3.172      21.914       3.608       0.289       0.064       0.000       0.000       0.000       0.000
    97     4     7  2022       1       1  hru1                   0.000       0.000       0.000    1329.592       6.892       0.000       0.000       0.000       0.000       0.000       0.000       0.000       0.000      18.328      -5.144       6.592      21.914       2.715       0.320       0.066       0.000       0.000       0.000       0.000
    98     4     8  2022       1       1  hru1                   0.000       0.000       0.000    1316.296       7.897       0.000       0.000       0.000       0.000       0.000       0.000       0.000       0.000      26.283      -0.411      12.936      21.914       4.589       0.460       0.069       0.000       0.000       0.000       0.000
    99     4     9  2022       1       1  hru1                   0.000       0.000       0.000    1303.133       7.664       0.000       0.000       0.000       0.000       0.000       0.000       0.000       0.000      10.850      -0.117       5.367      21.914       4.199       0.389       0.070       0.000       0.000       0.000       0.000
   100     4    10  2022       1       1  hru1                   0.000       0.000       0.000    1290.102       7.139       0.000       0.000       0.000       0.000       0.000       0.000       0.000       0.000       9.500      -3.889       2.806      21.914       4.648       0.339       0.071       0.000       0.000       0.000       0.000
   101     4    11  2022       1       1  hru1                   0.000       0.000       0.000    1277.201       6.705       0.000       0.000       0.000       0.000       0.000       0.000       0.000       0.000       7.683      -1.717       2.983      21.914       1.866       0.990       0.072       0.000       0.000       0.000       0.000
   102     4    12  2022       1       1  hru1                   0.000       0.000       0.000    1264.429       5.978       0.000       0.000       0.000       0.000       0.000       0.000       0.000       0.000       3.767      -3.006       0.381      21.914       4.187       0.379       0.072       0.000       0.000       0.000       0.000
   103     4    13  2022       1       1  hru1                   0.000       0.000       0.000    1251.785       5.395       0.000       0.000       0.000       0.000       0.000       0.000       0.000       0.000       4.939      -3.950       0.494      21.914       3.103       0.990       0.072       0.000       0.000       0.000       0.000
   104     4    14  2022       1       1  hru1                   0.000       0.000       0.000    1239.267       5.261       0.000       0.000       0.000       0.000       0.000       0.000       0.000       0.000       7.417      -1.106       3.156      21.914       1.133       0.990       0.073       0.000       0.000       0.000       0.000
   105     4    15  2022       1       1  hru1                   0.000       0.000       0.000    1226.874       5.266       0.000       0.000       0.000       0.000       0.000       0.000       0.000       0.000       7.906       0.372       4.139      21.914       1.861       0.860       0.074       0.000       0.000       0.000       0.000
   106     4    16  2022       1       1  hru1                   0.000       0.000       0.000    1214.605       5.876       0.000       0.000       0.000       0.000       0.000       0.000       0.000       0.000      16.022       0.644       8.333      21.914       2.935       0.990       0.076       0.000       0.000       0.000       0.000
   107     4    17  2022       1       1  hru1                   0.000       0.000       0.000    1202.459       5.976       0.000       0.000       0.000       0.000       0.000       0.000       0.000       0.000      11.444      -0.578       5.433      21.914       4.472       0.283       0.078       0.000       0.000       0.000       0.000
   108     4    18  2022       1       1  hru1                   0.000       0.000       0.000    1190.435       6.845       0.000       0.000       0.000       0.000       0.000       0.000       0.000       0.000      21.294       0.472      10.883      21.914       2.601       0.309       0.081       0.000       0.000       0.000       0.000
   109     4    19  2022       1       1  hru1                   0.000       0.000       0.000    1178.530       7.229       0.000       0.000       0.000       0.000       0.000       0.000       0.000       0.000      14.667       2.650       8.658      21.914       3.323       0.324       0.083       0.000       0.000       0.000       0.000
   110     4    20  2022       1       1  hru1                   0.000       0.000       0.000    1166.745       7.638       0.000       0.000       0.000       0.000       0.000       0.000       0.000       0.000      16.572       1.850       9.211      21.914       3.263       0.331       0.086       0.000       0.000       0.000       0.000
   111     4    21  2022       1       1  hru1                   0.000       0.000       0.000    1155.078       7.896       0.000       0.000       0.000       0.000       0.000       0.000       0.000       0.000      13.450       4.078       8.764      21.914       1.574       0.868       0.088       0.000       0.000       0.000       0.000
   112     4    22  2022       1       1  hru1                   0.000       0.000       0.000    1143.527       8.070       0.000       0.000       0.000       0.000       0.000       0.000       0.000       0.000      13.444       3.444       8.444      21.914       4.094       0.335       0.090       0.000       0.000       0.000       0.000
   113     4    23  2022       1       1  hru1                   0.000       0.000       0.000    1132.092       8.065       0.000       0.000       0.000       0.000       0.000       0.000       0.000       0.000      13.306       1.217       7.261      21.914       2.478       0.157       0.092       0.000       0.000       0.000       0.000
   114     4    24  2022       1       1  hru1                   0.000       0.000       0.000    1120.771       8.019       0.000       0.000       0.000       0.000       0.000       0.000       0.000       0.000      15.011      -1.389       6.811      21.914       3.565       0.317       0.094       0.000       0.000       0.000       0.000
   115     4    25  2022       1       1  hru1                   0.000       0.000       0.000    1109.563       8.470       0.000       0.000       0.000       0.000       0.000       0.000       0.000       0.000      20.183       0.367      10.275      21.914       2.761       0.183       0.097       0.000       0.000       0.000       0.000
   116     4    26  2022       1       1  hru1                   0.000       0.000       0.000    1098.467       9.052       0.000       0.000       0.000       0.000       0.000       0.000       0.000       0.000      18.322       5.717      12.019      21.914       2.112       0.455       0.100       0.000       0.000       0.000       0.000
   117     4    27  2022       1       1  hru1                   0.000       0.000       0.000    1087.483       9.263       0.000       0.000       0.000       0.000       0.000       0.000       0.000       0.000      17.450       2.417       9.933      21.914       5.577       0.414       0.103       0.000       0.000       0.000       0.000
   118     4    28  2022       1       1  hru1                   0.000       0.000       0.000    1076.608       9.356       0.000       0.000       0.000       0.000       0.000       0.000       0.000       0.000      16.139       2.594       9.367      21.914       3.702       0.990       0.105       0.000       0.000       0.000       0.000
   119     4    29  2022       1       1  hru1                   0.000       0.000       0.000    1065.842       9.151       0.000       0.000       0.000       0.000       0.000       0.000       0.000       0.000      12.733       2.061       7.397      21.914       3.615       0.286       0.107       0.000       0.000       0.000       0.000
   120     4    30  2022       1       1  hru1                   0.000       0.000       0.000    1055.183       9.204       0.000       0.000       0.000       0.000       0.000       0.000       0.000       0.000      18.411      -0.917       8.747      21.914       3.282       0.406       0.110       0.000       0.000       0.000       0.000
   121     5     1  2022       1       1  hru1                   0.000       0.000       0.000    1044.631       9.309       0.000       0.000       0.000       0.000       0.000       0.000       0.000       0.000      13.578       4.183       8.881      25.817       3.959       0.990       0.112       0.000       0.000       0.000       0.000
   122     5     2  2022       1       1  hru1                   0.000       0.000       0.000    1034.185       9.879       0.000       0.000       0.000       0.000       0.000       0.000       0.000       0.000      20.322       2.800      11.561      25.817       2.839       0.855       0.115       0.000       0.000       0.000       0.000
   123     5     3  2022       1       1  hru1                   0.000       0.000       0.000    1023.843       9.195       0.000       0.000       0.000       0.000       0.000       0.000       0.000       0.000       7.911       0.433       4.172      25.817       1.955       0.687       0.116       0.000       0.000       0.000       0.000
   124     5     4  2022       1       1  hru1                   0.000       0.000       0.000    1013.605       9.612       0.000       0.000       0.000       0.000       0.000       0.000       0.000       0.000      18.528       2.333      10.431      25.817       5.095       0.361       0.119       0.000       0.000       0.000       0.000
   125     5     5  2022       1       1  hru1                   0.000       0.000       0.000    1003.469      10.586       0.000       0.000       0.000       0.000       0.000       0.000       0.000       0.000      24.389       4.889      14.639      25.817       3.797       0.178       0.123       0.000       0.000       0.000       0.000
   126     5     6  2022       1       1  hru1                   0.000       0.000       0.000     993.434      11.342       0.000       0.000       0.000       0.000       0.000       0.000       0.000       0.000      20.278      10.156      15.217      25.817       4.167       0.386       0.127       0.000       0.000       0.000       0.000
   127     5     7  2022       1       1  hru1                   0.000       0.000       0.000     983.500      11.202       0.000       0.000       0.000       0.000       0.000       0.000       0.000       0.000      15.561       3.294       9.428      25.817       2.258       0.987       0.130       0.000       0.000       0.000       0.000
   128     5     8  2022       1       1  hru1                   0.000       0.000       0.000     973.665      10.423       0.000       0.000       0.000       0.000       0.000       0.000       0.000       0.000       8.922       1.244       5.083      25.817       3.031       0.885       0.131       0.000       0.000       0.000       0.000
   129     5     9  2022       1       1  hru1                   0.000       0.000       0.000     963.928       9.746       0.000       0.000       0.000       0.000       0.000       0.000       0.000       0.000       9.500      -0.139       4.681      25.817       4.852       0.272       0.132       0.000       0.000       0.000       0.000
   130     5    10  2022       1       1  hru1                   0.000       0.000       0.000     954.289       9.301       0.000       0.000       0.000       0.000       0.000       0.000       0.000       0.000      11.239      -0.667       5.286      25.817       3.394       0.555       0.134       0.000       0.000       0.000       0.000
   131     5    11  2022       1       1  hru1                   0.000       0.000       0.000     944.746       9.106       0.000       0.000       0.000       0.000       0.000       0.000       0.000       0.000      14.250      -2.033       6.108      25.817       3.107       0.235       0.135       0.000       0.000       0.000       0.000
   132     5    12  2022       1       1  hru1                   0.000       0.000       0.000     935.298       9.373       0.000       0.000       0.000       0.000       0.000       0.000       0.000       0.000      15.556       3.817       9.686      25.817       4.085       0.369       0.138       0.000       0.000       0.000       0.000
   133     5    13  2022       1       1  hru1                   0.000       0.000       0.000     925.945       9.722       0.000       0.000       0.000       0.000       0.000       0.000       0.000       0.000      16.294       5.022      10.658      25.817       3.612       0.288       0.141       0.000       0.000       0.000       0.000
   134     5    14  2022       1       1  hru1                   0.000       0.000       0.000     916.686      10.420       0.000       0.000       0.000       0.000       0.000       0.000       0.000       0.000      21.533       4.583      13.058      25.817       3.215       0.289       0.144       0.000       0.000       0.000       0.000
   135     5    15  2022       1       1  hru1                   0.000       0.000       0.000     907.519      11.569       0.000       0.000       0.000       0.000       0.000       0.000       0.000       0.000      27.667       5.761      16.714      25.817       4.032       0.409       0.149       0.000       0.000       0.000       0.000
   136     5    16  2022       1       1  hru1                   0.000       0.000       0.000     898.444      12.732       0.000       0.000       0.000       0.000       0.000       0.000       0.000       0.000      25.539      12.900      19.219      25.817       5.706       0.316       0.154       0.000       0.000       0.000       0.000
   137     5    17  2022       1       1  hru1                   0.000       0.000       0.000     889.460      13.169       0.000       0.000       0.000       0.000       0.000       0.000       0.000       0.000      22.761       7.511      15.136      25.817       2.677       0.384       0.158       0.000       0.000       0.000       0.000
   138     5    18  2022       1       1  hru1                   0.000       0.000       0.000     880.565      13.627       0.000       0.000       0.000       0.000       0.000       0.000       0.000       0.000      25.133       5.728      15.431      25.817       2.834       0.382       0.162       0.000       0.000       0.000       0.000
   139     5    19  2022       1       1  hru1                   0.000       0.000       0.000     871.759      13.199       0.000       0.000       0.000       0.000       0.000       0.000       0.000       0.000      16.572       3.806      10.189      25.817       2.716       0.292       0.165       0.000       0.000       0.000       0.000
   140     5    20  2022       1       1  hru1                   0.000       0.000       0.000     863.042      12.543       0.000       0.000       0.000       0.000       0.000       0.000       0.000       0.000      15.794      -0.556       7.619      25.817       1.502       0.350       0.167       0.000       0.000       0.000       0.000
   141     5    21  2022       1       1  hru1                   0.000       0.000       0.000     854.411      12.165       0.000       0.000       0.000       0.000       0.000       0.000       0.000       0.000      17.172       0.428       8.800      25.817       2.205       0.328       0.169       0.000       0.000       0.000       0.000
   142     5    22  2022       1       1  hru1                   0.000       0.000       0.000     845.867      11.888       0.000       0.000       0.000       0.000       0.000       0.000       0.000       0.000      16.678       1.850       9.264      25.817       1.236       0.325       0.172       0.000       0.000       0.000       0.000
   143     5    23  2022       1       1  hru1                   0.000       0.000       0.000     837.408      11.775       0.000       0.000       0.000       0.000       0.000       0.000       0.000       0.000      19.061       0.400       9.731      25.817       3.087       0.460       0.175       0.000       0.000       0.000       0.000
   144     5    24  2022       1       1  hru1                   0.000       0.000       0.000     829.034      11.849       0.000       0.000       0.000       0.000       0.000       0.000       0.000       0.000      20.483       1.367      10.925      25.817       0.987       0.292       0.177       0.000       0.000       0.000       0.000
   145     5    25  2022       1       1  hru1                   0.000       0.000       0.000     820.744      12.623       0.000       0.000       0.000       0.000       0.000       0.000       0.000       0.000      26.722       5.194      15.958      25.817       4.769       0.441       0.182       0.000       0.000       0.000       0.000
   146     5    26  2022       1       1  hru1                   0.000       0.000       0.000     812.537      13.716       0.000       0.000       0.000       0.000       0.000       0.000       0.000       0.000      30.722       7.650      19.186      25.817       3.085       0.411       0.187       0.000       0.000       0.000       0.000
   147     5    27  2022       1       1  hru1                   0.000       0.000       0.000     804.411      14.258       0.000       0.000       0.000       0.000       0.000       0.000       0.000       0.000      24.250      10.811      17.531      25.817       1.643       0.453       0.192       0.000       0.000       0.000       0.000
   148     5    28  2022       1       1  hru1                   0.000       0.000       0.000     796.005      14.108       0.000       0.000       0.000       0.000       0.000       0.000       0.000       0.000      17.644       9.683      13.664      25.817       3.816       0.990       0.195       0.000       0.000       0.000       0.000
   149     5    29  2022       1       1  hru1                   0.000       0.000       0.000     788.045      13.312       0.000       0.000       0.000       0.000       0.000       0.000       0.000       0.000      11.883       5.839       8.861      25.817       4.675       0.945       0.198       0.000       0.000       0.000       0.000
   150     5    30  2022       1       1  hru1                   0.000       0.000       0.000     780.165      12.082       0.000       0.000       0.000       0.000       0.000       0.000       0.000       0.000       7.544       1.989       4.767      25.817       3.738       0.990       0.199       0.000       0.000       0.000       0.000
   151     5    31  2022       1       1  hru1                   0.000       0.000       0.000     772.363      12.005       0.000       0.000       0.000       0.000       0.000       0.000       0.000       0.000      16.328       5.617      10.972      25.817       2.669       0.943       0.202       0.000       0.000       0.000       0.000
   152     6     1  2022       1       1  hru1                   0.000       0.000       0.000     764.639      12.446       0.000       0.000       0.553       0.000       0.000       0.000       0.000       0.000      21.917       4.111      13.014      28.473       2.277       0.384       0.205       0.000       0.000       0.000       0.000
   153     6     2  2022       1       1  hru1                   0.001       8.411       0.000     756.993      13.372       0.000       0.000       0.264       0.000       0.000       0.000       0.000       0.000      26.139       7.756      16.947      28.473       3.455       0.260       0.210       0.000       0.000       0.000       0.000
   154     6     3  2022       1       1  hru1                   0.002      21.399       0.000     749.014      14.316       0.000       0.000       0.177       0.000       0.000       0.395       0.000       0.060      26.467      10.450      18.458      28.473       6.141       0.231       0.215       0.000       0.000       0.000       0.000
   155     6     4  2022       1       1  hru1                   0.004      35.755       0.000     740.958      14.556       0.000       0.000       0.328       0.000       0.000       1.005       0.000       0.123      19.533      12.406      15.969      28.473       3.745       0.179       0.219       0.000       0.000       0.000       0.000
   156     6     5  2022       1       1  hru1                   0.006      48.258       0.000     732.842      14.770       0.000       0.000       0.338       0.000       0.000       1.678       0.000       0.193      20.144      11.522      15.833      28.473       3.557       0.702       0.224       0.000       0.000       0.000       0.000
   157     6     6  2022       1       1  hru1                   0.008      62.177       0.000     724.750      14.875       0.000       0.000       0.406       0.000       0.000       2.264       0.000       0.245      20.478       9.278      14.878      28.473       2.962       0.990       0.228       0.000       0.000       0.000       0.000
   158     6     7  2022       1       1  hru1                   0.010      75.091       0.000     716.652      15.019       0.000       0.000       0.430       0.000       0.000       2.916       0.000       0.316      22.422       6.711      14.567      28.473       5.885       0.240       0.231       0.000       0.000       0.000       0.000
   159     6     8  2022       1       1  hru1                   0.012      87.329       0.000     708.317      15.446       0.000       0.000       0.301       0.000       0.000       3.519       0.000       0.370      25.311       7.444      16.378      28.473       1.894       0.373       0.236       0.000       0.000       0.000       0.000
   160     6     9  2022       1       1  hru1                   0.015     103.114       0.000     699.552      16.064       0.000       0.000       0.204       0.000       0.000       4.090       0.000       0.427      27.667       8.256      17.961      28.473       3.309       0.177       0.241       0.000       0.000       0.000       0.000
   161     6    10  2022       1       1  hru1                   0.019     120.166       0.000     690.035      16.948       0.000       0.000       0.081       0.000       0.000       4.826       0.000       0.505      30.111      11.128      20.619      28.473       4.066       0.355       0.246       0.000       0.000       0.000       0.000
   162     6    11  2022       1       1  hru1                   0.025     141.613       0.000     679.558      17.949       0.000       0.000       0.015       0.000       0.000       5.617       0.000       0.579      30.556      15.672      23.114      28.473       3.602       0.423       0.252       0.000       0.000       0.000       0.000
   163     6    12  2022       1       1  hru1                   0.035     166.301       0.000     669.594      17.638       0.000       0.000       0.292       0.000       0.000       6.607       0.000       0.681      19.683      13.356      16.519      28.473       3.468       0.879       0.257       0.000       0.000       0.000       0.000
   164     6    13  2022       1       1  hru1                   0.041     188.604       0.000     660.950      16.492       0.000       0.000       0.809       0.000       0.000       7.750       0.000       0.792      14.072       6.094      10.083      28.473       1.083       0.926       0.260       0.000       0.000       0.000       0.000
   165     6    14  2022       1       1  hru1                   0.042     195.047       0.000     653.134      15.667       0.000       0.000       0.780       0.000       0.000       8.787       0.000       0.886      16.106       4.694      10.400      28.473       4.196       0.235       0.262       0.000       0.000       0.000       0.000
   166     6    15  2022       1       1  hru1                   0.044     202.582       0.000     645.561      15.483       0.000       0.000       0.578       0.000       0.000       9.084       0.000       0.886      22.089       3.344      12.717      28.473       3.940       0.181       0.266       0.000       0.000       0.000       0.000
   167     6    16  2022       1       1  hru1                   0.048     216.805       0.000     637.217      16.544       0.000       0.000       0.109       0.000       0.000       9.428       0.000       0.927      33.056       6.744      19.900      28.473       3.378       0.225       0.271       0.000       0.000       0.000       0.000
   168     6    17  2022       1       1  hru1                   0.059     244.671       0.000     628.123      17.459       0.000       0.000       0.084       0.000       0.000      10.069       0.000       0.989      32.500       8.556      20.528      28.473       1.331       0.306       0.277       0.000       0.000       0.000       0.000
   169     6    18  2022       1       1  hru1                   0.073     277.232       0.000     619.254      17.372       0.000       0.000       0.302       0.000       0.000      11.336       0.000       1.127      22.867       9.867      16.367      28.473       5.707       0.391       0.281       0.000       0.000       0.000       0.000
   170     6    19  2022       1       1  hru1                   0.083     308.048       0.000     611.051      16.795       0.000       0.000       0.534       0.000       0.000      12.821       0.000       1.260      18.561       7.922      13.242      28.473       2.704       0.382       0.285       0.000       0.000       0.000       0.000
   171     6    20  2022       1       1  hru1                   0.091     330.811       0.000     603.269      16.437       0.000       0.000       0.514       0.000       0.000      14.228       0.000       1.386      20.683       6.306      13.494      28.473       3.200       0.198       0.288       0.000       0.000       0.000       0.000
   172     6    21  2022       1       1  hru1                   0.099     354.749       0.000     595.436      16.625       0.000       0.000       0.352       0.000       0.000      15.258       0.000       1.461      26.778       4.483      15.631      28.473       3.833       0.235       0.293       0.000       0.000       0.000       0.000
   173     6    22  2022       1       1  hru1                   0.111     387.685       0.000     587.091      17.332       0.000       0.000       0.142       0.000       0.000      16.329       0.000       1.562      31.222       7.106      19.164      28.473       2.013       0.455       0.298       0.000       0.000       0.000       0.000
   174     6    23  2022       1       1  hru1                   0.131     435.967       0.000     578.300      17.946       0.000       0.000       0.106       0.000       0.000      17.786       0.000       1.695      30.000       9.939      19.969      28.473       3.024       0.341       0.303       0.000       0.000       0.000       0.000
   175     6    24  2022       1       1  hru1                   0.155     488.822       0.000     569.567      18.030       0.000       0.000       0.214       0.000       0.000      19.922       0.000       1.900      25.333      10.239      17.786      28.473       3.678       0.228       0.308       0.000       0.000       0.000       0.000
   176     6    25  2022       1       1  hru1                   0.178     540.865       0.000     560.898      18.105       0.000       0.000       0.247       0.000       0.000      22.255       0.000       2.096      26.833       7.611      17.222      28.473       3.566       0.224       0.313       0.000       0.000       0.000       0.000
   177     6    26  2022       1       1  hru1                   0.202     596.373       0.000     551.900      18.604       0.000       0.000       0.119       0.000       0.000      24.532       0.000       2.285      31.278       8.078      19.678      28.473       2.678       0.477       0.318       0.000       0.000       0.000       0.000
   178     6    27  2022       1       1  hru1                   0.237     672.132       0.000     542.395      19.307       0.000       0.000       0.048       0.000       0.000      26.906       0.000       2.478      33.500       9.772      21.636      28.473       2.579       0.327       0.324       0.000       0.000       0.000       0.000
   179     6    28  2022       1       1  hru1                   0.283     755.107       0.000     532.275      20.178       0.000       0.000       0.002       0.026       0.000      30.113       0.000       2.768      34.056      14.661      24.358      28.473       3.121       0.215       0.330       0.000       0.000       0.000       0.000
   180     6    29  2022       1       1  hru1                   0.347     839.494       0.000     522.305      20.225       0.000       0.000       0.098       0.049       0.000      33.307       0.000       3.015      27.944      12.417      20.181      28.473       3.273       0.178       0.336       0.000       0.000       0.000       0.000
   181     6    30  2022       1       1  hru1                   0.403     940.510       0.000     512.388      20.383       0.000       0.000       0.108       0.095       0.000      33.402       0.000       3.296      31.444       8.422      19.933      28.473       2.539       0.294       0.341       0.000       0.000       0.000       0.000
   182     7     1  2022       1       1  hru1                   0.464    1059.410       0.000     502.412      20.692       0.000       0.000       0.050       0.177       0.000      33.497       0.000       3.636      32.167      10.950      21.558      28.317       3.199       0.159       0.347       0.000       0.000       0.000       0.000
   183     7     2  2022       1       1  hru1                   0.542    1168.509       0.000     492.464      20.910       0.000       0.000       0.048       0.278       0.000      33.593       0.000       4.006      31.222      12.022      21.622      28.317       2.203       0.425       0.353       0.000       0.000       0.000       0.000
   184     7     3  2022       1       1  hru1                   0.630    1291.985       0.000     482.649      20.998       0.000       0.000       0.053       0.424       0.000      33.689       0.000       4.277      29.333      13.583      21.458      28.317       4.044       0.251       0.358       0.000       0.000       0.000       0.000
   185     7     4  2022       1       1  hru1                   0.727    1393.151       0.000     473.161      20.812       0.000       0.000       0.125       0.556       0.000      33.784       0.000       4.646      27.556      11.489      19.522      28.317       4.538       0.142       0.364       0.000       0.000       0.000       0.000
   186     7     5  2022       1       1  hru1                   0.817    1479.060       0.000     463.722      21.001       0.000       0.000       0.053       0.658       0.000      33.877       0.000       4.845      31.778      11.161      21.469      28.317       2.748       0.251       0.369       0.000       0.000       0.000       0.000
   187     7     6  2022       1       1  hru1                   0.933    1551.525       0.000     454.288      21.271       0.000       0.000       0.025       0.725       0.000      33.970       0.000       5.004      32.111      13.017      22.564      28.317       3.017       0.199       0.375       0.000       0.000       0.000       0.000
   188     7     7  2022       1       1  hru1                   1.068    1611.774       0.000     444.869      21.544       0.000       0.000       0.020       0.759       0.000      34.062       0.000       5.081      32.833      12.806      22.819      28.317       2.536       0.386       0.382       0.000       0.000       0.000       0.000
   189     7     8  2022       1       1  hru1                   1.217    1675.535       0.000     435.417      21.935       0.000       0.000       0.003       0.784       0.000      34.155       0.000       5.119      33.889      14.394      24.142      28.317       3.692       0.293       0.388       0.000       0.000       0.000       0.000
   190     7     9  2022       1       1  hru1                   1.390    1732.628       0.000     426.067      22.111       0.000       0.000       0.016       0.791       0.000      34.249       0.000       5.158      32.722      13.350      23.036      28.317       4.352       0.103       0.394       0.000       0.000       0.000       0.000
   191     7    10  2022       1       1  hru1                   1.559    1787.110       0.000     416.980      21.981       0.000       0.000       0.061       0.796       0.000      34.343       0.000       5.170      30.000      12.394      21.197      28.317       3.183       0.159       0.400       0.000       0.000       0.000       0.000
   192     7    11  2022       1       1  hru1                   1.712    1849.373       0.000     408.129      21.891       0.000       0.000       0.065       0.807       0.000      34.434       0.000       5.202      30.889      11.256      21.072      28.317       4.034       0.350       0.406       0.000       0.000       0.000       0.000
   193     7    12  2022       1       1  hru1                   1.867    1918.109       0.000     399.356      22.096       0.000       0.000       0.022       0.808       0.000      34.523       0.000       5.251      34.500      10.922      22.711      28.317       2.837       0.188       0.412       0.000       0.000       0.000       0.000
   194     7    13  2022       1       1  hru1                   2.041    1980.893       0.000     390.506      22.670       0.000       0.000       0.013       0.763       0.000      34.613       0.000       5.284      35.667      17.861      26.764      28.317       3.879       0.990       0.419       0.000       0.000       0.000       0.000
   195     7    14  2022       1       1  hru1                   2.260    2084.182       0.000     381.699      23.056       0.000       0.000       0.005       0.767       0.000      34.703       0.000       5.284      34.500      17.661      26.081      28.317       3.267       0.181       0.426       0.000       0.000       0.000       0.000
   196     7    15  2022       1       1  hru1                   2.464    2157.466       0.000     372.967      23.401       0.000       0.000       0.005       0.720       0.000      34.794       0.000       5.350      35.222      17.006      26.114      28.317       3.423       0.234       0.433       0.000       0.000       0.000       0.000
   197     7    16  2022       1       1  hru1                   2.658    2252.650       0.000     364.347      23.671       0.000       0.000       0.003       0.696       0.000      34.885       0.000       5.350      35.556      16.078      25.817      28.317       3.270       0.189       0.440       0.000       0.000       0.000       0.000
   198     7    17  2022       1       1  hru1                   2.834    2356.276       0.000     355.857      23.898       0.000       0.000       0.007       0.671       0.000      34.976       0.000       5.388      34.611      18.022      26.317      28.317       2.817       0.072       0.447       0.000       0.000       0.000       0.000
   199     7    18  2022       1       1  hru1                   2.999    2457.371       0.000     347.607      23.733       0.000       0.000       0.008       0.659       0.000      35.066       0.000       5.459      31.444      15.789      23.617      28.317       2.992       0.223       0.453       0.000       0.000       0.000       0.000
   200     7    19  2022       1       1  hru1                   3.126    2591.659       0.000     339.585      23.590       0.000       0.000       0.021       0.683       0.000      35.153       0.000       5.538      33.389      12.200      22.794      28.317       3.153       0.185       0.460       0.000       0.000       0.000       0.000
   201     7    20  2022       1       1  hru1                   3.234    2718.168       0.000     331.703      23.737       0.000       0.000       0.001       0.674       0.000      35.239       0.000       5.728      34.667      16.350      25.508      28.317       3.026       0.267       0.466       0.000       0.000       0.000       0.000
   202     7    21  2022       1       1  hru1                   3.346    2845.616       0.000     323.995      23.756       0.000       0.000       0.003       0.673       0.000      35.325       0.000       5.788      35.056      13.278      24.167      28.317       3.030       0.376       0.473       0.000       0.000       0.000       0.000
   203     7    22  2022       1       1  hru1                   3.436    2989.658       0.000     316.514      23.559       0.000       0.000       0.026       0.698       0.000      35.408       0.000       5.929      33.000      12.033      22.517      28.317       2.391       0.214       0.479       0.000       0.000       0.000       0.000
   204     7    23  2022       1       1  hru1                   3.505    3116.329       0.000     309.249      23.388       0.000       0.000       0.023       0.705       0.000      35.490       0.000       6.098      32.556      12.833      22.694      28.317       1.165       0.196       0.485       0.000       0.000       0.000       0.000
   205     7    24  2022       1       1  hru1                   3.564    3238.778       0.000     302.214      23.153       0.000       0.000       0.046       0.715       0.000      35.571       0.000       6.192      32.222      11.183      21.703      28.317       3.325       0.166       0.491       0.000       0.000       0.000       0.000
   206     7    25  2022       1       1  hru1                   3.612    3358.964       0.000     295.380      23.003       0.000       0.000       0.031       0.720       0.000      35.649       0.000       6.321      32.389      12.233      22.311      28.317       3.276       0.322       0.497       0.000       0.000       0.000       0.000
   207     7    26  2022       1       1  hru1                   3.654    3486.084       0.000     288.702      22.993       0.000       0.000       0.015       0.728       0.000      35.726       0.000       6.415      34.000      12.278      23.139      28.317       0.871       0.378       0.503       0.000       0.000       0.000       0.000
   208     7    27  2022       1       1  hru1                   3.691    3611.644       0.000     282.136      23.132       0.000       0.000       0.000       0.728       0.000      35.802       0.000       6.535      34.333      15.333      24.833      28.317       5.749       0.109       0.510       0.000       0.000       0.000       0.000
   209     7    28  2022       1       1  hru1                   3.725    3711.285       0.000     275.676      23.290       0.000       0.000       0.000       0.713       0.000      35.877       0.000       6.618      35.389      14.833      25.111      28.317       2.674       0.261       0.517       0.000       0.000       0.000       0.000
   210     7    29  2022       1       1  hru1                   3.753    3828.723       0.000     269.349      23.332       0.000       0.000       0.001       0.718       0.000      35.951       0.000       6.648      34.278      14.633      24.456      28.317       1.854       0.168       0.523       0.000       0.000       0.000       0.000
   211     7    30  2022       1       1  hru1                   3.774    3938.964       0.000     263.144      23.424       0.000       0.000       0.000       0.721       0.000      36.024       0.000       6.765      34.889      15.006      24.947      28.317       3.407       0.243       0.530       0.000       0.000       0.000       0.000
   212     7    31  2022       1       1  hru1                   3.791    4052.332       0.000     257.032      23.644       0.000       0.000       0.002       0.729       0.000      36.097       0.000       6.818      37.833      13.389      25.611      28.317       2.208       0.161       0.537       0.000       0.000       0.000       0.000
   213     8     1  2022       1       1  hru1                   3.806    4153.328       0.000     251.075      23.567       0.000       0.000       0.001       0.734       0.000      36.169       0.000       6.909      34.611      16.144      25.378      24.505       2.848       0.215       0.544       0.000       0.000       0.000       0.000
   214     8     2  2022       1       1  hru1                   3.818    4243.622       0.000     245.282      23.429       0.000       0.000       0.001       0.737       0.000      36.240       0.000       6.958      29.944      21.206      25.575      24.505       5.478       0.189       0.551       0.000       0.000       0.000       0.000
   215     8     3  2022       1       1  hru1                   3.827    4330.559       0.000     239.655      23.250       0.000       0.000       0.001       0.746       0.000      36.310       0.000       7.006      33.111      15.750      24.431      24.505       3.853       0.357       0.557       0.000       0.000       0.000       0.000
   216     8     4  2022       1       1  hru1                   3.834    4428.904       0.000     234.186      23.097       0.000       0.000       0.001       0.766       0.000      36.378       0.000       7.063      33.222      15.678      24.450      24.505       1.277       0.292       0.564       0.000       0.000       0.000       0.000
   217     8     5  2022       1       1  hru1                   3.840    4515.873       0.000     228.928      22.703       0.000       0.000       0.022       0.785       0.000      36.444       0.000       7.148      26.833      18.617      22.725      24.505       2.987       0.990       0.570       0.000       0.000       0.000       0.000
   218     8     6  2022       1       1  hru1                   3.844    4616.113       0.000     223.857      22.424       0.000       0.000       0.019       0.815       0.000      36.509       0.000       7.209      28.611      17.139      22.875      24.505       1.538       0.990       0.576       0.000       0.000       0.000       0.000
   219     8     7  2022       1       1  hru1                   3.848    4702.460       0.000     218.997      22.051       0.000       0.000       0.079       0.842       0.000      36.572       0.000       7.317      31.444       9.906      20.675      24.505       1.946       0.142       0.582       0.000       0.000       0.000       0.000
   220     8     8  2022       1       1  hru1                   3.850    4762.182       0.000     214.251      22.037       0.000       0.000       0.010       0.850       0.000      36.634       0.000       7.386      34.833      12.033      23.433      24.505       3.507       0.095       0.588       0.000       0.000       0.000       0.000
   221     8     9  2022       1       1  hru1                   3.853    4812.511       0.000     209.589      22.122       0.000       0.000       0.001       0.854       0.000      36.695       0.000       7.398      35.556      13.378      24.467      24.505       3.133       0.185       0.594       0.000       0.000       0.000       0.000
   222     8    10  2022       1       1  hru1                   3.855    4862.898       0.000     205.073      21.950       0.000       0.000       0.011       0.861       0.000      36.755       0.000       7.416      27.500      19.222      23.361      24.505       2.731       0.990       0.601       0.000       0.000       0.000       0.000
   223     8    11  2022       1       1  hru1                   3.857    4927.699       0.000     200.639      22.027       0.000       0.000       0.000       0.878       0.000      36.814       0.000       7.443      33.056      16.289      24.672      24.505       1.976       0.208       0.607       0.000       0.000       0.000       0.000
   224     8    12  2022       1       1  hru1                   3.859    4970.263       0.000     196.216      22.405       0.000       0.000       0.033       0.880       0.000      36.873       0.000       7.497      35.333      20.233      27.783      24.505       2.207       0.304       0.615       0.000       0.000       0.000       0.000
   225     8    13  2022       1       1  hru1                   3.861    5010.533       0.000     191.874      22.494       0.000       0.000       0.001       0.886       0.000      36.932       0.000       7.497      33.167      17.822      25.494      24.505       2.263       0.331       0.622       0.000       0.000       0.000       0.000
   226     8    14  2022       1       1  hru1                   3.862    5052.800       0.000     215.343      22.394       0.000       0.000       0.011       0.896       0.000      36.991       0.000       7.499      33.333      13.483      23.408      24.505       3.429       0.177       0.628       0.000       0.000       0.000       0.000
   227     8    15  2022       1       1  hru1                   3.724    5062.220       0.000     236.726      22.328       0.000       0.000       0.008       0.917       0.000      36.657       0.000       7.494      33.667      13.589      23.628      24.505       2.091       0.271       0.634       0.000       0.000       0.000       0.000
   228     8    16  2022       1       1  hru1                   3.584    5065.562       0.000     256.552      22.365       0.000       0.000       0.003       0.934       0.000      36.343       0.000       7.464      35.944      12.472      24.208      24.505       3.362       0.186       0.641       0.000       0.000       0.000       0.000
   229     8    17  2022       1       1  hru1                   3.439    5060.099       0.000     273.944      22.416       0.000       0.000       0.002       0.946       0.000      36.043       0.000       7.435      36.611      12.067      24.339      24.505       3.301       0.430       0.647       0.000       0.000       0.000       0.000
   230     8    18  2022       1       1  hru1                   3.293    5053.787       0.000     287.595      22.312       0.000       0.000       0.010       0.958       0.000      35.770       0.000       7.394      32.556      14.361      23.458      24.505       1.899       0.156       0.654       0.000       0.000       0.000       0.000
   231     8    19  2022       1       1  hru1                   3.155    5042.642       0.000     301.424      22.253       0.000       0.000       0.002       0.963       0.000      35.543       0.000       7.359      30.278      18.278      24.278      24.505       3.162       0.374       0.660       0.000       0.000       0.000       0.000
   232     8    20  2022       1       1  hru1                   3.009    5030.154       0.000     313.344      22.168       0.000       0.000       0.006       0.970       0.000      35.315       0.000       7.321      30.611      16.994      23.803      24.505       2.680       0.343       0.667       0.000       0.000       0.000       0.000
   233     8    21  2022       1       1  hru1                   2.868    5016.464       0.000     324.079      22.134       0.000       0.000       0.007       0.974       0.000      35.114       0.000       7.285      33.167      14.267      23.717      24.505       2.011       0.064       0.673       0.000       0.000       0.000       0.000
   234     8    22  2022       1       1  hru1                   2.727    5000.252       0.000     336.134      22.274       0.000       0.000       0.000       0.975       0.000      34.929       0.000       7.250      34.833      15.844      25.339      24.505       2.653       0.338       0.680       0.000       0.000       0.000       0.000
   235     8    23  2022       1       1  hru1                   2.572    4982.743       0.000     343.264      22.146       0.000       0.000       0.023       0.978       0.000      34.727       0.000       7.213      33.556      11.794      22.675      24.505       3.659       0.135       0.686       0.000       0.000       0.000       0.000
   236     8    24  2022       1       1  hru1                   2.441    4968.084       0.000     348.085      21.866       0.000       0.000       0.055       0.979       0.000      34.593       0.000       7.182      30.444      12.361      21.403      24.505       3.395       0.338       0.692       0.000       0.000       0.000       0.000
   237     8    25  2022       1       1  hru1                   2.321    4956.523       0.000     354.350      21.786       0.000       0.000       0.022       0.978       0.000      34.492       0.000       7.154      33.056      12.439      22.747      24.505       2.057       0.478       0.698       0.000       0.000       0.000       0.000
   238     8    26  2022       1       1  hru1                   2.189    4943.879       0.000     360.435      21.741       0.000       0.000       0.017       0.978       0.000      34.371       0.000       7.124      32.778      13.283      23.031      24.505       3.390       0.384       0.704       0.000       0.000       0.000       0.000
   239     8    27  2022       1       1  hru1                   2.055    4930.437       0.000     363.019      21.430       0.000       0.000       0.079       0.979       0.000      34.254       0.000       7.095      28.889      12.472      20.681      24.505       3.333       0.100       0.710       0.000       0.000       0.000       0.000
   240     8    28  2022       1       1  hru1                   1.942    4919.546       0.000     364.590      21.061       0.000       0.000       0.109       0.977       0.000      34.186       0.000       7.070      27.111      12.678      19.894      24.505       1.983       0.249       0.715       0.000       0.000       0.000       0.000
   241     8    29  2022       1       1  hru1                   1.835    4910.960       0.000     367.891      20.958       0.000       0.000       0.058       0.975       0.000      34.134       0.000       7.047      32.333      10.256      21.294      24.505       3.043       0.168       0.721       0.000       0.000       0.000       0.000
   242     8    30  2022       1       1  hru1                   1.716    4900.541       0.000     373.423      21.107       0.000       0.000       0.011       0.974       0.000      34.059       0.000       7.022      35.722      11.017      23.369      24.505       0.882       0.349       0.727       0.000       0.000       0.000       0.000
   243     8    31  2022       1       1  hru1                   1.579    4888.147       0.000     380.501      21.431       0.000       0.000       0.000       0.973       0.000      33.953       0.000       6.993      37.556      12.811      25.183      24.505       4.493       0.341       0.734       0.000       0.000       0.000       0.000
   244     9     1  2022       1       1  hru1                   1.425    4873.014       0.000     386.302      21.422       0.000       0.000       0.001       0.974       0.000      33.825       0.000       6.961      32.556      16.706      24.631      19.429       3.151       0.222       0.740       0.000       0.000       0.000       0.000
   245     9     2  2022       1       1  hru1                   1.276    4856.649       0.000     388.159      21.098       0.000       0.000       0.048       0.973       0.000      33.715       0.000       6.931      35.222       8.017      21.619      19.429       3.308       0.077       0.746       0.000       0.000       0.000       0.000
   246     9     3  2022       1       1  hru1                   1.154    4844.244       0.000     393.112      21.091       0.000       0.000       0.002       0.969       0.000      33.660       0.000       6.907      36.778      11.756      24.267      19.429       3.479       0.251       0.753       0.000       0.000       0.000       0.000
   247     9     4  2022       1       1  hru1                   1.009    4829.125       0.000     399.358      21.243       0.000       0.000       0.002       0.967       0.000      33.562       0.000       6.878      34.556      16.967      25.761      19.429       2.225       0.442       0.760       0.000       0.000       0.000       0.000
   248     9     5  2022       1       1  hru1                   0.850    4812.688       0.000     401.354      21.037       0.000       0.000       0.027       0.967       0.000      33.447       0.000       6.847      32.556      12.406      22.481      19.429       1.139       0.161       0.766       0.000       0.000       0.000       0.000
   249     9     6  2022       1       1  hru1                   0.721    4799.510       0.000     405.607      21.075       0.000       0.000       0.001       0.963       0.000      33.391       0.000       6.822      36.611      12.439      24.525      19.429       2.259       0.113       0.772       0.000       0.000       0.000       0.000
   250     9     7  2022       1       1  hru1                   0.573    4783.468       0.000     410.676      21.222       0.000       0.000       0.001       0.960       0.000      33.304       0.000       6.793      36.944      14.233      25.589      19.429       0.881       0.240       0.779       0.000       0.000       0.000       0.000
   251     9     8  2022       1       1  hru1                   0.416    4766.158       0.000     410.549      20.904       0.000       0.000       0.060       0.958       0.000      33.205       0.000       6.763      27.611      14.861      21.236      19.429       3.420       0.258       0.785       0.000       0.000       0.000       0.000
   252     9     9  2022       1       1  hru1                   0.297    4754.021       0.000     403.636      19.932       0.000       0.000       0.429       0.954       0.000      33.179       0.000       6.741      23.678       5.483      14.581      19.429       3.653       0.366       0.789       0.000       0.000       0.000       0.000
   253     9    10  2022       1       1  hru1                   0.238    4749.884       0.000     399.035      19.184       0.000       0.000       0.363       0.946       0.000      33.250       0.000       6.729      24.883       6.072      15.478      19.429       2.401       0.284       0.793       0.000       0.000       0.000       0.000
   254     9    11  2022       1       1  hru1                   0.171    4744.503       0.000     398.723      18.861       0.000       0.000       0.171       0.935       0.000      33.292       0.000       6.717      30.667       6.506      18.586      19.429       2.818       0.062       0.798       0.000       0.000       0.000       0.000
   255     9    12  2022       1       1  hru1                   0.077    4734.770       0.000     386.090      18.654       0.000       0.000       0.000       0.000       0.000      33.278       0.000       6.699      31.667       6.883      19.275      19.429       1.829       0.273       0.803       0.000       0.000       0.000       0.000
   256     9    13  2022       1       1  hru1                   0.077    4734.770       0.000     374.297      18.318       0.000       0.000       0.000       0.000       0.000      33.278       0.000       6.699      22.767      12.644      17.706      19.429       2.119       0.131       0.808       0.000       0.000       0.000       0.000
   257     9    14  2022       1       1  hru1                   0.077    4734.770       0.000     363.303      17.967       0.000       0.000       0.000       0.000       0.000      33.278       0.000       6.699      25.267       9.011      17.139      19.429       2.949       0.336       0.813       0.000       0.000       0.000       0.000
   258     9    15  2022       1       1  hru1                   0.077    4734.770       0.000     352.958      17.693       0.000       0.000       0.000       0.000       0.000      33.278       0.000       6.699      24.194      10.628      17.411      19.429       4.815       0.320       0.817       0.000       0.000       0.000       0.000
   259     9    16  2022       1       1  hru1                   0.077    4734.770       0.000     343.401      17.241       0.000       0.000       0.000       0.000       0.000      33.278       0.000       6.699      24.489       6.278      15.383      19.429       2.686       0.990       0.822       0.000       0.000       0.000       0.000
   260     9    17  2022       1       1  hru1                   0.077    4734.770       0.000     334.530      16.817       0.000       0.000       0.000       0.000       0.000      33.278       0.000       6.699      21.911       8.194      15.053      19.429       2.613       0.305       0.826       0.000       0.000       0.000       0.000
   261     9    18  2022       1       1  hru1                   0.077    4734.770       0.000     325.766      16.961       0.000       0.000       0.000       0.000       0.000      33.278       0.000       6.699      28.833      10.906      19.869      19.429       2.744       0.192       0.831       0.000       0.000       0.000       0.000
   262     9    19  2022       1       1  hru1                   0.077    4734.770       0.000     317.324      16.871       0.000       0.000       0.000       0.000       0.000      33.278       0.000       6.699      30.111       5.600      17.856      19.429       1.902       0.189       0.836       0.000       0.000       0.000       0.000
   263     9    20  2022       1       1  hru1                   0.077    4734.770       0.000     309.070      16.918       0.000       0.000       0.000       0.000       0.000      33.278       0.000       6.699      32.278       5.767      19.022      19.429       2.005       0.990       0.841       0.000       0.000       0.000       0.000
   264     9    21  2022       1       1  hru1                   0.077    4734.770       0.000     301.145      16.794       0.000       0.000       0.000       0.000       0.000      33.278       0.000       6.699      27.167       7.694      17.431      19.429       3.368       0.886       0.846       0.000       0.000       0.000       0.000
   265     9    22  2022       1       1  hru1                   0.077    4734.770       0.000     293.874      16.226       0.000       0.000       0.000       0.000       0.000      33.278       0.000       6.699      18.900       7.278      13.089      19.429       2.683       0.255       0.849       0.000       0.000       0.000       0.000
   266     9    23  2022       1       1  hru1                   0.077    4734.770       0.000     287.052      15.845       0.000       0.000       0.000       0.000       0.000      33.278       0.000       6.699      22.611       5.700      14.156      19.429       3.241       0.155       0.853       0.000       0.000       0.000       0.000
   267     9    24  2022       1       1  hru1                   0.077    4734.770       0.000     280.555      15.591       0.000       0.000       0.000       0.000       0.000      33.278       0.000       6.699      25.267       4.483      14.875      19.429       4.311       0.291       0.857       0.000       0.000       0.000       0.000
   268     9    25  2022       1       1  hru1                   0.000       0.000       0.000    4021.709      15.539       0.000       0.000       0.000       0.000       0.000       0.000       0.000       0.000      28.111       4.789      16.450      19.429       2.787       0.188       0.000       0.000       0.000       0.000       0.000
   269     9    26  2022       1       1  hru1                   0.000       0.000       0.000    3981.492      15.469       0.000       0.000       0.000       0.000       0.000       0.000       0.000       0.000      28.500       4.244      16.372      19.429       3.593       0.239       0.004       0.000       0.000       0.000       0.000
   270     9    27  2022       1       1  hru1                   0.000       0.000       0.000    3941.677      15.756       0.000       0.000       0.000       0.000       0.000       0.000       0.000       0.000      32.667       6.572      19.619      19.429       1.187       0.204       0.010       0.000       0.000       0.000       0.000
   271     9    28  2022       1       1  hru1                   0.000       0.000       0.000    3902.261      16.159       0.000       0.000       0.000       0.000       0.000       0.000       0.000       0.000      30.500      11.439      20.969      19.429       3.315       0.440       0.015       0.000       0.000       0.000       0.000
   272     9    29  2022       1       1  hru1                   0.000       0.000       0.000    3863.238      16.108       0.000       0.000       0.000       0.000       0.000       0.000       0.000       0.000      23.122      11.278      17.200      19.429       1.787       0.241       0.020       0.000       0.000       0.000       0.000
   273     9    30  2022       1       1  hru1                   0.000       0.000       0.000    3824.606      15.499       0.000       0.000       0.000       0.000       0.000       0.000       0.000       0.000      16.439       7.517      11.978      19.429       1.926       0.267       0.023       0.000       0.000       0.000       0.000
   274    10     1  2022       1       1  hru1                   0.000       0.000       0.000    3786.360      14.744       0.000       0.000       0.000       0.000       0.000       0.000       0.000       0.000      20.078       3.278      11.678      13.652       3.978       0.370       0.026       0.000       0.000       0.000       0.000
   275    10     2  2022       1       1  hru1                   0.000       0.000       0.000    3748.496      14.369       0.000       0.000       0.000       0.000       0.000       0.000       0.000       0.000      22.311       6.078      14.194      13.652       3.579       0.573       0.030       0.000       0.000       0.000       0.000
   276    10     3  2022       1       1  hru1                   0.000       0.000       0.000    3711.011      13.953       0.000       0.000       0.000       0.000       0.000       0.000       0.000       0.000      22.378       4.689      13.533      13.652       2.697       0.544       0.034       0.000       0.000       0.000       0.000
   277    10     4  2022       1       1  hru1                   0.000       0.000       0.000    3673.901      13.699       0.000       0.000       0.000       0.000       0.000       0.000       0.000       0.000      25.333       4.422      14.878      13.652       2.281       0.261       0.038       0.000       0.000       0.000       0.000
   278    10     5  2022       1       1  hru1                   0.000       0.000       0.000    3637.162      13.481       0.000       0.000       0.000       0.000       0.000       0.000       0.000       0.000      25.472       4.383      14.928      13.652       1.049       0.519       0.042       0.000       0.000       0.000       0.000
   279    10     6  2022       1       1  hru1                   0.000       0.000       0.000    3600.791      13.419       0.000       0.000       0.000       0.000       0.000       0.000       0.000       0.000      27.500       4.989      16.244      13.652       2.362       0.426       0.046       0.000       0.000       0.000       0.000
   280    10     7  2022       1       1  hru1                   0.000       0.000       0.000    3564.783      13.288       0.000       0.000       0.000       0.000       0.000       0.000       0.000       0.000      25.167       5.328      15.247      13.652       0.925       0.328       0.050       0.000       0.000       0.000       0.000
   281    10     8  2022       1       1  hru1                   0.000       0.000       0.000    3529.135      13.100       0.000       0.000       0.000       0.000       0.000       0.000       0.000       0.000      24.389       4.717      14.553      13.652       2.498       0.341       0.054       0.000       0.000       0.000       0.000
   282    10     9  2022       1       1  hru1                   0.000       0.000       0.000    3493.844      12.929       0.000       0.000       0.000       0.000       0.000       0.000       0.000       0.000      24.589       4.483      14.536      13.652       4.056       0.326       0.058       0.000       0.000       0.000       0.000
   283    10    10  2022       1       1  hru1                   0.000       0.000       0.000    3458.905      12.724       0.000       0.000       0.000       0.000       0.000       0.000       0.000       0.000      23.561       4.289      13.925      13.652       2.424       0.325       0.062       0.000       0.000       0.000       0.000
   284    10    11  2022       1       1  hru1                   0.000       0.000       0.000    3424.316      12.693       0.000       0.000       0.000       0.000       0.000       0.000       0.000       0.000      20.411       8.467      14.439      13.652       2.660       0.495       0.066       0.000       0.000       0.000       0.000
   285    10    12  2022       1       1  hru1                   0.000       0.000       0.000    3390.073      12.711       0.000       0.000       0.000       0.000       0.000       0.000       0.000       0.000      21.494       8.461      14.978      13.652       1.787       0.553       0.070       0.000       0.000       0.000       0.000
   286    10    13  2022       1       1  hru1                   0.000       0.000       0.000    3356.172      12.552       0.000       0.000       0.000       0.000       0.000       0.000       0.000       0.000      24.456       3.983      14.219      13.652       2.255       0.577       0.074       0.000       0.000       0.000       0.000
   287    10    14  2022       1       1  hru1                   0.000       0.000       0.000    3322.610      12.191       0.000       0.000       0.000       0.000       0.000       0.000       0.000       0.000      21.500       2.567      12.033      13.652       2.680       0.372       0.077       0.000       0.000       0.000       0.000
   288    10    15  2022       1       1  hru1                   0.000       0.000       0.000    3289.384      11.778       0.000       0.000       0.000       0.000       0.000       0.000       0.000       0.000      21.578       1.039      11.308      13.652       2.226       0.352       0.080       0.000       0.000       0.000       0.000
   289    10    16  2022       1       1  hru1                   0.000       0.000       0.000    3256.490      11.760       0.000       0.000       0.000       0.000       0.000       0.000       0.000       0.000      21.806       5.878      13.842      13.652       3.237       0.400       0.084       0.000       0.000       0.000       0.000
   290    10    17  2022       1       1  hru1                   0.000       0.000       0.000    3223.926      11.517       0.000       0.000       0.000       0.000       0.000       0.000       0.000       0.000      23.439       1.511      12.475      13.652       3.799       0.518       0.087       0.000       0.000       0.000       0.000
   291    10    18  2022       1       1  hru1                   0.000       0.000       0.000    3191.686      11.398       0.000       0.000       0.000       0.000       0.000       0.000       0.000       0.000      25.406       1.583      13.494      13.652       2.419       0.221       0.091       0.000       0.000       0.000       0.000
   292    10    19  2022       1       1  hru1                   0.000       0.000       0.000    3159.770      11.245       0.000       0.000       0.000       0.000       0.000       0.000       0.000       0.000      22.244       2.867      12.556      13.652       2.981       0.405       0.094       0.000       0.000       0.000       0.000
   293    10    20  2022       1       1  hru1                   0.000       0.000       0.000    3128.172      11.002       0.000       0.000       0.000       0.000       0.000       0.000       0.000       0.000      22.256       1.239      11.747      13.652       0.976       0.248       0.097       0.000       0.000       0.000       0.000
   294    10    21  2022       1       1  hru1                   0.000       0.000       0.000    3096.890      10.942       0.000       0.000       0.000       0.000       0.000       0.000       0.000       0.000      20.489       4.556      12.522      13.652       2.581       0.415       0.101       0.000       0.000       0.000       0.000
   295    10    22  2022       1       1  hru1                   0.000       0.000       0.000    3065.921      10.614       0.000       0.000       0.000       0.000       0.000       0.000       0.000       0.000      16.794       2.872       9.833      13.652       1.232       0.893       0.103       0.000       0.000       0.000       0.000
   296    10    23  2022       1       1  hru1                   0.000       0.000       0.000    3035.262       9.755       0.000       0.000       0.000       0.000       0.000       0.000       0.000       0.000       7.650       0.350       4.000      13.652       1.345       0.356       0.104       0.000       0.000       0.000       0.000
   297    10    24  2022       1       1  hru1                   0.000       0.000       0.000    3004.909       9.023       0.000       0.000       0.000       0.000       0.000       0.000       0.000       0.000      10.044      -1.039       4.503      13.652       2.023       0.334       0.105       0.000       0.000       0.000       0.000
   298    10    25  2022       1       1  hru1                   0.000       0.000       0.000    2974.860       8.481       0.000       0.000       0.000       0.000       0.000       0.000       0.000       0.000       9.800       0.406       5.103      13.652       3.744       0.990       0.107       0.000       0.000       0.000       0.000
   299    10    26  2022       1       1  hru1                   0.000       0.000       0.000    2945.112       7.813       0.000       0.000       0.000       0.000       0.000       0.000       0.000       0.000       6.811      -0.567       3.122      13.652       2.218       0.373       0.108       0.000       0.000       0.000       0.000
   300    10    27  2022       1       1  hru1                   0.000       0.000       0.000    2915.661       7.206       0.000       0.000       0.000       0.000       0.000       0.000       0.000       0.000       8.617      -2.183       3.217      13.652       3.553       0.645       0.109       0.000       0.000       0.000       0.000
   301    10    28  2022       1       1  hru1                   0.000       0.000       0.000    2886.504       6.839       0.000       0.000       0.000       0.000       0.000       0.000       0.000       0.000      13.900      -3.311       5.294      13.652       2.471       0.467       0.110       0.000       0.000       0.000       0.000
   302    10    29  2022       1       1  hru1                   0.000       0.000       0.000    2857.639       6.643       0.000       0.000       0.000       0.000       0.000       0.000       0.000       0.000      12.883      -0.939       5.972      13.652       2.428       0.190       0.112       0.000       0.000       0.000       0.000
   303    10    30  2022       1       1  hru1                   0.000       0.000       0.000    2829.063       6.394       0.000       0.000       0.000       0.000       0.000       0.000       0.000       0.000      15.072      -3.483       5.794      13.652       3.046       0.393       0.113       0.000       0.000       0.000       0.000
   304    10    31  2022       1       1  hru1                   0.000       0.000       0.000    2800.772       6.516       0.000       0.000       0.000       0.000       0.000       0.000       0.000       0.000      18.172      -0.667       8.753      13.652       1.967       0.515       0.115       0.000       0.000       0.000       0.000
   305    11     1  2022       1       1  hru1                   0.000       0.000       0.000    2772.764       7.046       0.000       0.000       0.000       0.000       0.000       0.000       0.000       0.000      18.317       6.922      12.619       8.726       2.001       0.445       0.119       0.000       0.000       0.000       0.000
   306    11     2  2022       1       1  hru1                   0.000       0.000       0.000    2745.037       6.507       0.000       0.000       0.000       0.000       0.000       0.000       0.000       0.000       9.144      -1.528       3.808       8.726       3.269       0.990       0.120       0.000       0.000       0.000       0.000
   307    11     3  2022       1       1  hru1                   0.000       0.000       0.000    2717.586       5.528       0.000       0.000       0.000       0.000       0.000       0.000       0.000       0.000       4.311      -5.850      -0.769       8.726       3.127       0.474       0.120       0.000       0.000       0.000       0.000
   308    11     4  2022       1       1  hru1                   0.000       0.000       0.000    2690.411       5.131       0.000       0.000       0.000       0.000       0.000       0.000       0.000       0.000       7.622      -1.750       2.936       8.726       1.873       0.990       0.121       0.000       0.000       0.000       0.000
   309    11     5  2022       1       1  hru1                   0.000       0.000       0.000    2663.507       5.113       0.000       0.000       0.000       0.000       0.000       0.000       0.000       0.000      10.722       0.950       5.836       8.726       1.633       0.913       0.122       0.000       0.000       0.000       0.000
   310    11     6  2022       1       1  hru1                   0.000       0.000       0.000    2636.872       4.890       0.000       0.000       0.000       0.000       0.000       0.000       0.000       0.000      10.872      -1.650       4.611       8.726       2.780       0.336       0.124       0.000       0.000       0.000       0.000
   311    11     7  2022       1       1  hru1                   0.000       0.000       0.000    2610.503       4.820       0.000       0.000       0.000       0.000       0.000       0.000       0.000       0.000      10.333       0.067       5.200       8.726       4.545       0.981       0.125       0.000       0.000       0.000       0.000
   312    11     8  2022       1       1  hru1                   0.000       0.000       0.000    2584.398       4.326       0.000       0.000       0.000       0.000       0.000       0.000       0.000       0.000       3.089      -2.122       0.483       8.726       1.691       0.780       0.125       0.000       0.000       0.000       0.000
   313    11     9  2022       1       1  hru1                   0.000       0.000       0.000    2558.554       3.785       0.000       0.000       0.000       0.000       0.000       0.000       0.000       0.000       4.989      -3.044       0.972       8.726       4.368       0.990       0.125       0.000       0.000       0.000       0.000
   314    11    10  2022       1       1  hru1                   0.000       0.000       0.000    2532.969       3.194       0.000       0.000       0.000       0.000       0.000       0.000       0.000       0.000       2.339      -4.650      -1.156       8.726       1.931       0.729       0.125       0.000       0.000       0.000       0.000
   315    11    11  2022       1       1  hru1                   0.000       0.000       0.000    2507.639       2.429       0.000       0.000       0.000       0.000       0.000       0.000       0.000       0.000       2.150      -7.700      -2.775       8.726       3.580       0.784       0.125       0.000       0.000       0.000       0.000
   316    11    12  2022       1       1  hru1                   0.000       0.000       0.000    2482.562       1.930       0.000       0.000       0.000       0.000       0.000       0.000       0.000       0.000       1.678      -5.594      -1.958       8.726       2.103       0.693       0.125       0.000       0.000       0.000       0.000
   317    11    13  2022       1       1  hru1                   0.000       0.000       0.000    2457.737       1.485       0.000       0.000       0.000       0.000       0.000       0.000       0.000       0.000       1.611      -5.767      -2.078       8.726       4.655       0.434       0.125       0.000       0.000       0.000       0.000
   318    11    14  2022       1       1  hru1                   0.000       0.000       0.000    2457.737       1.129       0.000       0.000       0.000       0.000       0.000       0.000       0.000       0.000       3.394      -6.244      -1.425       8.726       3.292       0.611       0.125       0.000       0.000       0.000       0.000
   319    11    15  2022       1       1  hru1                   0.000       0.000       0.000    2457.737       0.538       0.000       0.000       0.000       0.000       0.000       0.000       0.000       0.000       1.639      -8.950      -3.656       8.726       2.945       0.623       0.125       0.000       0.000       0.000       0.000
   320    11    16  2022       1       1  hru1                   0.000       0.000       0.000    2457.737       0.083       0.000       0.000       0.000       0.000       0.000       0.000       0.000       0.000       3.167      -9.017      -2.925       8.726       2.552       0.354       0.125       0.000       0.000       0.000       0.000
   321    11    17  2022       1       1  hru1                   0.000       0.000       0.000    2457.737      -0.394       0.000       0.000       0.000       0.000       0.000       0.000       0.000       0.000       0.194      -8.811      -4.308       8.726       1.994       0.555       0.125       0.000       0.000       0.000       0.000
   322    11    18  2022       1       1  hru1                   0.000       0.000       0.000    2457.737      -0.839       0.000       0.000       0.000       0.000       0.000       0.000       0.000       0.000       0.356      -9.328      -4.486       8.726       2.436       0.293       0.125       0.000       0.000       0.000       0.000
   323    11    19  2022       1       1  hru1                   0.000       0.000       0.000    2457.737      -1.386       0.000       0.000       0.000       0.000       0.000       0.000       0.000       0.000       2.761     -12.406      -4.822       8.726       2.205       0.624       0.125       0.000       0.000       0.000       0.000
   324    11    20  2022       1       1  hru1                   0.000       0.000       0.000    2457.737      -1.677       0.000       0.000       0.000       0.000       0.000       0.000       0.000       0.000       4.156     -10.878      -3.361       8.726       3.130       0.590       0.125       0.000       0.000       0.000       0.000
   325    11    21  2022       1       1  hru1                   0.000       0.000       0.000    2457.737      -1.944       0.000       0.000       0.000       0.000       0.000       0.000       0.000       0.000       5.894     -11.861      -2.983       8.726       3.598       0.496       0.125       0.000       0.000       0.000       0.000
   326    11    22  2022       1       1  hru1                   0.000       0.000       0.000    2457.737      -1.988       0.000       0.000       0.000       0.000       0.000       0.000       0.000       0.000       5.794      -9.594      -1.900       8.726       4.113       0.687       0.125       0.000       0.000       0.000       0.000
   327    11    23  2022       1       1  hru1                   0.000       0.000       0.000    2457.737      -1.403       0.000       0.000       0.000       0.000       0.000       0.000       0.000       0.000       6.233      -2.261       1.986       8.726       1.727       0.549       0.126       0.000       0.000       0.000       0.000
   328    11    24  2022       1       1  hru1                   0.000       0.000       0.000    2457.737      -1.292       0.000       0.000       0.000       0.000       0.000       0.000       0.000       0.000       7.278      -7.433      -0.078       8.726       4.155       0.727       0.126       0.000       0.000       0.000       0.000
   329    11    25  2022       1       1  hru1                   0.000       0.000       0.000    2457.737      -0.927       0.000       0.000       0.000       0.000       0.000       0.000       0.000       0.000       9.789      -5.256       2.267       8.726       4.834       0.456       0.126       0.000       0.000       0.000       0.000
   330    11    26  2022       1       1  hru1                   0.000       0.000       0.000    2457.737      -0.523       0.000       0.000       0.000       0.000       0.000       0.000       0.000       0.000       5.189      -2.161       1.514       8.726       3.139       0.937       0.127       0.000       0.000       0.000       0.000
   331    11    27  2022       1       1  hru1                   0.000       0.000       0.000    2457.737      -0.071       0.000       0.000       0.000       0.000       0.000       0.000       0.000       0.000       7.617      -1.917       2.850       8.726       2.890       0.665       0.128       0.000       0.000       0.000       0.000
   332    11    28  2022       1       1  hru1                   0.000       0.000       0.000    2457.737      -0.014       0.000       0.000       0.000       0.000       0.000       0.000       0.000       0.000       4.911      -4.761       0.075       8.726       3.247       0.990       0.128       0.000       0.000       0.000       0.000
   333    11    29  2022       1       1  hru1                   0.000       0.000       0.000    2457.737      -0.623       0.000       0.000       0.000       0.000       0.000       0.000       0.000       0.000      -1.911      -9.739      -5.825       8.726       1.019       0.528       0.128       0.000       0.000       0.000       0.000
   334    11    30  2022       1       1  hru1                   0.000       0.000       0.000    2457.737      -0.643       0.000       0.000       0.000       0.000       0.000       0.000       0.000       0.000       4.867      -6.606      -0.869       8.726       3.140       0.666       0.128       0.000       0.000       0.000       0.000
   335    12     1  2022       1       1  hru1                   0.000       0.000       0.000    2457.737      -0.316       0.000       0.000       0.000       0.000       0.000       0.000       0.000       0.000       8.567      -3.483       2.542       6.825       4.393       0.779       0.128       0.000       0.000       0.000       0.000
   336    12     2  2022       1       1  hru1                   0.000       0.000       0.000    2457.737      -0.857       0.000       0.000       0.000       0.000       0.000       0.000       0.000       0.000       0.728     -10.106      -4.689       6.825       2.985       0.551       0.128       0.000       0.000       0.000       0.000
   337    12     3  2022       1       1  hru1                   0.000       0.000       0.000    2457.737      -1.641       0.000       0.000       0.000       0.000       0.000       0.000       0.000       0.000      -1.639     -12.983      -7.311       6.825       2.750       0.771       0.128       0.000       0.000       0.000       0.000
   338    12     4  2022       1       1  hru1                   0.000       0.000       0.000    2457.737      -1.551       0.000       0.000       0.000       0.000       0.000       0.000       0.000       0.000       3.611      -6.106      -1.247       6.825       1.896       0.877       0.128       0.000       0.000       0.000       0.000
   339    12     5  2022       1       1  hru1                   0.000       0.000       0.000    2457.737      -1.159       0.000       0.000       0.000       0.000       0.000       0.000       0.000       0.000       5.633      -3.161       1.236       6.825       2.421       0.747       0.129       0.000       0.000       0.000       0.000
   340    12     6  2022       1       1  hru1                   0.000       0.000       0.000    2457.737      -1.192       0.000       0.000       0.000       0.000       0.000       0.000       0.000       0.000       3.167      -6.517      -1.675       6.825       1.908       0.901       0.129       0.000       0.000       0.000       0.000
   341    12     7  2022       1       1  hru1                   0.000       0.000       0.000    2457.737      -1.390       0.000       0.000       0.000       0.000       0.000       0.000       0.000       0.000       0.022      -7.328      -3.653       6.825       2.776       0.962       0.129       0.000       0.000       0.000       0.000
   342    12     8  2022       1       1  hru1                   0.000       0.000       0.000    2457.737      -1.558       0.000       0.000       0.000       0.000       0.000       0.000       0.000       0.000       3.644      -8.656      -2.506       6.825       1.046       0.839       0.129       0.000       0.000       0.000       0.000
   343    12     9  2022       1       1  hru1                   0.000       0.000       0.000    2457.737      -1.275       0.000       0.000       0.000       0.000       0.000       0.000       0.000       0.000       2.794      -3.400      -0.303       6.825       2.523       0.712       0.129       0.000       0.000       0.000       0.000
   344    12    10  2022       1       1  hru1                   0.000       0.000       0.000    2457.737      -0.691       0.000       0.000       0.000       0.000       0.000       0.000       0.000       0.000       9.867      -2.050       3.908       6.825       3.587       0.817       0.130       0.000       0.000       0.000       0.000
   345    12    11  2022       1       1  hru1                   0.000       0.000       0.000    2457.737      -0.108       0.000       0.000       0.000       0.000       0.000       0.000       0.000       0.000       6.417       0.183       3.300       6.825       2.921       0.938       0.131       0.000       0.000       0.000       0.000
   346    12    12  2022       1       1  hru1                   0.000       0.000       0.000    2457.737       0.148       0.000       0.000       0.000       0.000       0.000       0.000       0.000       0.000       2.889      -1.311       0.789       6.825       3.262       0.972       0.131       0.000       0.000       0.000       0.000
   347    12    13  2022       1       1  hru1                   0.000       0.000       0.000    2457.737       0.189       0.000       0.000       0.000       0.000       0.000       0.000       0.000       0.000      -0.528      -2.122      -1.325       6.825       2.108       0.825       0.131       0.000       0.000       0.000       0.000
   348    12    14  2022       1       1  hru1                   0.000       0.000       0.000    2457.737       0.131       0.000       0.000       0.000       0.000       0.000       0.000       0.000       0.000       0.283      -3.506      -1.611       6.825       2.187       0.732       0.131       0.000       0.000       0.000       0.000
   349    12    15  2022       1       1  hru1                   0.000       0.000       0.000    2457.737      -0.159       0.000       0.000       0.000       0.000       0.000       0.000       0.000       0.000      -2.928      -5.122      -4.025       6.825       2.271       0.821       0.131       0.000       0.000       0.000       0.000
   350    12    16  2022       1       1  hru1                   0.000       0.000       0.000    2457.737      -0.634       0.000       0.000       0.000       0.000       0.000       0.000       0.000       0.000      -3.367      -7.600      -5.483       6.825       3.944       0.990       0.131       0.000       0.000       0.000       0.000
   351    12    17  2022       1       1  hru1                   0.000       0.000       0.000    2457.737      -1.829       0.000       0.000       0.000       0.000       0.000       0.000       0.000       0.000      -5.550     -14.850     -10.200       6.825       1.464       0.962       0.131       0.000       0.000       0.000       0.000
   352    12    18  2022       1       1  hru1                   0.000       0.000       0.000    2457.737      -3.020       0.000       0.000       0.000       0.000       0.000       0.000       0.000       0.000      -7.383     -16.194     -11.789       6.825       2.251       0.568       0.131       0.000       0.000       0.000       0.000
   353    12    19  2022       1       1  hru1                   0.000       0.000       0.000    2457.737      -3.705       0.000       0.000       0.000       0.000       0.000       0.000       0.000       0.000       0.244     -14.461      -7.108       6.825       2.521       0.652       0.131       0.000       0.000       0.000       0.000
   354    12    20  2022       1       1  hru1                   0.000       0.000       0.000    2457.737      -3.634       0.000       0.000       0.000       0.000       0.000       0.000       0.000       0.000       3.383      -8.339      -2.478       6.825       3.346       0.661       0.131       0.000       0.000       0.000       0.000
   355    12    21  2022       1       1  hru1                   0.000       0.000       0.000    2457.737      -3.286       0.000       0.000       0.000       0.000       0.000       0.000       0.000       0.000       5.494      -5.844      -0.175       6.825       2.286       0.858       0.131       0.000       0.000       0.000       0.000
   356    12    22  2022       1       1  hru1                   0.000       0.000       0.000    2457.737      -4.039       0.000       0.000       0.000       0.000       0.000       0.000       0.000       0.000      -5.778     -15.183     -10.481       6.825       4.394       0.817       0.131       0.000       0.000       0.000       0.000
   357    12    23  2022       1       1  hru1                   0.000       0.000       0.000    2457.737      -4.585       0.000       0.000       0.000       0.000       0.000       0.000       0.000       0.000      -4.950     -14.367      -9.658       6.825       2.465       0.806       0.131       0.000       0.000       0.000       0.000
   358    12    24  2022       1       1  hru1                   0.000       0.000       0.000    2457.737      -4.117       0.000       0.000       0.000       0.000       0.000       0.000       0.000       0.000      -0.794      -5.056      -2.925       6.825       3.228       0.990       0.131       0.000       0.000       0.000       0.000
   359    12    25  2022       1       1  hru1                   0.000       0.000       0.000    2457.737      -3.331       0.000       0.000       0.000       0.000       0.000       0.000       0.000       0.000       5.067      -1.917       1.575       6.825       2.092       0.990       0.131       0.000       0.000       0.000       0.000
   360    12    26  2022       1       1  hru1                   0.000       0.000       0.000    2457.737      -2.302       0.000       0.000       0.000       0.000       0.000       0.000       0.000       0.000       8.772       0.044       4.408       6.825       3.814       0.601       0.132       0.000       0.000       0.000       0.000
   361    12    27  2022       1       1  hru1                   0.000       0.000       0.000    2457.737      -1.302       0.000       0.000       0.000       0.000       0.000       0.000       0.000       0.000      11.461       0.422       5.942       6.825       1.915       0.990       0.134       0.000       0.000       0.000       0.000
   362    12    28  2022       1       1  hru1                   0.000       0.000       0.000    2457.737      -0.912       0.000       0.000       0.000       0.000       0.000       0.000       0.000       0.000       3.422      -1.989       0.717       6.825       2.463       0.677       0.134       0.000       0.000       0.000       0.000
   363    12    29  2022       1       1  hru1                   0.000       0.000       0.000    2457.737      -0.694       0.000       0.000       0.000       0.000       0.000       0.000       0.000       0.000       4.189      -3.639       0.275       6.825       3.366       0.630       0.134       0.000       0.000       0.000       0.000
   364    12    30  2022       1       1  hru1                   0.000       0.000       0.000    2457.737      -0.275       0.000       0.000       0.000       0.000       0.000       0.000       0.000       0.000       3.644      -0.733       1.456       6.825       2.644       0.990       0.135       0.000       0.000       0.000       0.000
   365    12    31  2022       1       1  hru1                   0.000       0.000       0.000    2457.737       0.170       0.000       0.000       0.000       0.000       0.000       0.000       0.000       0.000       4.717      -0.122       2.297       6.825       3.538       0.796       0.135       0.000       0.000       0.000       0.000
     1     1     1  2023       1       1  hru1                   0.000       0.000       0.000    1966.189       0.215       0.000       0.000       0.000       0.000       0.000       0.000       0.000       0.000       0.217      -2.428      -1.106       7.782       3.192       0.831       0.000       0.000       0.000       0.000       0.000
     2     1     2  2023       1       1  hru1                   0.000       0.000       0.000    1966.189       0.127       0.000       0.000       0.000       0.000       0.000       0.000       0.000       0.000       0.661      -3.911      -1.625       7.782       1.427       0.990       0.000       0.000       0.000       0.000       0.000
     3     1     3  2023       1       1  hru1                   0.000       0.000       0.000    1966.189      -0.089       0.000       0.000       0.000       0.000       0.000       0.000       0.000       0.000       0.528      -5.461      -2.467       7.782       2.735       0.591       0.000       0.000       0.000       0.000       0.000
     4     1     4  2023       1       1  hru1                   0.000       0.000       0.000    1966.189       0.122       0.000       0.000       0.000       0.000       0.000       0.000       0.000       0.000       3.972      -2.389       0.792       7.782       1.000       0.569       0.000       0.000       0.000       0.000       0.000
     5     1     5  2023       1       1  hru1                   0.000       0.000       0.000    1966.189       0.440       0.000       0.000       0.000       0.000       0.000       0.000       0.000       0.000       7.128      -2.083       2.522       7.782       2.617       0.990       0.001       0.000       0.000       0.000       0.000
     6     1     6  2023       1       1  hru1                   0.000       0.000       0.000    1966.189       0.819       0.000       0.000       0.000       0.000       0.000       0.000       0.000       0.000       5.861      -0.328       2.767       7.782       3.797       0.990       0.002       0.000       0.000       0.000       0.000
     7     1     7  2023       1       1  hru1                   0.000       0.000       0.000    1966.189       0.999       0.000       0.000       0.000       0.000       0.000       0.000       0.000       0.000       4.783      -1.506       1.639       7.782       2.639       0.821       0.002       0.000       0.000       0.000       0.000
     8     1     8  2023       1       1  hru1                   0.000       0.000       0.000    1966.189       1.264       0.000       0.000       0.000       0.000       0.000       0.000       0.000       0.000       7.094      -1.172       2.961       7.782       1.689       0.990       0.003       0.000       0.000       0.000       0.000
     9     1     9  2023       1       1  hru1                   0.000       0.000       0.000    1946.528       1.357       0.000       0.000       0.000       0.000       0.000       0.000       0.000       0.000       4.728      -1.711       1.508       7.782       2.857       0.888       0.003       0.000       0.000       0.000       0.000
    10     1    10  2023       1       1  hru1                   0.000       0.000       0.000    1927.062       1.542       0.000       0.000       0.000       0.000       0.000       0.000       0.000       0.000       4.206      -0.294       1.956       7.782       2.305       0.920       0.004       0.000       0.000       0.000       0.000
    11     1    11  2023       1       1  hru1                   0.000       0.000       0.000    1907.792       1.816       0.000       0.000       0.000       0.000       0.000       0.000       0.000       0.000       7.006      -0.056       3.475       7.782       3.235       0.990       0.005       0.000       0.000       0.000       0.000
    12     1    12  2023       1       1  hru1                   0.000       0.000       0.000    1888.714       2.017       0.000       0.000       0.000       0.000       0.000       0.000       0.000       0.000       6.567      -0.222       3.172       7.782       3.404       0.609       0.006       0.000       0.000       0.000       0.000
    13     1    13  2023       1       1  hru1                   0.000       0.000       0.000    1869.827       2.210       0.000       0.000       0.000       0.000       0.000       0.000       0.000       0.000       5.733       0.350       3.042       7.782       2.447       0.737       0.006       0.000       0.000       0.000       0.000
    14     1    14  2023       1       1  hru1                   0.000       0.000       0.000    1851.128       2.531       0.000       0.000       0.000       0.000       0.000       0.000       0.000       0.000       9.850       0.456       5.153       7.782       2.728       0.990       0.008       0.000       0.000       0.000       0.000
    15     1    15  2023       1       1  hru1                   0.000       0.000       0.000    1832.617       2.688       0.000       0.000       0.000       0.000       0.000       0.000       0.000       0.000       6.572       0.489       3.531       7.782       2.916       0.819       0.009       0.000       0.000       0.000       0.000
    16     1    16  2023       1       1  hru1                   0.000       0.000       0.000    1814.291       2.465       0.000       0.000       0.000       0.000       0.000       0.000       0.000       0.000       3.189      -2.122       0.533       7.782       2.506       0.658       0.009       0.000       0.000       0.000       0.000
    17     1    17  2023       1       1  hru1                   0.000       0.000       0.000    1796.148       2.123       0.000       0.000       0.000       0.000       0.000       0.000       0.000       0.000       0.389      -2.700      -1.156       7.782       2.175       0.966       0.009       0.000       0.000       0.000       0.000
    18     1    18  2023       1       1  hru1                   0.000       0.000       0.000    1778.187       1.679       0.000       0.000       0.000       0.000       0.000       0.000       0.000       0.000       3.639      -5.711      -1.036       7.782       2.092       0.584       0.009       0.000       0.000       0.000       0.000
    19     1    19  2023       1       1  hru1                   0.000       0.000       0.000    1778.187       1.228       0.000       0.000       0.000       0.000       0.000       0.000       0.000       0.000      -1.439      -4.489      -2.964       7.782       2.458       0.603       0.009       0.000       0.000       0.000       0.000
    20     1    20  2023       1       1  hru1                   0.000       0.000       0.000    1778.187       0.166       0.000       0.000       0.000       0.000       0.000       0.000       0.000       0.000      -2.256     -11.711      -6.983       7.782       1.357       0.990       0.009       0.000       0.000       0.000       0.000
    21     1    21  2023       1       1  hru1                   0.000       0.000       0.000    1778.187      -1.234       0.000       0.000       0.000       0.000       0.000       0.000       0.000       0.000      -5.494     -14.711     -10.103       7.782       1.076       0.599       0.009       0.000       0.000       0.000       0.000
    22     1    22  2023       1       1  hru1                   0.000       0.000       0.000    1778.187      -1.930       0.000       0.000       0.000       0.000       0.000       0.000       0.000       0.000      -4.272     -10.228      -7.250       7.782       3.844       0.880       0.009       0.000       0.000       0.000       0.000
    23     1    23  2023       1       1  hru1                   0.000       0.000       0.000    1778.187      -2.128       0.000       0.000       0.000       0.000       0.000       0.000       0.000       0.000      -1.783      -6.994      -4.389       7.782       1.064       0.990       0.009       0.000       0.000       0.000       0.000
    24     1    24  2023       1       1  hru1                   0.000       0.000       0.000    1778.187      -2.615       0.000       0.000       0.000       0.000       0.000       0.000       0.000       0.000      -0.494     -10.411      -5.453       7.782       3.769       0.561       0.009       0.000       0.000       0.000       0.000
    25     1    25  2023       1       1  hru1                   0.000       0.000       0.000    1778.187      -2.920       0.000       0.000       0.000       0.000       0.000       0.000       0.000       0.000      -1.983      -9.017      -5.500       7.782       2.746       0.639       0.009       0.000       0.000       0.000       0.000
    26     1    26  2023       1       1  hru1                   0.000       0.000       0.000    1778.187      -2.799       0.000       0.000       0.000       0.000       0.000       0.000       0.000       0.000       4.272      -6.783      -1.256       7.782       3.062       0.770       0.009       0.000       0.000       0.000       0.000
    27     1    27  2023       1       1  hru1                   0.000       0.000       0.000    1778.187      -1.856       0.000       0.000       0.000       0.000       0.000       0.000       0.000       0.000       5.056       0.728       2.892       7.782       2.022       0.711       0.010       0.000       0.000       0.000       0.000
    28     1    28  2023       1       1  hru1                   0.000       0.000       0.000    1778.187      -1.790       0.000       0.000       0.000       0.000       0.000       0.000       0.000       0.000       3.339      -6.706      -1.683       7.782       3.197       0.782       0.010       0.000       0.000       0.000       0.000
    29     1    29  2023       1       1  hru1                   0.000       0.000       0.000    1778.187      -2.680       0.000       0.000       0.000       0.000       0.000       0.000       0.000       0.000      -6.539     -13.256      -9.897       7.782       2.318       0.749       0.010       0.000       0.000       0.000       0.000
    30     1    30  2023       1       1  hru1                   0.000       0.000       0.000    1778.187      -3.902       0.000       0.000       0.000       0.000       0.000       0.000       0.000       0.000      -9.450     -17.283     -13.367       7.782       2.888       0.990       0.010       0.000       0.000       0.000       0.000
    31     1    31  2023       1       1  hru1                   0.000       0.000       0.000    1778.187      -4.990       0.000       0.000       0.000       0.000       0.000       0.000       0.000       0.000      -8.500     -18.267     -13.383       7.782       3.595       0.658       0.010       0.000       0.000       0.000       0.000
    32     2     1  2023       1       1  hru1                   0.000       0.000       0.000    1778.187      -5.149       0.000       0.000       0.000       0.000       0.000       0.000       0.000       0.000      -2.317     -13.244      -7.781      11.295       2.856       0.815       0.010       0.000       0.000       0.000       0.000
    33     2     2  2023       1       1  hru1                   0.000       0.000       0.000    1778.187      -5.032       0.000       0.000       0.000       0.000       0.000       0.000       0.000       0.000       0.222     -11.556      -5.667      11.295       2.341       0.882       0.010       0.000       0.000       0.000       0.000
    34     2     3  2023       1       1  hru1                   0.000       0.000       0.000    1778.187      -4.484       0.000       0.000       0.000       0.000       0.000       0.000       0.000       0.000       2.389      -7.256      -2.433      11.295       2.972       0.755       0.010       0.000       0.000       0.000       0.000
    35     2     4  2023       1       1  hru1                   0.000       0.000       0.000    1778.187      -3.867       0.000       0.000       0.000       0.000       0.000       0.000       0.000       0.000       4.883      -6.750      -0.933      11.295       2.511       0.579       0.010       0.000       0.000       0.000       0.000
    36     2     5  2023       1       1  hru1                   0.000       0.000       0.000    1778.187      -2.904       0.000       0.000       0.000       0.000       0.000       0.000       0.000       0.000       5.228      -1.583       1.822      11.295       1.952       0.990       0.010       0.000       0.000       0.000       0.000
    37     2     6  2023       1       1  hru1                   0.000       0.000       0.000    1778.187      -1.999       0.000       0.000       0.000       0.000       0.000       0.000       0.000       0.000       4.639      -0.156       2.242      11.295       2.867       0.990       0.011       0.000       0.000       0.000       0.000
    38     2     7  2023       1       1  hru1                   0.000       0.000       0.000    1778.187      -1.126       0.000       0.000       0.000       0.000       0.000       0.000       0.000       0.000       8.356      -0.844       3.756      11.295       2.893       0.755       0.012       0.000       0.000       0.000       0.000
    39     2     8  2023       1       1  hru1                   0.000       0.000       0.000    1778.187      -0.831       0.000       0.000       0.000       0.000       0.000       0.000       0.000       0.000       3.328      -3.578      -0.125      11.295       3.789       0.871       0.012       0.000       0.000       0.000       0.000
    40     2     9  2023       1       1  hru1                   0.000       0.000       0.000    1778.187      -0.730       0.000       0.000       0.000       0.000       0.000       0.000       0.000       0.000       3.700      -5.594      -0.947      11.295       2.239       0.816       0.012       0.000       0.000       0.000       0.000
    41     2    10  2023       1       1  hru1                   0.000       0.000       0.000    1778.187      -0.781       0.000       0.000       0.000       0.000       0.000       0.000       0.000       0.000       3.767      -7.294      -1.764      11.295       2.752       0.771       0.012       0.000       0.000       0.000       0.000
    42     2    11  2023       1       1  hru1                   0.000       0.000       0.000    1778.187      -0.570       0.000       0.000       0.000       0.000       0.000       0.000       0.000       0.000       5.278      -5.022       0.128      11.295       1.949       0.853       0.012       0.000       0.000       0.000       0.000
    43     2    12  2023       1       1  hru1                   0.000       0.000       0.000    1778.187      -0.436       0.000       0.000       0.000       0.000       0.000       0.000       0.000       0.000       6.906      -6.444       0.231      11.295       3.385       0.824       0.012       0.000       0.000       0.000       0.000
    44     2    13  2023       1       1  hru1                   0.000       0.000       0.000    1778.187      -0.364       0.000       0.000       0.000       0.000       0.000       0.000       0.000       0.000       6.067      -6.511      -0.222      11.295       2.236       0.634       0.012       0.000       0.000       0.000       0.000
    45     2    14  2023       1       1  hru1                   0.000       0.000       0.000    1778.187      -0.575       0.000       0.000       0.000       0.000       0.000       0.000       0.000       0.000      -2.050      -5.506      -3.778      11.295       1.731       0.937       0.012       0.000       0.000       0.000       0.000
    46     2    15  2023       1       1  hru1                   0.000       0.000       0.000    1778.187      -0.852       0.000       0.000       0.000       0.000       0.000       0.000       0.000       0.000       2.150      -8.950      -3.400      11.295       1.641       0.677       0.012       0.000       0.000       0.000       0.000
    47     2    16  2023       1       1  hru1                   0.000       0.000       0.000    1778.187      -0.924       0.000       0.000       0.000       0.000       0.000       0.000       0.000       0.000       4.478      -8.233      -1.878      11.295       3.005       0.843       0.012       0.000       0.000       0.000       0.000
    48     2    17  2023       1       1  hru1                   0.000       0.000       0.000    1778.187      -1.214       0.000       0.000       0.000       0.000       0.000       0.000       0.000       0.000       3.628     -10.578      -3.475      11.295       4.233       0.551       0.012       0.000       0.000       0.000       0.000
    49     2    18  2023       1       1  hru1                   0.000       0.000       0.000    1778.187      -1.470       0.000       0.000       0.000       0.000       0.000       0.000       0.000       0.000       3.033     -10.400      -3.683      11.295       3.657       0.560       0.012       0.000       0.000       0.000       0.000
    50     2    19  2023       1       1  hru1                   0.000       0.000       0.000    1778.187      -1.278       0.000       0.000       0.000       0.000       0.000       0.000       0.000       0.000       6.700      -7.394      -0.347      11.295       3.465       0.742       0.012       0.000       0.000       0.000       0.000
    51     2    20  2023       1       1  hru1                   0.000       0.000       0.000    1778.187      -0.010       0.000       0.000       0.000       0.000       0.000       0.000       0.000       0.000      10.856       3.894       7.375      11.295       2.039       0.825       0.014       0.000       0.000       0.000       0.000
    52     2    21  2023       1       1  hru1                   0.000       0.000       0.000    1778.187       0.422       0.000       0.000       0.000       0.000       0.000       0.000       0.000       0.000       8.022      -2.428       2.797      11.295       4.233       0.853       0.015       0.000       0.000       0.000       0.000
    53     2    22  2023       1       1  hru1                   0.000       0.000       0.000    1778.187      -0.099       0.000       0.000       0.000       0.000       0.000       0.000       0.000       0.000       1.444      -9.767      -4.161      11.295       3.753       0.439       0.015       0.000       0.000       0.000       0.000
    54     2    23  2023       1       1  hru1                   0.000       0.000       0.000    1778.187      -0.737       0.000       0.000       0.000       0.000       0.000       0.000       0.000       0.000       1.311     -12.133      -5.411      11.295       2.532       0.964       0.015       0.000       0.000       0.000       0.000
    55     2    24  2023       1       1  hru1                   0.000       0.000       0.000    1778.187      -0.902       0.000       0.000       0.000       0.000       0.000       0.000       0.000       0.000       4.967      -9.489      -2.261      11.295       3.745       0.884       0.015       0.000       0.000       0.000       0.000
    56     2    25  2023       1       1  hru1                   0.000       0.000       0.000    1778.187      -0.704       0.000       0.000       0.000       0.000       0.000       0.000       0.000       0.000       7.556      -6.750       0.403      11.295       1.239       0.857       0.015       0.000       0.000       0.000       0.000
    57     2    26  2023       1       1  hru1                   0.000       0.000       0.000    1778.187      -0.301       0.000       0.000       0.000       0.000       0.000       0.000       0.000       0.000       6.456      -3.300       1.578      11.295       3.782       0.990       0.015       0.000       0.000       0.000       0.000
    58     2    27  2023       1       1  hru1                   0.000       0.000       0.000    1778.187      -0.198       0.000       0.000       0.000       0.000       0.000       0.000       0.000       0.000       4.722      -5.278      -0.278      11.295       2.128       0.951       0.015       0.000       0.000       0.000       0.000
    59     2    28  2023       1       1  hru1                   0.000       0.000       0.000    1778.187      -0.105       0.000       0.000       0.000       0.000       0.000       0.000       0.000       0.000       1.539      -3.478      -0.969      11.295       1.043       0.935       0.015       0.000       0.000       0.000       0.000
    60     3     1  2023       1       1  hru1                   0.000       0.000       0.000    1778.187      -0.099       0.000       0.000       0.000       0.000       0.000       0.000       0.000       0.000      -0.089      -4.044      -2.067      16.267       0.859       0.517       0.015       0.000       0.000       0.000       0.000
    61     3     2  2023       1       1  hru1                   0.000       0.000       0.000    1778.187      -0.068       0.000       0.000       0.000       0.000       0.000       0.000       0.000       0.000       2.611      -5.767      -1.578      16.267       3.161       0.990       0.015       0.000       0.000       0.000       0.000
    62     3     3  2023       1       1  hru1                   0.000       0.000       0.000    1778.187      -0.146       0.000       0.000       0.000       0.000       0.000       0.000       0.000       0.000       1.911      -6.722      -2.406      16.267       1.646       0.783       0.015       0.000       0.000       0.000       0.000
    63     3     4  2023       1       1  hru1                   0.000       0.000       0.000    1778.187      -0.344       0.000       0.000       0.000       0.000       0.000       0.000       0.000       0.000       0.283      -7.361      -3.539      16.267       4.042       0.322       0.015       0.000       0.000       0.000       0.000
    64     3     5  2023       1       1  hru1                   0.000       0.000       0.000    1778.187      -0.118       0.000       0.000       0.000       0.000       0.000       0.000       0.000       0.000       3.428      -4.250      -0.411      16.267       3.294       0.489       0.015       0.000       0.000       0.000       0.000
    65     3     6  2023       1       1  hru1                   0.000       0.000       0.000    1778.187      -0.141       0.000       0.000       0.000       0.000       0.000       0.000       0.000       0.000       1.539      -5.844      -2.153      16.267       2.649       0.983       0.015       0.000       0.000       0.000       0.000
    66     3     7  2023       1       1  hru1                   0.000       0.000       0.000    1778.187      -0.845       0.000       0.000       0.000       0.000       0.000       0.000       0.000       0.000       1.267     -10.950      -4.842      16.267       2.474       0.612       0.015       0.000       0.000       0.000       0.000
    67     3     8  2023       1       1  hru1                   0.000       0.000       0.000    1778.187      -0.947       0.000       0.000       0.000       0.000       0.000       0.000       0.000       0.000       0.928      -5.700      -2.386      16.267       2.571       0.511       0.015       0.000       0.000       0.000       0.000
    68     3     9  2023       1       1  hru1                   0.000       0.000       0.000    1778.187      -1.042       0.000       0.000       0.000       0.000       0.000       0.000       0.000       0.000       6.228      -7.394      -0.583      16.267       3.190       0.545       0.015       0.000       0.000       0.000       0.000
    69     3    10  2023       1       1  hru1                   0.000       0.000       0.000    1778.187      -0.138       0.000       0.000       0.000       0.000       0.000       0.000       0.000       0.000      11.683      -2.533       4.575      16.267       2.888       0.990       0.016       0.000       0.000       0.000       0.000
    70     3    11  2023       1       1  hru1                   0.000       0.000       0.000    1778.187       0.207       0.000       0.000       0.000       0.000       0.000       0.000       0.000       0.000       6.833      -4.700       1.067      16.267       4.519       0.743       0.017       0.000       0.000       0.000       0.000
    71     3    12  2023       1       1  hru1                   0.000       0.000       0.000    1778.187       0.535       0.000       0.000       0.000       0.000       0.000       0.000       0.000       0.000       4.367      -2.328       1.019      16.267       3.762       0.361       0.017       0.000       0.000       0.000       0.000
    72     3    13  2023       1       1  hru1                   0.000       0.000       0.000    1778.187       1.288       0.000       0.000       0.000       0.000       0.000       0.000       0.000       0.000       9.856       0.150       5.003      16.267       2.837       0.944       0.018       0.000       0.000       0.000       0.000
    73     3    14  2023       1       1  hru1                   0.000       0.000       0.000    1760.405       2.382       0.000       0.000       0.000       0.000       0.000       0.000       0.000       0.000      13.294       4.022       8.658      16.267       1.617       0.314       0.021       0.000       0.000       0.000       0.000
    74     3    15  2023       1       1  hru1                   0.000       0.000       0.000    1742.801       2.763       0.000       0.000       0.000       0.000       0.000       0.000       0.000       0.000       9.706      -0.978       4.364      16.267       1.645       0.753       0.022       0.000       0.000       0.000       0.000
    75     3    16  2023       1       1  hru1                   0.000       0.000       0.000    1725.373       2.662       0.000       0.000       0.000       0.000       0.000       0.000       0.000       0.000       6.261      -4.350       0.956      16.267       2.621       0.551       0.022       0.000       0.000       0.000       0.000
    76     3    17  2023       1       1  hru1                   0.000       0.000       0.000    1708.119       2.535       0.000       0.000       0.000       0.000       0.000       0.000       0.000       0.000       6.533      -5.167       0.683      16.267       4.561       0.524       0.022       0.000       0.000       0.000       0.000
    77     3    18  2023       1       1  hru1                   0.000       0.000       0.000    1691.038       2.692       0.000       0.000       0.000       0.000       0.000       0.000       0.000       0.000       9.517      -3.739       2.889      16.267       3.301       0.516       0.023       0.000       0.000       0.000       0.000
    78     3    19  2023       1       1  hru1                   0.000       0.000       0.000    1674.127       2.957       0.000       0.000       0.000       0.000       0.000       0.000       0.000       0.000      11.000      -3.033       3.983      16.267       4.219       0.780       0.024       0.000       0.000       0.000       0.000
    79     3    20  2023       1       1  hru1                   0.000       0.000       0.000    1657.386       3.224       0.000       0.000       0.000       0.000       0.000       0.000       0.000       0.000       7.617       0.172       3.894      16.267       3.434       0.990       0.025       0.000       0.000       0.000       0.000
    80     3    21  2023       1       1  hru1                   0.000       0.000       0.000    1640.812       3.450       0.000       0.000       0.000       0.000       0.000       0.000       0.000       0.000       8.350      -0.361       3.994      16.267       3.736       0.649       0.026       0.000       0.000       0.000       0.000
    81     3    22  2023       1       1  hru1                   0.000       0.000       0.000    1624.404       3.535       0.000       0.000       0.000       0.000       0.000       0.000       0.000       0.000       7.033      -0.872       3.081      16.267       4.320       0.530       0.027       0.000       0.000       0.000       0.000
    82     3    23  2023       1       1  hru1                   0.000       0.000       0.000    1608.160       3.804       0.000       0.000       0.000       0.000       0.000       0.000       0.000       0.000       7.972       1.156       4.564      16.267       3.714       0.742       0.028       0.000       0.000       0.000       0.000
    83     3    24  2023       1       1  hru1                   0.000       0.000       0.000    1592.079       3.478       0.000       0.000       0.000       0.000       0.000       0.000       0.000       0.000       3.189      -2.800       0.194      16.267       3.669       0.529       0.028       0.000       0.000       0.000       0.000
    84     3    25  2023       1       1  hru1                   0.000       0.000       0.000    1576.158       3.061       0.000       0.000       0.000       0.000       0.000       0.000       0.000       0.000       1.978      -3.878      -0.950      16.267       3.641       0.776       0.028       0.000       0.000       0.000       0.000
    85     3    26  2023       1       1  hru1                   0.000       0.000       0.000    1560.396       2.663       0.000       0.000       0.000       0.000       0.000       0.000       0.000       0.000       1.744      -4.350      -1.303      16.267       2.689       0.407       0.028       0.000       0.000       0.000       0.000
    86     3    27  2023       1       1  hru1                   0.000       0.000       0.000    1544.792       2.586       0.000       0.000       0.000       0.000       0.000       0.000       0.000       0.000       6.394      -4.350       1.022      16.267       1.823       0.821       0.029       0.000       0.000       0.000       0.000
    87     3    28  2023       1       1  hru1                   0.000       0.000       0.000    1529.344       3.165       0.000       0.000       0.000       0.000       0.000       0.000       0.000       0.000      12.850      -0.361       6.244      16.267       3.647       0.479       0.030       0.000       0.000       0.000       0.000
    88     3    29  2023       1       1  hru1                   0.000       0.000       0.000    1514.051       3.375       0.000       0.000       0.000       0.000       0.000       0.000       0.000       0.000       6.400       0.711       3.556      16.267       3.399       0.923       0.031       0.000       0.000       0.000       0.000
    89     3    30  2023       1       1  hru1                   0.000       0.000       0.000    1498.910       3.177       0.000       0.000       0.000       0.000       0.000       0.000       0.000       0.000       2.083      -1.172       0.456      16.267       3.524       0.990       0.031       0.000       0.000       0.000       0.000
    90     3    31  2023       1       1  hru1                   0.000       0.000       0.000    1483.921       3.398       0.000       0.000       0.000       0.000       0.000       0.000       0.000       0.000       5.928       1.300       3.614      16.267       3.205       0.985       0.032       0.000       0.000       0.000       0.000
    91     4     1  2023       1       1  hru1                   0.000       0.000       0.000    1469.082       3.909       0.000       0.000       0.000       0.000       0.000       0.000       0.000       0.000      10.800       0.194       5.497      21.914       4.719       0.990       0.034       0.000       0.000       0.000       0.000
    92     4     2  2023       1       1  hru1                   0.000       0.000       0.000    1454.391       3.909       0.000       0.000       0.000       0.000       0.000       0.000       0.000       0.000       4.811      -0.133       2.339      21.914       3.298       0.954       0.034       0.000       0.000       0.000       0.000
    93     4     3  2023       1       1  hru1                   0.000       0.000       0.000    1439.847       3.694       0.000       0.000       0.000       0.000       0.000       0.000       0.000       0.000       3.294      -1.989       0.653      21.914       3.393       0.990       0.035       0.000       0.000       0.000       0.000
    94     4     4  2023       1       1  hru1                   0.000       0.000       0.000    1425.449       3.559       0.000       0.000       0.000       0.000       0.000       0.000       0.000       0.000       4.717      -2.833       0.942      21.914       3.128       0.584       0.035       0.000       0.000       0.000       0.000
    95     4     5  2023       1       1  hru1                   0.000       0.000       0.000    1411.194       3.543       0.000       0.000       0.000       0.000       0.000       0.000       0.000       0.000       6.467      -3.272       1.597      21.914       2.084       0.374       0.035       0.000       0.000       0.000       0.000
    96     4     6  2023       1       1  hru1                   0.000       0.000       0.000    1397.082       3.711       0.000       0.000       0.000       0.000       0.000       0.000       0.000       0.000      10.578      -4.983       2.797      21.914       3.289       0.215       0.036       0.000       0.000       0.000       0.000
    97     4     7  2023       1       1  hru1                   0.000       0.000       0.000    1383.112       4.283       0.000       0.000       0.000       0.000       0.000       0.000       0.000       0.000      13.656      -1.378       6.139      21.914       4.645       0.325       0.038       0.000       0.000       0.000       0.000
    98     4     8  2023       1       1  hru1                   0.000       0.000       0.000    1369.281       4.977       0.000       0.000       0.000       0.000       0.000       0.000       0.000       0.000      15.700      -0.200       7.750      21.914       2.460       0.185       0.040       0.000       0.000       0.000       0.000
    99     4     9  2023       1       1  hru1                   0.000       0.000       0.000    1355.588       5.995       0.000       0.000       0.000       0.000       0.000       0.000       0.000       0.000      21.089       0.850      10.969      21.914       3.402       0.443       0.043       0.000       0.000       0.000       0.000
   100     4    10  2023       1       1  hru1                   0.000       0.000       0.000    1342.032       7.291       0.000       0.000       0.000       0.000       0.000       0.000       0.000       0.000      25.272       3.411      14.342      21.914       3.680       0.242       0.047       0.000       0.000       0.000       0.000
   101     4    11  2023       1       1  hru1                   0.000       0.000       0.000    1328.612       8.445       0.000       0.000       0.000       0.000       0.000       0.000       0.000       0.000      22.500       7.683      15.092      21.914       2.514       0.240       0.051       0.000       0.000       0.000       0.000
   102     4    12  2023       1       1  hru1                   0.000       0.000       0.000    1315.325       8.307       0.000       0.000       0.000       0.000       0.000       0.000       0.000       0.000      14.017      -0.994       6.511      21.914       4.904       0.299       0.052       0.000       0.000       0.000       0.000
   103     4    13  2023       1       1  hru1                   0.000       0.000       0.000    1302.172       7.697       0.000       0.000       0.000       0.000       0.000       0.000       0.000       0.000       8.550      -2.983       2.783      21.914       2.049       0.319       0.053       0.000       0.000       0.000       0.000
   104     4    14  2023       1       1  hru1                   0.000       0.000       0.000    1289.151       7.316       0.000       0.000       0.000       0.000       0.000       0.000       0.000       0.000      10.711      -3.311       3.700      21.914       2.736       0.430       0.054       0.000       0.000       0.000       0.000
   105     4    15  2023       1       1  hru1                   0.000       0.000       0.000    1276.259       7.332       0.000       0.000       0.000       0.000       0.000       0.000       0.000       0.000      16.606      -4.489       6.058      21.914       3.795       0.324       0.056       0.000       0.000       0.000       0.000
   106     4    16  2023       1       1  hru1                   0.000       0.000       0.000    1263.496       8.183       0.000       0.000       0.000       0.000       0.000       0.000       0.000       0.000      23.628       1.417      12.522      21.914       5.470       0.359       0.059       0.000       0.000       0.000       0.000
   107     4    17  2023       1       1  hru1                   0.000       0.000       0.000    1250.861       8.460       0.000       0.000       0.000       0.000       0.000       0.000       0.000       0.000      16.539       2.283       9.411      21.914       4.570       0.204       0.062       0.000       0.000       0.000       0.000
   108     4    18  2023       1       1  hru1                   0.000       0.000       0.000    1238.353       7.776       0.000       0.000       0.000       0.000       0.000       0.000       0.000       0.000       7.850      -3.078       2.386      21.914       2.880       0.303       0.062       0.000       0.000       0.000       0.000
   109     4    19  2023       1       1  hru1                   0.000       0.000       0.000    1225.969       7.093       0.000       0.000       0.000       0.000       0.000       0.000       0.000       0.000       9.644      -7.022       1.311      21.914       4.637       0.240       0.063       0.000       0.000       0.000       0.000
   110     4    20  2023       1       1  hru1                   0.000       0.000       0.000    1213.710       6.759       0.000       0.000       0.000       0.000       0.000       0.000       0.000       0.000       9.872      -3.339       3.267      21.914       4.245       0.305       0.064       0.000       0.000       0.000       0.000
   111     4    21  2023       1       1  hru1                   0.000       0.000       0.000    1201.573       6.813       0.000       0.000       0.000       0.000       0.000       0.000       0.000       0.000       9.778       2.306       6.042      21.914       4.000       0.353       0.065       0.000       0.000       0.000       0.000
   112     4    22  2023       1       1  hru1                   0.000       0.000       0.000    1189.557       7.063       0.000       0.000       0.000       0.000       0.000       0.000       0.000       0.000      12.661       2.433       7.547      21.914       2.464       0.798       0.067       0.000       0.000       0.000       0.000
   113     4    23  2023       1       1  hru1                   0.000       0.000       0.000    1177.661       7.425       0.000       0.000       0.000       0.000       0.000       0.000       0.000       0.000      18.094      -1.244       8.425      21.914       2.125       0.445       0.069       0.000       0.000       0.000       0.000
   114     4    24  2023       1       1  hru1                   0.000       0.000       0.000    1165.885       7.760       0.000       0.000       0.000       0.000       0.000       0.000       0.000       0.000      14.700       3.178       8.939      21.914       2.131       0.275       0.072       0.000       0.000       0.000       0.000
   115     4    25  2023       1       1  hru1                   0.000       0.000       0.000    1154.226       7.997       0.000       0.000       0.000       0.000       0.000       0.000       0.000       0.000      15.767       1.250       8.508      21.914       3.869       0.476       0.074       0.000       0.000       0.000       0.000
   116     4    26  2023       1       1  hru1                   0.000       0.000       0.000    1142.684       8.476       0.000       0.000       0.000       0.000       0.000       0.000       0.000       0.000      20.050       1.044      10.547      21.914       5.544       0.423       0.077       0.000       0.000       0.000       0.000
   117     4    27  2023       1       1  hru1                   0.000       0.000       0.000    1131.257       9.293       0.000       0.000       0.000       0.000       0.000       0.000       0.000       0.000      21.400       6.517      13.958      21.914       4.152       0.216       0.081       0.000       0.000       0.000       0.000
   118     4    28  2023       1       1  hru1                   0.000       0.000       0.000    1119.944       9.868       0.000       0.000       0.000       0.000       0.000       0.000       0.000       0.000      23.033       2.906      12.969      21.914       3.673       0.497       0.084       0.000       0.000       0.000       0.000
   119     4    29  2023       1       1  hru1                   0.000       0.000       0.000    1108.745      10.674       0.000       0.000       0.000       0.000       0.000       0.000       0.000       0.000      28.667       1.983      15.325      21.914       2.586       0.327       0.088       0.000       0.000       0.000       0.000
   120     4    30  2023       1       1  hru1                   0.000       0.000       0.000    1097.657      11.770       0.000       0.000       0.000       0.000       0.000       0.000       0.000       0.000      30.278       7.350      18.814      21.914       2.966       0.345       0.093       0.000       0.000       0.000       0.000
   121     5     1  2023       1       1  hru1                   0.000       0.000       0.000    1086.681      13.040       0.000       0.000       0.000       0.000       0.000       0.000       0.000       0.000      30.389      10.422      20.406      25.817       2.768       0.099       0.099       0.000       0.000       0.000       0.000
   122     5     2  2023       1       1  hru1                   0.000       0.000       0.000    1075.814      13.676       0.000       0.000       0.000       0.000       0.000       0.000       0.000       0.000      25.300       9.917      17.608      25.817       1.916       0.094       0.104       0.000       0.000       0.000       0.000
   123     5     3  2023       1       1  hru1                   0.000       0.000       0.000    1065.056      14.095       0.000       0.000       0.000       0.000       0.000       0.000       0.000       0.000      25.811       7.050      16.431      25.817       2.161       0.192       0.108       0.000       0.000       0.000       0.000
   124     5     4  2023       1       1  hru1                   0.000       0.000       0.000    1054.008      13.921       0.000       0.000       0.000       0.000       0.000       0.000       0.000       0.000      18.756       7.356      13.056      25.817       2.469       0.990       0.112       0.000       0.000       0.000       0.000
   125     5     5  2023       1       1  hru1                   0.000       0.000       0.000    1043.363      13.606       0.000       0.000       0.000       0.000       0.000       0.000       0.000       0.000      18.139       4.800      11.469      25.817       2.357       0.781       0.115       0.000       0.000       0.000       0.000
   126     5     6  2023       1       1  hru1                   0.000       0.000       0.000    1032.929      13.112       0.000       0.000       0.000       0.000       0.000       0.000       0.000       0.000      14.489       5.644      10.067      25.817       3.762       0.786       0.117       0.000       0.000       0.000       0.000
   127     5     7  2023       1       1  hru1                   0.000       0.000       0.000    1022.600      12.547       0.000       0.000       0.000       0.000       0.000       0.000       0.000       0.000      14.394       2.800       8.597      25.817       2.730       0.915       0.120       0.000       0.000       0.000       0.000
   128     5     8  2023       1       1  hru1                   0.000       0.000       0.000    1012.374      11.904       0.000       0.000       0.000       0.000       0.000       0.000       0.000       0.000      13.211       1.183       7.197      25.817       0.845       0.988       0.122       0.000       0.000       0.000       0.000
   129     5     9  2023       1       1  hru1                   0.000       0.000       0.000    1002.250      11.477       0.000       0.000       0.000       0.000       0.000       0.000       0.000       0.000      14.167       1.850       8.008      25.817       2.554       0.144       0.124       0.000       0.000       0.000       0.000
   130     5    10  2023       1       1  hru1                   0.000       0.000       0.000     992.228      11.634       0.000       0.000       0.000       0.000       0.000       0.000       0.000       0.000      18.928       4.694      11.811      25.817       2.720       0.371       0.127       0.000       0.000       0.000       0.000
   131     5    11  2023       1       1  hru1                   0.000       0.000       0.000     982.305      11.910       0.000       0.000       0.000       0.000       0.000       0.000       0.000       0.000      20.550       5.133      12.842      25.817       3.054       0.496       0.130       0.000       0.000       0.000       0.000
   132     5    12  2023       1       1  hru1                   0.000       0.000       0.000     972.482      12.286       0.000       0.000       0.000       0.000       0.000       0.000       0.000       0.000      23.033       4.317      13.675      25.817       1.967       0.242       0.134       0.000       0.000       0.000       0.000
   133     5    13  2023       1       1  hru1                   0.000       0.000       0.000     962.757      12.761       0.000       0.000       0.000       0.000       0.000       0.000       0.000       0.000      22.172       8.900      15.536      25.817       2.937       0.383       0.138       0.000       0.000       0.000       0.000
   134     5    14  2023       1       1  hru1                   0.000       0.000       0.000     953.130      13.182       0.000       0.000       0.000       0.000       0.000       0.000       0.000       0.000      21.633      10.361      15.997      25.817       4.313       0.269       0.143       0.000       0.000       0.000       0.000
   135     5    15  2023       1       1  hru1                   0.000       0.000       0.000     943.405      13.682       0.000       0.000       0.000       0.000       0.000       0.000       0.000       0.000      25.672       7.356      16.514      25.817       3.635       0.990       0.147       0.000       0.000       0.000       0.000
   136     5    16  2023       1       1  hru1                   0.000       0.000       0.000     933.347      14.169       0.000       0.000       0.000       0.000       0.000       0.000       0.000       0.000      25.878       8.289      17.083      25.817       2.965       0.990       0.152       0.000       0.000       0.000       0.000
   137     5    17  2023       1       1  hru1                   0.000       0.000       0.000     924.014      14.392       0.000       0.000       0.000       0.000       0.000       0.000       0.000       0.000      24.083       7.283      15.683      25.817       3.194       0.151       0.156       0.000       0.000       0.000       0.000
   138     5    18  2023       1       1  hru1                   0.000       0.000       0.000     914.773      14.808       0.000       0.000       0.000       0.000       0.000       0.000       0.000       0.000      26.461       8.500      17.481      25.817       2.938       0.202       0.161       0.000       0.000       0.000       0.000
   139     5    19  2023       1       1  hru1                   0.000       0.000       0.000     905.626      15.292       0.000       0.000       0.000       0.000       0.000       0.000       0.000       0.000      27.611       9.717      18.664      25.817       2.890       0.417       0.166       0.000       0.000       0.000       0.000
   140     5    20  2023       1       1  hru1                   0.000       0.000       0.000     896.569      15.872       0.000       0.000       0.000       0.000       0.000       0.000       0.000       0.000      30.944       8.433      19.689      25.817       2.483       0.427       0.171       0.000       0.000       0.000       0.000
   141     5    21  2023       1       1  hru1                   0.000       0.000       0.000     887.604      16.408       0.000       0.000       0.000       0.000       0.000       0.000       0.000       0.000      31.111       9.478      20.294      25.817       2.481       0.270       0.176       0.000       0.000       0.000       0.000
   142     5    22  2023       1       1  hru1                   0.000       0.000       0.000     878.728      16.466       0.000       0.000       0.000       0.000       0.000       0.000       0.000       0.000      24.861      11.378      18.119      25.817       3.083       0.272       0.181       0.000       0.000       0.000       0.000
   143     5    23  2023       1       1  hru1                   0.000       0.000       0.000     868.582      16.126       0.000       0.000       0.000       0.000       0.000       0.000       0.000       0.000      21.567       8.700      15.133      25.817       5.908       0.990       0.185       0.000       0.000       0.000       0.000
   144     5    24  2023       1       1  hru1                   0.000       0.000       0.000     857.339      15.823       0.000       0.000       0.000       0.000       0.000       0.000       0.000       0.000      20.178      10.294      15.236      25.817       3.542       0.761       0.189       0.000       0.000       0.000       0.000
   145     5    25  2023       1       1  hru1                   0.000       0.000       0.000     846.686      15.528       0.000       0.000       0.000       0.000       0.000       0.000       0.000       0.000      21.228       7.194      14.211      25.817       4.437       0.990       0.193       0.000       0.000       0.000       0.000
   146     5    26  2023       1       1  hru1                   0.000       0.000       0.000     836.316      15.392       0.000       0.000       0.000       0.000       0.000       0.000       0.000       0.000      22.578       7.294      14.936      25.817       4.051       0.874       0.197       0.000       0.000       0.000       0.000
   147     5    27  2023       1       1  hru1                   0.000       0.000       0.000     826.172      15.328       0.000       0.000       0.000       0.000       0.000       0.000       0.000       0.000      21.361       9.922      15.642      25.817       2.957       0.826       0.202       0.000       0.000       0.000       0.000
   148     5    28  2023       1       1  hru1                   0.000       0.000       0.000     817.910      15.286       0.000       0.000       0.000       0.000       0.000       0.000       0.000       0.000      22.389       7.967      15.178      25.817       3.941       0.237       0.206       0.000       0.000       0.000       0.000
   149     5    29  2023       1       1  hru1                   0.000       0.000       0.000     809.731      15.591       0.000       0.000       0.000       0.000       0.000       0.000       0.000       0.000      25.406      10.028      17.717      25.817       2.391       0.433       0.210       0.000       0.000       0.000       0.000
   150     5    30  2023       1       1  hru1                   0.000       0.000       0.000     801.634      15.847       0.000       0.000       0.000       0.000       0.000       0.000       0.000       0.000      26.183       9.106      17.644      25.817       2.856       0.414       0.215       0.000       0.000       0.000       0.000
   151     5    31  2023       1       1  hru1                   0.000       0.000       0.000     793.617      16.021       0.000       0.000       0.000       0.000       0.000       0.000       0.000       0.000      26.078       8.706      17.392      25.817       4.826       0.754       0.220       0.000       0.000       0.000       0.000
   152     6     1  2023       1       1  hru1                   0.000       0.000       0.000     785.681      16.014       0.000       0.000       0.317       0.000       0.000       0.000       0.000       0.000      22.594       9.689      16.142      28.473       3.385       0.379       0.224       0.000       0.000       0.000       0.000
   153     6     2  2023       1       1  hru1                   0.001      12.547       0.000     775.279      16.165       0.000       0.000       0.230       0.000       0.000       0.000       0.000       0.000      23.617      11.422      17.519      28.473       2.928       0.280       0.229       0.000       0.000       0.000       0.000
   154     6     3  2023       1       1  hru1                   0.003      26.243       0.000     764.921      16.255       0.000       0.000       0.300       0.000       0.000       0.589       0.000       0.090      24.656       8.133      16.394      28.473       2.683       0.314       0.233       0.000       0.000       0.000       0.000
   155     6     4  2023       1       1  hru1                   0.004      39.473       0.000     754.318      16.593       0.000       0.000       0.177       0.000       0.000       1.232       0.000       0.142      25.978      10.939      18.458      28.473       1.709       0.212       0.238       0.000       0.000       0.000       0.000
   156     6     5  2023       1       1  hru1                   0.007      54.346       0.000     743.574      16.856       0.000       0.000       0.198       0.000       0.000       1.852       0.000       0.209      26.128      10.022      18.075      28.473       5.492       0.371       0.243       0.000       0.000       0.000       0.000
   157     6     6  2023       1       1  hru1                   0.010      70.600       0.000     732.271      17.451       0.000       0.000       0.099       0.000       0.000       2.548       0.000       0.279      30.278      10.017      20.147      28.473       1.603       0.353       0.249       0.000       0.000       0.000       0.000
   158     6     7  2023       1       1  hru1                   0.014      88.954       0.000     720.861      17.706       0.000       0.000       0.168       0.000       0.000       3.308       0.000       0.356      27.778       9.478      18.628      28.473       3.524       0.242       0.254       0.000       0.000       0.000       0.000
   159     6     8  2023       1       1  hru1                   0.018     106.668       0.000     709.423      17.902       0.000       0.000       0.139       0.000       0.000       4.164       0.000       0.443      25.911      12.539      19.225      28.473       4.159       0.263       0.259       0.000       0.000       0.000       0.000
   160     6     9  2023       1       1  hru1                   0.023     126.145       0.000     698.688      17.512       0.000       0.000       0.374       0.000       0.000       4.988       0.000       0.518      21.644       9.006      15.325      28.473       3.556       0.947       0.263       0.000       0.000       0.000       0.000
   161     6    10  2023       1       1  hru1                   0.027     143.304       0.000     688.343      17.355       0.000       0.000       0.321       0.000       0.000       5.894       0.000       0.612      23.611       8.533      16.072      28.473       2.212       0.077       0.267       0.000       0.000       0.000       0.000
   162     6    11  2023       1       1  hru1                   0.032     160.529       0.000     677.636      17.826       0.000       0.000       0.102       0.000       0.000       6.689       0.000       0.678      28.556      11.567      20.061      28.473       4.547       0.990       0.273       0.000       0.000       0.000       0.000
   163     6    12  2023       1       1  hru1                   0.040     187.993       0.000     667.094      17.889       0.000       0.000       0.191       0.000       0.000       7.481       0.000       0.754      24.250      12.144      18.197      28.473       3.699       0.746       0.277       0.000       0.000       0.000       0.000
   164     6    13  2023       1       1  hru1                   0.049     215.190       0.000     656.680      17.977       0.000       0.000       0.160       0.000       0.000       8.748       0.000       0.893      23.572      14.000      18.786      28.473       2.520       0.961       0.283       0.000       0.000       0.000       0.000
   165     6    14  2023       1       1  hru1                   0.059     245.917       0.000     646.794      17.694       0.000       0.000       0.319       0.000       0.000       9.995       0.000       0.995      21.428      10.778      16.103      28.473       2.103       0.273       0.287       0.000       0.000       0.000       0.000
   166     6    15  2023       1       1  hru1                   0.067     271.702       0.000     637.550      17.266       0.000       0.000       0.465       0.000       0.000      11.404       0.000       1.139      21.522       6.706      14.114      28.473       3.145       0.223       0.291       0.000       0.000       0.000       0.000
   167     6    16  2023       1       1  hru1                   0.075     293.839       0.000     628.588      17.152       0.000       0.000       0.346       0.000       0.000      12.584       0.000       1.229      23.306       8.133      15.719      28.473       2.845       0.312       0.295       0.000       0.000       0.000       0.000
   168     6    17  2023       1       1  hru1                   0.084     322.592       0.000     619.654      17.283       0.000       0.000       0.277       0.000       0.000      13.586       0.000       1.317      26.078       7.422      16.750      28.473       2.845       0.144       0.299       0.000       0.000       0.000       0.000
   169     6    18  2023       1       1  hru1                   0.097     354.263       0.000     611.251      16.882       0.000       0.000       0.426       0.000       0.000      14.884       0.000       1.444      19.239      10.006      14.622      28.473       3.241       0.136       0.303       0.000       0.000       0.000       0.000
   170     6    19  2023       1       1  hru1                   0.107     382.667       0.000     603.686      16.058       0.000       0.000       0.747       0.000       0.000      16.317       0.000       1.572      16.739       4.789      10.764      28.473       3.426       0.453       0.306       0.000       0.000       0.000       0.000
   171     6    20  2023       1       1  hru1                   0.112     397.096       0.000     596.798      15.272       0.000       0.000       0.813       0.000       0.000      17.612       0.000       1.685      15.967       4.111      10.039      28.473       4.288       0.384       0.309       0.000       0.000       0.000       0.000
   172     6    21  2023       1       1  hru1                   0.115     408.087       0.000     590.284      14.815       0.000       0.000       0.776       0.000       0.000      18.265       0.000       1.716      19.500       1.383      10.442      28.473       1.781       0.318       0.312       0.000       0.000       0.000       0.000
   173     6    22  2023       1       1  hru1                   0.119     421.483       0.000     583.603      15.224       0.000       0.000       0.385       0.000       0.000      18.758       0.000       1.765      26.722       3.606      15.164      28.473       3.897       0.233       0.316       0.000       0.000       0.000       0.000
   174     6    23  2023       1       1  hru1                   0.133     457.079       0.000     576.744      15.621       0.000       0.000       0.274       0.000       0.000      19.331       0.000       1.806      24.256       9.344      16.800      28.473       3.976       0.980       0.320       0.000       0.000       0.000       0.000
   175     6    24  2023       1       1  hru1                   0.151     504.939       0.000     569.657      16.073       0.000       0.000       0.272       0.000       0.000      20.902       0.000       1.985      26.944       6.717      16.831      28.473       1.359       0.168       0.325       0.000       0.000       0.000       0.000
   176     6    25  2023       1       1  hru1                   0.171     551.907       0.000     561.952      16.986       0.000       0.000       0.077       0.000       0.000      23.017       0.000       2.166      30.389      11.056      20.722      28.473       2.258       0.287       0.330       0.000       0.000       0.000       0.000
   177     6    26  2023       1       1  hru1                   0.203     615.065       0.000     554.264      17.101       0.000       0.000       0.278       0.039       0.000      25.029       0.000       2.316      24.794       8.661      16.728      28.473       3.488       0.260       0.335       0.000       0.000       0.000       0.000
   178     6    27  2023       1       1  hru1                   0.229     674.960       0.000     546.575      17.237       0.000       0.000       0.207       0.067       0.000      26.076       0.000       2.589      23.017      12.806      17.911      28.473       3.398       0.177       0.340       0.000       0.000       0.000       0.000
   179     6    28  2023       1       1  hru1                   0.260     742.977       0.000     538.893      17.363       0.000       0.000       0.261       0.117       0.000      26.151       0.000       2.764      25.472       8.533      17.003      28.473       0.481       0.260       0.344       0.000       0.000       0.000       0.000
   180     6    29  2023       1       1  hru1                   0.292     816.470       0.000     531.023      17.722       0.000       0.000       0.158       0.192       0.000      26.227       0.000       3.031      27.222      10.428      18.825      28.473       2.766       0.260       0.349       0.000       0.000       0.000       0.000
   181     6    30  2023       1       1  hru1                   0.335     901.352       0.000     522.578      18.525       0.000       0.000       0.040       0.307       0.000      26.304       0.000       3.261      32.000      11.872      21.936      28.473       3.193       0.255       0.355       0.000       0.000       0.000       0.000
   182     7     1  2023       1       1  hru1                   0.397     976.567       0.000     513.505      19.397       0.000       0.000       0.008       0.424       0.000      26.387       0.000       3.536      33.333      13.894      23.614      28.317       1.625       0.160       0.362       0.000       0.000       0.000       0.000
   183     7     2  2023       1       1  hru1                   0.478    1040.124       0.000     504.034      20.054       0.000       0.000       0.019       0.527       0.000      26.475       0.000       3.696      33.389      12.439      22.914      28.317       2.108       0.239       0.368       0.000       0.000       0.000       0.000
   184     7     3  2023       1       1  hru1                   0.566    1104.815       0.000     494.420      20.452       0.000       0.000       0.034       0.633       0.000      26.567       0.000       3.833      31.500      12.878      22.189      28.317       3.393       0.254       0.374       0.000       0.000       0.000       0.000
   185     7     4  2023       1       1  hru1                   0.661    1163.416       0.000     484.865      20.615       0.000       0.000       0.062       0.724       0.000      26.660       0.000       3.976      29.833      12.511      21.172      28.317       2.490       0.067       0.380       0.000       0.000       0.000       0.000
   186     7     5  2023       1       1  hru1                   0.759    1209.222       0.000     475.685      20.364       0.000       0.000       0.207       0.790       0.000      26.754       0.000       4.077      28.056       7.750      17.903      28.317       1.927       0.290       0.384       0.000       0.000       0.000       0.000
   187     7     6  2023       1       1  hru1                   0.839    1255.560       0.000     466.558      20.528       0.000       0.000       0.091       0.842       0.000      26.844       0.000       4.155      31.500       9.194      20.347      28.317       4.122       0.243       0.390       0.000       0.000       0.000       0.000
   188     7     7  2023       1       1  hru1                   0.946    1290.349       0.000     457.507      20.666       0.000       0.000       0.059       0.858       0.000      26.935       0.000       4.210      29.444      13.072      21.258      28.317       2.780       0.195       0.396       0.000       0.000       0.000       0.000
   189     7     8  2023       1       1  hru1                   1.070    1322.872       0.000     448.439      20.943       0.000       0.000       0.040       0.858       0.000      27.025       0.000       4.210      31.944      11.906      21.925      28.317       2.404       0.396       0.401       0.000       0.000       0.000       0.000
   190     7     9  2023       1       1  hru1                   1.210    1361.437       0.000     439.330      21.281       0.000       0.000       0.020       0.859       0.000      27.116       0.000       4.210      32.389      13.317      22.853      28.317       3.615       0.329       0.408       0.000       0.000       0.000       0.000
   191     7    10  2023       1       1  hru1                   1.368    1400.658       0.000     430.164      21.683       0.000       0.000       0.002       0.844       0.000      27.207       0.000       4.210      31.889      16.828      24.358      28.317       2.264       0.399       0.414       0.000       0.000       0.000       0.000
   192     7    11  2023       1       1  hru1                   1.551    1447.803       0.000     421.183      21.692       0.000       0.000       0.052       0.851       0.000      27.300       0.000       4.210      30.389      12.617      21.503      28.317       2.210       0.160       0.420       0.000       0.000       0.000       0.000
   193     7    12  2023       1       1  hru1                   1.708    1492.779       0.000     412.325      21.810       0.000       0.000       0.047       0.845       0.000      27.391       0.000       4.210      32.778      10.594      21.686      28.317       3.310       0.205       0.426       0.000       0.000       0.000       0.000
   194     7    13  2023       1       1  hru1                   1.869    1542.987       0.000     403.700      21.722       0.000       0.000       0.081       0.849       0.000      27.482       0.000       4.230      30.611      10.644      20.628      28.317       4.543       0.127       0.431       0.000       0.000       0.000       0.000
   195     7    14  2023       1       1  hru1                   2.019    1593.729       0.000     395.256      21.715       0.000       0.000       0.049       0.839       0.000      27.570       0.000       4.271      30.167      13.022      21.594      28.317       2.987       0.127       0.437       0.000       0.000       0.000       0.000
   196     7    15  2023       1       1  hru1                   2.179    1648.130       0.000     386.848      21.984       0.000       0.000       0.013       0.817       0.000      27.658       0.000       4.285      33.389      13.072      23.231      28.317       1.835       0.230       0.443       0.000       0.000       0.000       0.000
   197     7    16  2023       1       1  hru1                   2.354    1713.163       0.000     378.364      22.539       0.000       0.000       0.000       0.789       0.000      27.745       0.000       4.301      37.111      13.394      25.253      28.317       3.569       0.188       0.450       0.000       0.000       0.000       0.000
   198     7    17  2023       1       1  hru1                   2.544    1783.514       0.000     369.965      22.776       0.000       0.000       0.000       0.765       0.000      27.834       0.000       4.325      32.722      16.639      24.681      28.317       3.728       0.159       0.457       0.000       0.000       0.000       0.000
   199     7    18  2023       1       1  hru1                   2.718    1864.144       0.000     361.774      22.712       0.000       0.000       0.031       0.768       0.000      27.923       0.000       4.366      31.667      12.972      22.319      28.317       2.532       0.184       0.463       0.000       0.000       0.000       0.000
   200     7    19  2023       1       1  hru1                   2.857    1953.771       0.000     353.787      22.644       0.000       0.000       0.036       0.780       0.000      28.010       0.000       4.459      31.889      12.294      22.092      28.317       3.150       0.147       0.469       0.000       0.000       0.000       0.000
   201     7    20  2023       1       1  hru1                   2.984    2039.066       0.000     345.906      22.821       0.000       0.000       0.006       0.765       0.000      28.096       0.000       4.553      34.167      13.422      23.794      28.317       2.029       0.269       0.475       0.000       0.000       0.000       0.000
   202     7    21  2023       1       1  hru1                   3.114    2133.499       0.000     338.069      23.199       0.000       0.000       0.002       0.745       0.000      28.181       0.000       4.603      36.056      15.161      25.608      28.317       2.829       0.258       0.482       0.000       0.000       0.000       0.000
   203     7    22  2023       1       1  hru1                   3.242    2231.236       0.000     330.308      23.525       0.000       0.000       0.000       0.729       0.000      28.266       0.000       4.678      37.500      12.778      25.139      28.317       2.986       0.134       0.489       0.000       0.000       0.000       0.000
   204     7    23  2023       1       1  hru1                   3.351    2328.151       0.000     322.616      23.923       0.000       0.000       0.013       0.699       0.000      28.351       0.000       4.753      37.278      16.211      26.744      28.317       1.264       0.206       0.496       0.000       0.000       0.000       0.000
   205     7    24  2023       1       1  hru1                   3.453    2436.081       0.000     315.093      23.958       0.000       0.000       0.000       0.695       0.000      28.436       0.000       4.803      33.056      17.100      25.078      28.317       1.881       0.236       0.503       0.000       0.000       0.000       0.000
   206     7    25  2023       1       1  hru1                   3.530    2556.298       0.000     307.767      23.864       0.000       0.000       0.003       0.711       0.000      28.520       0.000       4.916      32.056      16.144      24.100      28.317       4.739       0.305       0.509       0.000       0.000       0.000       0.000
   207     7    26  2023       1       1  hru1                   3.591    2680.040       0.000     300.676      23.591       0.000       0.000       0.052       0.747       0.000      28.603       0.000       5.041      33.056       9.911      21.483      28.317       3.643       0.251       0.515       0.000       0.000       0.000       0.000
   208     7    27  2023       1       1  hru1                   3.634    2792.644       0.000     293.740      23.617       0.000       0.000       0.001       0.753       0.000      28.683       0.000       5.194      33.167      15.944      24.556      28.317       3.030       0.242       0.522       0.000       0.000       0.000       0.000
   209     7    28  2023       1       1  hru1                   3.679    2893.227       0.000     286.999      23.467       0.000       0.000       0.027       0.762       0.000      28.762       0.000       5.266      33.278      11.717      22.497      28.317       3.265       0.195       0.528       0.000       0.000       0.000       0.000
   210     7    29  2023       1       1  hru1                   3.710    2993.675       0.000     280.399      23.511       0.000       0.000       0.008       0.768       0.000      28.840       0.000       5.365      35.667      11.561      23.614      28.317       2.953       0.252       0.534       0.000       0.000       0.000       0.000
   211     7    30  2023       1       1  hru1                   3.738    3092.343       0.000     273.951      23.497       0.000       0.000       0.004       0.773       0.000      28.916       0.000       5.439      33.389      14.667      24.028      28.317       4.491       0.365       0.541       0.000       0.000       0.000       0.000
   212     7    31  2023       1       1  hru1                   3.762    3194.816       0.000     267.662      23.439       0.000       0.000       0.013       0.790       0.000      28.992       0.000       5.518      34.056      12.422      23.239      28.317       5.099       0.256       0.547       0.000       0.000       0.000       0.000
   213     8     1  2023       1       1  hru1                   3.780    3285.637       0.000     261.584      23.143       0.000       0.000       0.015       0.800       0.000      29.066       0.000       5.613      31.000      15.294      23.147      24.505       1.052       0.253       0.553       0.000       0.000       0.000       0.000
   214     8     2  2023       1       1  hru1                   3.795    3360.582       0.000     255.780      22.617       0.000       0.000       0.056       0.807       0.000      29.138       0.000       5.673      25.372      17.344      21.358      24.505       2.318       0.158       0.559       0.000       0.000       0.000       0.000
   215     8     3  2023       1       1  hru1                   3.806    3432.566       0.000     250.270      22.043       0.000       0.000       0.108       0.819       0.000      29.208       0.000       5.727      26.006      13.822      19.914      24.505       2.588       0.422       0.564       0.000       0.000       0.000       0.000
   216     8     4  2023       1       1  hru1                   3.814    3511.585       0.000     245.005      21.643       0.000       0.000       0.078       0.837       0.000      29.275       0.000       5.789      26.667      14.733      20.700      24.505       2.625       0.177       0.570       0.000       0.000       0.000       0.000
   217     8     5  2023       1       1  hru1                   3.821    3573.905       0.000     239.926      21.414       0.000       0.000       0.056       0.843       0.000      29.339       0.000       5.861      29.278      13.478      21.378      24.505       3.572       0.227       0.576       0.000       0.000       0.000       0.000
   218     8     6  2023       1       1  hru1                   3.828    3634.824       0.000     235.075      21.052       0.000       0.000       0.108       0.853       0.000      29.402       0.000       5.884      27.722      12.139      19.931      24.505       1.485       0.372       0.581       0.000       0.000       0.000       0.000
   219     8     7  2023       1       1  hru1                   3.833    3697.660       0.000     230.477      20.617       0.000       0.000       0.145       0.870       0.000      29.463       0.000       5.941      25.028      13.189      19.108      24.505       2.313       0.117       0.586       0.000       0.000       0.000       0.000
   220     8     8  2023       1       1  hru1                   3.837    3748.315       0.000     226.160      20.097       0.000       0.000       0.231       0.882       0.000      29.521       0.000       5.994      25.144       9.839      17.492      24.505       3.287       0.977       0.591       0.000       0.000       0.000       0.000
   221     8     9  2023       1       1  hru1                   3.840    3803.402       0.000     221.924      20.112       0.000       0.000       0.066       0.891       0.000      29.577       0.000       6.030      31.444      10.639      21.042      24.505       0.638       0.180       0.596       0.000       0.000       0.000       0.000
   222     8    10  2023       1       1  hru1                   3.844    3844.888       0.000     217.747      20.184       0.000       0.000       0.039       0.891       0.000      29.632       0.000       6.066      29.778      14.161      21.969      24.505       1.706       0.374       0.602       0.000       0.000       0.000       0.000
   223     8    11  2023       1       1  hru1                   3.848    3890.077       0.000     213.629      20.260       0.000       0.000       0.047       0.896       0.000      29.687       0.000       6.068      31.778      11.583      21.681      24.505       1.599       0.254       0.608       0.000       0.000       0.000       0.000
   224     8    12  2023       1       1  hru1                   3.850    3930.752       0.000     209.554      20.375       0.000       0.000       0.030       0.899       0.000      29.742       0.000       6.101      31.111      13.561      22.336      24.505       2.833       0.222       0.614       0.000       0.000       0.000       0.000
   225     8    13  2023       1       1  hru1                   3.853    3968.931       0.000     205.537      20.447       0.000       0.000       0.036       0.902       0.000      29.797       0.000       6.108      30.944      13.233      22.089      24.505       3.107       0.288       0.620       0.000       0.000       0.000       0.000
   226     8    14  2023       1       1  hru1                   3.855    4007.430       0.000     201.543      20.628       0.000       0.000       0.011       0.906       0.000      29.852       0.000       6.127      31.000      15.728      23.364      24.505       4.949       0.288       0.626       0.000       0.000       0.000       0.000
   227     8    15  2023       1       1  hru1                   3.857    4043.149       0.000     197.526      20.965       0.000       0.000       0.002       0.909       0.000      29.907       0.000       6.139      35.722      13.056      24.389      24.505       3.134       0.096       0.633       0.000       0.000       0.000       0.000
   228     8    16  2023       1       1  hru1                   3.859    4072.455       0.000     193.479      21.355       0.000       0.000       0.001       0.909       0.000      29.962       0.000       6.149      35.833      15.178      25.506      24.505       2.679       0.170       0.640       0.000       0.000       0.000       0.000
   229     8    17  2023       1       1  hru1                   3.860    4102.361       0.000     189.482      21.475       0.000       0.000       0.006       0.912       0.000      30.018       0.000       6.149      32.556      15.128      23.842      24.505       2.577       0.990       0.646       0.000       0.000       0.000       0.000
   230     8    18  2023       1       1  hru1                   3.861    4143.523       0.000     185.556      21.533       0.000       0.000       0.011       0.925       0.000      30.074       0.000       6.159      31.889      14.894      23.392      24.505       4.545       0.718       0.653       0.000       0.000       0.000       0.000
   231     8    19  2023       1       1  hru1                   3.862    4178.707       0.000     203.057      21.434       0.000       0.000       0.033       0.935       0.000      30.130       0.000       6.197      29.111      15.350      22.231      24.505       2.487       0.807       0.659       0.000       0.000       0.000       0.000
   232     8    20  2023       1       1  hru1                   3.733    4187.697       0.000     215.968      21.063       0.000       0.000       0.096       0.957       0.000      29.884       0.000       6.183      23.683      16.739      20.211      24.505       2.321       0.857       0.664       0.000       0.000       0.000       0.000
   233     8    21  2023       1       1  hru1                   3.621    4189.453       0.000     231.629      21.116       0.000       0.000       0.015       0.968       0.000      29.697       0.000       6.181      28.944      17.267      23.106      24.505       1.731       0.238       0.670       0.000       0.000       0.000       0.000
   234     8    22  2023       1       1  hru1                   3.484    4179.196       0.000     242.668      20.973       0.000       0.000       0.064       0.977       0.000      29.466       0.000       6.149      28.556      13.689      21.122      24.505       2.938       0.204       0.676       0.000       0.000       0.000       0.000
   235     8    23  2023       1       1  hru1                   3.364    4169.317       0.000     250.469      20.723       0.000       0.000       0.116       0.981       0.000      29.294       0.000       6.122      28.667      10.794      19.731      24.505       2.546       0.096       0.681       0.000       0.000       0.000       0.000
   236     8    24  2023       1       1  hru1                   3.257    4159.866       0.000     258.608      20.639       0.000       0.000       0.075       0.982       0.000      29.165       0.000       6.098      30.444      11.139      20.792      24.505       2.763       0.103       0.687       0.000       0.000       0.000       0.000
   237     8    25  2023       1       1  hru1                   3.141    4148.732       0.000     268.857      20.806       0.000       0.000       0.015       0.983       0.000      29.028       0.000       6.072      31.722      14.539      23.131      24.505       2.057       0.310       0.693       0.000       0.000       0.000       0.000
   238     8    26  2023       1       1  hru1                   3.003    4135.006       0.000     275.022      20.623       0.000       0.000       0.084       0.986       0.000      28.861       0.000       6.043      27.000      14.067      20.533      24.505       3.601       0.840       0.699       0.000       0.000       0.000       0.000
   239     8    27  2023       1       1  hru1                   2.888    4124.892       0.000     284.139      20.815       0.000       0.000       0.011       0.985       0.000      28.751       0.000       6.019      31.444      15.317      23.381      24.505       1.363       0.227       0.705       0.000       0.000       0.000       0.000
   240     8    28  2023       1       1  hru1                   2.748    4110.226       0.000     291.565      20.916       0.000       0.000       0.022       0.986       0.000      28.601       0.000       5.991      31.111      14.328      22.719      24.505       3.401       0.219       0.711       0.000       0.000       0.000       0.000
   241     8    29  2023       1       1  hru1                   2.614    4096.462       0.000     300.498      21.274       0.000       0.000       0.000       0.986       0.000      28.474       0.000       5.964      35.667      13.806      24.736      24.505       3.266       0.458       0.718       0.000       0.000       0.000       0.000
   242     8    30  2023       1       1  hru1                   2.462    4081.305       0.000     299.690      20.606       0.000       0.000       0.276       0.989       0.000      28.326       0.000       5.935      22.806      10.722      16.764      24.505       1.811       0.279       0.722       0.000       0.000       0.000       0.000
   243     8    31  2023       1       1  hru1                   2.382    4075.178       0.000     299.267      20.107       0.000       0.000       0.276       0.984       0.000      28.315       0.000       5.920      26.833       6.689      16.761      24.505       2.809       0.128       0.727       0.000       0.000       0.000       0.000
   244     9     1  2023       1       1  hru1                   2.302    4070.350       0.000     299.979      19.539       0.000       0.000       0.240       0.982       0.000      28.300       0.000       5.905      25.628       9.044      17.336      19.429       2.641       0.858       0.731       0.000       0.000       0.000       0.000
   245     9     2  2023       1       1  hru1                   2.217    4065.194       0.000     303.125      19.279       0.000       0.000       0.134       0.979       0.000      28.272       0.000       5.889      24.317      14.339      19.328      19.429       3.184       0.990       0.736       0.000       0.000       0.000       0.000
   246     9     3  2023       1       1  hru1                   2.114    4058.429       0.000     301.973      18.599       0.000       0.000       0.382       0.981       0.000      28.212       0.000       5.870      17.661      12.756      15.208      19.429       2.829       0.990       0.741       0.000       0.000       0.000       0.000
   247     9     4  2023       1       1  hru1                   2.048    4056.098       0.000     302.018      18.081       0.000       0.000       0.338       0.978       0.000      28.214       0.000       5.859      21.006      10.661      15.833      19.429       2.673       0.990       0.745       0.000       0.000       0.000       0.000
   248     9     5  2023       1       1  hru1                   1.976    4053.691       0.000     302.964      17.689       0.000       0.000       0.302       0.977       0.000      28.201       0.000       5.846      24.817       7.906      16.361      19.429       1.114       0.966       0.749       0.000       0.000       0.000       0.000
   249     9     6  2023       1       1  hru1                   1.900    4050.928       0.000     304.551      17.396       0.000       0.000       0.275       0.977       0.000      28.178       0.000       5.832      26.311       7.244      16.778      19.429       3.483       0.741       0.754       0.000       0.000       0.000       0.000
   250     9     7  2023       1       1  hru1                   1.820    4047.702       0.000     308.812      17.428       0.000       0.000       0.135       0.977       0.000      28.146       0.000       5.818      28.833       9.783      19.308      19.429       1.137       0.200       0.759       0.000       0.000       0.000       0.000
   251     9     8  2023       1       1  hru1                   1.717    4040.768       0.000     312.021      17.368       0.000       0.000       0.174       0.978       0.000      28.078       0.000       5.800      26.944      10.083      18.514      19.429       3.370       0.431       0.764       0.000       0.000       0.000       0.000
   252     9     9  2023       1       1  hru1                   1.621    4035.027       0.000     315.724      17.384       0.000       0.000       0.143       0.978       0.000      28.024       0.000       5.784      29.778       8.511      19.144      19.429       1.784       0.107       0.769       0.000       0.000       0.000       0.000
   253     9    10  2023       1       1  hru1                   1.520    4027.652       0.000     319.599      17.444       0.000       0.000       0.125       0.978       0.000      27.964       0.000       5.767      30.000       9.078      19.539      19.429       1.832       0.236       0.774       0.000       0.000       0.000       0.000
   254     9    11  2023       1       1  hru1                   1.415    4020.052       0.000     323.502      17.528       0.000       0.000       0.112       0.978       0.000      27.902       0.000       5.749      30.278       9.383      19.831      19.429       2.457       0.395       0.780       0.000       0.000       0.000       0.000
   255     9    12  2023       1       1  hru1                   1.307    4012.366       0.000     327.375      17.632       0.000       0.000       0.101       0.978       0.000      27.839       0.000       5.731      28.333      11.844      20.089      19.429       2.766       0.219       0.785       0.000       0.000       0.000       0.000
   256     9    13  2023       1       1  hru1                   1.197    4003.883       0.000     329.261      17.524       0.000       0.000       0.186       0.978       0.000      27.776       0.000       5.713      24.539      12.061      18.300      19.429       3.227       0.407       0.790       0.000       0.000       0.000       0.000
   257     9    14  2023       1       1  hru1                   1.103    3997.695       0.000     329.944      17.289       0.000       0.000       0.258       0.977       0.000      27.741       0.000       5.697      25.433       8.661      17.047      19.429       1.985       0.305       0.795       0.000       0.000       0.000       0.000
   258     9    15  2023       1       1  hru1                   1.020    3992.784       0.000     330.367      17.037       0.000       0.000       0.284       0.975       0.000      27.723       0.000       5.684      26.294       6.972      16.633      19.429       1.145       0.225       0.799       0.000       0.000       0.000       0.000
   259     9    16  2023       1       1  hru1                   0.942    3988.380       0.000     332.359      16.987       0.000       0.000       0.194       0.973       0.000      27.710       0.000       5.671      29.556       6.733      18.144      19.429       3.241       0.325       0.804       0.000       0.000       0.000       0.000
   260     9    17  2023       1       1  hru1                   0.849    3982.647       0.000     334.996      17.029       0.000       0.000       0.155       0.972       0.000      27.675       0.000       5.656      30.278       7.522      18.900      19.429       2.942       0.378       0.809       0.000       0.000       0.000       0.000
   261     9    18  2023       1       1  hru1                   0.750    3976.076       0.000     336.262      16.920       0.000       0.000       0.225       0.971       0.000      27.632       0.000       5.640      27.444       7.733      17.589      19.429       3.100       0.162       0.814       0.000       0.000       0.000       0.000
   262     9    19  2023       1       1  hru1                   0.662    3970.331       0.000     336.977      16.760       0.000       0.000       0.262       0.969       0.000      27.608       0.000       5.626      24.361       9.594      16.978      19.429       2.295       0.300       0.818       0.000       0.000       0.000       0.000
   263     9    20  2023       1       1  hru1                   0.581    3965.399       0.000     333.933      16.158       0.000       0.000       0.567       0.968       0.000      27.591       0.000       5.613      20.983       4.722      12.853      19.429       1.982       0.251       0.822       0.000       0.000       0.000       0.000
   264     9    21  2023       1       1  hru1                   0.536    3964.693       0.000     329.558      15.428       0.000       0.000       0.730       0.964       0.000      27.628       0.000       5.606      16.767       5.150      10.958      19.429       3.712       0.990       0.825       0.000       0.000       0.000       0.000
   265     9    22  2023       1       1  hru1                   0.509    3966.243       0.000     326.007      14.835       0.000       0.000       0.699       0.960       0.000      27.685       0.000       5.602      16.506       6.106      11.306      19.429       1.246       0.990       0.828       0.000       0.000       0.000       0.000
   266     9    23  2023       1       1  hru1                   0.479    3967.806       0.000     323.414      14.388       0.000       0.000       0.645       0.956       0.000      27.732       0.000       5.601      21.389       2.478      11.933      19.429       4.138       0.246       0.831       0.000       0.000       0.000       0.000
   267     9    24  2023       1       1  hru1                   0.443    3968.868       0.000     324.041      14.346       0.000       0.000       0.396       0.953       0.000      27.767       0.000       5.602      25.100       4.928      15.014      19.429       3.893       0.174       0.835       0.000       0.000       0.000       0.000
   268     9    25  2023       1       1  hru1                   0.000       0.000       0.000    3435.374      14.741       0.000       0.000       0.000       0.000       0.000       0.000       0.000       0.000      29.611       8.133      18.872      19.429       3.671       0.402       0.000       0.000       0.000       0.000       0.000
   269     9    26  2023       1       1  hru1                   0.000       0.000       0.000    3401.020      14.871       0.000       0.000       0.000       0.000       0.000       0.000       0.000       0.000      25.600       8.517      17.058      19.429       2.200       0.337       0.005       0.000       0.000       0.000       0.000
   270     9    27  2023       1       1  hru1                   0.000       0.000       0.000    3367.010      14.671       0.000       0.000       0.000       0.000       0.000       0.000       0.000       0.000      22.844       5.694      14.269      19.429       1.862       0.290       0.008       0.000       0.000       0.000       0.000
   271     9    28  2023       1       1  hru1                   0.000       0.000       0.000    3333.339      14.227       0.000       0.000       0.000       0.000       0.000       0.000       0.000       0.000      18.411       5.239      11.825      19.429       2.136       0.235       0.012       0.000       0.000       0.000       0.000
   272     9    29  2023       1       1  hru1                   0.000       0.000       0.000    3300.006      13.880       0.000       0.000       0.000       0.000       0.000       0.000       0.000       0.000      21.700       2.733      12.217      19.429       3.556       0.164       0.015       0.000       0.000       0.000       0.000
   273     9    30  2023       1       1  hru1                   0.000       0.000       0.000    3267.006      13.567       0.000       0.000       0.000       0.000       0.000       0.000       0.000       0.000      16.422       7.594      12.008      19.429       2.491       0.281       0.018       0.000       0.000       0.000       0.000
   274    10     1  2023       1       1  hru1                   0.000       0.000       0.000    3234.336      12.805       0.000       0.000       0.000       0.000       0.000       0.000       0.000       0.000      10.150       5.972       8.061      13.652       3.643       0.874       0.020       0.000       0.000       0.000       0.000
   275    10     2  2023       1       1  hru1                   0.000       0.000       0.000    3201.992      12.394       0.000       0.000       0.000       0.000       0.000       0.000       0.000       0.000      14.483       6.794      10.639      13.652       2.621       0.870       0.023       0.000       0.000       0.000       0.000
   276    10     3  2023       1       1  hru1                   0.000       0.000       0.000    3169.972      12.229       0.000       0.000       0.000       0.000       0.000       0.000       0.000       0.000      15.772       8.706      12.239      13.652       1.565       0.990       0.026       0.000       0.000       0.000       0.000
   277    10     4  2023       1       1  hru1                   0.000       0.000       0.000    3138.273      12.039       0.000       0.000       0.000       0.000       0.000       0.000       0.000       0.000      17.578       6.878      12.228      13.652       3.185       0.214       0.030       0.000       0.000       0.000       0.000
   278    10     5  2023       1       1  hru1                   0.000       0.000       0.000    3106.890      11.856       0.000       0.000       0.000       0.000       0.000       0.000       0.000       0.000      19.583       5.333      12.458      13.652       3.637       0.249       0.033       0.000       0.000       0.000       0.000
   279    10     6  2023       1       1  hru1                   0.000       0.000       0.000    3075.821      11.745       0.000       0.000       0.000       0.000       0.000       0.000       0.000       0.000      21.489       4.794      13.142      13.652       2.719       0.579       0.037       0.000       0.000       0.000       0.000
   280    10     7  2023       1       1  hru1                   0.000       0.000       0.000    3045.063      11.921       0.000       0.000       0.000       0.000       0.000       0.000       0.000       0.000      23.783       7.200      15.492      13.652       2.822       0.470       0.041       0.000       0.000       0.000       0.000
   281    10     8  2023       1       1  hru1                   0.000       0.000       0.000    3014.612      12.067       0.000       0.000       0.000       0.000       0.000       0.000       0.000       0.000      25.389       6.089      15.739      13.652       2.907       0.567       0.045       0.000       0.000       0.000       0.000
   282    10     9  2023       1       1  hru1                   0.000       0.000       0.000    2984.466      12.363       0.000       0.000       0.000       0.000       0.000       0.000       0.000       0.000      27.944       6.867      17.406      13.652       2.796       0.379       0.050       0.000       0.000       0.000       0.000
   283    10    10  2023       1       1  hru1                   0.000       0.000       0.000    2954.621      12.277       0.000       0.000       0.000       0.000       0.000       0.000       0.000       0.000      18.944       7.767      13.356      13.652       3.771       0.990       0.053       0.000       0.000       0.000       0.000
   284    10    11  2023       1       1  hru1                   0.000       0.000       0.000    2925.075      11.726       0.000       0.000       0.000       0.000       0.000       0.000       0.000       0.000      12.300       5.272       8.786      13.652       3.152       0.709       0.056       0.000       0.000       0.000       0.000
   285    10    12  2023       1       1  hru1                   0.000       0.000       0.000    2895.824      11.265       0.000       0.000       0.000       0.000       0.000       0.000       0.000       0.000      14.022       4.378       9.200      13.652       3.972       0.364       0.058       0.000       0.000       0.000       0.000
   286    10    13  2023       1       1  hru1                   0.000       0.000       0.000    2866.866      10.767       0.000       0.000       0.000       0.000       0.000       0.000       0.000       0.000      17.183       0.972       9.078      13.652       2.544       0.314       0.061       0.000       0.000       0.000       0.000
   287    10    14  2023       1       1  hru1                   0.000       0.000       0.000    2838.197      10.818       0.000       0.000       0.000       0.000       0.000       0.000       0.000       0.000      20.094       5.844      12.969      13.652       4.070       0.547       0.064       0.000       0.000       0.000       0.000
   288    10    15  2023       1       1  hru1                   0.000       0.000       0.000    2809.815      10.866       0.000       0.000       0.000       0.000       0.000       0.000       0.000       0.000      22.500       4.378      13.439      13.652       3.447       0.439       0.068       0.000       0.000       0.000       0.000
   289    10    16  2023       1       1  hru1                   0.000       0.000       0.000    2781.717      11.191       0.000       0.000       0.000       0.000       0.000       0.000       0.000       0.000      25.700       6.283      15.992      13.652       2.488       0.373       0.072       0.000       0.000       0.000       0.000
   290    10    17  2023       1       1  hru1                   0.000       0.000       0.000    2753.900      11.377       0.000       0.000       0.000       0.000       0.000       0.000       0.000       0.000      20.361       8.372      14.367      13.652       2.107       0.551       0.076       0.000       0.000       0.000       0.000
   291    10    18  2023       1       1  hru1                   0.000       0.000       0.000    2726.361      11.457       0.000       0.000       0.000       0.000       0.000       0.000       0.000       0.000      20.678       7.061      13.869      13.652       4.287       0.410       0.080       0.000       0.000       0.000       0.000
   292    10    19  2023       1       1  hru1                   0.000       0.000       0.000    2699.097      11.536       0.000       0.000       0.000       0.000       0.000       0.000       0.000       0.000      25.406       4.183      14.794      13.652       1.972       0.394       0.084       0.000       0.000       0.000       0.000
   293    10    20  2023       1       1  hru1                   0.000       0.000       0.000    2672.106      11.723       0.000       0.000       0.000       0.000       0.000       0.000       0.000       0.000      27.389       4.583      15.986      13.652       3.011       0.334       0.088       0.000       0.000       0.000       0.000
   294    10    21  2023       1       1  hru1                   0.000       0.000       0.000    2645.385      11.785       0.000       0.000       0.000       0.000       0.000       0.000       0.000       0.000      24.450       5.072      14.761      13.652       2.654       0.326       0.092       0.000       0.000       0.000       0.000
   295    10    22  2023       1       1  hru1                   0.000       0.000       0.000    2618.931      11.826       0.000       0.000       0.000       0.000       0.000       0.000       0.000       0.000      24.078       5.144      14.611      13.652       2.072       0.221       0.096       0.000       0.000       0.000       0.000
   296    10    23  2023       1       1  hru1                   0.000       0.000       0.000    2592.742      11.717       0.000       0.000       0.000       0.000       0.000       0.000       0.000       0.000      15.994       8.311      12.153      13.652       3.185       0.865       0.099       0.000       0.000       0.000       0.000
   297    10    24  2023       1       1  hru1                   0.000       0.000       0.000    2566.815      11.248       0.000       0.000       0.000       0.000       0.000       0.000       0.000       0.000      15.611       3.400       9.506      13.652       3.417       0.407       0.102       0.000       0.000       0.000       0.000
   298    10    25  2023       1       1  hru1                   0.000       0.000       0.000    2541.146      10.658       0.000       0.000       0.000       0.000       0.000       0.000       0.000       0.000      15.256       1.072       8.164      13.652       2.960       0.778       0.104       0.000       0.000       0.000       0.000
   299    10    26  2023       1       1  hru1                   0.000       0.000       0.000    2515.735       9.488       0.000       0.000       0.000       0.000       0.000       0.000       0.000       0.000       5.394      -1.700       1.847      13.652       1.804       0.837       0.104       0.000       0.000       0.000       0.000
   300    10    27  2023       1       1  hru1                   0.000       0.000       0.000    2490.578       8.533       0.000       0.000       0.000       0.000       0.000       0.000       0.000       0.000       9.539      -3.661       2.939      13.652       1.805       0.990       0.105       0.000       0.000       0.000       0.000
   301    10    28  2023       1       1  hru1                   0.000       0.000       0.000    2465.672       7.374       0.000       0.000       0.000       0.000       0.000       0.000       0.000       0.000       3.300      -4.283      -0.492      13.652       2.714       0.585       0.105       0.000       0.000       0.000       0.000
   302    10    29  2023       1       1  hru1                   0.000       0.000       0.000    2441.015       6.253       0.000       0.000       0.000       0.000       0.000       0.000       0.000       0.000       5.683      -7.506      -0.911      13.652       2.567       0.330       0.105       0.000       0.000       0.000       0.000
   303    10    30  2023       1       1  hru1                   0.000       0.000       0.000    2416.605       5.412       0.000       0.000       0.000       0.000       0.000       0.000       0.000       0.000       8.528      -7.678       0.425      13.652       2.378       0.503       0.105       0.000       0.000       0.000       0.000
   304    10    31  2023       1       1  hru1                   0.000       0.000       0.000    2392.439       5.058       0.000       0.000       0.000       0.000       0.000       0.000       0.000       0.000      12.817      -5.450       3.683      13.652       3.141       0.316       0.106       0.000       0.000       0.000       0.000
   305    11     1  2023       1       1  hru1                   0.000       0.000       0.000    2368.515       4.887       0.000       0.000       0.000       0.000       0.000       0.000       0.000       0.000      14.056      -2.156       5.950       8.726       2.083       0.764       0.108       0.000       0.000       0.000       0.000
   306    11     2  2023       1       1  hru1                   0.000       0.000       0.000    2344.830       5.043       0.000       0.000       0.000       0.000       0.000       0.000       0.000       0.000      16.211       0.478       8.344       8.726       4.685       0.827       0.110       0.000       0.000       0.000       0.000
   307    11     3  2023       1       1  hru1                   0.000       0.000       0.000    2321.381       5.481       0.000       0.000       0.000       0.000       0.000       0.000       0.000       0.000      15.822       4.222      10.022       8.726       1.687       0.777       0.113       0.000       0.000       0.000       0.000
   308    11     4  2023       1       1  hru1                   0.000       0.000       0.000    2298.167       5.563       0.000       0.000       0.000       0.000       0.000       0.000       0.000       0.000      15.528       0.911       8.219       8.726       2.981       0.888       0.115       0.000       0.000       0.000       0.000
   309    11     5  2023       1       1  hru1                   0.000       0.000       0.000    2275.186       6.160       0.000       0.000       0.000       0.000       0.000       0.000       0.000       0.000      14.372       7.594      10.983       8.726       1.855       0.885       0.118       0.000       0.000       0.000       0.000
   310    11     6  2023       1       1  hru1                   0.000       0.000       0.000    2252.434       6.393       0.000       0.000       0.000       0.000       0.000       0.000       0.000       0.000      15.972       3.639       9.806       8.726       4.976       0.988       0.121       0.000       0.000       0.000       0.000
   311    11     7  2023       1       1  hru1                   0.000       0.000       0.000    2229.909       6.230       0.000       0.000       0.000       0.000       0.000       0.000       0.000       0.000       9.422       2.267       5.844       8.726       5.233       0.866       0.122       0.000       0.000       0.000       0.000
   312    11     8  2023       1       1  hru1                   0.000       0.000       0.000    2207.610       5.532       0.000       0.000       0.000       0.000       0.000       0.000       0.000       0.000       7.983      -3.611       2.186       8.726       1.951       0.352       0.123       0.000       0.000       0.000       0.000
   313    11     9  2023       1       1  hru1                   0.000       0.000       0.000    2185.534       4.741       0.000       0.000       0.000       0.000       0.000       0.000       0.000       0.000       8.517      -6.083       1.217       8.726       3.723       0.617       0.123       0.000       0.000       0.000       0.000
   314    11    10  2023       1       1  hru1                   0.000       0.000       0.000    2163.679       4.280       0.000       0.000       0.000       0.000       0.000       0.000       0.000       0.000       9.439      -3.994       2.722       8.726       1.844       0.426       0.124       0.000       0.000       0.000       0.000
   315    11    11  2023       1       1  hru1                   0.000       0.000       0.000    2142.042       4.175       0.000       0.000       0.000       0.000       0.000       0.000       0.000       0.000      14.817      -2.978       5.919       8.726       3.741       0.797       0.125       0.000       0.000       0.000       0.000
   316    11    12  2023       1       1  hru1                   0.000       0.000       0.000    2120.622       4.196       0.000       0.000       0.000       0.000       0.000       0.000       0.000       0.000      18.261      -3.200       7.531       8.726       2.768       0.521       0.127       0.000       0.000       0.000       0.000
   317    11    13  2023       1       1  hru1                   0.000       0.000       0.000    2099.416       4.304       0.000       0.000       0.000       0.000       0.000       0.000       0.000       0.000      14.772      -0.650       7.061       8.726       2.123       0.343       0.129       0.000       0.000       0.000       0.000
   318    11    14  2023       1       1  hru1                   0.000       0.000       0.000    2078.421       4.161       0.000       0.000       0.000       0.000       0.000       0.000       0.000       0.000      16.783      -4.222       6.281       8.726       2.675       0.373       0.131       0.000       0.000       0.000       0.000
   319    11    15  2023       1       1  hru1                   0.000       0.000       0.000    2057.637       4.381       0.000       0.000       0.000       0.000       0.000       0.000       0.000       0.000      17.194      -0.472       8.361       8.726       2.992       0.416       0.133       0.000       0.000       0.000       0.000
   320    11    16  2023       1       1  hru1                   0.000       0.000       0.000    2037.061       4.546       0.000       0.000       0.000       0.000       0.000       0.000       0.000       0.000      14.661       0.356       7.508       8.726       1.610       0.595       0.135       0.000       0.000       0.000       0.000
   321    11    17  2023       1       1  hru1                   0.000       0.000       0.000    2016.690       4.496       0.000       0.000       0.000       0.000       0.000       0.000       0.000       0.000      13.928      -1.500       6.214       8.726       3.043       0.706       0.137       0.000       0.000       0.000       0.000
   322    11    18  2023       1       1  hru1                   0.000       0.000       0.000    1996.523       4.577       0.000       0.000       0.000       0.000       0.000       0.000       0.000       0.000      13.717       0.000       6.858       8.726       2.770       0.484       0.139       0.000       0.000       0.000       0.000
   323    11    19  2023       1       1  hru1                   0.000       0.000       0.000    1976.558       4.552       0.000       0.000       0.000       0.000       0.000       0.000       0.000       0.000      10.083       0.506       5.294       8.726       3.559       0.990       0.140       0.000       0.000       0.000       0.000
   324    11    20  2023       1       1  hru1                   0.000       0.000       0.000    1956.792       3.968       0.000       0.000       0.000       0.000       0.000       0.000       0.000       0.000       5.350      -3.806       0.772       8.726       3.977       0.408       0.140       0.000       0.000       0.000       0.000
   325    11    21  2023       1       1  hru1                   0.000       0.000       0.000    1937.225       3.423       0.000       0.000       0.000       0.000       0.000       0.000       0.000       0.000       8.144      -5.556       1.294       8.726       1.244       0.520       0.141       0.000       0.000       0.000       0.000
   326    11    22  2023       1       1  hru1                   0.000       0.000       0.000    1917.852       3.018       0.000       0.000       0.000       0.000       0.000       0.000       0.000       0.000      10.228      -5.789       2.219       8.726       2.885       0.990       0.141       0.000       0.000       0.000       0.000
   327    11    23  2023       1       1  hru1                   0.000       0.000       0.000    1898.674       2.756       0.000       0.000       0.000       0.000       0.000       0.000       0.000       0.000       2.200      -1.367       0.417       8.726       1.594       0.957       0.142       0.000       0.000       0.000       0.000
   328    11    24  2023       1       1  hru1                   0.000       0.000       0.000    1879.687       2.230       0.000       0.000       0.000       0.000       0.000       0.000       0.000       0.000      -1.000      -3.044      -2.022       8.726       2.807       0.774       0.142       0.000       0.000       0.000       0.000
   329    11    25  2023       1       1  hru1                   0.000       0.000       0.000    1879.687       0.461       0.000       0.000       0.000       0.000       0.000       0.000       0.000       0.000      -0.889     -15.900      -8.394       8.726       2.873       0.464       0.142       0.000       0.000       0.000       0.000
   330    11    26  2023       1       1  hru1                   0.000       0.000       0.000    1879.687      -1.426       0.000       0.000       0.000       0.000       0.000       0.000       0.000       0.000      -4.456     -18.778     -11.617       8.726       3.712       0.610       0.142       0.000       0.000       0.000       0.000
   331    11    27  2023       1       1  hru1                   0.000       0.000       0.000    1879.687      -2.949       0.000       0.000       0.000       0.000       0.000       0.000       0.000       0.000      -4.683     -17.956     -11.319       8.726       2.520       0.771       0.142       0.000       0.000       0.000       0.000
   332    11    28  2023       1       1  hru1                   0.000       0.000       0.000    1879.687      -3.909       0.000       0.000       0.000       0.000       0.000       0.000       0.000       0.000      -2.200     -15.317      -8.758       8.726       1.909       0.500       0.142       0.000       0.000       0.000       0.000
   333    11    29  2023       1       1  hru1                   0.000       0.000       0.000    1879.687      -4.810       0.000       0.000       0.000       0.000       0.000       0.000       0.000       0.000       2.422     -17.267      -7.422       8.726       1.951       0.427       0.142       0.000       0.000       0.000       0.000
   334    11    30  2023       1       1  hru1                   0.000       0.000       0.000    1879.687      -5.272       0.000       0.000       0.000       0.000       0.000       0.000       0.000       0.000       2.144     -14.250      -6.053       8.726       4.129       0.990       0.142       0.000       0.000       0.000       0.000
   335    12     1  2023       1       1  hru1                   0.000       0.000       0.000    1879.687      -4.519       0.000       0.000       0.000       0.000       0.000       0.000       0.000       0.000       2.006      -3.050      -0.522       6.825       2.439       0.990       0.142       0.000       0.000       0.000       0.000
   336    12     2  2023       1       1  hru1                   0.000       0.000       0.000    1879.687      -4.035       0.000       0.000       0.000       0.000       0.000       0.000       0.000       0.000       5.267      -5.139       0.064       6.825       1.873       0.990       0.142       0.000       0.000       0.000       0.000
   337    12     3  2023       1       1  hru1                   0.000       0.000       0.000    1879.687      -3.089       0.000       0.000       0.000       0.000       0.000       0.000       0.000       0.000       5.311      -0.144       2.583       6.825       3.811       0.863       0.142       0.000       0.000       0.000       0.000
   338    12     4  2023       1       1  hru1                   0.000       0.000       0.000    1879.687      -1.913       0.000       0.000       0.000       0.000       0.000       0.000       0.000       0.000      11.283       1.011       6.147       6.825       3.538       0.816       0.144       0.000       0.000       0.000       0.000
   339    12     5  2023       1       1  hru1                   0.000       0.000       0.000    1879.687      -1.136       0.000       0.000       0.000       0.000       0.000       0.000       0.000       0.000       8.733      -0.422       4.156       6.825       1.877       0.776       0.145       0.000       0.000       0.000       0.000
   340    12     6  2023       1       1  hru1                   0.000       0.000       0.000    1879.687      -0.345       0.000       0.000       0.000       0.000       0.000       0.000       0.000       0.000      13.683      -0.844       6.419       6.825       0.984       0.990       0.147       0.000       0.000       0.000       0.000
   341    12     7  2023       1       1  hru1                   0.000       0.000       0.000    1879.687       0.204       0.000       0.000       0.000       0.000       0.000       0.000       0.000       0.000       8.117      -0.111       4.003       6.825       3.597       0.990       0.148       0.000       0.000       0.000       0.000
   342    12     8  2023       1       1  hru1                   0.000       0.000       0.000    1879.687       0.188       0.000       0.000       0.000       0.000       0.000       0.000       0.000       0.000       2.022      -3.022      -0.500       6.825       4.632       0.951       0.148       0.000       0.000       0.000       0.000
   343    12     9  2023       1       1  hru1                   0.000       0.000       0.000    1879.687       0.021       0.000       0.000       0.000       0.000       0.000       0.000       0.000       0.000       1.644      -4.517      -1.436       6.825       4.119       0.588       0.148       0.000       0.000       0.000       0.000
   344    12    10  2023       1       1  hru1                   0.000       0.000       0.000    1879.687       0.185       0.000       0.000       0.000       0.000       0.000       0.000       0.000       0.000       4.122      -2.167       0.978       6.825       3.604       0.699       0.148       0.000       0.000       0.000       0.000
   345    12    11  2023       1       1  hru1                   0.000       0.000       0.000    1879.687       0.400       0.000       0.000       0.000       0.000       0.000       0.000       0.000       0.000       1.906      -0.550       0.678       6.825       2.984       0.784       0.148       0.000       0.000       0.000       0.000
   346    12    12  2023       1       1  hru1                   0.000       0.000       0.000    1879.687       0.633       0.000       0.000       0.000       0.000       0.000       0.000       0.000       0.000       2.278      -0.128       1.075       6.825       0.981       0.706       0.149       0.000       0.000       0.000       0.000
   347    12    13  2023       1       1  hru1                   0.000       0.000       0.000    1879.687       0.458       0.000       0.000       0.000       0.000       0.000       0.000       0.000       0.000       2.950      -4.383      -0.717       6.825       3.198       0.962       0.149       0.000       0.000       0.000       0.000
   348    12    14  2023       1       1  hru1                   0.000       0.000       0.000    1879.687       0.350       0.000       0.000       0.000       0.000       0.000       0.000       0.000       0.000       0.994      -3.228      -1.117       6.825       1.872       0.903       0.149       0.000       0.000       0.000       0.000
   349    12    15  2023       1       1  hru1                   0.000       0.000       0.000    1879.687       0.235       0.000       0.000       0.000       0.000       0.000       0.000       0.000       0.000       1.644      -3.717      -1.036       6.825       3.498       0.836       0.149       0.000       0.000       0.000       0.000
   350    12    16  2023       1       1  hru1                   0.000       0.000       0.000    1879.687       0.114       0.000       0.000       0.000       0.000       0.000       0.000       0.000       0.000       4.922      -5.172      -0.125       6.825       2.845       0.785       0.149       0.000       0.000       0.000       0.000
   351    12    17  2023       1       1  hru1                   0.000       0.000       0.000    1879.687      -0.061       0.000       0.000       0.000       0.000       0.000       0.000       0.000       0.000       3.522      -5.433      -0.956       6.825       2.479       0.781       0.149       0.000       0.000       0.000       0.000
   352    12    18  2023       1       1  hru1                   0.000       0.000       0.000    1879.687       0.112       0.000       0.000       0.000       0.000       0.000       0.000       0.000       0.000       4.711      -2.428       1.142       6.825       2.707       0.870       0.149       0.000       0.000       0.000       0.000
   353    12    19  2023       1       1  hru1                   0.000       0.000       0.000    1879.687       0.662       0.000       0.000       0.000       0.000       0.000       0.000       0.000       0.000      11.122      -0.472       5.325       6.825       2.621       0.594       0.150       0.000       0.000       0.000       0.000
   354    12    20  2023       1       1  hru1                   0.000       0.000       0.000    1879.687       1.099       0.000       0.000       0.000       0.000       0.000       0.000       0.000       0.000      11.589      -0.978       5.306       6.825       4.126       0.794       0.152       0.000       0.000       0.000       0.000
   355    12    21  2023       1       1  hru1                   0.000       0.000       0.000    1860.890       1.267       0.000       0.000       0.000       0.000       0.000       0.000       0.000       0.000       9.667      -2.444       3.611       6.825       2.598       0.676       0.153       0.000       0.000       0.000       0.000
   356    12    22  2023       1       1  hru1                   0.000       0.000       0.000    1842.281       1.375       0.000       0.000       0.000       0.000       0.000       0.000       0.000       0.000      10.911      -3.272       3.819       6.825       3.456       0.837       0.154       0.000       0.000       0.000       0.000
   357    12    23  2023       1       1  hru1                   0.000       0.000       0.000    1842.281       0.943       0.000       0.000       0.000       0.000       0.000       0.000       0.000       0.000       0.750      -5.117      -2.183       6.825       2.571       0.987       0.154       0.000       0.000       0.000       0.000
   358    12    24  2023       1       1  hru1                   0.000       0.000       0.000    1842.281       0.152       0.000       0.000       0.000       0.000       0.000       0.000       0.000       0.000       0.978      -9.728      -4.375       6.825       3.503       0.816       0.154       0.000       0.000       0.000       0.000
   359    12    25  2023       1       1  hru1                   0.000       0.000       0.000    1842.281      -0.615       0.000       0.000       0.000       0.000       0.000       0.000       0.000       0.000      -0.033     -10.389      -5.211       6.825       4.356       0.810       0.154       0.000       0.000       0.000       0.000
   360    12    26  2023       1       1  hru1                   0.000       0.000       0.000    1842.281      -1.293       0.000       0.000       0.000       0.000       0.000       0.000       0.000       0.000      -3.050      -9.572      -6.311       6.825       4.777       0.786       0.154       0.000       0.000       0.000       0.000
   361    12    27  2023       1       1  hru1                   0.000       0.000       0.000    1842.281      -1.436       0.000       0.000       0.000       0.000       0.000       0.000       0.000       0.000       1.567      -5.789      -2.111       6.825       1.218       0.953       0.154       0.000       0.000       0.000       0.000
   362    12    28  2023       1       1  hru1                   0.000       0.000       0.000    1842.281      -1.363       0.000       0.000       0.000       0.000       0.000       0.000       0.000       0.000       3.044      -4.272      -0.614       6.825       2.529       0.747       0.154       0.000       0.000       0.000       0.000
   363    12    29  2023       1       1  hru1                   0.000       0.000       0.000    1842.281      -1.005       0.000       0.000       0.000       0.000       0.000       0.000       0.000       0.000       6.889      -3.372       1.758       6.825       4.002       0.692       0.154       0.000       0.000       0.000       0.000
   364    12    30  2023       1       1  hru1                   0.000       0.000       0.000    1842.281      -0.689       0.000       0.000       0.000       0.000       0.000       0.000       0.000       0.000       7.700      -3.550       2.075       6.825       4.016       0.673       0.155       0.000       0.000       0.000       0.000
   365    12    31  2023       1       1  hru1                   0.000       0.000       0.000    1842.281      -0.688       0.000       0.000       0.000       0.000       0.000       0.000       0.000       0.000       7.300      -6.261       0.519       6.825       3.170       0.911       0.155       0.000       0.000       0.000       0.000
     1     1     1  2024       1       1  hru1                   0.000       0.000       0.000    1473.825      -0.748       0.000       0.000       0.000       0.000       0.000       0.000       0.000       0.000       5.178      -6.394      -0.608       7.782       1.995       0.910       0.000       0.000       0.000       0.000       0.000
     2     1     2  2024       1       1  hru1                   0.000       0.000       0.000    1473.825      -0.860       0.000       0.000       0.000       0.000       0.000       0.000       0.000       0.000       5.494      -7.011      -0.758       7.782       0.820       0.805       0.000       0.000       0.000       0.000       0.000
     3     1     3  2024       1       1  hru1                   0.000       0.000       0.000    1473.825      -0.541       0.000       0.000       0.000       0.000       0.000       0.000       0.000       0.000       4.022      -2.106       0.958       7.782       1.829       0.844       0.000       0.000       0.000       0.000       0.000
     4     1     4  2024       1       1  hru1                   0.000       0.000       0.000    1473.825      -0.220       0.000       0.000       0.000       0.000       0.000       0.000       0.000       0.000       3.150      -1.206       0.972       7.782       2.909       0.990       0.001       0.000       0.000       0.000       0.000
     5     1     5  2024       1       1  hru1                   0.000       0.000       0.000    1473.825      -0.282       0.000       0.000       0.000       0.000       0.000       0.000       0.000       0.000       1.922      -4.178      -1.128       7.782       4.085       0.941       0.001       0.000       0.000       0.000       0.000
     6     1     6  2024       1       1  hru1                   0.000       0.000       0.000    1473.825      -0.682       0.000       0.000       0.000       0.000       0.000       0.000       0.000       0.000       3.472      -7.011      -1.769       7.782       3.059       0.902       0.001       0.000       0.000       0.000       0.000
     7     1     7  2024       1       1  hru1                   0.000       0.000       0.000    1473.825      -1.190       0.000       0.000       0.000       0.000       0.000       0.000       0.000       0.000      -1.917      -7.322      -4.619       7.782       1.736       0.835       0.001       0.000       0.000       0.000       0.000
     8     1     8  2024       1       1  hru1                   0.000       0.000       0.000    1473.825      -1.715       0.000       0.000       0.000       0.000       0.000       0.000       0.000       0.000      -1.411      -8.333      -4.872       7.782       2.587       0.494       0.001       0.000       0.000       0.000       0.000
     9     1     9  2024       1       1  hru1                   0.000       0.000       0.000    1473.825      -1.489       0.000       0.000       0.000       0.000       0.000       0.000       0.000       0.000       6.567      -4.044       1.261       7.782       3.700       0.990       0.001       0.000       0.000       0.000       0.000
    10     1    10  2024       1       1  hru1                   0.000       0.000       0.000    1473.825      -1.647       0.000       0.000       0.000       0.000       0.000       0.000       0.000       0.000       1.072      -6.933      -2.931       7.782       3.116       0.990       0.001       0.000       0.000       0.000       0.000
    11     1    11  2024       1       1  hru1                   0.000       0.000       0.000    1473.825      -1.801       0.000       0.000       0.000       0.000       0.000       0.000       0.000       0.000      -0.389      -5.822      -3.106       7.782       2.301       0.641       0.001       0.000       0.000       0.000       0.000
    12     1    12  2024       1       1  hru1                   0.000       0.000       0.000    1473.825      -2.127       0.000       0.000       0.000       0.000       0.000       0.000       0.000       0.000       0.833      -7.911      -3.539       7.782       3.297       0.897       0.001       0.000       0.000       0.000       0.000
    13     1    13  2024       1       1  hru1                   0.000       0.000       0.000    1473.825      -3.046       0.000       0.000       0.000       0.000       0.000       0.000       0.000       0.000      -7.489     -11.900      -9.694       7.782       2.581       0.990       0.001       0.000       0.000       0.000       0.000
    14     1    14  2024       1       1  hru1                   0.000       0.000       0.000    1473.825      -3.680       0.000       0.000       0.000       0.000       0.000       0.000       0.000       0.000      -4.411     -11.328      -7.869       7.782       2.650       0.990       0.001       0.000       0.000       0.000       0.000
    15     1    15  2024       1       1  hru1                   0.000       0.000       0.000    1473.825      -5.346       0.000       0.000       0.000       0.000       0.000       0.000       0.000       0.000      -5.367     -21.506     -13.436       7.782       2.008       0.929       0.001       0.000       0.000       0.000       0.000
    16     1    16  2024       1       1  hru1                   0.000       0.000       0.000    1473.825      -6.943       0.000       0.000       0.000       0.000       0.000       0.000       0.000       0.000     -10.506     -22.094     -16.300       7.782       1.361       0.880       0.001       0.000       0.000       0.000       0.000
    17     1    17  2024       1       1  hru1                   0.000       0.000       0.000    1473.825      -6.652       0.000       0.000       0.000       0.000       0.000       0.000       0.000       0.000       5.739     -10.833      -2.547       7.782       4.453       0.880       0.001       0.000       0.000       0.000       0.000
    18     1    18  2024       1       1  hru1                   0.000       0.000       0.000    1473.825      -5.159       0.000       0.000       0.000       0.000       0.000       0.000       0.000       0.000       6.567       0.456       3.511       7.782       2.763       0.696       0.002       0.000       0.000       0.000       0.000
    19     1    19  2024       1       1  hru1                   0.000       0.000       0.000    1473.825      -3.991       0.000       0.000       0.000       0.000       0.000       0.000       0.000       0.000       2.906       0.144       1.525       7.782       2.541       0.752       0.002       0.000       0.000       0.000       0.000
    20     1    20  2024       1       1  hru1                   0.000       0.000       0.000    1473.825      -3.023       0.000       0.000       0.000       0.000       0.000       0.000       0.000       0.000       5.183      -0.944       2.119       7.782       2.330       0.848       0.003       0.000       0.000       0.000       0.000
    21     1    21  2024       1       1  hru1                   0.000       0.000       0.000    1473.825      -2.202       0.000       0.000       0.000       0.000       0.000       0.000       0.000       0.000       5.600      -1.056       2.272       7.782       2.881       0.713       0.003       0.000       0.000       0.000       0.000
    22     1    22  2024       1       1  hru1                   0.000       0.000       0.000    1473.825      -1.579       0.000       0.000       0.000       0.000       0.000       0.000       0.000       0.000       5.494      -1.728       1.883       7.782       4.274       0.984       0.004       0.000       0.000       0.000       0.000
    23     1    23  2024       1       1  hru1                   0.000       0.000       0.000    1473.825      -0.921       0.000       0.000       0.000       0.000       0.000       0.000       0.000       0.000       3.256       0.556       1.906       7.782       1.194       0.788       0.004       0.000       0.000       0.000       0.000
    24     1    24  2024       1       1  hru1                   0.000       0.000       0.000    1473.825      -0.651       0.000       0.000       0.000       0.000       0.000       0.000       0.000       0.000       5.061      -3.128       0.967       7.782       3.547       0.975       0.005       0.000       0.000       0.000       0.000
    25     1    25  2024       1       1  hru1                   0.000       0.000       0.000    1473.825      -0.134       0.000       0.000       0.000       0.000       0.000       0.000       0.000       0.000       4.222       0.228       2.225       7.782       2.121       0.990       0.005       0.000       0.000       0.000       0.000
    26     1    26  2024       1       1  hru1                   0.000       0.000       0.000    1473.825       0.051       0.000       0.000       0.000       0.000       0.000       0.000       0.000       0.000       5.394      -2.861       1.267       7.782       2.792       0.742       0.006       0.000       0.000       0.000       0.000
    27     1    27  2024       1       1  hru1                   0.000       0.000       0.000    1473.825       0.554       0.000       0.000       0.000       0.000       0.000       0.000       0.000       0.000       6.550       0.294       3.422       7.782       2.827       0.591       0.007       0.000       0.000       0.000       0.000
    28     1    28  2024       1       1  hru1                   0.000       0.000       0.000    1473.825       1.070       0.000       0.000       0.000       0.000       0.000       0.000       0.000       0.000       8.094       0.650       4.372       7.782       2.199       0.698       0.008       0.000       0.000       0.000       0.000
    29     1    29  2024       1       1  hru1                   0.000       0.000       0.000    1459.087       1.534       0.000       0.000       0.000       0.000       0.000       0.000       0.000       0.000       9.883       0.228       5.056       7.782       3.980       0.628       0.009       0.000       0.000       0.000       0.000
    30     1    30  2024       1       1  hru1                   0.000       0.000       0.000    1444.496       2.013       0.000       0.000       0.000       0.000       0.000       0.000       0.000       0.000      11.906       0.328       6.117       7.782       3.980       0.841       0.011       0.000       0.000       0.000       0.000
    31     1    31  2024       1       1  hru1                   0.000       0.000       0.000    1430.051       2.539       0.000       0.000       0.000       0.000       0.000       0.000       0.000       0.000      17.322      -0.572       8.375       7.782       2.523       0.484       0.013       0.000       0.000       0.000       0.000
    32     2     1  2024       1       1  hru1                   0.000       0.000       0.000    1415.751       3.303       0.000       0.000       0.000       0.000       0.000       0.000       0.000       0.000      12.200       4.111       8.156      11.295       3.698       0.811       0.015       0.000       0.000       0.000       0.000
    33     2     2  2024       1       1  hru1                   0.000       0.000       0.000    1401.593       3.483       0.000       0.000       0.000       0.000       0.000       0.000       0.000       0.000       6.550       1.861       4.206      11.295       3.509       0.971       0.016       0.000       0.000       0.000       0.000
    34     2     3  2024       1       1  hru1                   0.000       0.000       0.000    1387.577       3.374       0.000       0.000       0.000       0.000       0.000       0.000       0.000       0.000       5.044      -0.278       2.383      11.295       1.031       0.633       0.017       0.000       0.000       0.000       0.000
    35     2     4  2024       1       1  hru1                   0.000       0.000       0.000    1373.701       3.146       0.000       0.000       0.000       0.000       0.000       0.000       0.000       0.000       7.106      -2.922       2.092      11.295       1.474       0.986       0.018       0.000       0.000       0.000       0.000
    36     2     5  2024       1       1  hru1                   0.000       0.000       0.000    1359.964       3.586       0.000       0.000       0.000       0.000       0.000       0.000       0.000       0.000      12.672       1.256       6.964      11.295       3.272       0.835       0.019       0.000       0.000       0.000       0.000
    37     2     6  2024       1       1  hru1                   0.000       0.000       0.000    1346.365       3.863       0.000       0.000       0.000       0.000       0.000       0.000       0.000       0.000       7.789       2.817       5.303      11.295       2.383       0.911       0.021       0.000       0.000       0.000       0.000
    38     2     7  2024       1       1  hru1                   0.000       0.000       0.000    1332.901       3.698       0.000       0.000       0.000       0.000       0.000       0.000       0.000       0.000       6.489      -0.972       2.758      11.295       1.768       0.886       0.022       0.000       0.000       0.000       0.000
    39     2     8  2024       1       1  hru1                   0.000       0.000       0.000    1319.572       3.448       0.000       0.000       0.000       0.000       0.000       0.000       0.000       0.000       4.483      -1.156       1.664      11.295       1.745       0.753       0.022       0.000       0.000       0.000       0.000
    40     2     9  2024       1       1  hru1                   0.000       0.000       0.000    1306.376       3.121       0.000       0.000       0.000       0.000       0.000       0.000       0.000       0.000       2.072      -1.172       0.450      11.295       2.399       0.912       0.022       0.000       0.000       0.000       0.000
    41     2    10  2024       1       1  hru1                   0.000       0.000       0.000    1293.313       2.540       0.000       0.000       0.000       0.000       0.000       0.000       0.000       0.000       1.906      -4.500      -1.297      11.295       3.232       0.838       0.022       0.000       0.000       0.000       0.000
    42     2    11  2024       1       1  hru1                   0.000       0.000       0.000    1280.380       2.124       0.000       0.000       0.000       0.000       0.000       0.000       0.000       0.000       6.278      -6.033       0.122      11.295       2.695       0.989       0.022       0.000       0.000       0.000       0.000
    43     2    12  2024       1       1  hru1                   0.000       0.000       0.000    1267.576       2.016       0.000       0.000       0.000       0.000       0.000       0.000       0.000       0.000       8.828      -4.683       2.072      11.295       3.389       0.939       0.023       0.000       0.000       0.000       0.000
    44     2    13  2024       1       1  hru1                   0.000       0.000       0.000    1254.900       2.112       0.000       0.000       0.000       0.000       0.000       0.000       0.000       0.000       7.844      -2.083       2.881      11.295       2.313       0.477       0.023       0.000       0.000       0.000       0.000
    45     2    14  2024       1       1  hru1                   0.000       0.000       0.000    1242.351       2.059       0.000       0.000       0.000       0.000       0.000       0.000       0.000       0.000       8.283      -3.806       2.239      11.295       2.598       0.795       0.024       0.000       0.000       0.000       0.000
    46     2    15  2024       1       1  hru1                   0.000       0.000       0.000    1229.928       2.652       0.000       0.000       0.000       0.000       0.000       0.000       0.000       0.000       9.361       2.700       6.031      11.295       3.250       0.990       0.026       0.000       0.000       0.000       0.000
    47     2    16  2024       1       1  hru1                   0.000       0.000       0.000    1217.628       2.581       0.000       0.000       0.000       0.000       0.000       0.000       0.000       0.000       4.800      -1.139       1.831      11.295       4.116       0.990       0.026       0.000       0.000       0.000       0.000
    48     2    17  2024       1       1  hru1                   0.000       0.000       0.000    1205.452       2.047       0.000       0.000       0.000       0.000       0.000       0.000       0.000       0.000       3.978      -5.928      -0.975      11.295       2.043       0.760       0.026       0.000       0.000       0.000       0.000
    49     2    18  2024       1       1  hru1                   0.000       0.000       0.000    1193.397       1.935       0.000       0.000       0.000       0.000       0.000       0.000       0.000       0.000       3.856      -2.150       0.853      11.295       1.401       0.990       0.026       0.000       0.000       0.000       0.000
    50     2    19  2024       1       1  hru1                   0.000       0.000       0.000    1181.464       1.820       0.000       0.000       0.000       0.000       0.000       0.000       0.000       0.000       2.411      -1.606       0.403      11.295       1.529       0.903       0.027       0.000       0.000       0.000       0.000
    51     2    20  2024       1       1  hru1                   0.000       0.000       0.000    1169.649       1.793       0.000       0.000       0.000       0.000       0.000       0.000       0.000       0.000      10.217      -2.283       3.967      11.295       1.111       0.990       0.028       0.000       0.000       0.000       0.000
    52     2    21  2024       1       1  hru1                   0.000       0.000       0.000    1157.952       2.051       0.000       0.000       0.000       0.000       0.000       0.000       0.000       0.000       7.283      -0.339       3.472      11.295       1.620       0.756       0.029       0.000       0.000       0.000       0.000
    53     2    22  2024       1       1  hru1                   0.000       0.000       0.000    1146.373       2.359       0.000       0.000       0.000       0.000       0.000       0.000       0.000       0.000      10.100      -0.839       4.631      11.295       2.283       0.795       0.030       0.000       0.000       0.000       0.000
    54     2    23  2024       1       1  hru1                   0.000       0.000       0.000    1134.909       2.471       0.000       0.000       0.000       0.000       0.000       0.000       0.000       0.000      10.894      -2.844       4.025      11.295       2.296       0.720       0.031       0.000       0.000       0.000       0.000
    55     2    24  2024       1       1  hru1                   0.000       0.000       0.000    1123.560       2.748       0.000       0.000       0.000       0.000       0.000       0.000       0.000       0.000      13.333      -2.161       5.586      11.295       1.395       0.823       0.032       0.000       0.000       0.000       0.000
    56     2    25  2024       1       1  hru1                   0.000       0.000       0.000    1112.324       3.347       0.000       0.000       0.000       0.000       0.000       0.000       0.000       0.000      15.928       0.444       8.186      11.295       3.723       0.510       0.035       0.000       0.000       0.000       0.000
    57     2    26  2024       1       1  hru1                   0.000       0.000       0.000    1101.201       3.199       0.000       0.000       0.000       0.000       0.000       0.000       0.000       0.000       9.294      -3.061       3.117      11.295       3.610       0.755       0.035       0.000       0.000       0.000       0.000
    58     2    27  2024       1       1  hru1                   0.000       0.000       0.000    1090.189       2.328       0.000       0.000       0.000       0.000       0.000       0.000       0.000       0.000      -0.439      -5.950      -3.194      11.295       2.408       0.779       0.035       0.000       0.000       0.000       0.000
    59     2    28  2024       1       1  hru1                   0.000       0.000       0.000    1079.287       2.355       0.000       0.000       0.000       0.000       0.000       0.000       0.000       0.000       9.244      -2.950       3.147      11.295       2.354       0.990       0.036       0.000       0.000       0.000       0.000
    60     2    29  2024       1       1  hru1                   0.000       0.000       0.000    1068.495       2.911       0.000       0.000       0.000       0.000       0.000       0.000       0.000       0.000      15.406      -0.472       7.467      11.295       3.474       0.752       0.038       0.000       0.000       0.000       0.000
    61     3     1  2024       1       1  hru1                   0.000       0.000       0.000    1057.810       3.166       0.000       0.000       0.000       0.000       0.000       0.000       0.000       0.000       6.544       1.283       3.914      16.267       4.119       0.931       0.039       0.000       0.000       0.000       0.000
    62     3     2  2024       1       1  hru1                   0.000       0.000       0.000    1047.231       2.816       0.000       0.000       0.000       0.000       0.000       0.000       0.000       0.000       4.844      -4.356       0.244      16.267       3.538       0.990       0.039       0.000       0.000       0.000       0.000
    63     3     3  2024       1       1  hru1                   0.000       0.000       0.000    1036.759       1.870       0.000       0.000       0.000       0.000       0.000       0.000       0.000       0.000       0.067      -8.761      -4.347      16.267       5.689       0.990       0.039       0.000       0.000       0.000       0.000
    64     3     4  2024       1       1  hru1                   0.000       0.000       0.000    1036.759       1.070       0.000       0.000       0.000       0.000       0.000       0.000       0.000       0.000       1.794      -7.028      -2.617      16.267       3.363       0.909       0.039       0.000       0.000       0.000       0.000
    65     3     5  2024       1       1  hru1                   0.000       0.000       0.000    1036.759       0.784       0.000       0.000       0.000       0.000       0.000       0.000       0.000       0.000       6.200      -4.894       0.653      16.267       2.726       0.962       0.040       0.000       0.000       0.000       0.000
    66     3     6  2024       1       1  hru1                   0.000       0.000       0.000    1036.759       0.689       0.000       0.000       0.000       0.000       0.000       0.000       0.000       0.000       0.617      -2.811      -1.097      16.267       3.925       0.750       0.040       0.000       0.000       0.000       0.000
    67     3     7  2024       1       1  hru1                   0.000       0.000       0.000    1036.759       0.220       0.000       0.000       0.000       0.000       0.000       0.000       0.000       0.000      -2.178      -4.606      -3.392      16.267       3.778       0.564       0.040       0.000       0.000       0.000       0.000
    68     3     8  2024       1       1  hru1                   0.000       0.000       0.000    1036.759      -0.466       0.000       0.000       0.000       0.000       0.000       0.000       0.000       0.000       2.706      -8.756      -3.025      16.267       4.623       0.811       0.040       0.000       0.000       0.000       0.000
    69     3     9  2024       1       1  hru1                   0.000       0.000       0.000    1036.759      -0.937       0.000       0.000       0.000       0.000       0.000       0.000       0.000       0.000       4.483      -8.378      -1.947      16.267       4.772       0.695       0.040       0.000       0.000       0.000       0.000
    70     3    10  2024       1       1  hru1                   0.000       0.000       0.000    1036.759      -0.540       0.000       0.000       0.000       0.000       0.000       0.000       0.000       0.000      12.078      -3.489       4.294      16.267       5.008       0.558       0.041       0.000       0.000       0.000       0.000
    71     3    11  2024       1       1  hru1                   0.000       0.000       0.000    1036.759       0.394       0.000       0.000       0.000       0.000       0.000       0.000       0.000       0.000      10.589      -0.506       5.042      16.267       2.674       0.990       0.042       0.000       0.000       0.000       0.000
    72     3    12  2024       1       1  hru1                   0.000       0.000       0.000    1026.392       1.212       0.000       0.000       0.000       0.000       0.000       0.000       0.000       0.000      10.156       0.317       5.236      16.267       4.417       0.809       0.043       0.000       0.000       0.000       0.000
    73     3    13  2024       1       1  hru1                   0.000       0.000       0.000    1016.128       1.380       0.000       0.000       0.000       0.000       0.000       0.000       0.000       0.000       3.294      -0.750       1.272      16.267       4.925       0.975       0.044       0.000       0.000       0.000       0.000
    74     3    14  2024       1       1  hru1                   0.000       0.000       0.000    1005.966       1.709       0.000       0.000       0.000       0.000       0.000       0.000       0.000       0.000       8.711      -2.600       3.056      16.267       3.769       0.528       0.045       0.000       0.000       0.000       0.000
    75     3    15  2024       1       1  hru1                   0.000       0.000       0.000     995.907       2.011       0.000       0.000       0.000       0.000       0.000       0.000       0.000       0.000      11.450      -4.367       3.542      16.267       2.784       0.553       0.046       0.000       0.000       0.000       0.000
    76     3    16  2024       1       1  hru1                   0.000       0.000       0.000     985.948       2.528       0.000       0.000       0.000       0.000       0.000       0.000       0.000       0.000      14.656      -3.578       5.539      16.267       3.686       0.740       0.047       0.000       0.000       0.000       0.000
    77     3    17  2024       1       1  hru1                   0.000       0.000       0.000     976.088       3.108       0.000       0.000       0.000       0.000       0.000       0.000       0.000       0.000      17.011      -3.567       6.722      16.267       3.338       0.593       0.049       0.000       0.000       0.000       0.000
    78     3    18  2024       1       1  hru1                   0.000       0.000       0.000     966.327       3.940       0.000       0.000       0.000       0.000       0.000       0.000       0.000       0.000      18.722      -0.617       9.053      16.267       2.461       0.515       0.051       0.000       0.000       0.000       0.000
    79     3    19  2024       1       1  hru1                   0.000       0.000       0.000     956.664       4.678       0.000       0.000       0.000       0.000       0.000       0.000       0.000       0.000      19.211      -0.456       9.378      16.267       5.103       0.474       0.054       0.000       0.000       0.000       0.000
    80     3    20  2024       1       1  hru1                   0.000       0.000       0.000     947.097       5.287       0.000       0.000       0.000       0.000       0.000       0.000       0.000       0.000      20.633      -1.622       9.506      16.267       2.456       0.470       0.056       0.000       0.000       0.000       0.000
    81     3    21  2024       1       1  hru1                   0.000       0.000       0.000     937.626       5.804       0.000       0.000       0.000       0.000       0.000       0.000       0.000       0.000      15.222       2.661       8.942      16.267       4.823       0.626       0.059       0.000       0.000       0.000       0.000
    82     3    22  2024       1       1  hru1                   0.000       0.000       0.000     928.250       6.311       0.000       0.000       0.000       0.000       0.000       0.000       0.000       0.000      18.822       0.811       9.817      16.267       2.636       0.302       0.061       0.000       0.000       0.000       0.000
    83     3    23  2024       1       1  hru1                   0.000       0.000       0.000     918.968       6.516       0.000       0.000       0.000       0.000       0.000       0.000       0.000       0.000      12.883       2.744       7.814      16.267       2.436       0.328       0.064       0.000       0.000       0.000       0.000
    84     3    24  2024       1       1  hru1                   0.000       0.000       0.000     909.778       6.321       0.000       0.000       0.000       0.000       0.000       0.000       0.000       0.000      10.778      -0.094       5.342      16.267       1.911       0.717       0.065       0.000       0.000       0.000       0.000
    85     3    25  2024       1       1  hru1                   0.000       0.000       0.000     900.680       6.140       0.000       0.000       0.000       0.000       0.000       0.000       0.000       0.000       9.889       0.356       5.122      16.267       1.494       0.304       0.066       0.000       0.000       0.000       0.000
    86     3    26  2024       1       1  hru1                   0.000       0.000       0.000     891.673       5.970       0.000       0.000       0.000       0.000       0.000       0.000       0.000       0.000       9.856       0.133       4.994      16.267       3.724       0.486       0.068       0.000       0.000       0.000       0.000
    87     3    27  2024       1       1  hru1                   0.000       0.000       0.000     882.757       5.777       0.000       0.000       0.000       0.000       0.000       0.000       0.000       0.000      14.133      -3.778       5.178      16.267       2.780       0.924       0.069       0.000       0.000       0.000       0.000
    88     3    28  2024       1       1  hru1                   0.000       0.000       0.000     873.929       5.690       0.000       0.000       0.000       0.000       0.000       0.000       0.000       0.000      10.411      -0.028       5.192      16.267       4.284       0.990       0.071       0.000       0.000       0.000       0.000
    89     3    29  2024       1       1  hru1                   0.000       0.000       0.000     865.190       5.561       0.000       0.000       0.000       0.000       0.000       0.000       0.000       0.000      12.506      -2.311       5.097      16.267       2.092       0.789       0.072       0.000       0.000       0.000       0.000
    90     3    30  2024       1       1  hru1                   0.000       0.000       0.000     856.538       5.795       0.000       0.000       0.000       0.000       0.000       0.000       0.000       0.000      11.939       2.244       7.092      16.267       2.310       0.948       0.074       0.000       0.000       0.000       0.000
    91     3    31  2024       1       1  hru1                   0.000       0.000       0.000     847.972       5.448       0.000       0.000       0.000       0.000       0.000       0.000       0.000       0.000       6.517      -0.100       3.208      16.267       3.168       0.990       0.075       0.000       0.000       0.000       0.000
    92     4     1  2024       1       1  hru1                   0.000       0.000       0.000     839.493       5.840       0.000       0.000       0.000       0.000       0.000       0.000       0.000       0.000      13.528       0.417       6.972      21.914       3.110       0.359       0.077       0.000       0.000       0.000       0.000
    93     4     2  2024       1       1  hru1                   0.000       0.000       0.000     831.098       6.554       0.000       0.000       0.000       0.000       0.000       0.000       0.000       0.000      17.617       1.389       9.503      21.914       3.338       0.339       0.079       0.000       0.000       0.000       0.000
    94     4     3  2024       1       1  hru1                   0.000       0.000       0.000     822.787       7.603       0.000       0.000       0.000       0.000       0.000       0.000       0.000       0.000      21.928       3.072      12.500      21.914       3.356       0.383       0.082       0.000       0.000       0.000       0.000
    95     4     4  2024       1       1  hru1                   0.000       0.000       0.000     814.559       8.316       0.000       0.000       0.000       0.000       0.000       0.000       0.000       0.000      20.094       2.906      11.500      21.914       4.843       0.263       0.086       0.000       0.000       0.000       0.000
    96     4     5  2024       1       1  hru1                   0.000       0.000       0.000     806.413       7.553       0.000       0.000       0.000       0.000       0.000       0.000       0.000       0.000       5.994      -0.633       2.681      21.914       3.074       0.990       0.086       0.000       0.000       0.000       0.000
    97     4     6  2024       1       1  hru1                   0.000       0.000       0.000     798.349       6.842       0.000       0.000       0.000       0.000       0.000       0.000       0.000       0.000       5.689      -1.383       2.153      21.914       3.104       0.990       0.087       0.000       0.000       0.000       0.000
    98     4     7  2024       1       1  hru1                   0.000       0.000       0.000     790.366       6.605       0.000       0.000       0.000       0.000       0.000       0.000       0.000       0.000       9.628      -0.800       4.414      21.914       4.670       0.559       0.088       0.000       0.000       0.000       0.000
    99     4     8  2024       1       1  hru1                   0.000       0.000       0.000     782.462       6.386       0.000       0.000       0.000       0.000       0.000       0.000       0.000       0.000      10.539      -2.167       4.186      21.914       1.980       0.288       0.089       0.000       0.000       0.000       0.000
   100     4     9  2024       1       1  hru1                   0.000       0.000       0.000     774.637       6.850       0.000       0.000       0.000       0.000       0.000       0.000       0.000       0.000      16.261       0.589       8.425      21.914       4.356       0.500       0.091       0.000       0.000       0.000       0.000
   101     4    10  2024       1       1  hru1                   0.000       0.000       0.000     766.891       7.198       0.000       0.000       0.000       0.000       0.000       0.000       0.000       0.000      15.683       0.722       8.203      21.914       3.061       0.167       0.094       0.000       0.000       0.000       0.000
   102     4    11  2024       1       1  hru1                   0.000       0.000       0.000     759.222       7.968       0.000       0.000       0.000       0.000       0.000       0.000       0.000       0.000      22.133       0.294      11.214      21.914       3.511       0.264       0.097       0.000       0.000       0.000       0.000
   103     4    12  2024       1       1  hru1                   0.000       0.000       0.000     751.630       9.388       0.000       0.000       0.000       0.000       0.000       0.000       0.000       0.000      25.544       7.700      16.622      21.914       3.095       0.363       0.101       0.000       0.000       0.000       0.000
   104     4    13  2024       1       1  hru1                   0.000       0.000       0.000     744.114      10.283       0.000       0.000       0.000       0.000       0.000       0.000       0.000       0.000      24.861       4.450      14.656      21.914       1.749       0.450       0.105       0.000       0.000       0.000       0.000
   105     4    14  2024       1       1  hru1                   0.000       0.000       0.000     736.672      10.530       0.000       0.000       0.000       0.000       0.000       0.000       0.000       0.000      19.983       2.922      11.453      21.914       2.800       0.244       0.108       0.000       0.000       0.000       0.000
   106     4    15  2024       1       1  hru1                   0.000       0.000       0.000     729.306      10.519       0.000       0.000       0.000       0.000       0.000       0.000       0.000       0.000      16.261       4.083      10.172      21.914       4.290       0.616       0.111       0.000       0.000       0.000       0.000
   107     4    16  2024       1       1  hru1                   0.000       0.000       0.000     722.013      10.370       0.000       0.000       0.000       0.000       0.000       0.000       0.000       0.000      14.661       3.900       9.281      21.914       3.899       0.442       0.113       0.000       0.000       0.000       0.000
   108     4    17  2024       1       1  hru1                   0.000       0.000       0.000     714.793       9.621       0.000       0.000       0.000       0.000       0.000       0.000       0.000       0.000       9.133       1.194       5.164      21.914       4.618       0.345       0.115       0.000       0.000       0.000       0.000
   109     4    18  2024       1       1  hru1                   0.000       0.000       0.000     707.645       8.841       0.000       0.000       0.000       0.000       0.000       0.000       0.000       0.000      12.122      -4.556       3.783      21.914       3.465       0.377       0.116       0.000       0.000       0.000       0.000
   110     4    19  2024       1       1  hru1                   0.000       0.000       0.000     700.568       8.352       0.000       0.000       0.000       0.000       0.000       0.000       0.000       0.000      15.206      -5.850       4.678      21.914       2.913       0.271       0.117       0.000       0.000       0.000       0.000
   111     4    20  2024       1       1  hru1                   0.000       0.000       0.000     693.563       8.886       0.000       0.000       0.000       0.000       0.000       0.000       0.000       0.000      19.567       2.667      11.117      21.914       3.084       0.246       0.120       0.000       0.000       0.000       0.000
   112     4    21  2024       1       1  hru1                   0.000       0.000       0.000     686.627       9.345       0.000       0.000       0.000       0.000       0.000       0.000       0.000       0.000      19.156       3.394      11.275      21.914       5.237       0.447       0.123       0.000       0.000       0.000       0.000
   113     4    22  2024       1       1  hru1                   0.000       0.000       0.000     679.761       9.312       0.000       0.000       0.000       0.000       0.000       0.000       0.000       0.000      16.422       0.594       8.508      21.914       2.667       0.202       0.125       0.000       0.000       0.000       0.000
   114     4    23  2024       1       1  hru1                   0.000       0.000       0.000     672.963       9.505       0.000       0.000       0.000       0.000       0.000       0.000       0.000       0.000      21.011      -1.483       9.764      21.914       3.687       0.405       0.128       0.000       0.000       0.000       0.000
   115     4    24  2024       1       1  hru1                   0.000       0.000       0.000     666.233      10.014       0.000       0.000       0.000       0.000       0.000       0.000       0.000       0.000      21.128       3.428      12.278      21.914       2.553       0.990       0.131       0.000       0.000       0.000       0.000
   116     4    25  2024       1       1  hru1                   0.000       0.000       0.000     659.571      10.439       0.000       0.000       0.000       0.000       0.000       0.000       0.000       0.000      18.189       6.861      12.525      21.914       1.574       0.334       0.135       0.000       0.000       0.000       0.000
   117     4    26  2024       1       1  hru1                   0.000       0.000       0.000     652.975      10.431       0.000       0.000       0.000       0.000       0.000       0.000       0.000       0.000      13.561       7.006      10.283      21.914       5.514       0.990       0.137       0.000       0.000       0.000       0.000
   118     4    27  2024       1       1  hru1                   0.000       0.000       0.000     646.446      10.522       0.000       0.000       0.000       0.000       0.000       0.000       0.000       0.000      16.944       4.544      10.744      21.914       4.309       0.361       0.140       0.000       0.000       0.000       0.000
   119     4    28  2024       1       1  hru1                   0.000       0.000       0.000     639.981      10.499       0.000       0.000       0.000       0.000       0.000       0.000       0.000       0.000      16.528       3.606      10.067      21.914       3.673       0.281       0.143       0.000       0.000       0.000       0.000
   120     4    29  2024       1       1  hru1                   0.000       0.000       0.000     633.581      10.187       0.000       0.000       0.000       0.000       0.000       0.000       0.000       0.000      14.878       1.278       8.078      21.914       6.123       0.646       0.145       0.000       0.000       0.000       0.000
   121     4    30  2024       1       1  hru1                   0.000       0.000       0.000     627.246       9.631       0.000       0.000       0.000       0.000       0.000       0.000       0.000       0.000      13.189      -1.106       6.042      21.914       2.548       0.283       0.147       0.000       0.000       0.000       0.000
   122     5     1  2024       1       1  hru1                   0.000       0.000       0.000     620.973       9.028       0.000       0.000       0.000       0.000       0.000       0.000       0.000       0.000      10.528      -1.983       4.272      25.817       3.981       0.300       0.148       0.000       0.000       0.000       0.000
   123     5     2  2024       1       1  hru1                   0.000       0.000       0.000     614.763       8.512       0.000       0.000       0.000       0.000       0.000       0.000       0.000       0.000      11.094      -3.206       3.944      25.817       2.944       0.990       0.149       0.000       0.000       0.000       0.000
   124     5     3  2024       1       1  hru1                   0.000       0.000       0.000     608.616       8.817       0.000       0.000       0.000       0.000       0.000       0.000       0.000       0.000      15.017       3.189       9.103      25.817       5.344       0.990       0.152       0.000       0.000       0.000       0.000
   125     5     4  2024       1       1  hru1                   0.000       0.000       0.000     602.530       9.449       0.000       0.000       0.000       0.000       0.000       0.000       0.000       0.000      20.544       1.228      10.886      25.817       4.599       0.377       0.154       0.000       0.000       0.000       0.000
   126     5     5  2024       1       1  hru1                   0.000       0.000       0.000     596.504       9.594       0.000       0.000       0.000       0.000       0.000       0.000       0.000       0.000      15.139       3.122       9.131      25.817       2.965       0.792       0.157       0.000       0.000       0.000       0.000
   127     5     6  2024       1       1  hru1                   0.000       0.000       0.000     590.539       9.453       0.000       0.000       0.000       0.000       0.000       0.000       0.000       0.000      12.644       2.506       7.575      25.817       3.250       0.671       0.159       0.000       0.000       0.000       0.000
   128     5     7  2024       1       1  hru1                   0.000       0.000       0.000     584.634       9.003       0.000       0.000       0.000       0.000       0.000       0.000       0.000       0.000       9.267       2.033       5.650      25.817       1.100       0.153       0.161       0.000       0.000       0.000       0.000
   129     5     8  2024       1       1  hru1                   0.000       0.000       0.000     578.788       8.983       0.000       0.000       0.000       0.000       0.000       0.000       0.000       0.000      13.528       1.422       7.475      25.817       4.928       0.115       0.163       0.000       0.000       0.000       0.000
   130     5     9  2024       1       1  hru1                   0.000       0.000       0.000     573.000       9.444       0.000       0.000       0.000       0.000       0.000       0.000       0.000       0.000      20.044      -0.406       9.819      25.817       4.194       0.279       0.165       0.000       0.000       0.000       0.000
   131     5    10  2024       1       1  hru1                   0.000       0.000       0.000     567.270      10.163       0.000       0.000       0.000       0.000       0.000       0.000       0.000       0.000      21.467       3.189      12.328      25.817       2.939       0.409       0.168       0.000       0.000       0.000       0.000
   132     5    11  2024       1       1  hru1                   0.000       0.000       0.000     561.597      11.004       0.000       0.000       0.000       0.000       0.000       0.000       0.000       0.000      24.661       2.572      13.617      25.817       3.685       0.309       0.172       0.000       0.000       0.000       0.000
   133     5    12  2024       1       1  hru1                   0.000       0.000       0.000     555.981      12.223       0.000       0.000       0.000       0.000       0.000       0.000       0.000       0.000      26.189       9.217      17.703      25.817       4.207       0.393       0.177       0.000       0.000       0.000       0.000
   134     5    13  2024       1       1  hru1                   0.000       0.000       0.000     550.421      12.916       0.000       0.000       0.000       0.000       0.000       0.000       0.000       0.000      23.822       7.661      15.742      25.817       3.006       0.990       0.181       0.000       0.000       0.000       0.000
   135     5    14  2024       1       1  hru1                   0.000       0.000       0.000     544.917      13.276       0.000       0.000       0.000       0.000       0.000       0.000       0.000       0.000      22.006       6.861      14.433      25.817       1.852       0.990       0.185       0.000       0.000       0.000       0.000
   136     5    15  2024       1       1  hru1                   0.000       0.000       0.000     539.468      13.544       0.000       0.000       0.000       0.000       0.000       0.000       0.000       0.000      22.089       6.311      14.200      25.817       2.155       0.360       0.189       0.000       0.000       0.000       0.000
   137     5    16  2024       1       1  hru1                   0.000       0.000       0.000     534.073      14.192       0.000       0.000       0.000       0.000       0.000       0.000       0.000       0.000      26.383       7.106      16.744      25.817       2.574       0.404       0.193       0.000       0.000       0.000       0.000
   138     5    17  2024       1       1  hru1                   0.000       0.000       0.000     528.732      14.056       0.000       0.000       0.000       0.000       0.000       0.000       0.000       0.000      20.017       5.500      12.758      25.817       4.417       0.222       0.197       0.000       0.000       0.000       0.000
   139     5    18  2024       1       1  hru1                   0.000       0.000       0.000     523.445      13.880       0.000       0.000       0.000       0.000       0.000       0.000       0.000       0.000      22.894       0.072      11.483      25.817       2.236       0.092       0.200       0.000       0.000       0.000       0.000
   140     5    19  2024       1       1  hru1                   0.000       0.000       0.000     518.211      13.315       0.000       0.000       0.000       0.000       0.000       0.000       0.000       0.000      14.644       5.439      10.042      25.817       4.524       0.303       0.203       0.000       0.000       0.000       0.000
   141     5    20  2024       1       1  hru1                   0.000       0.000       0.000     513.029      12.644       0.000       0.000       0.000       0.000       0.000       0.000       0.000       0.000      14.011       2.856       8.433      25.817       1.680       0.455       0.205       0.000       0.000       0.000       0.000
   142     5    21  2024       1       1  hru1                   0.000       0.000       0.000     507.898      12.341       0.000       0.000       0.000       0.000       0.000       0.000       0.000       0.000      18.289       0.611       9.450      25.817       1.783       0.490       0.207       0.000       0.000       0.000       0.000
   143     5    22  2024       1       1  hru1                   0.000       0.000       0.000     502.819      11.956       0.000       0.000       0.000       0.000       0.000       0.000       0.000       0.000      14.700       3.694       9.197      25.817       4.127       0.903       0.210       0.000       0.000       0.000       0.000
   144     5    23  2024       1       1  hru1                   0.000       0.000       0.000     497.791      11.503       0.000       0.000       0.000       0.000       0.000       0.000       0.000       0.000      14.200       2.117       8.158      25.817       2.736       0.303       0.212       0.000       0.000       0.000       0.000
   145     5    24  2024       1       1  hru1                   0.000       0.000       0.000     492.813      11.574       0.000       0.000       0.000       0.000       0.000       0.000       0.000       0.000      20.317       0.367      10.342      25.817       3.626       0.299       0.215       0.000       0.000       0.000       0.000
   146     5    25  2024       1       1  hru1                   0.000       0.000       0.000     487.885      11.775       0.000       0.000       0.000       0.000       0.000       0.000       0.000       0.000      18.706       5.267      11.986      25.817       4.277       0.939       0.218       0.000       0.000       0.000       0.000
   147     5    26  2024       1       1  hru1                   0.000       0.000       0.000     483.006      12.083       0.000       0.000       0.000       0.000       0.000       0.000       0.000       0.000      20.994       4.267      12.631      25.817       3.559       0.412       0.221       0.000       0.000       0.000       0.000
   148     5    27  2024       1       1  hru1                   0.000       0.000       0.000     478.176      12.730       0.000       0.000       0.000       0.000       0.000       0.000       0.000       0.000      25.394       4.400      14.897      25.817       3.485       0.194       0.225       0.000       0.000       0.000       0.000
   149     5    28  2024       1       1  hru1                   0.000       0.000       0.000     473.394      13.711       0.000       0.000       0.000       0.000       0.000       0.000       0.000       0.000      28.611       7.333      17.972      25.817       2.793       0.990       0.230       0.000       0.000       0.000       0.000
   150     5    29  2024       1       1  hru1                   0.000       0.000       0.000     468.660      13.495       0.000       0.000       0.000       0.000       0.000       0.000       0.000       0.000      18.217       5.633      11.925      25.817       2.928       0.393       0.234       0.000       0.000       0.000       0.000
   151     5    30  2024       1       1  hru1                   0.000       0.000       0.000     463.974      13.255       0.000       0.000       0.000       0.000       0.000       0.000       0.000       0.000      18.778       3.739      11.258      25.817       4.412       0.145       0.237       0.000       0.000       0.000       0.000
   152     5    31  2024       1       1  hru1                   0.000       0.000       0.000     459.334      13.312       0.000       0.000       0.000       0.000       0.000       0.000       0.000       0.000      22.094       3.111      12.603      25.817       1.656       0.359       0.240       0.000       0.000       0.000       0.000
   153     6     1  2024       1       1  hru1                   0.000       0.000       0.000     454.741      13.911       0.000       0.000       0.400       0.000       0.000       0.000       0.000       0.000      26.339       3.589      14.964      28.473       1.236       0.237       0.244       0.000       0.000       0.000       0.000
   154     6     2  2024       1       1  hru1                   0.001      10.706       0.000     449.614      14.595       0.000       0.000       0.231       0.000       0.000       0.000       0.000       0.000      24.972      10.011      17.492      28.473       2.472       0.348       0.249       0.000       0.000       0.000       0.000
   155     6     3  2024       1       1  hru1                   0.003      24.682       0.000     444.386      14.919       0.000       0.000       0.291       0.000       0.000       0.503       0.000       0.077      21.372      11.700      16.536      28.473       0.824       0.391       0.253       0.000       0.000       0.000       0.000
   156     6     4  2024       1       1  hru1                   0.004      38.358       0.000     438.993      15.359       0.000       0.000       0.274       0.000       0.000       1.159       0.000       0.138      24.467       9.122      16.794      28.473       4.558       0.296       0.258       0.000       0.000       0.000       0.000
   157     6     5  2024       1       1  hru1                   0.006      52.275       0.000     433.317      15.971       0.000       0.000       0.188       0.000       0.000       1.800       0.000       0.204      26.517       9.994      18.256      28.473       1.257       0.439       0.263       0.000       0.000       0.000       0.000
   158     6     6  2024       1       1  hru1                   0.009      68.916       0.000     427.141      16.871       0.000       0.000       0.105       0.000       0.000       2.452       0.000       0.268      31.111       8.878      19.994      28.473       3.459       0.397       0.268       0.000       0.000       0.000       0.000
   159     6     7  2024       1       1  hru1                   0.013      87.326       0.000     420.382      17.827       0.000       0.000       0.045       0.000       0.000       3.229       0.000       0.351      31.722      11.767      21.744      28.473       1.563       0.241       0.274       0.000       0.000       0.000       0.000
   160     6     8  2024       1       1  hru1                   0.018     105.999       0.000     413.076      18.728       0.000       0.000       0.019       0.000       0.000       4.088       0.000       0.434      31.444      14.383      22.914      28.473       4.089       0.209       0.280       0.000       0.000       0.000       0.000
   161     6     9  2024       1       1  hru1                   0.025     125.768       0.000     405.653      19.081       0.000       0.000       0.064       0.000       0.000       4.954       0.000       0.516      27.111      15.106      21.108      28.473       2.084       0.199       0.286       0.000       0.000       0.000       0.000
   162     6    10  2024       1       1  hru1                   0.033     147.523       0.000     398.382      19.078       0.000       0.000       0.161       0.000       0.000       5.869       0.000       0.605      26.011      11.556      18.783      28.473       3.474       0.192       0.291       0.000       0.000       0.000       0.000
   163     6    11  2024       1       1  hru1                   0.041     170.149       0.000     390.884      19.607       0.000       0.000       0.054       0.000       0.000       6.875       0.000       0.702      31.500      11.383      21.442      28.473       5.896       0.458       0.297       0.000       0.000       0.000       0.000
   164     6    12  2024       1       1  hru1                   0.052     199.957       0.000     383.409      19.798       0.000       0.000       0.080       0.000       0.000       7.912       0.000       0.795      28.000      13.294      20.647      28.473       2.079       0.325       0.302       0.000       0.000       0.000       0.000
   165     6    13  2024       1       1  hru1                   0.065     230.843       0.000     375.857      20.154       0.000       0.000       0.078       0.000       0.000       9.277       0.000       0.936      32.278       9.100      20.689      28.473       3.632       0.305       0.308       0.000       0.000       0.000       0.000
   166     6    14  2024       1       1  hru1                   0.080     265.100       0.000     368.278      20.451       0.000       0.000       0.031       0.000       0.000      10.682       0.000       1.054      28.667      15.944      22.306      28.473       4.325       0.457       0.314       0.000       0.000       0.000       0.000
   167     6    15  2024       1       1  hru1                   0.100     307.478       0.000     361.375      19.617       0.000       0.000       0.359       0.000       0.000      12.225       0.000       1.197      20.606      10.467      15.536      28.473       3.343       0.432       0.318       0.000       0.000       0.000       0.000
   168     6    16  2024       1       1  hru1                   0.112     342.460       0.000     355.297      18.540       0.000       0.000       0.632       0.000       0.000      14.151       0.000       1.387      19.822       4.339      12.081      28.473       3.404       0.282       0.321       0.000       0.000       0.000       0.000
   169     6    17  2024       1       1  hru1                   0.119     364.041       0.000     350.185      17.122       0.000       0.000       0.899       0.000       0.000      15.742       0.000       1.509      14.806       3.394       9.100      28.473       1.397       0.267       0.324       0.000       0.000       0.000       0.000
   170     6    18  2024       1       1  hru1                   0.121     370.247       0.000     345.614      16.243       0.000       0.000       0.823       0.000       0.000      16.729       0.000       1.584      19.144       0.706       9.925      28.473       2.571       0.259       0.326       0.000       0.000       0.000       0.000
   171     6    19  2024       1       1  hru1                   0.124     381.188       0.000     341.132      16.197       0.000       0.000       0.473       0.000       0.000      17.004       0.000       1.584      24.600       3.406      14.003      28.473       4.721       0.524       0.330       0.000       0.000       0.000       0.000
   172     6    20  2024       1       1  hru1                   0.136     414.385       0.000     336.419      16.795       0.000       0.000       0.194       0.000       0.000      17.474       0.000       1.636      29.000       7.300      18.150      28.473       2.479       0.450       0.335       0.000       0.000       0.000       0.000
   173     6    21  2024       1       1  hru1                   0.157     466.964       0.000     331.436      17.438       0.000       0.000       0.140       0.000       0.000      18.931       0.000       1.791      29.889       8.539      19.214      28.473       2.726       0.387       0.340       0.000       0.000       0.000       0.000
   174     6    22  2024       1       1  hru1                   0.184     526.658       0.000     325.938      18.496       0.000       0.000       0.030       0.027       0.000      21.242       0.000       2.006      34.500      10.156      22.328      28.473       1.847       0.103       0.346       0.000       0.000       0.000       0.000
   175     6    23  2024       1       1  hru1                   0.223     587.177       0.000     319.919      19.574       0.000       0.000       0.001       0.052       0.000      23.567       0.000       2.212      34.167      14.900      24.533      28.473       2.686       0.120       0.353       0.000       0.000       0.000       0.000
   176     6    24  2024       1       1  hru1                   0.277     650.865       0.000     313.601      20.333       0.000       0.000       0.003       0.092       0.000      23.633       0.000       2.402      32.222      16.217      24.219      28.473       3.486       0.192       0.359       0.000       0.000       0.000       0.000
   177     6    25  2024       1       1  hru1                   0.340     727.442       0.000     307.226      20.692       0.000       0.000       0.044       0.167       0.000      23.703       0.000       2.600      32.056      11.528      21.792      28.473       2.106       0.248       0.365       0.000       0.000       0.000       0.000
   178     6    26  2024       1       1  hru1                   0.403     818.845       0.000     300.774      21.131       0.000       0.000       0.002       0.294       0.000      23.774       0.000       2.863      29.667      18.833      24.250      28.473       2.385       0.340       0.372       0.000       0.000       0.000       0.000
   179     6    27  2024       1       1  hru1                   0.487     906.252       0.000     294.676      20.659       0.000       0.000       0.175       0.459       0.000      23.846       0.000       3.138      23.906      13.078      18.492      28.473       5.544       0.199       0.377       0.000       0.000       0.000       0.000
   180     6    28  2024       1       1  hru1                   0.549     988.568       0.000     288.919      20.205       0.000       0.000       0.246       0.639       0.000      23.915       0.000       3.403      25.361       9.122      17.242      28.473       4.060       0.422       0.381       0.000       0.000       0.000       0.000
   181     6    29  2024       1       1  hru1                   0.608    1055.408       0.000     283.207      20.343       0.000       0.000       0.104       0.777       0.000      23.981       0.000       3.640      31.000       9.050      20.025      28.473       2.347       0.200       0.387       0.000       0.000       0.000       0.000
   182     6    30  2024       1       1  hru1                   0.692    1094.183       0.000     277.586      20.390       0.000       0.000       0.059       0.830       0.000      24.047       0.000       3.767      26.550      15.972      21.261      28.473       4.659       0.249       0.392       0.000       0.000       0.000       0.000
   183     7     1  2024       1       1  hru1                   0.794    1126.556       0.000     272.174      20.174       0.000       0.000       0.142       0.867       0.000      24.112       0.000       3.776      25.589      12.739      19.164      28.317       1.783       0.279       0.397       0.000       0.000       0.000       0.000
   184     7     2  2024       1       1  hru1                   0.887    1156.047       0.000     267.020      19.844       0.000       0.000       0.229       0.898       0.000      24.175       0.000       3.823      25.800       9.250      17.525      28.317       3.438       0.313       0.402       0.000       0.000       0.000       0.000
   185     7     3  2024       1       1  hru1                   0.972    1181.537       0.000     262.032      19.693       0.000       0.000       0.155       0.909       0.000      24.236       0.000       3.847      25.522      12.261      18.892      28.317       4.758       0.294       0.407       0.000       0.000       0.000       0.000
   186     7     4  2024       1       1  hru1                   1.075    1204.934       0.000     257.232      19.484       0.000       0.000       0.244       0.918       0.000      24.296       0.000       3.847      27.389       7.172      17.281      28.317       3.085       0.380       0.412       0.000       0.000       0.000       0.000
   187     7     5  2024       1       1  hru1                   1.167    1228.841       0.000     252.471      19.594       0.000       0.000       0.143       0.916       0.000      24.354       0.000       3.856      29.833       8.467      19.150      28.317       2.833       0.283       0.417       0.000       0.000       0.000       0.000
   188     7     6  2024       1       1  hru1                   1.283    1253.090       0.000     247.621      20.000       0.000       0.000       0.045       0.895       0.000      24.412       0.000       3.856      31.333      12.178      21.756      28.317       3.466       0.295       0.423       0.000       0.000       0.000       0.000
   189     7     7  2024       1       1  hru1                   1.433    1283.526       0.000     242.807      20.138       0.000       0.000       0.104       0.892       0.000      24.471       0.000       3.856      30.611       9.439      20.025      28.317       1.152       0.142       0.428       0.000       0.000       0.000       0.000
   190     7     8  2024       1       1  hru1                   1.569    1315.861       0.000     237.924      20.546       0.000       0.000       0.037       0.874       0.000      24.530       0.000       3.856      32.944      11.139      22.042      28.317       1.895       0.164       0.434       0.000       0.000       0.000       0.000
   191     7     9  2024       1       1  hru1                   1.733    1353.649       0.000     232.944      21.076       0.000       0.000       0.014       0.853       0.000      24.590       0.000       3.856      34.944      11.411      23.178      28.317       2.494       0.160       0.440       0.000       0.000       0.000       0.000
   192     7    10  2024       1       1  hru1                   1.912    1398.296       0.000     227.834      21.785       0.000       0.000       0.000       0.825       0.000      24.652       0.000       3.856      37.167      12.967      25.067      28.317       2.314       0.275       0.447       0.000       0.000       0.000       0.000
   193     7    11  2024       1       1  hru1                   2.114    1455.266       0.000     222.648      22.449       0.000       0.000       0.005       0.803       0.000      24.716       0.000       3.856      36.611      15.583      26.097      28.317       4.131       0.185       0.454       0.000       0.000       0.000       0.000
   194     7    12  2024       1       1  hru1                   2.323    1515.547       0.000     217.461      22.933       0.000       0.000       0.002       0.780       0.000      24.782       0.000       3.856      36.222      15.106      25.664      28.317       2.581       0.348       0.461       0.000       0.000       0.000       0.000
   195     7    13  2024       1       1  hru1                   2.520    1596.450       0.000     212.298      23.386       0.000       0.000       0.003       0.783       0.000      24.847       0.000       3.856      37.333      14.217      25.775      28.317       2.697       0.229       0.468       0.000       0.000       0.000       0.000
   196     7    14  2024       1       1  hru1                   2.706    1671.548       0.000     207.192      23.737       0.000       0.000       0.018       0.755       0.000      24.914       0.000       3.929      33.778      20.361      27.069      28.317       3.049       0.187       0.475       0.000       0.000       0.000       0.000
   197     7    15  2024       1       1  hru1                   2.890    1751.256       0.000     202.211      23.711       0.000       0.000       0.001       0.746       0.000      24.980       0.000       3.952      31.667      17.578      24.622      28.317       3.678       0.155       0.482       0.000       0.000       0.000       0.000
   198     7    16  2024       1       1  hru1                   3.036    1842.067       0.000     197.362      23.622       0.000       0.000       0.010       0.758       0.000      25.046       0.000       4.036      32.889      14.089      23.489      28.317       3.242       0.358       0.488       0.000       0.000       0.000       0.000
   199     7    17  2024       1       1  hru1                   3.158    1946.360       0.000     192.662      23.413       0.000       0.000       0.029       0.792       0.000      25.110       0.000       4.133      32.056      12.756      22.406      28.317       1.448       0.663       0.494       0.000       0.000       0.000       0.000
   200     7    18  2024       1       1  hru1                   3.260    2052.994       0.000     188.030      23.680       0.000       0.000       0.003       0.796       0.000      25.173       0.000       4.273      35.278      16.511      25.894      28.317       3.372       0.364       0.501       0.000       0.000       0.000       0.000
   201     7    19  2024       1       1  hru1                   3.371    2137.735       0.000     183.470      23.933       0.000       0.000       0.003       0.769       0.000      25.236       0.000       4.353      36.500      15.100      25.800      28.317       3.236       0.254       0.508       0.000       0.000       0.000       0.000
   202     7    20  2024       1       1  hru1                   3.465    2227.149       0.000     178.978      24.236       0.000       0.000       0.010       0.745       0.000      25.299       0.000       4.391      37.389      15.722      26.556      28.317       2.865       0.199       0.515       0.000       0.000       0.000       0.000
   203     7    21  2024       1       1  hru1                   3.546    2319.711       0.000     174.608      24.129       0.000       0.000       0.003       0.742       0.000      25.361       0.000       4.456      33.444      14.972      24.208      28.317       2.023       0.195       0.522       0.000       0.000       0.000       0.000
   204     7    22  2024       1       1  hru1                   3.605    2422.050       0.000     170.353      24.052       0.000       0.000       0.001       0.751       0.000      25.423       0.000       4.539      33.111      15.944      24.528      28.317       3.434       0.092       0.529       0.000       0.000       0.000       0.000
   205     7    23  2024       1       1  hru1                   3.654    2512.793       0.000     166.178      24.230       0.000       0.000       0.004       0.741       0.000      25.483       0.000       4.636      36.611      15.389      26.000      28.317       2.170       0.326       0.536       0.000       0.000       0.000       0.000
   206     7    24  2024       1       1  hru1                   3.698    2620.263       0.000     162.096      24.309       0.000       0.000       0.002       0.756       0.000      25.543       0.000       4.680      35.611      15.656      25.633      28.317       2.438       0.990       0.542       0.000       0.000       0.000       0.000
   207     7    25  2024       1       1  hru1                   3.732    2750.621       0.000     158.119      24.257       0.000       0.000       0.000       0.801       0.000      25.602       0.000       4.801      33.500      16.594      25.047      28.317       2.300       0.704       0.549       0.000       0.000       0.000       0.000
   208     7    26  2024       1       1  hru1                   3.758    2857.009       0.000     154.314      23.646       0.000       0.000       0.080       0.845       0.000      25.661       0.000       4.950      27.500      13.767      20.633      28.317       2.970       0.134       0.555       0.000       0.000       0.000       0.000
   209     7    27  2024       1       1  hru1                   3.774    2924.259       0.000     150.673      23.130       0.000       0.000       0.096       0.852       0.000      25.718       0.000       5.056      28.611      11.806      20.208      28.317       1.275       0.300       0.560       0.000       0.000       0.000       0.000
   210     7    28  2024       1       1  hru1                   3.787    2994.462       0.000     147.181      22.733       0.000       0.000       0.093       0.865       0.000      25.774       0.000       5.083      29.444      11.133      20.289      28.317       1.354       0.327       0.566       0.000       0.000       0.000       0.000
   211     7    29  2024       1       1  hru1                   3.798    3059.398       0.000     143.812      22.493       0.000       0.000       0.073       0.873       0.000      25.828       0.000       5.158      30.778      10.922      20.850      28.317       4.014       0.242       0.571       0.000       0.000       0.000       0.000
   212     7    30  2024       1       1  hru1                   3.808    3117.347       0.000     140.594      22.073       0.000       0.000       0.097       0.880       0.000      25.880       0.000       5.193      26.356      14.033      20.194      28.317       2.880       0.145       0.577       0.000       0.000       0.000       0.000
   213     7    31  2024       1       1  hru1                   3.816    3170.564       0.000     137.469      21.961       0.000       0.000       0.064       0.882       0.000      25.931       0.000       5.237      31.222      10.983      21.103      28.317       2.210       0.433       0.582       0.000       0.000       0.000       0.000
   214     8     1  2024       1       1  hru1                   3.824    3229.613       0.000     134.388      22.116       0.000       0.000       0.002       0.883       0.000      25.982       0.000       5.261      36.111      12.489      24.300      24.505       3.608       0.364       0.589       0.000       0.000       0.000       0.000
   215     8     2  2024       1       1  hru1                   3.831    3275.271       0.000     131.327      22.433       0.000       0.000       0.003       0.873       0.000      26.032       0.000       5.293      38.278      13.294      25.786      24.505       3.310       0.432       0.596       0.000       0.000       0.000       0.000
   216     8     3  2024       1       1  hru1                   3.838    3325.238       0.000     128.311      22.607       0.000       0.000       0.001       0.873       0.000      26.082       0.000       5.293      35.333      15.489      25.411      24.505       1.080       0.160       0.603       0.000       0.000       0.000       0.000
   217     8     4  2024       1       1  hru1                   3.843    3366.592       0.000     125.363      22.622       0.000       0.000       0.000       0.871       0.000      26.133       0.000       5.311      32.000      17.333      24.667      24.505       2.271       0.095       0.609       0.000       0.000       0.000       0.000
   218     8     5  2024       1       1  hru1                   3.848    3407.733       0.000     122.481      22.643       0.000       0.000       0.001       0.873       0.000      26.183       0.000       5.317      33.556      15.339      24.447      24.505       1.814       0.186       0.616       0.000       0.000       0.000       0.000
   219     8     6  2024       1       1  hru1                   3.851    3451.597       0.000     119.654      22.735       0.000       0.000       0.000       0.879       0.000      26.233       0.000       5.335      34.667      15.306      24.986      24.505       1.465       0.298       0.623       0.000       0.000       0.000       0.000
   220     8     7  2024       1       1  hru1                   3.854    3495.942       0.000     116.938      22.399       0.000       0.000       0.052       0.893       0.000      26.282       0.000       5.355      30.333      12.689      21.511      24.505       2.809       0.319       0.628       0.000       0.000       0.000       0.000
   221     8     8  2024       1       1  hru1                   3.856    3539.288       0.000     114.311      22.211       0.000       0.000       0.031       0.907       0.000      26.330       0.000       5.393      31.500      13.122      22.311      24.505       2.711       0.153       0.634       0.000       0.000       0.000       0.000
   222     8     9  2024       1       1  hru1                   3.858    3573.018       0.000     111.735      22.284       0.000       0.000       0.002       0.912       0.000      26.378       0.000       5.420      33.944      14.600      24.272      24.505       1.911       0.106       0.641       0.000       0.000       0.000       0.000
   223     8    10  2024       1       1  hru1                   3.859    3601.692       0.000     109.233      22.164       0.000       0.000       0.022       0.917       0.000      26.425       0.000       5.427      32.056      13.406      22.731      24.505       2.735       0.206       0.647       0.000       0.000       0.000       0.000
   224     8    11  2024       1       1  hru1                   3.861    3632.324       0.000     106.797      22.105       0.000       0.000       0.014       0.924       0.000      26.471       0.000       5.440      32.222      14.122      23.172      24.505       2.563       0.290       0.653       0.000       0.000       0.000       0.000
   225     8    12  2024       1       1  hru1                   3.862    3661.320       0.000     104.379      22.383       0.000       0.000       0.009       0.930       0.000      26.517       0.000       5.457      32.944      20.011      26.478      24.505       3.243       0.201       0.660       0.000       0.000       0.000       0.000
   226     8    13  2024       1       1  hru1                   3.863    3684.065       0.000     121.656      22.197       0.000       0.000       0.020       0.934       0.000      26.563       0.000       5.462      29.111      16.522      22.817      24.505       2.195       0.168       0.667       0.000       0.000       0.000       0.000
   227     8    14  2024       1       1  hru1                   3.727    3688.323       0.000     134.764      21.855       0.000       0.000       0.070       0.954       0.000      26.332       0.000       5.443      28.833      13.006      20.919      24.505       2.396       0.157       0.672       0.000       0.000       0.000       0.000
   228     8    15  2024       1       1  hru1                   3.609    3688.693       0.000     146.042      21.529       0.000       0.000       0.083       0.967       0.000      26.152       0.000       5.435      28.889      12.239      20.564      24.505       2.430       0.303       0.678       0.000       0.000       0.000       0.000
   229     8    16  2024       1       1  hru1                   3.493    3685.871       0.000     155.842      21.257       0.000       0.000       0.090       0.976       0.000      25.993       0.000       5.413      30.056      10.711      20.383      24.505       2.175       0.316       0.683       0.000       0.000       0.000       0.000
   230     8    17  2024       1       1  hru1                   3.380    3679.938       0.000     165.687      21.112       0.000       0.000       0.066       0.982       0.000      25.852       0.000       5.392      31.333      10.744      21.039      24.505       2.631       0.065       0.689       0.000       0.000       0.000       0.000
   231     8    18  2024       1       1  hru1                   3.260    3670.229       0.000     177.656      21.232       0.000       0.000       0.010       0.984       0.000      25.709       0.000       5.369      32.333      14.561      23.447      24.505       3.734       0.819       0.695       0.000       0.000       0.000       0.000
   232     8    19  2024       1       1  hru1                   3.119    3658.716       0.000     190.238      21.530       0.000       0.000       0.000       0.989       0.000      25.537       0.000       5.342      34.556      15.178      24.867      24.505       3.118       0.196       0.702       0.000       0.000       0.000       0.000
   233     8    20  2024       1       1  hru1                   2.964    3642.604       0.000     197.825      21.357       0.000       0.000       0.057       0.992       0.000      25.355       0.000       5.313      29.722      12.911      21.317      24.505       4.029       0.249       0.708       0.000       0.000       0.000       0.000
   234     8    21  2024       1       1  hru1                   2.842    3630.194       0.000     202.746      20.975       0.000       0.000       0.136       0.992       0.000      25.243       0.000       5.291      27.611      10.967      19.289      24.505       1.484       0.132       0.713       0.000       0.000       0.000       0.000
   235     8    22  2024       1       1  hru1                   2.738    3620.281       0.000     208.925      20.901       0.000       0.000       0.076       0.990       0.000      25.169       0.000       5.273      33.556       7.939      20.747      24.505       1.763       0.235       0.718       0.000       0.000       0.000       0.000
   236     8    23  2024       1       1  hru1                   2.621    3609.825       0.000     213.903      20.638       0.000       0.000       0.108       0.990       0.000      25.077       0.000       5.252      27.056      12.811      19.933      24.505       3.258       0.209       0.724       0.000       0.000       0.000       0.000
   237     8    24  2024       1       1  hru1                   2.512    3600.559       0.000     213.248      19.750       0.000       0.000       0.439       0.990       0.000      25.002       0.000       5.234      19.567       9.328      14.447      24.505       2.678       0.396       0.728       0.000       0.000       0.000       0.000
   238     8    25  2024       1       1  hru1                   2.453    3597.658       0.000     212.899      19.009       0.000       0.000       0.453       0.987       0.000      25.006       0.000       5.224      21.594       6.944      14.269      24.505       1.459       0.117       0.732       0.000       0.000       0.000       0.000
   239     8    26  2024       1       1  hru1                   2.395    3595.873       0.000     216.586      18.800       0.000       0.000       0.202       0.984       0.000      25.008       0.000       5.214      25.344      10.667      18.006      24.505       1.578       0.208       0.736       0.000       0.000       0.000       0.000
   240     8    27  2024       1       1  hru1                   2.304    3591.083       0.000     221.157      18.826       0.000       0.000       0.145       0.985       0.000      24.954       0.000       5.199      30.556       7.639      19.097      24.505       4.123       0.268       0.742       0.000       0.000       0.000       0.000
   241     8    28  2024       1       1  hru1                   2.202    3585.018       0.000     222.034      18.338       0.000       0.000       0.367       0.987       0.000      24.888       0.000       5.183      22.133       8.717      15.425      24.505       2.610       0.178       0.746       0.000       0.000       0.000       0.000
   242     8    29  2024       1       1  hru1                   2.134    3582.208       0.000     221.743      17.814       0.000       0.000       0.474       0.986       0.000      24.874       0.000       5.172      23.700       4.283      13.992      24.505       2.666       0.238       0.749       0.000       0.000       0.000       0.000
   243     8    30  2024       1       1  hru1                   2.079    3581.396       0.000     224.854      17.802       0.000       0.000       0.238       0.984       0.000      24.877       0.000       5.163      29.833       4.906      17.369      24.505       2.005       0.145       0.754       0.000       0.000       0.000       0.000
   244     8    31  2024       1       1  hru1                   1.993    3577.401       0.000     229.073      17.933       0.000       0.000       0.163       0.984       0.000      24.834       0.000       5.150      30.333       7.139      18.736      24.505       2.238       0.136       0.759       0.000       0.000       0.000       0.000
   245     9     1  2024       1       1  hru1                   1.895    3571.701       0.000     235.028      18.042       0.000       0.000       0.074       0.985       0.000      24.774       0.000       5.134      33.278       8.317      20.797      19.429       2.615       0.154       0.765       0.000       0.000       0.000       0.000
   246     9     2  2024       1       1  hru1                   1.777    3562.583       0.000     240.903      18.181       0.000       0.000       0.063       0.986       0.000      24.691       0.000       5.116      30.111      12.189      21.150      19.429       3.151       0.990       0.770       0.000       0.000       0.000       0.000
   247     9     3  2024       1       1  hru1                   1.657    3553.741       0.000     245.182      18.154       0.000       0.000       0.113       0.987       0.000      24.608       0.000       5.098      26.611      13.006      19.808      19.429       0.969       0.284       0.776       0.000       0.000       0.000       0.000
   248     9     4  2024       1       1  hru1                   1.548    3545.439       0.000     247.805      17.942       0.000       0.000       0.194       0.987       0.000      24.548       0.000       5.081      25.961      10.344      18.153      19.429       3.437       0.330       0.781       0.000       0.000       0.000       0.000
   249     9     5  2024       1       1  hru1                   1.455    3538.959       0.000     251.207      17.861       0.000       0.000       0.147       0.985       0.000      24.510       0.000       5.068      29.167       8.950      19.058      19.429       4.497       0.193       0.786       0.000       0.000       0.000       0.000
   250     9     6  2024       1       1  hru1                   1.354    3531.714       0.000     255.184      17.882       0.000       0.000       0.110       0.984       0.000      24.462       0.000       5.053      31.389       8.356      19.872      19.429       1.536       0.175       0.791       0.000       0.000       0.000       0.000
   251     9     7  2024       1       1  hru1                   1.245    3523.797       0.000     260.166      18.068       0.000       0.000       0.057       0.983       0.000      24.406       0.000       5.037      32.556      10.078      21.317      19.429       3.445       0.217       0.797       0.000       0.000       0.000       0.000
   252     9     8  2024       1       1  hru1                   1.123    3514.594       0.000     263.800      18.098       0.000       0.000       0.099       0.983       0.000      24.336       0.000       5.019      28.556      11.756      20.156      19.429       0.880       0.237       0.802       0.000       0.000       0.000       0.000
   253     9     9  2024       1       1  hru1                   1.011    3506.501       0.000     267.162      18.114       0.000       0.000       0.102       0.981       0.000      24.284       0.000       5.003      30.833       9.311      20.072      19.429       3.166       0.471       0.808       0.000       0.000       0.000       0.000
   254     9    10  2024       1       1  hru1                   0.901    3498.927       0.000     269.878      18.063       0.000       0.000       0.126       0.980       0.000      24.236       0.000       4.987      29.944       9.056      19.500      19.429       4.483       0.242       0.813       0.000       0.000       0.000       0.000
   255     9    11  2024       1       1  hru1                   0.795    3491.571       0.000     270.961      17.807       0.000       0.000       0.224       0.979       0.000      24.196       0.000       4.972      25.572       9.667      17.619      19.429       2.966       0.273       0.818       0.000       0.000       0.000       0.000
   256     9    12  2024       1       1  hru1                   0.707    3486.115       0.000     267.162      16.890       0.000       0.000       0.681       0.977       0.000      24.180       0.000       4.960      16.206       6.822      11.514      19.429       1.107       0.990       0.821       0.000       0.000       0.000       0.000
   257     9    13  2024       1       1  hru1                   0.675    3486.505       0.000     264.645      16.185       0.000       0.000       0.614       0.972       0.000      24.232       0.000       4.956      20.083       4.483      12.283      19.429       3.225       0.237       0.824       0.000       0.000       0.000       0.000
   258     9    14  2024       1       1  hru1                   0.636    3486.813       0.000     264.930      15.901       0.000       0.000       0.389       0.968       0.000      24.268       0.000       4.950      26.011       4.222      15.117      19.429       3.112       0.220       0.828       0.000       0.000       0.000       0.000
   259     9    15  2024       1       1  hru1                   0.570    3484.737       0.000     266.907      15.873       0.000       0.000       0.262       0.966       0.000      24.266       0.000       4.941      26.483       7.494      16.989      19.429       3.243       0.165       0.833       0.000       0.000       0.000       0.000
   260     9    16  2024       1       1  hru1                   0.488    3480.646       0.000     267.682      15.694       0.000       0.000       0.353       0.966       0.000      24.241       0.000       4.929      21.872       9.350      15.611      19.429       2.662       0.990       0.837       0.000       0.000       0.000       0.000
   261     9    17  2024       1       1  hru1                   0.418    3477.865       0.000     265.491      15.128       0.000       0.000       0.639       0.965       0.000      24.232       0.000       4.920      16.578       7.422      12.000      19.429       1.403       0.949       0.840       0.000       0.000       0.000       0.000
   262     9    18  2024       1       1  hru1                   0.381    3477.999       0.000     261.593      14.374       0.000       0.000       0.847       0.961       0.000      24.265       0.000       4.915      12.100       7.217       9.658      19.429       3.386       0.126       0.843       0.000       0.000       0.000       0.000
   263     9    19  2024       1       1  hru1                   0.366    3480.280       0.000     264.005      14.525       0.000       0.000       0.283       0.956       0.000      24.323       0.000       4.913      23.344       9.967      16.656      19.429       1.466       0.349       0.847       0.000       0.000       0.000       0.000
   264     9    20  2024       1       1  hru1                   0.287    3476.507       0.000     265.135      14.495       0.000       0.000       0.377       0.956       0.000      24.293       0.000       4.903      23.850       6.722      15.286      19.429       0.989       0.124       0.851       0.000       0.000       0.000       0.000
   265     9    21  2024       1       1  hru1                   0.220    3473.113       0.000     264.450      14.229       0.000       0.000       0.540       0.955       0.000      24.281       0.000       4.899      19.483       6.861      13.172      19.429       4.167       0.282       0.855       0.000       0.000       0.000       0.000
   266     9    22  2024       1       1  hru1                   0.173    3471.359       0.000     264.133      14.033       0.000       0.000       0.515       0.952       0.000      24.295       0.000       4.895      22.839       4.133      13.486      19.429       1.793       0.364       0.859       0.000       0.000       0.000       0.000
   267     9    23  2024       1       1  hru1                   0.122    3469.063       0.000     266.316      14.194       0.000       0.000       0.303       0.948       0.000      24.304       0.000       4.891      25.017       7.683      16.350      19.429       2.392       0.357       0.863       0.000       0.000       0.000       0.000
   268     9    24  2024       1       1  hru1                   0.046    3463.717       0.000     260.856      14.521       0.000       0.000       0.000       0.000       0.000      24.278       0.000       4.882      28.278       7.694      17.986      19.429       2.100       0.217       0.868       0.000       0.000       0.000       0.000
   269     9    25  2024       1       1  hru1                   0.000       0.000       0.000    2997.459      15.070       0.000       0.000       0.000       0.000       0.000       0.000       0.000       0.000      32.389       8.250      20.319      19.429       1.186       0.202       0.000       0.000       0.000       0.000       0.000
   270     9    26  2024       1       1  hru1                   0.000       0.000       0.000    2967.484      15.323       0.000       0.000       0.000       0.000       0.000       0.000       0.000       0.000      25.583      11.250      18.417      19.429       2.376       0.216       0.005       0.000       0.000       0.000       0.000
   271     9    27  2024       1       1  hru1                   0.000       0.000       0.000    2937.810      15.543       0.000       0.000       0.000       0.000       0.000       0.000       0.000       0.000      29.278       7.722      18.500      19.429       2.424       0.165       0.010       0.000       0.000       0.000       0.000
   272     9    28  2024       1       1  hru1                   0.000       0.000       0.000    2908.431      16.065       0.000       0.000       0.000       0.000       0.000       0.000       0.000       0.000      33.611       9.172      21.392      19.429       2.705       0.323       0.016       0.000       0.000       0.000       0.000
   273     9    29  2024       1       1  hru1                   0.000       0.000       0.000    2879.347      16.283       0.000       0.000       0.000       0.000       0.000       0.000       0.000       0.000      27.000      11.617      19.308      19.429       2.405       0.313       0.021       0.000       0.000       0.000       0.000
   274     9    30  2024       1       1  hru1                   0.000       0.000       0.000    2850.554      15.450       0.000       0.000       0.000       0.000       0.000       0.000       0.000       0.000      17.206       3.844      10.525      19.429       2.338       0.237       0.024       0.000       0.000       0.000       0.000
   275    10     1  2024       1       1  hru1                   0.000       0.000       0.000    2822.048      14.723       0.000       0.000       0.000       0.000       0.000       0.000       0.000       0.000      25.133       0.906      13.019      13.652       0.889       0.455       0.027       0.000       0.000       0.000       0.000
   276    10     2  2024       1       1  hru1                   0.000       0.000       0.000    2793.828      14.212       0.000       0.000       0.000       0.000       0.000       0.000       0.000       0.000      23.417       3.611      13.514      13.652       2.437       0.319       0.031       0.000       0.000       0.000       0.000
   277    10     3  2024       1       1  hru1                   0.000       0.000       0.000    2765.889      13.836       0.000       0.000       0.000       0.000       0.000       0.000       0.000       0.000      21.850       5.500      13.675      13.652       2.065       0.502       0.035       0.000       0.000       0.000       0.000
   278    10     4  2024       1       1  hru1                   0.000       0.000       0.000    2738.230      13.808       0.000       0.000       0.000       0.000       0.000       0.000       0.000       0.000      30.389       4.200      17.294      13.652       4.089       0.501       0.039       0.000       0.000       0.000       0.000
   279    10     5  2024       1       1  hru1                   0.000       0.000       0.000    2710.848      13.634       0.000       0.000       0.000       0.000       0.000       0.000       0.000       0.000      21.328       7.872      14.600      13.652       2.939       0.598       0.043       0.000       0.000       0.000       0.000
   280    10     6  2024       1       1  hru1                   0.000       0.000       0.000    2683.740      13.445       0.000       0.000       0.000       0.000       0.000       0.000       0.000       0.000      25.928       4.411      15.169      13.652       1.889       0.322       0.047       0.000       0.000       0.000       0.000
   281    10     7  2024       1       1  hru1                   0.000       0.000       0.000    2656.902      13.473       0.000       0.000       0.000       0.000       0.000       0.000       0.000       0.000      27.944       5.772      16.858      13.652       2.599       0.369       0.052       0.000       0.000       0.000       0.000
   282    10     8  2024       1       1  hru1                   0.000       0.000       0.000    2630.333      13.571       0.000       0.000       0.000       0.000       0.000       0.000       0.000       0.000      27.778       6.894      17.336      13.652       3.382       0.263       0.056       0.000       0.000       0.000       0.000
   283    10     9  2024       1       1  hru1                   0.000       0.000       0.000    2604.030      13.670       0.000       0.000       0.000       0.000       0.000       0.000       0.000       0.000      29.167       6.211      17.689      13.652       3.151       0.530       0.061       0.000       0.000       0.000       0.000
   284    10    10  2024       1       1  hru1                   0.000       0.000       0.000    2577.990      13.568       0.000       0.000       0.000       0.000       0.000       0.000       0.000       0.000      21.283       8.667      14.975      13.652       2.788       0.243       0.065       0.000       0.000       0.000       0.000
   285    10    11  2024       1       1  hru1                   0.000       0.000       0.000    2552.210      13.497       0.000       0.000       0.000       0.000       0.000       0.000       0.000       0.000      26.656       5.478      16.067      13.652       1.365       0.301       0.070       0.000       0.000       0.000       0.000
   286    10    12  2024       1       1  hru1                   0.000       0.000       0.000    2526.688      13.397       0.000       0.000       0.000       0.000       0.000       0.000       0.000       0.000      25.506       5.672      15.589      13.652       2.148       0.415       0.074       0.000       0.000       0.000       0.000
   287    10    13  2024       1       1  hru1                   0.000       0.000       0.000    2501.421      13.425       0.000       0.000       0.000       0.000       0.000       0.000       0.000       0.000      24.511       7.861      16.186      13.652       4.241       0.427       0.078       0.000       0.000       0.000       0.000
   288    10    14  2024       1       1  hru1                   0.000       0.000       0.000    2476.407      13.225       0.000       0.000       0.000       0.000       0.000       0.000       0.000       0.000      24.728       4.672      14.700      13.652       3.652       0.529       0.082       0.000       0.000       0.000       0.000
   289    10    15  2024       1       1  hru1                   0.000       0.000       0.000    2451.643      13.085       0.000       0.000       0.000       0.000       0.000       0.000       0.000       0.000      26.061       4.261      15.161      13.652       1.968       0.217       0.086       0.000       0.000       0.000       0.000
   290    10    16  2024       1       1  hru1                   0.000       0.000       0.000    2427.126      12.939       0.000       0.000       0.000       0.000       0.000       0.000       0.000       0.000      20.883       7.200      14.042      13.652       3.253       0.290       0.090       0.000       0.000       0.000       0.000
   291    10    17  2024       1       1  hru1                   0.000       0.000       0.000    2402.855      11.963       0.000       0.000       0.000       0.000       0.000       0.000       0.000       0.000       9.628       2.789       6.208      13.652       2.722       0.910       0.092       0.000       0.000       0.000       0.000
   292    10    18  2024       1       1  hru1                   0.000       0.000       0.000    2378.826      10.904       0.000       0.000       0.000       0.000       0.000       0.000       0.000       0.000      10.378      -0.711       4.833      13.652       1.478       0.426       0.093       0.000       0.000       0.000       0.000
   293    10    19  2024       1       1  hru1                   0.000       0.000       0.000    2355.038      10.051       0.000       0.000       0.000       0.000       0.000       0.000       0.000       0.000      14.806      -2.778       6.014      13.652       3.824       0.539       0.095       0.000       0.000       0.000       0.000
   294    10    20  2024       1       1  hru1                   0.000       0.000       0.000    2331.488       9.826       0.000       0.000       0.000       0.000       0.000       0.000       0.000       0.000      21.394      -0.139      10.628      13.652       1.752       0.533       0.097       0.000       0.000       0.000       0.000
   295    10    21  2024       1       1  hru1                   0.000       0.000       0.000    2308.173      10.033       0.000       0.000       0.000       0.000       0.000       0.000       0.000       0.000      22.478       4.572      13.525      13.652       3.840       0.151       0.101       0.000       0.000       0.000       0.000
   296    10    22  2024       1       1  hru1                   0.000       0.000       0.000    2285.091       9.878       0.000       0.000       0.000       0.000       0.000       0.000       0.000       0.000      16.450       3.939      10.194      13.652       1.589       0.352       0.104       0.000       0.000       0.000       0.000
   297    10    23  2024       1       1  hru1                   0.000       0.000       0.000    2262.240       9.728       0.000       0.000       0.000       0.000       0.000       0.000       0.000       0.000      19.800       1.556      10.678      13.652       2.930       0.990       0.107       0.000       0.000       0.000       0.000
   298    10    24  2024       1       1  hru1                   0.000       0.000       0.000    2239.618       9.040       0.000       0.000       0.000       0.000       0.000       0.000       0.000       0.000       9.406       0.678       5.042      13.652       4.142       0.221       0.108       0.000       0.000       0.000       0.000
   299    10    25  2024       1       1  hru1                   0.000       0.000       0.000    2217.222       8.657       0.000       0.000       0.000       0.000       0.000       0.000       0.000       0.000      16.422      -1.056       7.683      13.652       2.425       0.311       0.110       0.000       0.000       0.000       0.000
   300    10    26  2024       1       1  hru1                   0.000       0.000       0.000    2195.050       8.647       0.000       0.000       0.000       0.000       0.000       0.000       0.000       0.000      21.911      -0.294      10.808      13.652       2.832       0.222       0.113       0.000       0.000       0.000       0.000
   301    10    27  2024       1       1  hru1                   0.000       0.000       0.000    2173.099       9.177       0.000       0.000       0.000       0.000       0.000       0.000       0.000       0.000      23.356       5.983      14.669      13.652       2.547       0.257       0.117       0.000       0.000       0.000       0.000
   302    10    28  2024       1       1  hru1                   0.000       0.000       0.000    2151.368       8.754       0.000       0.000       0.000       0.000       0.000       0.000       0.000       0.000       9.600       3.050       6.325      13.652       4.172       0.630       0.119       0.000       0.000       0.000       0.000
   303    10    29  2024       1       1  hru1                   0.000       0.000       0.000    2129.854       8.165       0.000       0.000       0.000       0.000       0.000       0.000       0.000       0.000       9.150       0.294       4.722      13.652       2.045       0.330       0.120       0.000       0.000       0.000       0.000
   304    10    30  2024       1       1  hru1                   0.000       0.000       0.000    2108.556       7.435       0.000       0.000       0.000       0.000       0.000       0.000       0.000       0.000      10.783      -3.767       3.508      13.652       3.071       0.239       0.121       0.000       0.000       0.000       0.000
   305    10    31  2024       1       1  hru1                   0.000       0.000       0.000    2087.470       6.864       0.000       0.000       0.000       0.000       0.000       0.000       0.000       0.000       7.228      -0.811       3.208      13.652       3.712       0.837       0.122       0.000       0.000       0.000       0.000
   306    11     1  2024       1       1  hru1                   0.000       0.000       0.000    2066.596       6.395       0.000       0.000       0.000       0.000       0.000       0.000       0.000       0.000      12.706      -1.961       5.372       8.726       2.055       0.990       0.123       0.000       0.000       0.000       0.000
   307    11     2  2024       1       1  hru1                   0.000       0.000       0.000    2045.930       6.217       0.000       0.000       0.000       0.000       0.000       0.000       0.000       0.000       8.783       2.311       5.547       8.726       4.537       0.807       0.125       0.000       0.000       0.000       0.000
   308    11     3  2024       1       1  hru1                   0.000       0.000       0.000    2025.470       5.718       0.000       0.000       0.000       0.000       0.000       0.000       0.000       0.000       7.172      -0.994       3.089       8.726       0.756       0.990       0.125       0.000       0.000       0.000       0.000
   309    11     4  2024       1       1  hru1                   0.000       0.000       0.000    2005.216       5.345       0.000       0.000       0.000       0.000       0.000       0.000       0.000       0.000       9.244      -1.283       3.981       8.726       3.286       0.599       0.127       0.000       0.000       0.000       0.000
   310    11     5  2024       1       1  hru1                   0.000       0.000       0.000    1985.163       4.752       0.000       0.000       0.000       0.000       0.000       0.000       0.000       0.000       6.478      -3.250       1.614       8.726       2.490       0.680       0.127       0.000       0.000       0.000       0.000
   311    11     6  2024       1       1  hru1                   0.000       0.000       0.000    1965.312       3.883       0.000       0.000       0.000       0.000       0.000       0.000       0.000       0.000       5.606      -7.044      -0.719       8.726       4.133       0.428       0.127       0.000       0.000       0.000       0.000
   312    11     7  2024       1       1  hru1                   0.000       0.000       0.000    1945.659       3.294       0.000       0.000       0.000       0.000       0.000       0.000       0.000       0.000       7.400      -6.100       0.650       8.726       3.994       0.434       0.127       0.000       0.000       0.000       0.000
   313    11     8  2024       1       1  hru1                   0.000       0.000       0.000    1926.202       2.962       0.000       0.000       0.000       0.000       0.000       0.000       0.000       0.000      10.689      -5.594       2.547       8.726       2.582       0.635       0.128       0.000       0.000       0.000       0.000
   314    11     9  2024       1       1  hru1                   0.000       0.000       0.000    1906.940       2.861       0.000       0.000       0.000       0.000       0.000       0.000       0.000       0.000      14.128      -5.011       4.558       8.726       2.667       0.702       0.129       0.000       0.000       0.000       0.000
   315    11    10  2024       1       1  hru1                   0.000       0.000       0.000    1887.871       3.008       0.000       0.000       0.000       0.000       0.000       0.000       0.000       0.000      14.828      -2.667       6.081       8.726       3.322       0.796       0.131       0.000       0.000       0.000       0.000
   316    11    11  2024       1       1  hru1                   0.000       0.000       0.000    1868.992       3.397       0.000       0.000       0.000       0.000       0.000       0.000       0.000       0.000      19.956      -1.889       9.033       8.726       3.171       0.670       0.133       0.000       0.000       0.000       0.000
   317    11    12  2024       1       1  hru1                   0.000       0.000       0.000    1850.302       3.190       0.000       0.000       0.000       0.000       0.000       0.000       0.000       0.000       8.144      -2.867       2.639       8.726       1.152       0.837       0.134       0.000       0.000       0.000       0.000
   318    11    13  2024       1       1  hru1                   0.000       0.000       0.000    1831.799       3.095       0.000       0.000       0.000       0.000       0.000       0.000       0.000       0.000      11.467      -3.394       4.036       8.726       2.276       0.592       0.135       0.000       0.000       0.000       0.000
   319    11    14  2024       1       1  hru1                   0.000       0.000       0.000    1813.481       3.358       0.000       0.000       0.000       0.000       0.000       0.000       0.000       0.000      11.539       0.467       6.003       8.726       4.484       0.661       0.137       0.000       0.000       0.000       0.000
   320    11    15  2024       1       1  hru1                   0.000       0.000       0.000    1795.346       2.858       0.000       0.000       0.000       0.000       0.000       0.000       0.000       0.000       6.194      -5.378       0.408       8.726       1.494       0.587       0.137       0.000       0.000       0.000       0.000
   321    11    16  2024       1       1  hru1                   0.000       0.000       0.000    1777.393       2.429       0.000       0.000       0.000       0.000       0.000       0.000       0.000       0.000       5.678      -5.217       0.231       8.726       2.622       0.658       0.137       0.000       0.000       0.000       0.000
   322    11    17  2024       1       1  hru1                   0.000       0.000       0.000    1759.619       2.262       0.000       0.000       0.000       0.000       0.000       0.000       0.000       0.000       8.050      -4.017       2.017       8.726       3.069       0.769       0.137       0.000       0.000       0.000       0.000
   323    11    18  2024       1       1  hru1                   0.000       0.000       0.000    1742.023       2.023       0.000       0.000       0.000       0.000       0.000       0.000       0.000       0.000       5.428      -3.967       0.731       8.726       2.778       0.990       0.137       0.000       0.000       0.000       0.000
   324    11    19  2024       1       1  hru1                   0.000       0.000       0.000    1724.603       1.591       0.000       0.000       0.000       0.000       0.000       0.000       0.000       0.000       5.511      -6.556      -0.522       8.726       0.743       0.980       0.137       0.000       0.000       0.000       0.000
   325    11    20  2024       1       1  hru1                   0.000       0.000       0.000    1707.357       1.326       0.000       0.000       0.000       0.000       0.000       0.000       0.000       0.000       5.000      -5.189      -0.094       8.726       2.024       0.718       0.137       0.000       0.000       0.000       0.000
   326    11    21  2024       1       1  hru1                   0.000       0.000       0.000    1690.283       1.982       0.000       0.000       0.000       0.000       0.000       0.000       0.000       0.000      12.300       1.450       6.875       8.726       2.220       0.433       0.139       0.000       0.000       0.000       0.000
   327    11    22  2024       1       1  hru1                   0.000       0.000       0.000    1673.380       2.574       0.000       0.000       0.000       0.000       0.000       0.000       0.000       0.000      11.967       2.006       6.986       8.726       3.512       0.648       0.141       0.000       0.000       0.000       0.000
   328    11    23  2024       1       1  hru1                   0.000       0.000       0.000    1656.646       2.997       0.000       0.000       0.000       0.000       0.000       0.000       0.000       0.000      12.817       0.756       6.786       8.726       2.624       0.866       0.143       0.000       0.000       0.000       0.000
   329    11    24  2024       1       1  hru1                   0.000       0.000       0.000    1640.080       2.685       0.000       0.000       0.000       0.000       0.000       0.000       0.000       0.000       6.550      -3.950       1.300       8.726       2.134       0.458       0.143       0.000       0.000       0.000       0.000
   330    11    25  2024       1       1  hru1                   0.000       0.000       0.000    1623.679       2.406       0.000       0.000       0.000       0.000       0.000       0.000       0.000       0.000      10.728      -5.939       2.394       8.726       4.067       0.468       0.144       0.000       0.000       0.000       0.000
   331    11    26  2024       1       1  hru1                   0.000       0.000       0.000    1607.442       2.424       0.000       0.000       0.000       0.000       0.000       0.000       0.000       0.000       5.106      -0.683       2.211       8.726       2.918       0.990       0.145       0.000       0.000       0.000       0.000
   332    11    27  2024       1       1  hru1                   0.000       0.000       0.000    1591.368       1.919       0.000       0.000       0.000       0.000       0.000       0.000       0.000       0.000       2.639      -5.300      -1.331       8.726       2.125       0.989       0.145       0.000       0.000       0.000       0.000
   333    11    28  2024       1       1  hru1                   0.000       0.000       0.000    1575.454       1.371       0.000       0.000       0.000       0.000       0.000       0.000       0.000       0.000       3.711      -7.083      -1.686       8.726       2.742       0.618       0.145       0.000       0.000       0.000       0.000
   334    11    29  2024       1       1  hru1                   0.000       0.000       0.000    1575.454       0.803       0.000       0.000       0.000       0.000       0.000       0.000       0.000       0.000       4.544      -8.600      -2.028       8.726       1.383       0.352       0.145       0.000       0.000       0.000       0.000
   335    11    30  2024       1       1  hru1                   0.000       0.000       0.000    1575.454       0.395       0.000       0.000       0.000       0.000       0.000       0.000       0.000       0.000       6.906      -8.856      -0.975       8.726       2.003       0.707       0.145       0.000       0.000       0.000       0.000
   336    12     1  2024       1       1  hru1                   0.000       0.000       0.000    1575.454       0.112       0.000       0.000       0.000       0.000       0.000       0.000       0.000       0.000       6.761      -7.444      -0.342       6.825       1.844       0.810       0.145       0.000       0.000       0.000       0.000
   337    12     2  2024       1       1  hru1                   0.000       0.000       0.000    1575.454       0.166       0.000       0.000       0.000       0.000       0.000       0.000       0.000       0.000       8.622      -5.067       1.778       6.825       3.366       0.738       0.145       0.000       0.000       0.000       0.000
   338    12     3  2024       1       1  hru1                   0.000       0.000       0.000    1575.454       0.048       0.000       0.000       0.000       0.000       0.000       0.000       0.000       0.000       8.222      -6.639       0.792       6.825       1.900       0.761       0.145       0.000       0.000       0.000       0.000
   339    12     4  2024       1       1  hru1                   0.000       0.000       0.000    1575.454       0.044       0.000       0.000       0.000       0.000       0.000       0.000       0.000       0.000      10.322      -6.411       1.956       6.825       2.715       0.635       0.146       0.000       0.000       0.000       0.000
   340    12     5  2024       1       1  hru1                   0.000       0.000       0.000    1575.454      -0.019       0.000       0.000       0.000       0.000       0.000       0.000       0.000       0.000       9.956      -6.911       1.522       6.825       3.911       0.742       0.146       0.000       0.000       0.000       0.000
   341    12     6  2024       1       1  hru1                   0.000       0.000       0.000    1575.454      -0.357       0.000       0.000       0.000       0.000       0.000       0.000       0.000       0.000       7.444      -8.978      -0.767       6.825       3.155       0.823       0.146       0.000       0.000       0.000       0.000
   342    12     7  2024       1       1  hru1                   0.000       0.000       0.000    1575.454      -0.327       0.000       0.000       0.000       0.000       0.000       0.000       0.000       0.000       8.650      -6.117       1.267       6.825       1.225       0.875       0.147       0.000       0.000       0.000       0.000
   343    12     8  2024       1       1  hru1                   0.000       0.000       0.000    1575.454      -0.048       0.000       0.000       0.000       0.000       0.000       0.000       0.000       0.000       5.289      -2.222       1.533       6.825       3.457       0.487       0.147       0.000       0.000       0.000       0.000
   344    12     9  2024       1       1  hru1                   0.000       0.000       0.000    1575.454      -0.157       0.000       0.000       0.000       0.000       0.000       0.000       0.000       0.000       2.183      -4.694      -1.256       6.825       4.075       0.801       0.147       0.000       0.000       0.000       0.000
   345    12    10  2024       1       1  hru1                   0.000       0.000       0.000    1575.454      -0.383       0.000       0.000       0.000       0.000       0.000       0.000       0.000       0.000       3.783      -6.706      -1.461       6.825       4.187       0.805       0.147       0.000       0.000       0.000       0.000
   346    12    11  2024       1       1  hru1                   0.000       0.000       0.000    1575.454      -0.606       0.000       0.000       0.000       0.000       0.000       0.000       0.000       0.000       5.200      -7.556      -1.178       6.825       3.449       0.662       0.147       0.000       0.000       0.000       0.000
   347    12    12  2024       1       1  hru1                   0.000       0.000       0.000    1575.454      -0.350       0.000       0.000       0.000       0.000       0.000       0.000       0.000       0.000       5.933      -3.178       1.378       6.825       2.941       0.657       0.147       0.000       0.000       0.000       0.000
   348    12    13  2024       1       1  hru1                   0.000       0.000       0.000    1575.454      -0.037       0.000       0.000       0.000       0.000       0.000       0.000       0.000       0.000       8.267      -3.028       2.619       6.825       3.753       0.990       0.148       0.000       0.000       0.000       0.000
   349    12    14  2024       1       1  hru1                   0.000       0.000       0.000    1575.454       0.524       0.000       0.000       0.000       0.000       0.000       0.000       0.000       0.000       5.556       1.106       3.331       6.825       2.991       0.767       0.149       0.000       0.000       0.000       0.000
   350    12    15  2024       1       1  hru1                   0.000       0.000       0.000    1575.454       0.665       0.000       0.000       0.000       0.000       0.000       0.000       0.000       0.000       5.150      -2.217       1.467       6.825       2.495       0.990       0.149       0.000       0.000       0.000       0.000
   351    12    16  2024       1       1  hru1                   0.000       0.000       0.000    1575.454       0.672       0.000       0.000       0.000       0.000       0.000       0.000       0.000       0.000       1.733      -2.122      -0.194       6.825       3.113       0.990       0.149       0.000       0.000       0.000       0.000
   352    12    17  2024       1       1  hru1                   0.000       0.000       0.000    1575.454       1.009       0.000       0.000       0.000       0.000       0.000       0.000       0.000       0.000       7.578       0.067       3.822       6.825       4.553       0.990       0.150       0.000       0.000       0.000       0.000
   353    12    18  2024       1       1  hru1                   0.000       0.000       0.000    1559.700       1.464       0.000       0.000       0.000       0.000       0.000       0.000       0.000       0.000      11.011      -0.294       5.358       6.825       2.916       0.892       0.152       0.000       0.000       0.000       0.000
   354    12    19  2024       1       1  hru1                   0.000       0.000       0.000    1544.103       1.470       0.000       0.000       0.000       0.000       0.000       0.000       0.000       0.000       6.311      -2.517       1.897       6.825       3.168       0.806       0.152       0.000       0.000       0.000       0.000
   355    12    20  2024       1       1  hru1                   0.000       0.000       0.000    1528.662       1.650       0.000       0.000       0.000       0.000       0.000       0.000       0.000       0.000       8.372      -1.444       3.464       6.825       2.351       0.613       0.153       0.000       0.000       0.000       0.000
   356    12    21  2024       1       1  hru1                   0.000       0.000       0.000    1513.375       1.825       0.000       0.000       0.000       0.000       0.000       0.000       0.000       0.000       7.489      -0.889       3.300       6.825       2.327       0.835       0.154       0.000       0.000       0.000       0.000
   357    12    22  2024       1       1  hru1                   0.000       0.000       0.000    1498.241       2.016       0.000       0.000       0.000       0.000       0.000       0.000       0.000       0.000       7.033      -0.261       3.386       6.825       3.030       0.820       0.155       0.000       0.000       0.000       0.000
   358    12    23  2024       1       1  hru1                   0.000       0.000       0.000    1483.259       2.257       0.000       0.000       0.000       0.000       0.000       0.000       0.000       0.000       9.256      -0.261       4.497       6.825       2.897       0.990       0.156       0.000       0.000       0.000       0.000
   359    12    24  2024       1       1  hru1                   0.000       0.000       0.000    1468.426       2.356       0.000       0.000       0.000       0.000       0.000       0.000       0.000       0.000       5.928      -0.083       2.922       6.825       3.152       0.990       0.157       0.000       0.000       0.000       0.000
   360    12    25  2024       1       1  hru1                   0.000       0.000       0.000    1453.742       2.235       0.000       0.000       0.000       0.000       0.000       0.000       0.000       0.000       4.678      -1.722       1.478       6.825       4.189       0.990       0.157       0.000       0.000       0.000       0.000
   361    12    26  2024       1       1  hru1                   0.000       0.000       0.000    1439.204       2.197       0.000       0.000       0.000       0.000       0.000       0.000       0.000       0.000       6.633      -1.783       2.425       6.825       1.552       0.856       0.158       0.000       0.000       0.000       0.000
   362    12    27  2024       1       1  hru1                   0.000       0.000       0.000    1424.812       2.322       0.000       0.000       0.000       0.000       0.000       0.000       0.000       0.000       6.372      -0.033       3.169       6.825       2.678       0.985       0.159       0.000       0.000       0.000       0.000
   363    12    28  2024       1       1  hru1                   0.000       0.000       0.000    1410.564       2.574       0.000       0.000       0.000       0.000       0.000       0.000       0.000       0.000       6.400       1.506       3.953       6.825       4.805       0.972       0.160       0.000       0.000       0.000       0.000
   364    12    29  2024       1       1  hru1                   0.000       0.000       0.000    1396.459       2.615       0.000       0.000       0.000       0.000       0.000       0.000       0.000       0.000       6.406      -0.161       3.122       6.825       2.120       0.990       0.161       0.000       0.000       0.000       0.000
   365    12    30  2024       1       1  hru1                   0.000       0.000       0.000    1382.494       2.141       0.000       0.000       0.000       0.000       0.000       0.000       0.000       0.000       2.639      -3.850      -0.606       6.825       2.091       0.661       0.161       0.000       0.000       0.000       0.000
   366    12    31  2024       1       1  hru1                   0.000       0.000       0.000    1368.669       1.425       0.000       0.000       0.000       0.000       0.000       0.000       0.000       0.000       1.661      -6.689      -2.514       6.825       2.997       0.670       0.161       0.000       0.000       0.000       0.000
     1     1     1  2025       1       1  hru1                   0.000       0.000       0.000    1094.935       1.060       0.000       0.000       0.000       0.000       0.000       0.000       0.000       0.000       1.767      -4.472      -1.353       7.782       2.452       0.969       0.000       0.000       0.000       0.000       0.000
     2     1     2  2025       1       1  hru1                   0.000       0.000       0.000    1094.935       1.106       0.000       0.000       0.000       0.000       0.000       0.000       0.000       0.000       7.689      -1.850       2.919       7.782       2.255       0.990       0.001       0.000       0.000       0.000       0.000
     3     1     3  2025       1       1  hru1                   0.000       0.000       0.000    1083.986       1.566       0.000       0.000       0.000       0.000       0.000       0.000       0.000       0.000       7.317       1.172       4.244       7.782       2.728       0.841       0.002       0.000       0.000       0.000       0.000
     4     1     4  2025       1       1  hru1                   0.000       0.000       0.000    1073.146       1.781       0.000       0.000       0.000       0.000       0.000       0.000       0.000       0.000       4.917       0.456       2.686       7.782       0.898       0.884       0.003       0.000       0.000       0.000       0.000
     5     1     5  2025       1       1  hru1                   0.000       0.000       0.000    1062.415       2.034       0.000       0.000       0.000       0.000       0.000       0.000       0.000       0.000       6.289       0.633       3.461       7.782       1.630       0.617       0.004       0.000       0.000       0.000       0.000
     6     1     6  2025       1       1  hru1                   0.000       0.000       0.000    1051.791       2.162       0.000       0.000       0.000       0.000       0.000       0.000       0.000       0.000       4.078       0.700       2.389       7.782       3.534       0.781       0.004       0.000       0.000       0.000       0.000
     7     1     7  2025       1       1  hru1                   0.000       0.000       0.000    1041.273       1.757       0.000       0.000       0.000       0.000       0.000       0.000       0.000       0.000       2.806      -3.806      -0.500       7.782       2.756       0.747       0.004       0.000       0.000       0.000       0.000
     8     1     8  2025       1       1  hru1                   0.000       0.000       0.000    1030.860       1.292       0.000       0.000       0.000       0.000       0.000       0.000       0.000       0.000       2.417      -4.894      -1.239       7.782       3.348       0.787       0.004       0.000       0.000       0.000       0.000
     9     1     9  2025       1       1  hru1                   0.000       0.000       0.000    1030.860       0.834       0.000       0.000       0.000       0.000       0.000       0.000       0.000       0.000       0.439      -4.778      -2.169       7.782       2.908       0.763       0.004       0.000       0.000       0.000       0.000
    10     1    10  2025       1       1  hru1                   0.000       0.000       0.000    1030.860       0.358       0.000       0.000       0.000       0.000       0.000       0.000       0.000       0.000       2.006      -6.339      -2.167       7.782       2.987       0.859       0.004       0.000       0.000       0.000       0.000
    11     1    11  2025       1       1  hru1                   0.000       0.000       0.000    1030.860       0.339       0.000       0.000       0.000       0.000       0.000       0.000       0.000       0.000       1.400      -1.939      -0.269       7.782       2.922       0.648       0.004       0.000       0.000       0.000       0.000
    12     1    12  2025       1       1  hru1                   0.000       0.000       0.000    1030.860       0.097       0.000       0.000       0.000       0.000       0.000       0.000       0.000       0.000       1.206      -3.839      -1.317       7.782       4.256       0.907       0.004       0.000       0.000       0.000       0.000
    13     1    13  2025       1       1  hru1                   0.000       0.000       0.000    1030.860      -0.110       0.000       0.000       0.000       0.000       0.000       0.000       0.000       0.000       0.683      -3.767      -1.542       7.782       4.506       0.771       0.004       0.000       0.000       0.000       0.000
    14     1    14  2025       1       1  hru1                   0.000       0.000       0.000    1030.860      -0.645       0.000       0.000       0.000       0.000       0.000       0.000       0.000       0.000       1.661      -7.117      -2.728       7.782       3.856       0.831       0.004       0.000       0.000       0.000       0.000
    15     1    15  2025       1       1  hru1                   0.000       0.000       0.000    1030.860      -1.051       0.000       0.000       0.000       0.000       0.000       0.000       0.000       0.000       4.394      -7.411      -1.508       7.782       2.492       0.857       0.004       0.000       0.000       0.000       0.000
    16     1    16  2025       1       1  hru1                   0.000       0.000       0.000    1030.860      -1.076       0.000       0.000       0.000       0.000       0.000       0.000       0.000       0.000       6.078      -6.622      -0.272       7.782       2.627       0.830       0.004       0.000       0.000       0.000       0.000
    17     1    17  2025       1       1  hru1                   0.000       0.000       0.000    1030.860      -1.095       0.000       0.000       0.000       0.000       0.000       0.000       0.000       0.000       2.767      -5.283      -1.258       7.782       4.031       0.852       0.004       0.000       0.000       0.000       0.000
    18     1    18  2025       1       1  hru1                   0.000       0.000       0.000    1030.860      -1.768       0.000       0.000       0.000       0.000       0.000       0.000       0.000       0.000      -1.228     -10.111      -5.669       7.782       3.598       0.711       0.004       0.000       0.000       0.000       0.000
    19     1    19  2025       1       1  hru1                   0.000       0.000       0.000    1030.860      -2.360       0.000       0.000       0.000       0.000       0.000       0.000       0.000       0.000      -2.239     -10.011      -6.125       7.782       3.214       0.874       0.004       0.000       0.000       0.000       0.000
    20     1    20  2025       1       1  hru1                   0.000       0.000       0.000    1030.860      -3.209       0.000       0.000       0.000       0.000       0.000       0.000       0.000       0.000      -3.411     -13.028      -8.219       7.782       2.055       0.658       0.004       0.000       0.000       0.000       0.000
    21     1    21  2025       1       1  hru1                   0.000       0.000       0.000    1030.860      -3.850       0.000       0.000       0.000       0.000       0.000       0.000       0.000       0.000      -0.961     -13.361      -7.161       7.782       2.666       0.726       0.004       0.000       0.000       0.000       0.000
    22     1    22  2025       1       1  hru1                   0.000       0.000       0.000    1030.860      -4.196       0.000       0.000       0.000       0.000       0.000       0.000       0.000       0.000       0.256     -12.011      -5.878       7.782       0.942       0.828       0.004       0.000       0.000       0.000       0.000
    23     1    23  2025       1       1  hru1                   0.000       0.000       0.000    1030.860      -4.424       0.000       0.000       0.000       0.000       0.000       0.000       0.000       0.000       4.678     -13.183      -4.253       7.782       2.368       0.895       0.004       0.000       0.000       0.000       0.000
    24     1    24  2025       1       1  hru1                   0.000       0.000       0.000    1030.860      -4.251       0.000       0.000       0.000       0.000       0.000       0.000       0.000       0.000       2.089      -8.600      -3.256       7.782       3.177       0.775       0.004       0.000       0.000       0.000       0.000
    25     1    25  2025       1       1  hru1                   0.000       0.000       0.000    1030.860      -4.252       0.000       0.000       0.000       0.000       0.000       0.000       0.000       0.000       0.039      -9.206      -4.583       7.782       2.135       0.786       0.004       0.000       0.000       0.000       0.000
    26     1    26  2025       1       1  hru1                   0.000       0.000       0.000    1030.860      -4.635       0.000       0.000       0.000       0.000       0.000       0.000       0.000       0.000      -0.083     -12.906      -6.494       7.782       4.741       0.883       0.004       0.000       0.000       0.000       0.000
    27     1    27  2025       1       1  hru1                   0.000       0.000       0.000    1030.860      -5.199       0.000       0.000       0.000       0.000       0.000       0.000       0.000       0.000       1.078     -15.761      -7.342       7.782       1.874       0.717       0.004       0.000       0.000       0.000       0.000
    28     1    28  2025       1       1  hru1                   0.000       0.000       0.000    1030.860      -5.443       0.000       0.000       0.000       0.000       0.000       0.000       0.000       0.000       1.400     -13.689      -6.144       7.782       2.440       0.799       0.004       0.000       0.000       0.000       0.000
    29     1    29  2025       1       1  hru1                   0.000       0.000       0.000    1030.860      -5.456       0.000       0.000       0.000       0.000       0.000       0.000       0.000       0.000       3.550     -12.678      -4.564       7.782       1.866       0.586       0.004       0.000       0.000       0.000       0.000
    30     1    30  2025       1       1  hru1                   0.000       0.000       0.000    1030.860      -5.253       0.000       0.000       0.000       0.000       0.000       0.000       0.000       0.000       8.050     -12.406      -2.178       7.782       4.533       0.873       0.004       0.000       0.000       0.000       0.000
    31     1    31  2025       1       1  hru1                   0.000       0.000       0.000    1030.860      -4.653       0.000       0.000       0.000       0.000       0.000       0.000       0.000       0.000       6.044      -7.372      -0.664       7.782       2.063       0.856       0.004       0.000       0.000       0.000       0.000
    32     2     1  2025       1       1  hru1                   0.000       0.000       0.000    1030.860      -3.156       0.000       0.000       0.000       0.000       0.000       0.000       0.000       0.000       8.694       0.639       4.667      11.295       2.607       0.990       0.005       0.000       0.000       0.000       0.000
    33     2     2  2025       1       1  hru1                   0.000       0.000       0.000    1030.860      -2.089       0.000       0.000       0.000       0.000       0.000       0.000       0.000       0.000       6.578      -0.167       3.206      11.295       3.052       0.750       0.006       0.000       0.000       0.000       0.000
    34     2     3  2025       1       1  hru1                   0.000       0.000       0.000    1030.860      -1.331       0.000       0.000       0.000       0.000       0.000       0.000       0.000       0.000       8.150      -2.411       2.869      11.295       2.075       0.990       0.007       0.000       0.000       0.000       0.000
    35     2     4  2025       1       1  hru1                   0.000       0.000       0.000    1030.860      -0.251       0.000       0.000       0.000       0.000       0.000       0.000       0.000       0.000      12.089       0.294       6.192      11.295       2.768       0.769       0.009       0.000       0.000       0.000       0.000
    36     2     5  2025       1       1  hru1                   0.000       0.000       0.000    1030.860       0.378       0.000       0.000       0.000       0.000       0.000       0.000       0.000       0.000      11.756      -2.444       4.656      11.295       1.032       0.700       0.010       0.000       0.000       0.000       0.000
    37     2     6  2025       1       1  hru1                   0.000       0.000       0.000    1030.860       0.346       0.000       0.000       0.000       0.000       0.000       0.000       0.000       0.000       3.767      -4.144      -0.189      11.295       2.554       0.588       0.010       0.000       0.000       0.000       0.000
    38     2     7  2025       1       1  hru1                   0.000       0.000       0.000    1030.860       0.704       0.000       0.000       0.000       0.000       0.000       0.000       0.000       0.000       8.194      -2.389       2.903      11.295       3.983       0.990       0.011       0.000       0.000       0.000       0.000
    39     2     8  2025       1       1  hru1                   0.000       0.000       0.000    1030.860       0.395       0.000       0.000       0.000       0.000       0.000       0.000       0.000       0.000       0.361      -4.722      -2.181      11.295       2.790       0.563       0.011       0.000       0.000       0.000       0.000
    40     2     9  2025       1       1  hru1                   0.000       0.000       0.000    1030.860       0.164       0.000       0.000       0.000       0.000       0.000       0.000       0.000       0.000       2.183      -5.417      -1.617      11.295       1.803       0.805       0.011       0.000       0.000       0.000       0.000
    41     2    10  2025       1       1  hru1                   0.000       0.000       0.000    1030.860      -0.388       0.000       0.000       0.000       0.000       0.000       0.000       0.000       0.000      -2.200      -6.939      -4.569      11.295       3.227       0.686       0.011       0.000       0.000       0.000       0.000
    42     2    11  2025       1       1  hru1                   0.000       0.000       0.000    1030.860      -1.323       0.000       0.000       0.000       0.000       0.000       0.000       0.000       0.000      -3.950     -11.106      -7.528      11.295       1.796       0.814       0.011       0.000       0.000       0.000       0.000
    43     2    12  2025       1       1  hru1                   0.000       0.000       0.000    1030.860      -2.339       0.000       0.000       0.000       0.000       0.000       0.000       0.000       0.000      -4.994     -13.100      -9.047      11.295       2.904       0.722       0.011       0.000       0.000       0.000       0.000
    44     2    13  2025       1       1  hru1                   0.000       0.000       0.000    1030.860      -2.974       0.000       0.000       0.000       0.000       0.000       0.000       0.000       0.000      -2.594     -12.106      -7.350      11.295       5.761       0.990       0.011       0.000       0.000       0.000       0.000
    45     2    14  2025       1       1  hru1                   0.000       0.000       0.000    1030.860      -2.529       0.000       0.000       0.000       0.000       0.000       0.000       0.000       0.000       2.994      -3.267      -0.136      11.295       2.567       0.990       0.011       0.000       0.000       0.000       0.000
    46     2    15  2025       1       1  hru1                   0.000       0.000       0.000    1030.860      -2.181       0.000       0.000       0.000       0.000       0.000       0.000       0.000       0.000       1.383      -3.050      -0.833      11.295       3.492       0.932       0.011       0.000       0.000       0.000       0.000
    47     2    16  2025       1       1  hru1                   0.000       0.000       0.000    1030.860      -1.651       0.000       0.000       0.000       0.000       0.000       0.000       0.000       0.000       2.800      -1.294       0.753      11.295       1.650       0.735       0.011       0.000       0.000       0.000       0.000
    48     2    17  2025       1       1  hru1                   0.000       0.000       0.000    1030.860      -0.907       0.000       0.000       0.000       0.000       0.000       0.000       0.000       0.000       4.661       0.878       2.769      11.295       2.530       0.834       0.012       0.000       0.000       0.000       0.000
    49     2    18  2025       1       1  hru1                   0.000       0.000       0.000    1030.860      -0.291       0.000       0.000       0.000       0.000       0.000       0.000       0.000       0.000       5.711      -0.539       2.586      11.295       2.183       0.808       0.012       0.000       0.000       0.000       0.000
    50     2    19  2025       1       1  hru1                   0.000       0.000       0.000    1030.860       0.029       0.000       0.000       0.000       0.000       0.000       0.000       0.000       0.000       3.861      -1.633       1.114      11.295       4.445       0.990       0.013       0.000       0.000       0.000       0.000
    51     2    20  2025       1       1  hru1                   0.000       0.000       0.000    1030.860       0.488       0.000       0.000       0.000       0.000       0.000       0.000       0.000       0.000       5.639      -0.522       2.558      11.295       3.635       0.881       0.013       0.000       0.000       0.000       0.000
    52     2    21  2025       1       1  hru1                   0.000       0.000       0.000    1030.860       0.637       0.000       0.000       0.000       0.000       0.000       0.000       0.000       0.000       5.817      -3.117       1.350      11.295       2.824       0.708       0.014       0.000       0.000       0.000       0.000
    53     2    22  2025       1       1  hru1                   0.000       0.000       0.000    1030.860       0.823       0.000       0.000       0.000       0.000       0.000       0.000       0.000       0.000       7.089      -3.144       1.972      11.295       4.650       0.580       0.014       0.000       0.000       0.000       0.000
    54     2    23  2025       1       1  hru1                   0.000       0.000       0.000    1020.551       1.320       0.000       0.000       0.000       0.000       0.000       0.000       0.000       0.000      10.017      -1.033       4.492      11.295       4.321       0.990       0.016       0.000       0.000       0.000       0.000
    55     2    24  2025       1       1  hru1                   0.000       0.000       0.000    1010.346       2.400       0.000       0.000       0.000       0.000       0.000       0.000       0.000       0.000      13.611       4.183       8.897      11.295       3.607       0.977       0.018       0.000       0.000       0.000       0.000
    56     2    25  2025       1       1  hru1                   0.000       0.000       0.000    1000.242       2.662       0.000       0.000       0.000       0.000       0.000       0.000       0.000       0.000       7.933       0.389       4.161      11.295       3.306       0.847       0.019       0.000       0.000       0.000       0.000
    57     2    26  2025       1       1  hru1                   0.000       0.000       0.000     990.240       2.744       0.000       0.000       0.000       0.000       0.000       0.000       0.000       0.000       9.994      -2.172       3.911      11.295       3.330       0.733       0.020       0.000       0.000       0.000       0.000
    58     2    27  2025       1       1  hru1                   0.000       0.000       0.000     980.337       2.995       0.000       0.000       0.000       0.000       0.000       0.000       0.000       0.000      11.539      -1.050       5.244      11.295       3.630       0.716       0.022       0.000       0.000       0.000       0.000
    59     2    28  2025       1       1  hru1                   0.000       0.000       0.000     970.534       3.215       0.000       0.000       0.000       0.000       0.000       0.000       0.000       0.000      12.322      -1.361       5.481      11.295       2.910       0.801       0.023       0.000       0.000       0.000       0.000
    60     3     1  2025       1       1  hru1                   0.000       0.000       0.000     960.829       3.587       0.000       0.000       0.000       0.000       0.000       0.000       0.000       0.000      12.711      -1.439       5.636      16.267       3.882       0.474       0.025       0.000       0.000       0.000       0.000
    61     3     2  2025       1       1  hru1                   0.000       0.000       0.000     951.221       4.102       0.000       0.000       0.000       0.000       0.000       0.000       0.000       0.000      14.656      -0.439       7.108      16.267       2.255       0.756       0.026       0.000       0.000       0.000       0.000
    62     3     3  2025       1       1  hru1                   0.000       0.000       0.000     941.708       4.264       0.000       0.000       0.000       0.000       0.000       0.000       0.000       0.000      10.044      -0.161       4.942      16.267       3.604       0.990       0.028       0.000       0.000       0.000       0.000
    63     3     4  2025       1       1  hru1                   0.000       0.000       0.000     932.291       4.422       0.000       0.000       0.000       0.000       0.000       0.000       0.000       0.000       9.206       0.767       4.986      16.267       3.711       0.990       0.029       0.000       0.000       0.000       0.000
    64     3     5  2025       1       1  hru1                   0.000       0.000       0.000     922.968       4.445       0.000       0.000       0.000       0.000       0.000       0.000       0.000       0.000       9.956      -1.122       4.417      16.267       4.315       0.990       0.030       0.000       0.000       0.000       0.000
    65     3     6  2025       1       1  hru1                   0.000       0.000       0.000     913.739       4.193       0.000       0.000       0.000       0.000       0.000       0.000       0.000       0.000       4.156       0.050       2.103      16.267       3.907       0.990       0.031       0.000       0.000       0.000       0.000
    66     3     7  2025       1       1  hru1                   0.000       0.000       0.000     904.601       4.162       0.000       0.000       0.000       0.000       0.000       0.000       0.000       0.000       7.739      -0.522       3.608      16.267       1.524       0.836       0.032       0.000       0.000       0.000       0.000
    67     3     8  2025       1       1  hru1                   0.000       0.000       0.000     895.555       4.447       0.000       0.000       0.000       0.000       0.000       0.000       0.000       0.000      12.017      -0.033       5.992      16.267       4.555       0.491       0.033       0.000       0.000       0.000       0.000
    68     3     9  2025       1       1  hru1                   0.000       0.000       0.000     886.600       4.697       0.000       0.000       0.000       0.000       0.000       0.000       0.000       0.000      15.689      -2.711       6.489      16.267       3.666       0.645       0.035       0.000       0.000       0.000       0.000
    69     3    10  2025       1       1  hru1                   0.000       0.000       0.000     877.734       4.954       0.000       0.000       0.000       0.000       0.000       0.000       0.000       0.000      14.467      -1.189       6.639      16.267       3.503       0.443       0.037       0.000       0.000       0.000       0.000
    70     3    11  2025       1       1  hru1                   0.000       0.000       0.000     868.956       5.312       0.000       0.000       0.000       0.000       0.000       0.000       0.000       0.000      16.156      -0.733       7.711      16.267       4.820       0.813       0.039       0.000       0.000       0.000       0.000
    71     3    12  2025       1       1  hru1                   0.000       0.000       0.000     860.267       5.579       0.000       0.000       0.000       0.000       0.000       0.000       0.000       0.000      15.217      -0.389       7.414      16.267       3.827       0.600       0.041       0.000       0.000       0.000       0.000
    72     3    13  2025       1       1  hru1                   0.000       0.000       0.000     851.664       5.603       0.000       0.000       0.000       0.000       0.000       0.000       0.000       0.000      11.283       0.250       5.767      16.267       3.183       0.990       0.043       0.000       0.000       0.000       0.000
    73     3    14  2025       1       1  hru1                   0.000       0.000       0.000     843.147       4.951       0.000       0.000       0.000       0.000       0.000       0.000       0.000       0.000       5.461      -3.378       1.042      16.267       4.224       0.695       0.043       0.000       0.000       0.000       0.000
    74     3    15  2025       1       1  hru1                   0.000       0.000       0.000     834.716       4.760       0.000       0.000       0.000       0.000       0.000       0.000       0.000       0.000       7.550      -0.767       3.392      16.267       3.533       0.964       0.044       0.000       0.000       0.000       0.000
    75     3    16  2025       1       1  hru1                   0.000       0.000       0.000     826.369       5.319       0.000       0.000       0.000       0.000       0.000       0.000       0.000       0.000      17.628       0.117       8.872      16.267       4.420       0.914       0.046       0.000       0.000       0.000       0.000
    76     3    17  2025       1       1  hru1                   0.000       0.000       0.000     818.105       5.435       0.000       0.000       0.000       0.000       0.000       0.000       0.000       0.000      11.611       0.567       6.089      16.267       1.624       0.815       0.048       0.000       0.000       0.000       0.000
    77     3    18  2025       1       1  hru1                   0.000       0.000       0.000     809.924       4.948       0.000       0.000       0.000       0.000       0.000       0.000       0.000       0.000       5.778      -1.950       1.914      16.267       3.706       0.990       0.048       0.000       0.000       0.000       0.000
    78     3    19  2025       1       1  hru1                   0.000       0.000       0.000     801.825       4.544       0.000       0.000       0.000       0.000       0.000       0.000       0.000       0.000       9.983      -5.189       2.397      16.267       4.315       0.605       0.049       0.000       0.000       0.000       0.000
    79     3    20  2025       1       1  hru1                   0.000       0.000       0.000     793.807       4.350       0.000       0.000       0.000       0.000       0.000       0.000       0.000       0.000       9.056      -2.794       3.131      16.267       4.945       0.423       0.050       0.000       0.000       0.000       0.000
    80     3    21  2025       1       1  hru1                   0.000       0.000       0.000     785.869       4.160       0.000       0.000       0.000       0.000       0.000       0.000       0.000       0.000      10.050      -3.911       3.069      16.267       4.811       0.990       0.051       0.000       0.000       0.000       0.000
    81     3    22  2025       1       1  hru1                   0.000       0.000       0.000     778.010       4.568       0.000       0.000       0.000       0.000       0.000       0.000       0.000       0.000       9.961       2.906       6.433      16.267       4.333       0.520       0.052       0.000       0.000       0.000       0.000
    82     3    23  2025       1       1  hru1                   0.000       0.000       0.000     770.230       5.364       0.000       0.000       0.000       0.000       0.000       0.000       0.000       0.000      15.956       3.761       9.858      16.267       1.394       0.833       0.055       0.000       0.000       0.000       0.000
    83     3    24  2025       1       1  hru1                   0.000       0.000       0.000     762.528       6.315       0.000       0.000       0.000       0.000       0.000       0.000       0.000       0.000      19.422       4.583      12.003      16.267       1.938       0.463       0.058       0.000       0.000       0.000       0.000
    84     3    25  2025       1       1  hru1                   0.000       0.000       0.000     754.902       7.127       0.000       0.000       0.000       0.000       0.000       0.000       0.000       0.000      22.094       2.822      12.458      16.267       3.162       0.452       0.062       0.000       0.000       0.000       0.000
    85     3    26  2025       1       1  hru1                   0.000       0.000       0.000     747.353       8.099       0.000       0.000       0.000       0.000       0.000       0.000       0.000       0.000      25.606       3.700      14.653      16.267       2.887       0.550       0.066       0.000       0.000       0.000       0.000
    86     3    27  2025       1       1  hru1                   0.000       0.000       0.000     739.880       9.061       0.000       0.000       0.000       0.000       0.000       0.000       0.000       0.000      20.383       9.589      14.986      16.267       3.396       0.421       0.070       0.000       0.000       0.000       0.000
    87     3    28  2025       1       1  hru1                   0.000       0.000       0.000     732.481       8.694       0.000       0.000       0.000       0.000       0.000       0.000       0.000       0.000      13.672       0.917       7.294      16.267       3.463       0.426       0.072       0.000       0.000       0.000       0.000
    88     3    29  2025       1       1  hru1                   0.000       0.000       0.000     725.156       8.003       0.000       0.000       0.000       0.000       0.000       0.000       0.000       0.000       9.500      -0.500       4.500      16.267       2.587       0.751       0.073       0.000       0.000       0.000       0.000
    89     3    30  2025       1       1  hru1                   0.000       0.000       0.000     717.904       7.470       0.000       0.000       0.000       0.000       0.000       0.000       0.000       0.000      12.483      -2.311       5.086      16.267       4.603       0.782       0.074       0.000       0.000       0.000       0.000
    90     3    31  2025       1       1  hru1                   0.000       0.000       0.000     710.725       7.142       0.000       0.000       0.000       0.000       0.000       0.000       0.000       0.000      10.117       0.833       5.475      16.267       4.104       0.990       0.076       0.000       0.000       0.000       0.000
    91     4     1  2025       1       1  hru1                   0.000       0.000       0.000     703.618       6.805       0.000       0.000       0.000       0.000       0.000       0.000       0.000       0.000       8.206       0.133       4.169      21.914       2.514       0.284       0.077       0.000       0.000       0.000       0.000
    92     4     2  2025       1       1  hru1                   0.000       0.000       0.000     696.582       6.479       0.000       0.000       0.000       0.000       0.000       0.000       0.000       0.000       9.500      -2.044       3.728      21.914       3.728       0.170       0.078       0.000       0.000       0.000       0.000
    93     4     3  2025       1       1  hru1                   0.000       0.000       0.000     689.616       6.390       0.000       0.000       0.000       0.000       0.000       0.000       0.000       0.000      10.083      -0.144       4.969      21.914       1.290       0.389       0.079       0.000       0.000       0.000       0.000
    94     4     4  2025       1       1  hru1                   0.000       0.000       0.000     682.720       6.099       0.000       0.000       0.000       0.000       0.000       0.000       0.000       0.000      11.289      -4.650       3.319      21.914       2.482       0.268       0.080       0.000       0.000       0.000       0.000
    95     4     5  2025       1       1  hru1                   0.000       0.000       0.000     675.893       6.137       0.000       0.000       0.000       0.000       0.000       0.000       0.000       0.000      14.094      -3.883       5.106      21.914       4.298       0.432       0.081       0.000       0.000       0.000       0.000
    96     4     6  2025       1       1  hru1                   0.000       0.000       0.000     669.134       6.595       0.000       0.000       0.000       0.000       0.000       0.000       0.000       0.000      18.283      -2.572       7.856      21.914       5.297       0.476       0.083       0.000       0.000       0.000       0.000
    97     4     7  2025       1       1  hru1                   0.000       0.000       0.000     662.443       7.466       0.000       0.000       0.000       0.000       0.000       0.000       0.000       0.000      20.056       2.456      11.256      21.914       1.317       0.943       0.087       0.000       0.000       0.000       0.000
    98     4     8  2025       1       1  hru1                   0.000       0.000       0.000     655.818       7.798       0.000       0.000       0.000       0.000       0.000       0.000       0.000       0.000      15.117       2.567       8.842      21.914       2.709       0.394       0.089       0.000       0.000       0.000       0.000
    99     4     9  2025       1       1  hru1                   0.000       0.000       0.000     649.260       8.225       0.000       0.000       0.000       0.000       0.000       0.000       0.000       0.000      18.722       0.650       9.686      21.914       3.562       0.389       0.091       0.000       0.000       0.000       0.000
   100     4    10  2025       1       1  hru1                   0.000       0.000       0.000     642.767       9.340       0.000       0.000       0.000       0.000       0.000       0.000       0.000       0.000      27.889       1.072      14.481      21.914       1.506       0.498       0.095       0.000       0.000       0.000       0.000
   101     4    11  2025       1       1  hru1                   0.000       0.000       0.000     636.340       9.872       0.000       0.000       0.000       0.000       0.000       0.000       0.000       0.000      20.406       4.111      12.258      21.914       2.288       0.316       0.099       0.000       0.000       0.000       0.000
   102     4    12  2025       1       1  hru1                   0.000       0.000       0.000     629.976       9.835       0.000       0.000       0.000       0.000       0.000       0.000       0.000       0.000      14.517       4.061       9.289      21.914       4.390       0.402       0.101       0.000       0.000       0.000       0.000
   103     4    13  2025       1       1  hru1                   0.000       0.000       0.000     623.677       9.361       0.000       0.000       0.000       0.000       0.000       0.000       0.000       0.000      12.861      -0.406       6.228      21.914       2.649       0.374       0.103       0.000       0.000       0.000       0.000
   104     4    14  2025       1       1  hru1                   0.000       0.000       0.000     617.440       9.349       0.000       0.000       0.000       0.000       0.000       0.000       0.000       0.000      19.806      -2.933       8.436      21.914       3.458       0.464       0.105       0.000       0.000       0.000       0.000
   105     4    15  2025       1       1  hru1                   0.000       0.000       0.000     611.265       9.776       0.000       0.000       0.000       0.000       0.000       0.000       0.000       0.000      23.839      -1.300      11.269      21.914       3.653       0.325       0.108       0.000       0.000       0.000       0.000
   106     4    16  2025       1       1  hru1                   0.000       0.000       0.000     605.153      10.101       0.000       0.000       0.000       0.000       0.000       0.000       0.000       0.000      21.578       0.917      11.247      21.914       5.309       0.321       0.111       0.000       0.000       0.000       0.000
   107     4    17  2025       1       1  hru1                   0.000       0.000       0.000     599.101       9.704       0.000       0.000       0.000       0.000       0.000       0.000       0.000       0.000      12.539       1.750       7.144      21.914       4.201       0.289       0.113       0.000       0.000       0.000       0.000
   108     4    18  2025       1       1  hru1                   0.000       0.000       0.000     593.110       9.009       0.000       0.000       0.000       0.000       0.000       0.000       0.000       0.000      11.628      -2.506       4.561      21.914       5.020       0.202       0.114       0.000       0.000       0.000       0.000
   109     4    19  2025       1       1  hru1                   0.000       0.000       0.000     587.179       8.959       0.000       0.000       0.000       0.000       0.000       0.000       0.000       0.000      17.889      -2.200       7.844      21.914       4.475       0.306       0.116       0.000       0.000       0.000       0.000
   110     4    20  2025       1       1  hru1                   0.000       0.000       0.000     581.307       9.327       0.000       0.000       0.000       0.000       0.000       0.000       0.000       0.000      17.750       3.817      10.783      21.914       2.709       0.344       0.119       0.000       0.000       0.000       0.000
   111     4    21  2025       1       1  hru1                   0.000       0.000       0.000     575.494       9.357       0.000       0.000       0.000       0.000       0.000       0.000       0.000       0.000      15.339       2.678       9.008      21.914       3.945       0.463       0.122       0.000       0.000       0.000       0.000
   112     4    22  2025       1       1  hru1                   0.000       0.000       0.000     569.739       9.350       0.000       0.000       0.000       0.000       0.000       0.000       0.000       0.000      17.683      -0.456       8.614      21.914       4.602       0.375       0.124       0.000       0.000       0.000       0.000
   113     4    23  2025       1       1  hru1                   0.000       0.000       0.000     564.042       9.566       0.000       0.000       0.000       0.000       0.000       0.000       0.000       0.000      17.661       2.744      10.203      21.914       2.673       0.171       0.127       0.000       0.000       0.000       0.000
   114     4    24  2025       1       1  hru1                   0.000       0.000       0.000     558.401       9.769       0.000       0.000       0.000       0.000       0.000       0.000       0.000       0.000      18.756       1.861      10.308      21.914       3.020       0.888       0.130       0.000       0.000       0.000       0.000
   115     4    25  2025       1       1  hru1                   0.000       0.000       0.000     552.818      10.438       0.000       0.000       0.000       0.000       0.000       0.000       0.000       0.000      22.522       4.789      13.656      21.914       3.600       0.990       0.133       0.000       0.000       0.000       0.000
   116     4    26  2025       1       1  hru1                   0.000       0.000       0.000     547.289      10.832       0.000       0.000       0.000       0.000       0.000       0.000       0.000       0.000      22.428       2.678      12.553      21.914       2.112       0.362       0.137       0.000       0.000       0.000       0.000
   117     4    27  2025       1       1  hru1                   0.000       0.000       0.000     541.816      10.574       0.000       0.000       0.000       0.000       0.000       0.000       0.000       0.000      14.028       3.928       8.978      21.914       2.069       0.406       0.139       0.000       0.000       0.000       0.000
   118     4    28  2025       1       1  hru1                   0.000       0.000       0.000     536.398      10.318       0.000       0.000       0.000       0.000       0.000       0.000       0.000       0.000      17.000      -0.117       8.442      21.914       4.066       0.990       0.141       0.000       0.000       0.000       0.000
   119     4    29  2025       1       1  hru1                   0.000       0.000       0.000     531.034      10.501       0.000       0.000       0.000       0.000       0.000       0.000       0.000       0.000      19.928       2.194      11.061      21.914       2.606       0.990       0.144       0.000       0.000       0.000       0.000
   120     4    30  2025       1       1  hru1                   0.000       0.000       0.000     525.724      10.614       0.000       0.000       0.000       0.000       0.000       0.000       0.000       0.000      17.617       4.300      10.958      21.914       4.676       0.240       0.147       0.000       0.000       0.000       0.000
   121     5     1  2025       1       1  hru1                   0.000       0.000       0.000     520.467      10.932       0.000       0.000       0.000       0.000       0.000       0.000       0.000       0.000      20.494       1.489      10.992      25.817       5.084       0.275       0.150       0.000       0.000       0.000       0.000
   122     5     2  2025       1       1  hru1                   0.000       0.000       0.000     515.262      11.577       0.000       0.000       0.000       0.000       0.000       0.000       0.000       0.000      24.389       2.128      13.258      25.817       3.968       0.372       0.154       0.000       0.000       0.000       0.000
   123     5     3  2025       1       1  hru1                   0.000       0.000       0.000     510.109      12.439       0.000       0.000       0.000       0.000       0.000       0.000       0.000       0.000      26.100       5.233      15.667      25.817       3.275       0.261       0.158       0.000       0.000       0.000       0.000
   124     5     4  2025       1       1  hru1                   0.000       0.000       0.000     505.008      11.941       0.000       0.000       0.000       0.000       0.000       0.000       0.000       0.000      12.067       6.044       9.056      25.817       2.669       0.990       0.160       0.000       0.000       0.000       0.000
   125     5     5  2025       1       1  hru1                   0.000       0.000       0.000     499.958      11.729       0.000       0.000       0.000       0.000       0.000       0.000       0.000       0.000      15.006       4.922       9.964      25.817       1.956       0.938       0.163       0.000       0.000       0.000       0.000
   126     5     6  2025       1       1  hru1                   0.000       0.000       0.000     494.959      11.894       0.000       0.000       0.000       0.000       0.000       0.000       0.000       0.000      18.744       5.033      11.889      25.817       3.818       0.912       0.166       0.000       0.000       0.000       0.000
   127     5     7  2025       1       1  hru1                   0.000       0.000       0.000     490.009      12.355       0.000       0.000       0.000       0.000       0.000       0.000       0.000       0.000      23.606       3.211      13.408      25.817       2.398       0.314       0.170       0.000       0.000       0.000       0.000
   128     5     8  2025       1       1  hru1                   0.000       0.000       0.000     485.109      12.982       0.000       0.000       0.000       0.000       0.000       0.000       0.000       0.000      24.517       6.144      15.331      25.817       2.162       0.309       0.174       0.000       0.000       0.000       0.000
   129     5     9  2025       1       1  hru1                   0.000       0.000       0.000     480.258      13.837       0.000       0.000       0.000       0.000       0.000       0.000       0.000       0.000      28.667       5.744      17.206      25.817       4.727       0.497       0.179       0.000       0.000       0.000       0.000
   130     5    10  2025       1       1  hru1                   0.000       0.000       0.000     475.455      14.974       0.000       0.000       0.000       0.000       0.000       0.000       0.000       0.000      30.556      10.450      20.503      25.817       1.772       0.333       0.184       0.000       0.000       0.000       0.000
   131     5    11  2025       1       1  hru1                   0.000       0.000       0.000     470.701      15.713       0.000       0.000       0.000       0.000       0.000       0.000       0.000       0.000      26.100      13.994      20.047      25.817       3.549       0.148       0.190       0.000       0.000       0.000       0.000
   132     5    12  2025       1       1  hru1                   0.000       0.000       0.000     465.994      15.331       0.000       0.000       0.000       0.000       0.000       0.000       0.000       0.000      20.456       5.739      13.097      25.817       2.330       0.567       0.193       0.000       0.000       0.000       0.000
   133     5    13  2025       1       1  hru1                   0.000       0.000       0.000     461.334      14.573       0.000       0.000       0.000       0.000       0.000       0.000       0.000       0.000      15.472       5.622      10.547      25.817       4.171       0.725       0.196       0.000       0.000       0.000       0.000
   134     5    14  2025       1       1  hru1                   0.000       0.000       0.000     456.384      14.074       0.000       0.000       0.000       0.000       0.000       0.000       0.000       0.000      16.878       5.572      11.225      25.817       3.908       0.990       0.199       0.000       0.000       0.000       0.000
   135     5    15  2025       1       1  hru1                   0.000       0.000       0.000     451.821      13.622       0.000       0.000       0.000       0.000       0.000       0.000       0.000       0.000      16.906       4.744      10.825      25.817       2.361       0.191       0.202       0.000       0.000       0.000       0.000
   136     5    16  2025       1       1  hru1                   0.000       0.000       0.000     447.252      13.298       0.000       0.000       0.000       0.000       0.000       0.000       0.000       0.000      17.017       5.383      11.200      25.817       3.481       0.775       0.205       0.000       0.000       0.000       0.000
   137     5    17  2025       1       1  hru1                   0.000       0.000       0.000     442.779      12.583       0.000       0.000       0.000       0.000       0.000       0.000       0.000       0.000      12.806       4.028       8.417      25.817       4.017       0.990       0.207       0.000       0.000       0.000       0.000
   138     5    18  2025       1       1  hru1                   0.000       0.000       0.000     438.352      12.114       0.000       0.000       0.000       0.000       0.000       0.000       0.000       0.000      12.850       5.894       9.372      25.817       2.966       0.438       0.210       0.000       0.000       0.000       0.000
   139     5    19  2025       1       1  hru1                   0.000       0.000       0.000     433.968      11.852       0.000       0.000       0.000       0.000       0.000       0.000       0.000       0.000      16.750       2.050       9.400      25.817       4.398       0.225       0.212       0.000       0.000       0.000       0.000
   140     5    20  2025       1       1  hru1                   0.000       0.000       0.000     429.628      11.940       0.000       0.000       0.000       0.000       0.000       0.000       0.000       0.000      17.700       5.728      11.714      25.817       1.018       0.319       0.215       0.000       0.000       0.000       0.000
   141     5    21  2025       1       1  hru1                   0.000       0.000       0.000     425.332      11.878       0.000       0.000       0.000       0.000       0.000       0.000       0.000       0.000      19.500       0.761      10.131      25.817       3.594       0.426       0.218       0.000       0.000       0.000       0.000
   142     5    22  2025       1       1  hru1                   0.000       0.000       0.000     421.079      12.287       0.000       0.000       0.000       0.000       0.000       0.000       0.000       0.000      20.856       6.517      13.686      25.817       4.390       0.400       0.222       0.000       0.000       0.000       0.000
   143     5    23  2025       1       1  hru1                   0.000       0.000       0.000     416.868      12.575       0.000       0.000       0.000       0.000       0.000       0.000       0.000       0.000      22.672       3.044      12.858      25.817       4.483       0.281       0.225       0.000       0.000       0.000       0.000
   144     5    24  2025       1       1  hru1                   0.000       0.000       0.000     412.699      13.119       0.000       0.000       0.000       0.000       0.000       0.000       0.000       0.000      24.256       5.983      15.119      25.817       4.055       0.280       0.229       0.000       0.000       0.000       0.000
   145     5    25  2025       1       1  hru1                   0.000       0.000       0.000     408.572      13.779       0.000       0.000       0.000       0.000       0.000       0.000       0.000       0.000      27.833       4.339      16.086      25.817       2.963       0.213       0.234       0.000       0.000       0.000       0.000
   146     5    26  2025       1       1  hru1                   0.000       0.000       0.000     404.487      14.505       0.000       0.000       0.000       0.000       0.000       0.000       0.000       0.000      27.056       8.856      17.956      25.817       1.186       0.285       0.239       0.000       0.000       0.000       0.000
   147     5    27  2025       1       1  hru1                   0.000       0.000       0.000     400.442      15.079       0.000       0.000       0.000       0.000       0.000       0.000       0.000       0.000      26.889       8.861      17.875      25.817       4.751       0.145       0.243       0.000       0.000       0.000       0.000
   148     5    28  2025       1       1  hru1                   0.000       0.000       0.000     396.437      15.705       0.000       0.000       0.000       0.000       0.000       0.000       0.000       0.000      29.167       8.311      18.739      25.817       3.629       0.405       0.248       0.000       0.000       0.000       0.000
   149     5    29  2025       1       1  hru1                   0.000       0.000       0.000     392.473      16.610       0.000       0.000       0.000       0.000       0.000       0.000       0.000       0.000      32.389      10.439      21.414      25.817       2.076       0.293       0.254       0.000       0.000       0.000       0.000
   150     5    30  2025       1       1  hru1                   0.000       0.000       0.000     388.548      17.044       0.000       0.000       0.000       0.000       0.000       0.000       0.000       0.000      28.000      11.928      19.964      25.817       4.868       0.452       0.260       0.000       0.000       0.000       0.000
   151     5    31  2025       1       1  hru1                   0.000       0.000       0.000     384.663      17.630       0.000       0.000       0.000       0.000       0.000       0.000       0.000       0.000      32.833       8.883      20.858      25.817       1.325       0.278       0.265       0.000       0.000       0.000       0.000
   152     6     1  2025       1       1  hru1                   0.000       0.000       0.000     380.816      17.981       0.000       0.000       0.078       0.000       0.000       0.000       0.000       0.000      26.667      14.728      20.697      28.473       3.394       0.492       0.271       0.000       0.000       0.000       0.000
   153     6     2  2025       1       1  hru1                   0.002      16.624       0.000     374.695      17.590       0.000       0.000       0.340       0.000       0.000       0.000       0.000       0.000      22.472       9.122      15.797      28.473       2.578       0.320       0.275       0.000       0.000       0.000       0.000
   154     6     3  2025       1       1  hru1                   0.003      29.016       0.000     369.091      16.984       0.000       0.000       0.518       0.000       0.000       0.781       0.000       0.119      20.739       6.156      13.447      28.473       3.271       0.270       0.279       0.000       0.000       0.000       0.000
   155     6     4  2025       1       1  hru1                   0.004      38.481       0.000     363.869      16.533       0.000       0.000       0.533       0.000       0.000       1.362       0.000       0.148      21.889       4.633      13.261      28.473       1.388       0.231       0.282       0.000       0.000       0.000       0.000
   156     6     5  2025       1       1  hru1                   0.006      47.762       0.000     358.787      16.452       0.000       0.000       0.404       0.000       0.000       1.806       0.000       0.200      24.239       5.589      14.914      28.473       3.401       0.303       0.286       0.000       0.000       0.000       0.000
   157     6     6  2025       1       1  hru1                   0.007      59.836       0.000     353.678      16.658       0.000       0.000       0.294       0.000       0.000       2.241       0.000       0.239      26.417       6.561      16.489      28.473       2.836       0.390       0.291       0.000       0.000       0.000       0.000
   158     6     7  2025       1       1  hru1                   0.010      74.674       0.000     348.280      17.301       0.000       0.000       0.129       0.000       0.000       2.806       0.000       0.303      29.833       9.039      19.436      28.473       2.811       0.231       0.296       0.000       0.000       0.000       0.000
   159     6     8  2025       1       1  hru1                   0.014      91.697       0.000     342.380      18.280       0.000       0.000       0.015       0.000       0.000       3.499       0.000       0.373      31.000      15.311      23.156      28.473       1.368       0.352       0.302       0.000       0.000       0.000       0.000
   160     6     9  2025       1       1  hru1                   0.020     111.755       0.000     336.093      19.104       0.000       0.000       0.021       0.000       0.000       4.291       0.000       0.452      32.278      13.228      22.753      28.473       2.870       0.237       0.308       0.000       0.000       0.000       0.000
   161     6    10  2025       1       1  hru1                   0.027     132.339       0.000     329.577      19.720       0.000       0.000       0.028       0.000       0.000       5.221       0.000       0.545      31.667      13.228      22.447      28.473       2.799       0.381       0.314       0.000       0.000       0.000       0.000
   162     6    11  2025       1       1  hru1                   0.036     157.049       0.000     323.149      19.822       0.000       0.000       0.086       0.000       0.000       6.172       0.000       0.632      27.333      13.644      20.489      28.473       2.922       0.250       0.320       0.000       0.000       0.000       0.000
   163     6    12  2025       1       1  hru1                   0.046     182.304       0.000     316.823      19.892       0.000       0.000       0.117       0.000       0.000       7.312       0.000       0.748      28.833      10.594      19.714      28.473       2.706       0.929       0.325       0.000       0.000       0.000       0.000
   164     6    13  2025       1       1  hru1                   0.056     213.717       0.000     310.568      20.024       0.000       0.000       0.102       0.000       0.000       8.471       0.000       0.850      29.444      10.694      20.069      28.473       0.886       0.217       0.330       0.000       0.000       0.000       0.000
   165     6    14  2025       1       1  hru1                   0.069     243.883       0.000     304.456      20.017       0.000       0.000       0.122       0.000       0.000       9.908       0.000       0.995      27.889      11.317      19.603      28.473       1.817       0.373       0.336       0.000       0.000       0.000       0.000
   166     6    15  2025       1       1  hru1                   0.083     279.516       0.000     298.401      20.170       0.000       0.000       0.103       0.000       0.000      11.278       0.000       1.106      30.333       9.733      20.033      28.473       2.816       0.228       0.341       0.000       0.000       0.000       0.000
   167     6    16  2025       1       1  hru1                   0.101     317.178       0.000     292.390      20.349       0.000       0.000       0.079       0.000       0.000      12.888       0.000       1.264      30.056      11.294      20.675      28.473       4.788       0.440       0.347       0.000       0.000       0.000       0.000
   168     6    17  2025       1       1  hru1                   0.122     364.529       0.000     286.513      20.340       0.000       0.000       0.112       0.000       0.000      14.573       0.000       1.404      28.667      10.972      19.819      28.473       3.756       0.264       0.352       0.000       0.000       0.000       0.000
   169     6    18  2025       1       1  hru1                   0.145     412.983       0.000     280.648      20.580       0.000       0.000       0.068       0.000       0.000      16.686       0.000       1.608      31.556      10.417      20.986      28.473       3.292       0.359       0.358       0.000       0.000       0.000       0.000
   170     6    19  2025       1       1  hru1                   0.174     471.479       0.000     274.831      20.751       0.000       0.000       0.073       0.000       0.000      18.815       0.000       1.774      31.333      10.372      20.853      28.473       4.324       0.244       0.363       0.000       0.000       0.000       0.000
   171     6    20  2025       1       1  hru1                   0.208     534.316       0.000     269.333      20.307       0.000       0.000       0.204       0.056       0.000      21.294       0.000       2.011      25.083      10.833      17.958      28.473       3.533       0.211       0.368       0.000       0.000       0.000       0.000
   172     6    21  2025       1       1  hru1                   0.237     598.648       0.000     264.721      18.660       0.000       0.000       0.860       0.113       0.000      21.357       0.000       2.238      15.694       3.344       9.519      28.473       3.307       0.222       0.371       0.000       0.000       0.000       0.000
   173     6    22  2025       1       1  hru1                   0.242     612.672       0.000     260.650      17.675       0.000       0.000       0.643       0.127       0.000      21.412       0.000       2.508      18.172       5.739      11.956      28.473       2.519       0.161       0.374       0.000       0.000       0.000       0.000
   174     6    23  2025       1       1  hru1                   0.255     647.932       0.000     256.894      17.100       0.000       0.000       0.602       0.171       0.000      21.461       0.000       2.508      22.406       2.450      12.428      28.473       3.956       0.398       0.377       0.000       0.000       0.000       0.000
   175     6    24  2025       1       1  hru1                   0.270     690.021       0.000     253.132      17.251       0.000       0.000       0.286       0.234       0.000      21.508       0.000       2.628      26.833       6.372      16.603      28.473       2.543       0.277       0.382       0.000       0.000       0.000       0.000
   176     6    25  2025       1       1  hru1                   0.301     763.879       0.000     249.247      17.681       0.000       0.000       0.174       0.380       0.000      21.555       0.000       2.771      29.333       7.717      18.525      28.473       3.583       0.202       0.387       0.000       0.000       0.000       0.000
   177     6    26  2025       1       1  hru1                   0.344     829.231       0.000     245.211      18.175       0.000       0.000       0.110       0.533       0.000      21.604       0.000       3.070      29.556      10.206      19.881      28.473       3.154       0.323       0.392       0.000       0.000       0.000       0.000
   178     6    27  2025       1       1  hru1                   0.398     885.182       0.000     241.054      18.608       0.000       0.000       0.101       0.668       0.000      21.654       0.000       3.218      29.722      10.478      20.100      28.473       4.104       0.322       0.397       0.000       0.000       0.000       0.000
   179     6    28  2025       1       1  hru1                   0.459     929.354       0.000     236.828      18.933       0.000       0.000       0.095       0.767       0.000      21.705       0.000       3.371      28.722      11.789      20.256      28.473       5.438       0.271       0.403       0.000       0.000       0.000       0.000
   180     6    29  2025       1       1  hru1                   0.528     962.986       0.000     232.524      19.291       0.000       0.000       0.075       0.828       0.000      21.758       0.000       3.442      29.778      11.783      20.781      28.473       3.470       0.247       0.409       0.000       0.000       0.000       0.000
   181     6    30  2025       1       1  hru1                   0.609     989.975       0.000     228.104      19.761       0.000       0.000       0.054       0.861       0.000      21.811       0.000       3.481      32.500      10.339      21.419      28.473       3.070       0.298       0.414       0.000       0.000       0.000       0.000
   182     7     1  2025       1       1  hru1                   0.703    1014.504       0.000     223.501      20.450       0.000       0.000       0.009       0.873       0.000      21.866       0.000       3.486      34.889      12.233      23.561      28.317       2.643       0.413       0.421       0.000       0.000       0.000       0.000
   183     7     2  2025       1       1  hru1                   0.825    1039.729       0.000     218.769      21.081       0.000       0.000       0.001       0.871       0.000      21.923       0.000       3.486      31.556      19.628      25.592      28.317       3.744       0.359       0.428       0.000       0.000       0.000       0.000
   184     7     3  2025       1       1  hru1                   0.978    1066.288       0.000     214.033      21.406       0.000       0.000       0.007       0.869       0.000      21.982       0.000       3.486      31.278      16.250      23.764      28.317       2.104       0.260       0.434       0.000       0.000       0.000       0.000
   185     7     4  2025       1       1  hru1                   1.130    1095.920       0.000     209.462      21.198       0.000       0.000       0.082       0.883       0.000      22.041       0.000       3.486      27.278      13.894      20.586      28.317       2.448       0.727       0.439       0.000       0.000       0.000       0.000
   186     7     5  2025       1       1  hru1                   1.259    1132.622       0.000     205.122      20.783       0.000       0.000       0.177       0.919       0.000      22.099       0.000       3.486      26.078      10.856      18.467      28.317       1.876       0.200       0.444       0.000       0.000       0.000       0.000
   187     7     6  2025       1       1  hru1                   1.372    1156.401       0.000     200.962      20.518       0.000       0.000       0.183       0.918       0.000      22.155       0.000       3.491      28.222       8.489      18.356      28.317       1.589       0.328       0.449       0.000       0.000       0.000       0.000
   188     7     7  2025       1       1  hru1                   1.487    1183.368       0.000     196.819      20.746       0.000       0.000       0.061       0.903       0.000      22.210       0.000       3.492      32.278      10.106      21.192      28.317       2.254       0.355       0.455       0.000       0.000       0.000       0.000
   189     7     8  2025       1       1  hru1                   1.638    1215.420       0.000     192.577      21.387       0.000       0.000       0.004       0.875       0.000      22.265       0.000       3.492      36.389      11.722      24.056      28.317       3.536       0.226       0.462       0.000       0.000       0.000       0.000
   190     7     9  2025       1       1  hru1                   1.827    1252.889       0.000     188.334      21.742       0.000       0.000       0.009       0.854       0.000      22.321       0.000       3.492      33.389      13.778      23.583      28.317       1.811       0.169       0.468       0.000       0.000       0.000       0.000
   191     7    10  2025       1       1  hru1                   2.011    1298.166       0.000     184.217      21.620       0.000       0.000       0.062       0.859       0.000      22.378       0.000       3.492      28.944      13.389      21.167      28.317       4.120       0.243       0.474       0.000       0.000       0.000       0.000
   192     7    11  2025       1       1  hru1                   2.166    1349.548       0.000     180.170      21.701       0.000       0.000       0.025       0.858       0.000      22.434       0.000       3.495      30.167      15.017      22.592      28.317       3.554       0.301       0.480       0.000       0.000       0.000       0.000
   193     7    12  2025       1       1  hru1                   2.335    1402.670       0.000     176.169      21.881       0.000       0.000       0.016       0.849       0.000      22.490       0.000       3.546      31.944      14.200      23.072      28.317       3.807       0.245       0.486       0.000       0.000       0.000       0.000
   194     7    13  2025       1       1  hru1                   2.502    1458.504       0.000     172.170      22.271       0.000       0.000       0.000       0.823       0.000      22.545       0.000       3.569      33.944      15.722      24.833      28.317       3.042       0.287       0.493       0.000       0.000       0.000       0.000
   195     7    14  2025       1       1  hru1                   2.680    1524.195       0.000     168.172      22.733       0.000       0.000       0.003       0.800       0.000      22.601       0.000       3.593      35.056      16.711      25.883      28.317       1.339       0.372       0.500       0.000       0.000       0.000       0.000
   196     7    15  2025       1       1  hru1                   2.856    1602.881       0.000     164.263      22.745       0.000       0.000       0.014       0.814       0.000      22.658       0.000       3.636      32.056      14.333      23.194      28.317       1.531       0.279       0.506       0.000       0.000       0.000       0.000
   197     7    16  2025       1       1  hru1                   2.992    1678.419       0.000     160.493      22.481       0.000       0.000       0.065       0.833       0.000      22.714       0.000       3.737      30.111      12.028      21.069      28.317       4.910       0.302       0.511       0.000       0.000       0.000       0.000
   198     7    17  2025       1       1  hru1                   3.100    1751.805       0.000     156.786      22.603       0.000       0.000       0.012       0.825       0.000      22.768       0.000       3.812      33.778      12.806      23.292      28.317       1.499       0.367       0.518       0.000       0.000       0.000       0.000
   199     7    18  2025       1       1  hru1                   3.214    1828.535       0.000     153.143      22.740       0.000       0.000       0.006       0.814       0.000      22.823       0.000       3.866      33.333      14.372      23.853      28.317       3.457       0.100       0.524       0.000       0.000       0.000       0.000
   200     7    19  2025       1       1  hru1                   3.318    1896.531       0.000     149.592      22.680       0.000       0.000       0.013       0.793       0.000      22.877       0.000       3.931      30.444      16.094      23.269      28.317       2.489       0.339       0.530       0.000       0.000       0.000       0.000
   201     7    20  2025       1       1  hru1                   3.407    1987.433       0.000     146.155      22.485       0.000       0.000       0.051       0.818       0.000      22.930       0.000       3.966      30.833      12.206      21.519      28.317       2.157       0.187       0.536       0.000       0.000       0.000       0.000
   202     7    21  2025       1       1  hru1                   3.475    2064.509       0.000     142.870      22.054       0.000       0.000       0.105       0.833       0.000      22.982       0.000       4.101      27.444      12.539      19.992      28.317       1.656       0.103       0.542       0.000       0.000       0.000       0.000
   203     7    22  2025       1       1  hru1                   3.528    2135.521       0.000     139.728      21.683       0.000       0.000       0.105       0.839       0.000      23.033       0.000       4.155      27.111      12.906      20.008      28.317       2.504       0.419       0.547       0.000       0.000       0.000       0.000
   204     7    23  2025       1       1  hru1                   3.575    2215.208       0.000     136.654      21.690       0.000       0.000       0.029       0.841       0.000      23.082       0.000       4.229      29.944      14.806      22.375      28.317       2.126       0.140       0.553       0.000       0.000       0.000       0.000
   205     7    24  2025       1       1  hru1                   3.623    2280.030       0.000     133.644      21.709       0.000       0.000       0.049       0.831       0.000      23.131       0.000       4.295      32.222      10.950      21.586      28.317       3.354       0.275       0.559       0.000       0.000       0.000       0.000
   206     7    25  2025       1       1  hru1                   3.661    2356.452       0.000     130.688      21.782       0.000       0.000       0.037       0.834       0.000      23.179       0.000       4.328      32.778      11.300      22.039      28.317       5.042       0.138       0.565       0.000       0.000       0.000       0.000
   207     7    26  2025       1       1  hru1                   3.695    2424.924       0.000     127.792      21.807       0.000       0.000       0.034       0.831       0.000      23.227       0.000       4.407      31.778      12.578      22.178      28.317       4.372       0.174       0.571       0.000       0.000       0.000       0.000
   208     7    27  2025       1       1  hru1                   3.723    2496.299       0.000     124.959      21.794       0.000       0.000       0.038       0.835       0.000      23.274       0.000       4.441      31.556      12.439      21.997      28.317       2.953       0.304       0.577       0.000       0.000       0.000       0.000
   209     7    28  2025       1       1  hru1                   3.746    2571.818       0.000     122.168      21.914       0.000       0.000       0.026       0.844       0.000      23.321       0.000       4.508      33.944      11.156      22.550      28.317       2.975       0.209       0.583       0.000       0.000       0.000       0.000
   210     7    29  2025       1       1  hru1                   3.766    2638.547       0.000     119.431      21.952       0.000       0.000       0.025       0.846       0.000      23.368       0.000       4.566      32.222      12.967      22.594      28.317       2.472       0.251       0.589       0.000       0.000       0.000       0.000
   211     7    30  2025       1       1  hru1                   3.783    2705.777       0.000     116.730      22.117       0.000       0.000       0.009       0.850       0.000      23.414       0.000       4.607      33.722      13.389      23.556      28.317       3.245       0.255       0.595       0.000       0.000       0.000       0.000
   212     7    31  2025       1       1  hru1                   3.797    2770.116       0.000     114.124      21.870       0.000       0.000       0.076       0.864       0.000      23.460       0.000       4.654      29.611      11.917      20.764      28.317       2.800       0.178       0.601       0.000       0.000       0.000       0.000
   213     8     1  2025       1       1  hru1                   3.807    2830.125       0.000     111.643      21.424       0.000       0.000       0.114       0.880       0.000      23.505       0.000       4.711      29.722       9.850      19.786      24.505       2.352       0.294       0.606       0.000       0.000       0.000       0.000
   214     8     2  2025       1       1  hru1                   3.815    2879.707       0.000     109.229      21.340       0.000       0.000       0.026       0.879       0.000      23.549       0.000       4.760      30.778      14.300      22.539      24.505       3.876       0.372       0.612       0.000       0.000       0.000       0.000
   215     8     3  2025       1       1  hru1                   3.823    2928.825       0.000     106.894      21.159       0.000       0.000       0.060       0.885       0.000      23.592       0.000       4.772      31.722      10.761      21.242      24.505       2.138       0.248       0.618       0.000       0.000       0.000       0.000
   216     8     4  2025       1       1  hru1                   3.829    2973.833       0.000     104.663      20.823       0.000       0.000       0.101       0.893       0.000      23.634       0.000       4.811      28.056      12.117      20.086      24.505       2.230       0.124       0.623       0.000       0.000       0.000       0.000
   217     8     5  2025       1       1  hru1                   3.834    3014.453       0.000     102.525      20.546       0.000       0.000       0.111       0.899       0.000      23.675       0.000       4.836      29.667      10.017      19.842      24.505       2.866       0.201       0.629       0.000       0.000       0.000       0.000
   218     8     6  2025       1       1  hru1                   3.838    3054.454       0.000     100.447      20.447       0.000       0.000       0.073       0.905       0.000      23.715       0.000       4.861      31.667      10.011      20.839      24.505       1.995       0.195       0.634       0.000       0.000       0.000       0.000
   219     8     7  2025       1       1  hru1                   3.842    3091.265       0.000      98.428      20.351       0.000       0.000       0.056       0.908       0.000      23.754       0.000       4.882      28.333      14.383      21.358      24.505       1.302       0.374       0.640       0.000       0.000       0.000       0.000
   220     8     8  2025       1       1  hru1                   3.846    3129.563       0.000      96.533      19.854       0.000       0.000       0.224       0.922       0.000      23.793       0.000       4.897      25.317       9.922      17.619      24.505       2.606       0.156       0.645       0.000       0.000       0.000       0.000
   221     8     9  2025       1       1  hru1                   3.848    3161.366       0.000      94.734      19.513       0.000       0.000       0.196       0.930       0.000      23.831       0.000       4.937      27.056       9.172      18.114      24.505       4.634       0.205       0.650       0.000       0.000       0.000       0.000
   222     8    10  2025       1       1  hru1                   3.850    3190.117       0.000      92.995      19.358       0.000       0.000       0.145       0.935       0.000      23.867       0.000       4.949      29.222       8.967      19.094      24.505       2.088       0.217       0.655       0.000       0.000       0.000       0.000
   223     8    11  2025       1       1  hru1                   3.852    3216.400       0.000      91.241      19.658       0.000       0.000       0.015       0.934       0.000      23.903       0.000       4.965      31.500      14.689      23.094      24.505       4.489       0.287       0.661       0.000       0.000       0.000       0.000
   224     8    12  2025       1       1  hru1                   3.854    3241.743       0.000      89.479      19.919       0.000       0.000       0.025       0.934       0.000      23.939       0.000       4.965      34.444      10.750      22.597      24.505       2.325       0.202       0.667       0.000       0.000       0.000       0.000
   225     8    13  2025       1       1  hru1                   3.856    3265.982       0.000      87.700      20.265       0.000       0.000       0.006       0.934       0.000      23.976       0.000       4.967      34.611      13.100      23.856      24.505       1.995       0.385       0.673       0.000       0.000       0.000       0.000
   226     8    14  2025       1       1  hru1                   3.858    3292.177       0.000      85.927      20.466       0.000       0.000       0.011       0.939       0.000      24.013       0.000       4.969      31.889      14.883      23.386      24.505       1.902       0.384       0.680       0.000       0.000       0.000       0.000
   227     8    15  2025       1       1  hru1                   3.859    3316.984       0.000      84.206      20.369       0.000       0.000       0.071       0.945       0.000      24.051       0.000       4.981      30.111      11.711      20.911      24.505       3.750       0.187       0.685       0.000       0.000       0.000       0.000
   228     8    16  2025       1       1  hru1                   3.860    3338.110       0.000      82.521      20.357       0.000       0.000       0.051       0.949       0.000      24.088       0.000       4.994      30.833      12.222      21.528      24.505       1.892       0.261       0.691       0.000       0.000       0.000       0.000
   229     8    17  2025       1       1  hru1                   3.861    3358.242       0.000      97.899      20.373       0.000       0.000       0.032       0.952       0.000      24.125       0.000       4.999      28.333      16.217      22.275      24.505       2.499       0.134       0.697       0.000       0.000       0.000       0.000
   230     8    18  2025       1       1  hru1                   3.734    3358.307       0.000     111.498      20.440       0.000       0.000       0.038       0.968       0.000      23.920       0.000       4.981      32.556      11.422      21.989      24.505       2.036       0.272       0.703       0.000       0.000       0.000       0.000
   231     8    19  2025       1       1  hru1                   3.609    3354.531       0.000     124.624      20.634       0.000       0.000       0.020       0.978       0.000      23.736       0.000       4.958      35.222      10.494      22.858      24.505       3.061       0.260       0.709       0.000       0.000       0.000       0.000
   232     8    20  2025       1       1  hru1                   3.476    3345.884       0.000     137.310      20.803       0.000       0.000       0.007       0.984       0.000      23.554       0.000       4.933      31.333      16.056      23.694      24.505       2.744       0.398       0.716       0.000       0.000       0.000       0.000
   233     8    21  2025       1       1  hru1                   3.336    3334.675       0.000     147.654      20.820       0.000       0.000       0.028       0.990       0.000      23.376       0.000       4.907      30.944      13.878      22.411      24.505       2.611       0.289       0.722       0.000       0.000       0.000       0.000
   234     8    22  2025       1       1  hru1                   3.208    3322.891       0.000     156.819      20.831       0.000       0.000       0.037       0.992       0.000      23.230       0.000       4.884      32.556      11.506      22.031      24.505       3.123       0.367       0.728       0.000       0.000       0.000       0.000
   235     8    23  2025       1       1  hru1                   3.083    3311.188       0.000     165.968      20.926       0.000       0.000       0.022       0.992       0.000      23.100       0.000       4.863      33.556      11.889      22.722      24.505       1.642       0.200       0.734       0.000       0.000       0.000       0.000
   236     8    24  2025       1       1  hru1                   2.951    3298.505       0.000     173.662      20.834       0.000       0.000       0.039       0.993       0.000      22.971       0.000       4.840      28.167      15.733      21.950      24.505       1.724       0.306       0.740       0.000       0.000       0.000       0.000
   237     8    25  2025       1       1  hru1                   2.827    3286.883       0.000     180.769      20.720       0.000       0.000       0.041       0.993       0.000      22.861       0.000       4.820      26.383      17.422      21.903      24.505       3.386       0.943       0.745       0.000       0.000       0.000       0.000
   238     8    26  2025       1       1  hru1                   2.703    3276.129       0.000     185.254      20.360       0.000       0.000       0.123       0.993       0.000      22.760       0.000       4.800      23.761      15.389      19.575      24.505       2.796       0.940       0.751       0.000       0.000       0.000       0.000
   239     8    27  2025       1       1  hru1                   2.600    3267.640       0.000     188.645      19.928       0.000       0.000       0.174       0.992       0.000      22.695       0.000       4.783      21.778      15.261      18.519      24.505       2.604       0.980       0.756       0.000       0.000       0.000       0.000
   240     8    28  2025       1       1  hru1                   2.506    3260.886       0.000     193.413      19.833       0.000       0.000       0.098       0.990       0.000      22.647       0.000       4.769      27.389      12.961      20.175      24.505       2.794       0.246       0.761       0.000       0.000       0.000       0.000
   241     8    29  2025       1       1  hru1                   2.397    3252.998       0.000     197.324      19.726       0.000       0.000       0.125       0.989       0.000      22.580       0.000       4.752      29.167       9.917      19.542      24.505       2.419       0.172       0.766       0.000       0.000       0.000       0.000
   242     8    30  2025       1       1  hru1                   2.294    3245.928       0.000     201.604      19.724       0.000       0.000       0.095       0.988       0.000      22.525       0.000       4.737      30.222      10.261      20.242      24.505       0.994       0.169       0.772       0.000       0.000       0.000       0.000
   243     8    31  2025       1       1  hru1                   2.185    3238.670       0.000     205.560      19.709       0.000       0.000       0.097       0.987       0.000      22.464       0.000       4.721      29.611      10.794      20.203      24.505       1.940       0.150       0.777       0.000       0.000       0.000       0.000
   244     9     1  2025       1       1  hru1                   2.076    3231.703       0.000     209.564      19.525       0.000       0.000       0.088       0.987       0.000      22.409       0.000       4.705      30.778      10.078      20.428      19.429       3.448       0.280       0.783       0.000       0.000       0.000       0.000
   245     9     2  2025       1       1  hru1                   1.965    3224.125       0.000     215.232      19.635       0.000       0.000       0.022       0.985       0.000      22.353       0.000       4.689      32.722      12.706      22.714      19.429       0.362       0.409       0.789       0.000       0.000       0.000       0.000
   246     9     3  2025       1       1  hru1                   1.834    3215.059       0.000     219.555      19.598       0.000       0.000       0.050       0.986       0.000      22.273       0.000       4.670      32.444      10.689      21.567      19.429       2.711       0.200       0.795       0.000       0.000       0.000       0.000
   247     9     4  2025       1       1  hru1                   1.713    3206.617       0.000     223.540      19.561       0.000       0.000       0.053       0.985       0.000      22.213       0.000       4.654      29.500      13.456      21.478      19.429       1.530       0.360       0.801       0.000       0.000       0.000       0.000
   248     9     5  2025       1       1  hru1                   1.593    3198.847       0.000     228.019      19.644       0.000       0.000       0.028       0.983       0.000      22.157       0.000       4.637      30.611      14.267      22.439      19.429       1.374       0.433       0.807       0.000       0.000       0.000       0.000
   249     9     6  2025       1       1  hru1                   1.464    3190.608       0.000     230.174      19.410       0.000       0.000       0.113       0.983       0.000      22.094       0.000       4.620      26.128      13.467      19.797      19.429       3.652       0.198       0.812       0.000       0.000       0.000       0.000
   250     9     7  2025       1       1  hru1                   1.359    3184.317       0.000     232.495      19.232       0.000       0.000       0.104       0.981       0.000      22.063       0.000       4.606      28.944      11.083      20.014      19.429       2.449       0.245       0.817       0.000       0.000       0.000       0.000
   251     9     8  2025       1       1  hru1                   1.252    3178.336       0.000     235.050      19.124       0.000       0.000       0.090       0.979       0.000      22.031       0.000       4.592      29.222      11.539      20.381      19.429       3.297       0.235       0.823       0.000       0.000       0.000       0.000
   252     9     9  2025       1       1  hru1                   1.141    3172.258       0.000     235.658      18.733       0.000       0.000       0.212       0.978       0.000      21.995       0.000       4.577      24.989      10.650      17.819      19.429       3.051       0.494       0.828       0.000       0.000       0.000       0.000
   253     9    10  2025       1       1  hru1                   1.054    3168.972       0.000     237.146      18.510       0.000       0.000       0.162       0.976       0.000      21.987       0.000       4.566      25.750      11.767      18.758      19.429       1.186       0.198       0.833       0.000       0.000       0.000       0.000
   254     9    11  2025       1       1  hru1                   0.958    3164.564       0.000     236.767      18.007       0.000       0.000       0.320       0.975       0.000      21.967       0.000       4.553      23.189       8.989      16.089      19.429       3.271       0.331       0.837       0.000       0.000       0.000       0.000
   255     9    12  2025       1       1  hru1                   0.885    3162.738       0.000     236.591      17.557       0.000       0.000       0.330       0.972       0.000      21.973       0.000       4.544      24.111       7.778      15.944      19.429       2.395       0.351       0.841       0.000       0.000       0.000       0.000
   256     9    13  2025       1       1  hru1                   0.815    3161.254       0.000     237.035      17.231       0.000       0.000       0.297       0.970       0.000      21.977       0.000       4.535      25.039       7.850      16.444      19.429       2.285       0.197       0.846       0.000       0.000       0.000       0.000
   257     9    14  2025       1       1  hru1                   0.739    3159.134       0.000     239.088      17.185       0.000       0.000       0.178       0.969       0.000      21.973       0.000       4.525      28.167       8.733      18.450      19.429       3.680       0.211       0.851       0.000       0.000       0.000       0.000
   258     9    15  2025       1       1  hru1                   0.646    3155.229       0.000     238.056      16.656       0.000       0.000       0.454       0.969       0.000      21.947       0.000       4.514      21.272       7.233      14.253      19.429       2.064       0.147       0.854       0.000       0.000       0.000       0.000
   259     9    16  2025       1       1  hru1                   0.590    3154.505       0.000     237.574      16.241       0.000       0.000       0.427       0.966       0.000      21.965       0.000       4.506      24.100       5.100      14.600      19.429       2.134       0.129       0.858       0.000       0.000       0.000       0.000
   260     9    17  2025       1       1  hru1                   0.531    3153.535       0.000     239.555      16.251       0.000       0.000       0.219       0.963       0.000      21.975       0.000       4.499      25.378      10.017      17.697      19.429       2.889       0.172       0.863       0.000       0.000       0.000       0.000
   261     9    18  2025       1       1  hru1                   0.445    3149.896       0.000     241.802      16.310       0.000       0.000       0.193       0.963       0.000      21.951       0.000       4.488      28.833       7.489      18.161      19.429       3.105       0.151       0.868       0.000       0.000       0.000       0.000
   262     9    19  2025       1       1  hru1                   0.354    3145.393       0.000     244.013      16.374       0.000       0.000       0.188       0.962       0.000      21.924       0.000       4.477      28.389       8.133      18.261      19.429       2.723       0.193       0.873       0.000       0.000       0.000       0.000
   263     9    20  2025       1       1  hru1                   0.263    3140.390       0.000     247.079      16.588       0.000       0.000       0.122       0.960       0.000      21.897       0.000       4.465      29.056      10.161      19.608      19.429       2.596       0.260       0.878       0.000       0.000       0.000       0.000
   264     9    21  2025       1       1  hru1                   0.159    3133.821       0.000     249.923      16.779       0.000       0.000       0.121       0.959       0.000      21.857       0.000       4.452      25.483      13.750      19.617      19.429       3.497       0.990       0.884       0.000       0.000       0.000       0.000
   265     9    22  2025       1       1  hru1                   0.055    3126.798       0.000     248.185      16.216       0.000       0.000       0.519       0.941       0.000      21.821       0.000       4.440      20.433       6.439      13.436      19.429       1.756       0.427       0.887       0.000       0.000       0.000       0.000
   266     9    23  2025       1       1  hru1                   0.007    3124.105       0.000     242.524      15.711       0.000       0.000       0.000       0.000       0.000      21.849       0.000       4.434      23.289       3.278      13.283      19.429       2.150       0.426       0.891       0.000       0.000       0.000       0.000
   267     9    24  2025       1       1  hru1                   0.007    3124.105       0.000     237.023      15.654       0.000       0.000       0.000       0.000       0.000      21.849       0.000       4.434      27.611       5.394      16.503      19.429       3.817       0.350       0.895       0.000       0.000       0.000       0.000
   268     9    25  2025       1       1  hru1                   0.000       0.000       0.000    2703.090      15.775       0.000       0.000       0.000       0.000       0.000       0.000       0.000       0.000      30.056       5.833      17.944      19.429       1.632       0.340       0.000       0.000       0.000       0.000       0.000
   269     9    26  2025       1       1  hru1                   0.000       0.000       0.000    2676.059      15.596       0.000       0.000       0.000       0.000       0.000       0.000       0.000       0.000      22.656       8.433      15.544      19.429       2.233       0.313       0.004       0.000       0.000       0.000       0.000
   270     9    27  2025       1       1  hru1                   0.000       0.000       0.000    2649.299      15.414       0.000       0.000       0.000       0.000       0.000       0.000       0.000       0.000      25.722       5.033      15.378      19.429       2.821       0.250       0.008       0.000       0.000       0.000       0.000
   271     9    28  2025       1       1  hru1                   0.000       0.000       0.000    2622.806      15.678       0.000       0.000       0.000       0.000       0.000       0.000       0.000       0.000      28.222       9.583      18.903      19.429       3.030       0.275       0.013       0.000       0.000       0.000       0.000
   272     9    29  2025       1       1  hru1                   0.000       0.000       0.000    2596.578      15.772       0.000       0.000       0.000       0.000       0.000       0.000       0.000       0.000      26.944       8.639      17.792      19.429       2.583       0.985       0.018       0.000       0.000       0.000       0.000
   273     9    30  2025       1       1  hru1                   0.000       0.000       0.000    2565.422      15.660       0.000       0.000       0.000       0.000       0.000       0.000       0.000       0.000      21.100      11.072      16.086      19.429       3.397       0.831       0.023       0.000       0.000       0.000       0.000
   274    10     1  2025       1       1  hru1                   0.000       0.000       0.000    2537.623      15.270       0.000       0.000       0.000       0.000       0.000       0.000       0.000       0.000      21.594       8.383      14.989      13.652       0.937       0.908       0.027       0.000       0.000       0.000       0.000
   275    10     2  2025       1       1  hru1                   0.000       0.000       0.000    2512.243      15.234       0.000       0.000       0.000       0.000       0.000       0.000       0.000       0.000      23.722      11.106      17.414      13.652       0.418       0.165       0.031       0.000       0.000       0.000       0.000
   276    10     3  2025       1       1  hru1                   0.000       0.000       0.000    2487.121      14.593       0.000       0.000       0.000       0.000       0.000       0.000       0.000       0.000      14.833       8.444      11.639      13.652       3.123       0.990       0.034       0.000       0.000       0.000       0.000
   277    10     4  2025       1       1  hru1                   0.000       0.000       0.000    2461.322      13.916       0.000       0.000       0.000       0.000       0.000       0.000       0.000       0.000      13.733       7.428      10.581      13.652       3.193       0.974       0.037       0.000       0.000       0.000       0.000
   278    10     5  2025       1       1  hru1                   0.000       0.000       0.000    2436.708      13.093       0.000       0.000       0.000       0.000       0.000       0.000       0.000       0.000      15.172       3.228       9.200      13.652       3.116       0.650       0.040       0.000       0.000       0.000       0.000
   279    10     6  2025       1       1  hru1                   0.000       0.000       0.000    2412.341      12.288       0.000       0.000       0.000       0.000       0.000       0.000       0.000       0.000      16.628       0.967       8.797      13.652       4.682       0.430       0.042       0.000       0.000       0.000       0.000
   280    10     7  2025       1       1  hru1                   0.000       0.000       0.000    2388.218      11.648       0.000       0.000       0.000       0.000       0.000       0.000       0.000       0.000      19.056       0.100       9.578      13.652       3.267       0.405       0.045       0.000       0.000       0.000       0.000
   281    10     8  2025       1       1  hru1                   0.000       0.000       0.000    2364.336      11.472       0.000       0.000       0.000       0.000       0.000       0.000       0.000       0.000      23.861       2.072      12.967      13.652       1.946       0.416       0.048       0.000       0.000       0.000       0.000
   282    10     9  2025       1       1  hru1                   0.000       0.000       0.000    2340.692      11.932       0.000       0.000       0.000       0.000       0.000       0.000       0.000       0.000      28.778       7.189      17.983      13.652       3.122       0.441       0.053       0.000       0.000       0.000       0.000
   283    10    10  2025       1       1  hru1                   0.000       0.000       0.000    2317.285      12.618       0.000       0.000       0.000       0.000       0.000       0.000       0.000       0.000      27.889      11.678      19.783      13.652       4.406       0.259       0.058       0.000       0.000       0.000       0.000
   284    10    11  2025       1       1  hru1                   0.000       0.000       0.000    2294.113      12.295       0.000       0.000       0.000       0.000       0.000       0.000       0.000       0.000      19.950       4.500      12.225      13.652       1.903       0.740       0.062       0.000       0.000       0.000       0.000
   285    10    12  2025       1       1  hru1                   0.000       0.000       0.000    2271.171      11.623       0.000       0.000       0.000       0.000       0.000       0.000       0.000       0.000      13.528       3.294       8.411      13.652       1.254       0.780       0.064       0.000       0.000       0.000       0.000
   286    10    13  2025       1       1  hru1                   0.000       0.000       0.000    2248.460      11.149       0.000       0.000       0.000       0.000       0.000       0.000       0.000       0.000      16.278       2.889       9.583      13.652       2.728       0.286       0.066       0.000       0.000       0.000       0.000
   287    10    14  2025       1       1  hru1                   0.000       0.000       0.000    2225.975      10.550       0.000       0.000       0.000       0.000       0.000       0.000       0.000       0.000      11.606       3.272       7.439      13.652       1.357       0.333       0.068       0.000       0.000       0.000       0.000
   288    10    15  2025       1       1  hru1                   0.000       0.000       0.000    2203.715       9.964       0.000       0.000       0.000       0.000       0.000       0.000       0.000       0.000       8.000       4.600       6.300      13.652       1.110       0.901       0.070       0.000       0.000       0.000       0.000
   289    10    16  2025       1       1  hru1                   0.000       0.000       0.000    2181.678       9.568       0.000       0.000       0.000       0.000       0.000       0.000       0.000       0.000      12.661       3.022       7.842      13.652       3.652       0.346       0.072       0.000       0.000       0.000       0.000
   290    10    17  2025       1       1  hru1                   0.000       0.000       0.000    2159.861       9.429       0.000       0.000       0.000       0.000       0.000       0.000       0.000       0.000      16.211       3.422       9.817      13.652       1.530       0.183       0.075       0.000       0.000       0.000       0.000
   291    10    18  2025       1       1  hru1                   0.000       0.000       0.000    2138.263       9.368       0.000       0.000       0.000       0.000       0.000       0.000       0.000       0.000      15.628       4.550      10.089      13.652       1.953       0.389       0.078       0.000       0.000       0.000       0.000
   292    10    19  2025       1       1  hru1                   0.000       0.000       0.000    2116.880       9.433       0.000       0.000       0.000       0.000       0.000       0.000       0.000       0.000      21.594       2.317      11.956      13.652       2.650       0.937       0.081       0.000       0.000       0.000       0.000
   293    10    20  2025       1       1  hru1                   0.000       0.000       0.000    2095.711       8.894       0.000       0.000       0.000       0.000       0.000       0.000       0.000       0.000      11.683       0.767       6.225      13.652       3.644       0.734       0.083       0.000       0.000       0.000       0.000
   294    10    21  2025       1       1  hru1                   0.000       0.000       0.000    2074.754       8.328       0.000       0.000       0.000       0.000       0.000       0.000       0.000       0.000      16.017      -3.367       6.325      13.652       1.940       0.330       0.084       0.000       0.000       0.000       0.000
   295    10    22  2025       1       1  hru1                   0.000       0.000       0.000    2054.007       8.134       0.000       0.000       0.000       0.000       0.000       0.000       0.000       0.000      15.700       0.617       8.158      13.652       3.777       0.440       0.086       0.000       0.000       0.000       0.000
   296    10    23  2025       1       1  hru1                   0.000       0.000       0.000    2033.467       7.904       0.000       0.000       0.000       0.000       0.000       0.000       0.000       0.000      15.978      -0.406       7.786      13.652       3.538       0.284       0.089       0.000       0.000       0.000       0.000
   297    10    24  2025       1       1  hru1                   0.000       0.000       0.000    2013.132       7.915       0.000       0.000       0.000       0.000       0.000       0.000       0.000       0.000      19.006       0.372       9.689      13.652       2.581       0.492       0.091       0.000       0.000       0.000       0.000
   298    10    25  2025       1       1  hru1                   0.000       0.000       0.000    1993.001       7.910       0.000       0.000       0.000       0.000       0.000       0.000       0.000       0.000      13.306       3.817       8.561      13.652       3.156       0.261       0.093       0.000       0.000       0.000       0.000
   299    10    26  2025       1       1  hru1                   0.000       0.000       0.000    1973.071       7.527       0.000       0.000       0.000       0.000       0.000       0.000       0.000       0.000       8.789       1.744       5.267      13.652       0.933       0.759       0.095       0.000       0.000       0.000       0.000
   300    10    27  2025       1       1  hru1                   0.000       0.000       0.000    1953.340       6.893       0.000       0.000       0.000       0.000       0.000       0.000       0.000       0.000       7.183      -1.200       2.992      13.652       2.651       0.589       0.096       0.000       0.000       0.000       0.000
   301    10    28  2025       1       1  hru1                   0.000       0.000       0.000    1933.807       6.368       0.000       0.000       0.000       0.000       0.000       0.000       0.000       0.000      11.222      -3.572       3.825      13.652       3.735       0.426       0.097       0.000       0.000       0.000       0.000
   302    10    29  2025       1       1  hru1                   0.000       0.000       0.000    1914.469       6.220       0.000       0.000       0.000       0.000       0.000       0.000       0.000       0.000      13.317      -1.039       6.139      13.652       4.855       0.265       0.098       0.000       0.000       0.000       0.000
   303    10    30  2025       1       1  hru1                   0.000       0.000       0.000    1895.324       5.853       0.000       0.000       0.000       0.000       0.000       0.000       0.000       0.000      11.844      -3.233       4.306      13.652       1.833       0.436       0.099       0.000       0.000       0.000       0.000
   304    10    31  2025       1       1  hru1                   0.000       0.000       0.000    1876.371       5.784       0.000       0.000       0.000       0.000       0.000       0.000       0.000       0.000      15.300      -2.294       6.503      13.652       2.467       0.313       0.101       0.000       0.000       0.000       0.000
   305    11     1  2025       1       1  hru1                   0.000       0.000       0.000    1857.607       6.132       0.000       0.000       0.000       0.000       0.000       0.000       0.000       0.000      20.028       2.428      11.228       8.726       2.279       0.594       0.104       0.000       0.000       0.000       0.000
   306    11     2  2025       1       1  hru1                   0.000       0.000       0.000    1839.031       6.140       0.000       0.000       0.000       0.000       0.000       0.000       0.000       0.000      14.178       1.711       7.944       8.726       3.346       0.765       0.106       0.000       0.000       0.000       0.000
   307    11     3  2025       1       1  hru1                   0.000       0.000       0.000    1820.641       6.074       0.000       0.000       0.000       0.000       0.000       0.000       0.000       0.000      18.161      -0.828       8.667       8.726       4.221       0.530       0.109       0.000       0.000       0.000       0.000
   308    11     4  2025       1       1  hru1                   0.000       0.000       0.000    1802.434       6.556       0.000       0.000       0.000       0.000       0.000       0.000       0.000       0.000      15.767       6.250      11.008       8.726       2.318       0.624       0.112       0.000       0.000       0.000       0.000
   309    11     5  2025       1       1  hru1                   0.000       0.000       0.000    1784.410       7.016       0.000       0.000       0.000       0.000       0.000       0.000       0.000       0.000      18.633       5.572      12.103       8.726       3.390       0.532       0.115       0.000       0.000       0.000       0.000
   310    11     6  2025       1       1  hru1                   0.000       0.000       0.000    1766.566       7.044       0.000       0.000       0.000       0.000       0.000       0.000       0.000       0.000      13.189       3.867       8.528       8.726       2.839       0.707       0.117       0.000       0.000       0.000       0.000
   311    11     7  2025       1       1  hru1                   0.000       0.000       0.000    1748.900       7.013       0.000       0.000       0.000       0.000       0.000       0.000       0.000       0.000      13.967       2.928       8.447       8.726       2.525       0.345       0.120       0.000       0.000       0.000       0.000
   312    11     8  2025       1       1  hru1                   0.000       0.000       0.000    1731.411       6.434       0.000       0.000       0.000       0.000       0.000       0.000       0.000       0.000      11.978      -2.378       4.800       8.726       3.227       0.512       0.121       0.000       0.000       0.000       0.000
   313    11     9  2025       1       1  hru1                   0.000       0.000       0.000    1714.097       6.040       0.000       0.000       0.000       0.000       0.000       0.000       0.000       0.000      14.544      -2.417       6.064       8.726       2.809       0.642       0.122       0.000       0.000       0.000       0.000
   314    11    10  2025       1       1  hru1                   0.000       0.000       0.000    1696.956       5.951       0.000       0.000       0.000       0.000       0.000       0.000       0.000       0.000      18.000      -1.189       8.406       8.726       2.073       0.467       0.125       0.000       0.000       0.000       0.000
   315    11    11  2025       1       1  hru1                   0.000       0.000       0.000    1679.986       5.961       0.000       0.000       0.000       0.000       0.000       0.000       0.000       0.000      17.378       0.022       8.700       8.726       1.875       0.646       0.127       0.000       0.000       0.000       0.000
   316    11    12  2025       1       1  hru1                   0.000       0.000       0.000    1663.187       6.132       0.000       0.000       0.000       0.000       0.000       0.000       0.000       0.000      16.089       2.389       9.239       8.726       2.194       0.558       0.130       0.000       0.000       0.000       0.000
   317    11    13  2025       1       1  hru1                   0.000       0.000       0.000    1646.555       6.379       0.000       0.000       0.000       0.000       0.000       0.000       0.000       0.000      22.333       0.800      11.567       8.726       3.038       0.725       0.133       0.000       0.000       0.000       0.000
   318    11    14  2025       1       1  hru1                   0.000       0.000       0.000    1630.089       6.870       0.000       0.000       0.000       0.000       0.000       0.000       0.000       0.000      18.733       5.483      12.108       8.726       2.411       0.791       0.136       0.000       0.000       0.000       0.000
   319    11    15  2025       1       1  hru1                   0.000       0.000       0.000    1613.788       6.885       0.000       0.000       0.000       0.000       0.000       0.000       0.000       0.000      17.022       1.800       9.411       8.726       3.927       0.732       0.138       0.000       0.000       0.000       0.000
   320    11    16  2025       1       1  hru1                   0.000       0.000       0.000    1597.650       7.129       0.000       0.000       0.000       0.000       0.000       0.000       0.000       0.000      17.789       4.017      10.903       8.726       2.461       0.990       0.141       0.000       0.000       0.000       0.000
   321    11    17  2025       1       1  hru1                   0.000       0.000       0.000    1581.674       6.970       0.000       0.000       0.000       0.000       0.000       0.000       0.000       0.000      13.744       1.767       7.756       8.726       3.422       0.779       0.143       0.000       0.000       0.000       0.000
   322    11    18  2025       1       1  hru1                   0.000       0.000       0.000    1565.857       6.679       0.000       0.000       0.000       0.000       0.000       0.000       0.000       0.000      12.644       0.511       6.578       8.726       2.572       0.990       0.145       0.000       0.000       0.000       0.000
   323    11    19  2025       1       1  hru1                   0.000       0.000       0.000    1550.198       6.642       0.000       0.000       0.000       0.000       0.000       0.000       0.000       0.000      10.978       3.539       7.258       8.726       2.711       0.475       0.147       0.000       0.000       0.000       0.000
   324    11    20  2025       1       1  hru1                   0.000       0.000       0.000    1534.697       6.527       0.000       0.000       0.000       0.000       0.000       0.000       0.000       0.000      10.906       2.650       6.778       8.726       3.279       0.729       0.149       0.000       0.000       0.000       0.000
   325    11    21  2025       1       1  hru1                   0.000       0.000       0.000    1519.350       6.090       0.000       0.000       0.000       0.000       0.000       0.000       0.000       0.000      10.872      -1.050       4.911       8.726       1.308       0.377       0.150       0.000       0.000       0.000       0.000
   326    11    22  2025       1       1  hru1                   0.000       0.000       0.000    1504.156       5.480       0.000       0.000       0.000       0.000       0.000       0.000       0.000       0.000      10.067      -3.333       3.367       8.726       3.550       0.569       0.151       0.000       0.000       0.000       0.000
   327    11    23  2025       1       1  hru1                   0.000       0.000       0.000    1489.115       4.843       0.000       0.000       0.000       0.000       0.000       0.000       0.000       0.000      10.983      -5.056       2.964       8.726       3.047       0.562       0.152       0.000       0.000       0.000       0.000
   328    11    24  2025       1       1  hru1                   0.000       0.000       0.000    1474.224       4.627       0.000       0.000       0.000       0.000       0.000       0.000       0.000       0.000       9.361      -0.861       4.250       8.726       2.391       0.705       0.153       0.000       0.000       0.000       0.000
   329    11    25  2025       1       1  hru1                   0.000       0.000       0.000    1459.481       3.847       0.000       0.000       0.000       0.000       0.000       0.000       0.000       0.000       6.528      -6.117       0.206       8.726       1.575       0.490       0.153       0.000       0.000       0.000       0.000
   330    11    26  2025       1       1  hru1                   0.000       0.000       0.000    1444.886       3.714       0.000       0.000       0.000       0.000       0.000       0.000       0.000       0.000      10.994      -2.367       4.314       8.726       1.311       0.324       0.154       0.000       0.000       0.000       0.000
   331    11    27  2025       1       1  hru1                   0.000       0.000       0.000    1430.438       4.015       0.000       0.000       0.000       0.000       0.000       0.000       0.000       0.000      15.272       0.233       7.753       8.726       1.866       0.785       0.156       0.000       0.000       0.000       0.000
   332    11    28  2025       1       1  hru1                   0.000       0.000       0.000    1416.133       3.928       0.000       0.000       0.000       0.000       0.000       0.000       0.000       0.000       9.300      -0.844       4.228       8.726       3.509       0.570       0.158       0.000       0.000       0.000       0.000
   333    11    29  2025       1       1  hru1                   0.000       0.000       0.000    1401.972       3.700       0.000       0.000       0.000       0.000       0.000       0.000       0.000       0.000       5.811      -0.994       2.408       8.726       3.379       0.698       0.158       0.000       0.000       0.000       0.000
   334    11    30  2025       1       1  hru1                   0.000       0.000       0.000    1387.952       3.085       0.000       0.000       0.000       0.000       0.000       0.000       0.000       0.000       1.144      -3.528      -1.192       8.726       1.722       0.990       0.158       0.000       0.000       0.000       0.000
   335    12     1  2025       1       1  hru1                   0.000       0.000       0.000    1374.073       2.159       0.000       0.000       0.000       0.000       0.000       0.000       0.000       0.000       4.467      -7.339      -1.436       6.825       2.364       0.900       0.158       0.000       0.000       0.000       0.000
   336    12     2  2025       1       1  hru1                   0.000       0.000       0.000    1360.332       2.269       0.000       0.000       0.000       0.000       0.000       0.000       0.000       0.000       6.239      -0.261       2.989       6.825       2.300       0.990       0.159       0.000       0.000       0.000       0.000
   337    12     3  2025       1       1  hru1                   0.000       0.000       0.000    1346.729       1.918       0.000       0.000       0.000       0.000       0.000       0.000       0.000       0.000       3.061      -3.606      -0.272       6.825       3.735       0.683       0.159       0.000       0.000       0.000       0.000
   338    12     4  2025       1       1  hru1                   0.000       0.000       0.000    1333.261       1.797       0.000       0.000       0.000       0.000       0.000       0.000       0.000       0.000       5.733      -2.828       1.453       6.825       2.619       0.926       0.159       0.000       0.000       0.000       0.000
   339    12     5  2025       1       1  hru1                   0.000       0.000       0.000    1319.929       2.277       0.000       0.000       0.000       0.000       0.000       0.000       0.000       0.000       8.800       1.972       5.386       6.825       2.591       0.990       0.161       0.000       0.000       0.000       0.000
   340    12     6  2025       1       1  hru1                   0.000       0.000       0.000    1306.729       2.477       0.000       0.000       0.000       0.000       0.000       0.000       0.000       0.000       9.417      -0.306       4.556       6.825       0.709       0.990       0.162       0.000       0.000       0.000       0.000
   341    12     7  2025       1       1  hru1                   0.000       0.000       0.000    1293.662       2.662       0.000       0.000       0.000       0.000       0.000       0.000       0.000       0.000      10.117      -0.389       4.864       6.825       3.574       0.742       0.163       0.000       0.000       0.000       0.000
   342    12     8  2025       1       1  hru1                   0.000       0.000       0.000    1280.725       3.140       0.000       0.000       0.000       0.000       0.000       0.000       0.000       0.000      11.744       2.267       7.006       6.825       2.490       0.648       0.165       0.000       0.000       0.000       0.000
   343    12     9  2025       1       1  hru1                   0.000       0.000       0.000    1267.918       4.097       0.000       0.000       0.000       0.000       0.000       0.000       0.000       0.000      14.711       6.778      10.744       6.825       4.942       0.438       0.168       0.000       0.000       0.000       0.000
   344    12    10  2025       1       1  hru1                   0.000       0.000       0.000    1255.239       4.898       0.000       0.000       0.000       0.000       0.000       0.000       0.000       0.000      16.944       5.917      11.431       6.825       2.039       0.601       0.171       0.000       0.000       0.000       0.000
   345    12    11  2025       1       1  hru1                   0.000       0.000       0.000    1242.687       5.277       0.000       0.000       0.000       0.000       0.000       0.000       0.000       0.000      16.261       3.228       9.744       6.825       3.935       0.886       0.174       0.000       0.000       0.000       0.000
   346    12    12  2025       1       1  hru1                   0.000       0.000       0.000    1230.260       5.149       0.000       0.000       0.000       0.000       0.000       0.000       0.000       0.000      15.428      -0.956       7.236       6.825       3.737       0.706       0.176       0.000       0.000       0.000       0.000
   347    12    13  2025       1       1  hru1                   0.000       0.000       0.000    1217.957       4.903       0.000       0.000       0.000       0.000       0.000       0.000       0.000       0.000      14.750      -2.100       6.325       6.825       2.080       0.852       0.178       0.000       0.000       0.000       0.000
   348    12    14  2025       1       1  hru1                   0.000       0.000       0.000    1205.778       4.389       0.000       0.000       0.000       0.000       0.000       0.000       0.000       0.000      12.417      -4.311       4.053       6.825       1.161       0.903       0.179       0.000       0.000       0.000       0.000
   349    12    15  2025       1       1  hru1                   0.000       0.000       0.000    1193.720       3.842       0.000       0.000       0.000       0.000       0.000       0.000       0.000       0.000      11.744      -5.233       3.256       6.825       2.355       0.737       0.180       0.000       0.000       0.000       0.000
   350    12    16  2025       1       1  hru1                   0.000       0.000       0.000    1181.783       4.379       0.000       0.000       0.000       0.000       0.000       0.000       0.000       0.000      15.639       3.272       9.456       6.825       4.064       0.928       0.182       0.000       0.000       0.000       0.000
   351    12    17  2025       1       1  hru1                   0.000       0.000       0.000    1169.965       4.463       0.000       0.000       0.000       0.000       0.000       0.000       0.000       0.000      15.161      -0.189       7.486       6.825       4.844       0.899       0.184       0.000       0.000       0.000       0.000
   352    12    18  2025       1       1  hru1                   0.000       0.000       0.000    1158.265       3.703       0.000       0.000       0.000       0.000       0.000       0.000       0.000       0.000       2.117      -3.600      -0.742       6.825       1.605       0.845       0.184       0.000       0.000       0.000       0.000
   353    12    19  2025       1       1  hru1                   0.000       0.000       0.000    1146.682       3.763       0.000       0.000       0.000       0.000       0.000       0.000       0.000       0.000      12.694       0.800       6.747       6.825       1.066       0.990       0.186       0.000       0.000       0.000       0.000
   354    12    20  2025       1       1  hru1                   0.000       0.000       0.000    1135.216       3.643       0.000       0.000       0.000       0.000       0.000       0.000       0.000       0.000       7.594      -0.361       3.617       6.825       3.170       0.791       0.187       0.000       0.000       0.000       0.000
   355    12    21  2025       1       1  hru1                   0.000       0.000       0.000    1123.863       3.931       0.000       0.000       0.000       0.000       0.000       0.000       0.000       0.000      11.211       2.139       6.675       6.825       3.364       0.916       0.189       0.000       0.000       0.000       0.000
   356    12    22  2025       1       1  hru1                   0.000       0.000       0.000    1112.625       4.705       0.000       0.000       0.000       0.000       0.000       0.000       0.000       0.000      12.100       7.056       9.578       6.825       4.217       0.666       0.191       0.000       0.000       0.000       0.000
   357    12    23  2025       1       1  hru1                   0.000       0.000       0.000    1101.499       5.178       0.000       0.000       0.000       0.000       0.000       0.000       0.000       0.000      15.233       4.189       9.711       6.825       3.252       0.754       0.194       0.000       0.000       0.000       0.000
   358    12    24  2025       1       1  hru1                   0.000       0.000       0.000    1090.484       5.892       0.000       0.000       0.000       0.000       0.000       0.000       0.000       0.000      15.244       7.300      11.272       6.825       3.343       0.963       0.197       0.000       0.000       0.000       0.000
   359    12    25  2025       1       1  hru1                   0.000       0.000       0.000    1079.579       6.072       0.000       0.000       0.000       0.000       0.000       0.000       0.000       0.000      13.772       3.783       8.778       6.825       2.610       0.709       0.199       0.000       0.000       0.000       0.000
   360    12    26  2025       1       1  hru1                   0.000       0.000       0.000    1068.783       5.802       0.000       0.000       0.000       0.000       0.000       0.000       0.000       0.000       8.717       1.550       5.133       6.825       2.603       0.956       0.201       0.000       0.000       0.000       0.000
   361    12    27  2025       1       1  hru1                   0.000       0.000       0.000    1058.095       5.037       0.000       0.000       0.000       0.000       0.000       0.000       0.000       0.000       4.839      -2.256       1.292       6.825       3.524       0.784       0.201       0.000       0.000       0.000       0.000
   362    12    28  2025       1       1  hru1                   0.000       0.000       0.000    1047.514       3.757       0.000       0.000       0.000       0.000       0.000       0.000       0.000       0.000       0.622      -6.933      -3.156       6.825       3.060       0.858       0.201       0.000       0.000       0.000       0.000
   363    12    29  2025       1       1  hru1                   0.000       0.000       0.000    1037.039       2.633       0.000       0.000       0.000       0.000       0.000       0.000       0.000       0.000       2.656      -8.211      -2.778       6.825       2.301       0.641       0.201       0.000       0.000       0.000       0.000
   364    12    30  2025       1       1  hru1                   0.000       0.000       0.000    1026.669       1.975       0.000       0.000       0.000       0.000       0.000       0.000       0.000       0.000       4.939      -6.339      -0.700       6.825       4.424       0.744       0.201       0.000       0.000       0.000       0.000
   365    12    31  2025       1       1  hru1                   0.000       0.000       0.000    1016.402       1.738       0.000       0.000       0.000       0.000       0.000       0.000       0.000       0.000       7.506      -4.278       1.614       6.825       2.027       0.638       0.201       0.000       0.000       0.000       0.000
