 a10_single_hru            SWAT+ Jun 13 2023       MODULAR Rev 2023.60.5.7                                
         hru        year         mon         day crop/fert/pest operation  phubase        phuplant  soil_water      plant_bioms   surf_rsd       soil_no3      soil_solp         op_var           var1          var2             var3             var4            var5            var6           var7 
         ---         ---         ---         ---       ---         ---       deg_c           deg_c          mm            kg/ha      kg/ha          kg/ha          kg/ha          ---              ---           ---              ---              ---             ---             ---            ---
           1        2018           1           1         IRRIGATE  0.0000000E+00  0.0000000E+00   21.68207      0.0000000E+00  0.0000000E+00   78.28455       55.91753       7.735001    
           1        2018           1           2         IRRIGATE  0.0000000E+00  0.0000000E+00   29.35534      0.0000000E+00  9.8418673E-07   78.29608       57.04166       7.735001    
           1        2018           1           3         IRRIGATE  0.0000000E+00  0.0000000E+00   31.34605      0.0000000E+00  9.8418673E-07   78.30125       57.16914       7.735001    
           1        2018           1           4         IRRIGATE  0.0000000E+00  0.0000000E+00   31.21678      0.0000000E+00  9.8418673E-07   78.30577       57.19497       7.735001    
           1        2018           1           5         IRRIGATE  0.0000000E+00  0.0000000E+00   31.11032      0.0000000E+00  9.8418673E-07   78.31030       57.21083       7.735001    
           1        2018           1           6         IRRIGATE  0.0000000E+00  0.0000000E+00   31.11032      0.0000000E+00  9.8418673E-07   78.31534       57.22270       7.735001    
           1        2018           1           7         IRRIGATE  5.8174436E-04  0.0000000E+00   31.11032      0.0000000E+00  9.8418673E-07   78.32103       57.23278       7.735001    
           1        2018           1           8         IRRIGATE  1.2584515E-03  0.0000000E+00   31.11032      0.0000000E+00  9.8418673E-07   78.32732       57.24554       7.735001    
           1        2018           1           9         IRRIGATE  2.0129243E-03  0.0000000E+00   31.11032      0.0000000E+00  9.8418673E-07   78.33415       57.25928       7.735001    
           1        2018           1          10         IRRIGATE  3.4448537E-03  0.0000000E+00   72.79207      0.0000000E+00  9.8418775E-07   78.34739       57.27972       7.735001    
           1        2018           1          11         IRRIGATE  4.3473798E-03  0.0000000E+00   81.30759      0.0000000E+00  9.8418650E-07   78.36121       57.29500       7.735001    
           1        2018           1          12         IRRIGATE  5.6701377E-03  0.0000000E+00   89.08659      0.0000000E+00  9.8418366E-07   78.37553       57.31097       7.735001    
           1        2018           1          13         IRRIGATE  6.9540143E-03  0.0000000E+00   96.87593      0.0000000E+00  9.8418082E-07   78.39024       57.32778       7.735001    
           1        2018           1          14         IRRIGATE  8.2378909E-03  0.0000000E+00   104.1946      0.0000000E+00  9.8417877E-07   78.40523       57.34455       7.735001    
           1        2018           1          15         IRRIGATE  8.8914195E-03  0.0000000E+00   111.0332      0.0000000E+00  9.8418036E-07   78.42044       57.36116       7.735001    
           1        2018           1          16         IRRIGATE  9.7131906E-03  0.0000000E+00   117.9284      0.0000000E+00  9.8418070E-07   78.43589       57.37761       7.735001    
           1        2018           1          17         IRRIGATE  1.0371205E-02  0.0000000E+00   124.5027      0.0000000E+00  9.8418138E-07   78.45155       57.39398       7.735001    
           1        2018           1          18         IRRIGATE  1.0947716E-02  0.0000000E+00   131.9122      0.0000000E+00  9.8418286E-07   78.46745       57.41024       7.735001    
           1        2018           1          19         IRRIGATE  1.2611446E-02  0.0000000E+00   138.9389      0.0000000E+00  9.8417877E-07   78.48354       57.42653       7.735001    
           1        2018           1          20         IRRIGATE  1.3084020E-02  0.0000000E+00   153.5928      0.0000000E+00  9.8418025E-07   78.50005       57.44276       7.735001    
           1        2018           1          21         IRRIGATE  1.3084020E-02  0.0000000E+00   160.8249      0.0000000E+00  9.8418491E-07   78.51669       57.45910       7.735001    
           1        2018           1          22         IRRIGATE  1.3115426E-02  0.0000000E+00   167.3955      0.0000000E+00  9.8418730E-07   78.53340       57.47523       7.735001    
           1        2018           1          23         IRRIGATE  1.3430974E-02  0.0000000E+00   177.0414      0.0000000E+00  9.8418764E-07   78.55039       57.49125       7.735001    
           1        2018           1          24         IRRIGATE  1.3430974E-02  0.0000000E+00   179.0565      0.0000000E+00  9.8418764E-07   78.56720       57.50579       7.735001    
           1        2018           1          25         IRRIGATE  1.4009728E-02  0.0000000E+00   178.7048      0.0000000E+00  9.8418764E-07   78.58385       57.51260       7.735001    
           1        2018           1          26         IRRIGATE  1.4874868E-02  0.0000000E+00   178.2039      0.0000000E+00  9.8418764E-07   78.60034       57.52671       7.735001    
           1        2018           1          27         IRRIGATE  1.5148542E-02  0.0000000E+00   177.6660      0.0000000E+00  9.8418764E-07   78.61665       57.54168       7.735001    
           1        2018           1          28         IRRIGATE  1.5639810E-02  0.0000000E+00   185.4195      0.0000000E+00  9.8418843E-07   78.63376       57.55884       7.735001    
           1        2018           1          29         IRRIGATE  1.7447853E-02  0.0000000E+00   192.4174      0.0000000E+00  9.8418434E-07   78.65103       57.57543       7.735001    
           1        2018           1          30         IRRIGATE  1.8815476E-02  0.0000000E+00   199.3760      0.0000000E+00  9.8418150E-07   78.66844       57.59254       7.735001    
           1        2018           1          31         IRRIGATE  2.1109555E-02  0.0000000E+00   205.9238      0.0000000E+00  9.8417343E-07   78.68598       57.60954       7.735001    
           1        2018           2           1         IRRIGATE  2.1893192E-02  0.0000000E+00   213.0222      0.0000000E+00  9.8417445E-07   78.70367       57.62632       7.735001    
           1        2018           2           2         IRRIGATE  2.3017799E-02  0.0000000E+00   219.9281      0.0000000E+00  9.8417274E-07   78.72147       57.64301       7.735001    
           1        2018           2           3         IRRIGATE  2.5133166E-02  0.0000000E+00   225.8472      0.0000000E+00  9.8416194E-07   78.73935       57.65957       7.735001    
           1        2018           2           4         IRRIGATE  2.7665775E-02  0.0000000E+00   231.6301      0.0000000E+00  9.8413909E-07   78.75737       57.67589       7.735001    
           1        2018           2           5         IRRIGATE  3.0416725E-02  0.0000000E+00   238.3177      0.0000000E+00  9.8410533E-07   78.77558       57.69210       7.735001    
           1        2018           2           6         IRRIGATE  3.2185886E-02  0.0000000E+00   244.6952      0.0000000E+00  9.8410362E-07   78.79389       57.70840       7.735001    
           1        2018           2           7         IRRIGATE  3.3400223E-02  0.0000000E+00   251.5477      0.0000000E+00  9.8411806E-07   78.81229       57.72460       7.735001    
           1        2018           2           8         IRRIGATE  3.5229202E-02  0.0000000E+00   257.3474      0.0000000E+00  9.8411647E-07   78.83076       57.74080       7.735001    
           1        2018           2           9         IRRIGATE  3.7558425E-02  0.0000000E+00   263.6688      0.0000000E+00  9.8410476E-07   78.84934       57.75680       7.735001    
           1        2018           2          10         IRRIGATE  3.9255057E-02  0.0000000E+00   270.0015      0.0000000E+00  9.8410601E-07   78.86802       57.77285       7.735001    
           1        2018           2          11         IRRIGATE  3.9576586E-02  0.0000000E+00   276.8168      0.0000000E+00  9.8414057E-07   78.88673       57.78887       7.735001    
           1        2018           2          25         IRRIGATE  4.1865434E-02  0.0000000E+00   278.3049      0.0000000E+00  9.8417729E-07   79.05973       57.99617       7.735001    
           1        2018           2          28         IRRIGATE  4.1865434E-02  0.0000000E+00   278.3229      0.0000000E+00  9.8417729E-07   79.08868       58.04174       7.735001    
           1        2018           3           2         IRRIGATE  4.2412035E-02  0.0000000E+00   276.7723      0.0000000E+00  9.8417729E-07   79.10783       58.07169       7.735001    
           1        2018           3           3         IRRIGATE  4.3343727E-02  0.0000000E+00   277.2270      0.0000000E+00  9.8417729E-07   79.11713       58.08475       7.735001    
           1        2018           3           4         IRRIGATE  4.3343727E-02  0.0000000E+00   277.2022      0.0000000E+00  9.8417729E-07   79.12650       58.09916       7.735001    
           1        2018           3           5         IRRIGATE  4.3343727E-02  0.0000000E+00   276.3343      0.0000000E+00  9.8417729E-07   79.13585       58.11348       7.735001    
           1        2018           3           6         IRRIGATE  4.3583751E-02  0.0000000E+00   275.1785      0.0000000E+00  9.8417729E-07   79.14520       58.12857       7.735001    
           1        2018           3           7         IRRIGATE  4.3583751E-02  0.0000000E+00   273.9697      0.0000000E+00  9.8417729E-07   79.15453       58.14330       7.735001    
           1        2018           3           8         IRRIGATE  4.3754235E-02  0.0000000E+00   272.9765      0.0000000E+00  9.8417729E-07   79.16385       58.15793       7.735001    
           1        2018           3           9         IRRIGATE  4.4976797E-02  0.0000000E+00   271.8040      0.0000000E+00  9.8417729E-07   79.17806       58.17298       7.735001    
           1        2018           3          10         IRRIGATE  4.6745211E-02  0.0000000E+00   277.7459      0.0000000E+00  9.8418388E-07   79.19313       58.18992       7.735001    
           1        2018           3          14         IRRIGATE  5.4424543E-02  0.0000000E+00   277.1285      0.0000000E+00  9.8872556E-07   79.25316       58.25253       7.735001    
           1        2018           4           1         IRRIGATE  8.2194984E-02  0.0000000E+00   276.9673      0.0000000E+00  9.8999999E-07   79.38981       58.53130       7.735001    
           1        2018           4           4         IRRIGATE  8.6077265E-02  0.0000000E+00   278.0903      0.0000000E+00  9.8870896E-07   79.42189       58.57780       7.735001    
           1        2018           4          10         IRRIGATE  0.1012041      0.0000000E+00   277.1225      0.0000000E+00  9.8725900E-07   79.49494       58.67087       7.735001    
           1        2018           4          12         IRRIGATE  0.1074351      0.0000000E+00   275.1828      0.0000000E+00  9.8827763E-07   79.52210       58.70193       7.735001    
           1        2018           4          14         IRRIGATE  0.1108852      0.0000000E+00   275.6702      0.0000000E+00  9.8846840E-07   79.55077       58.73298       7.735001    
           1        2018           4          16         IRRIGATE  0.1166682      0.0000000E+00   274.8427      0.0000000E+00  9.8830333E-07   79.58106       58.76405       7.735001    
           1        2018           4          19         IRRIGATE  0.1217155      0.0000000E+00   276.0941      0.0000000E+00  9.8999999E-07   79.62772       58.81059       7.735001    
           1        2018           4          21         IRRIGATE  0.1272967      0.0000000E+00   274.4928      0.0000000E+00  9.8840883E-07   79.66070       58.84166       7.735001    
           1        2018           4          22         IRRIGATE  0.1307976      0.0000000E+00   277.2237      0.0000000E+00  9.8341980E-07   79.67822       58.85721       7.735001    
           1        2018           4          24         IRRIGATE  0.1360565      0.0000000E+00   274.4341      0.0000000E+00  9.8823182E-07   79.71336       58.88828       7.735001    
           1        2018           4          25         IRRIGATE  0.1390512      0.0000000E+00   276.7127      0.0000000E+00  9.8329872E-07   79.73174       58.90384       7.735001    
           1        2018           4          26         IRRIGATE  0.1420795      0.0000000E+00   278.6034      0.0000000E+00  9.8318185E-07   79.75023       58.91938       7.735001    
           1        2018           4          28         IRRIGATE  0.1505021      0.0000000E+00   275.4468      0.0000000E+00  9.8722001E-07   79.78702       58.95047       7.735001    
           1        2018           4          29         IRRIGATE  0.1542364      0.0000000E+00   277.9266      0.0000000E+00  9.8174235E-07   79.80624       58.96606       7.735001    
           1        2018           5           1         IRRIGATE  0.1588664      0.0000000E+00   275.9704      0.0000000E+00  9.8777923E-07   79.84210       58.99709       7.735001    
           1        2018           5           3         IRRIGATE  0.1631742      0.0000000E+00   276.7401      0.0000000E+00  9.8801468E-07   79.87775       59.02811       7.735001    
           1        2018           5           4         IRRIGATE  0.1666661      0.0000000E+00   278.6350      0.0000000E+00  9.8274552E-07   79.89616       59.04365       7.735001    
           1        2018           5           6         IRRIGATE  0.1752510      0.0000000E+00   275.0504      0.0000000E+00  9.8646444E-07   79.93328       59.07474       7.735001    
           1        2018           5           7         IRRIGATE  0.1811933      0.0000000E+00   276.1812      0.0000000E+00  9.7806969E-07   79.95406       59.09040       7.735001    
           1        2018           5           8         IRRIGATE  0.1857598      0.0000000E+00   275.7445      0.0000000E+00  9.7717930E-07   79.97517       59.10605       7.735001    
           1        2018           5           9         IRRIGATE  0.1901632      0.0000000E+00   277.4402      0.0000000E+00  9.7640577E-07   79.99664       59.12172       7.735001    
           1        2018           5          10         IRRIGATE  0.1955402      0.0000000E+00   276.3745      0.0000000E+00  9.7432201E-07   80.01887       59.13742       7.735001    
           1        2018           5          11         IRRIGATE  0.1998046      0.0000000E+00   277.4786      0.0000000E+00  9.7468046E-07   80.04099       59.15311       7.735001    
           1        2018           5          18         IRRIGATE  0.2226833      0.0000000E+00   278.5893      0.0000000E+00  9.8401620E-07   80.12690       59.26113       7.735001    
           1        2018           5          20         IRRIGATE  0.2306872      0.0000000E+00   272.2483      0.0000000E+00  9.8502744E-07   80.15390       59.29213       7.735001    
           1        2018           5          24         IRRIGATE  0.2479369      0.0000000E+00   274.1090      0.0000000E+00  9.8429575E-07   80.21912       59.35430       7.735001    
           1        2018           5          25         IRRIGATE  0.2529056      0.0000000E+00   275.5005      0.0000000E+00  9.7541670E-07   80.23801       59.36994       7.735001    
           1        2018           5          26         IRRIGATE  0.2583373      0.0000000E+00   275.0929      0.0000000E+00  9.7308009E-07   80.25867       59.38562       7.735001    
           1        2018           5          27         IRRIGATE  0.2623915      0.0000000E+00   275.7184      0.0000000E+00  9.7418308E-07   80.27944       59.40125       7.735001    
           1        2018           5          29         IRRIGATE  0.2704709      0.0000000E+00   275.0861      0.0000000E+00  9.8256510E-07   80.31975       59.43242       7.735001    
           1        2018           5          30         IRRIGATE  0.2755525      0.0000000E+00   274.2963      0.0000000E+00  9.7400539E-07   80.34171       59.44809       7.735001    
           1        2018           6           1 csil                                        PLANT_ALREADY_GROWING  0.2870401      0.0000000E+00   292.5212      0.0000000E+00  9.7592886E-07   80.37241       59.47885      0.0000000E+00   4.000000    
           1        2018           6           5         IRRIGATE  0.3015725      0.0000000E+00   272.5315      0.0000000E+00  9.8902319E-07   80.41306       59.54076       7.735001    
           1        2018           6           6         IRRIGATE  0.3066766      0.0000000E+00   271.7426      0.0000000E+00  9.7017994E-07   80.43149       59.55647       7.735001    
           1        2018           6           7         IRRIGATE  0.3119130      0.0000000E+00   274.9298      0.0000000E+00  9.6859515E-07   80.45150       59.57218       7.735001    
           1        2018           6           8         IRRIGATE  0.3171974      0.0000000E+00   278.2204      0.0000000E+00  9.6740689E-07   80.47238       59.58789       7.735001    
           1        2018           6           9         IRRIGATE  0.3223217      0.0000000E+00   278.5861      0.0000000E+00  9.6660835E-07   80.49407       59.60363       7.735001    
           1        2018           6          10         IRRIGATE  0.3274945      0.0000000E+00   277.2123      0.0000000E+00  9.6623046E-07   80.51649       59.61939       7.735001    
           1        2018           6          12         IRRIGATE  0.3338264      0.0000000E+00   273.0708      0.0000000E+00  9.8110058E-07   80.55653       59.65054       7.735001    
           1        2018           6          13         IRRIGATE  0.3377349      0.0000000E+00   274.7299      0.0000000E+00  9.7361590E-07   80.57746       59.66615       7.735001    
           1        2018           6          14         IRRIGATE  0.3430394      0.0000000E+00   275.2432      0.0000000E+00  9.7085126E-07   80.59996       59.68182       7.735001    
           1        2018           6          15         IRRIGATE  0.3480253      0.0000000E+00   276.9010      0.0000000E+00  9.7046939E-07   80.62267       59.69747       7.735001    
           1        2018           6          16         IRRIGATE  0.3526023      0.0000000E+00   277.9072      0.0000000E+00  9.7099098E-07   80.64521       59.71310       7.735001    
           1        2018           6          21         IRRIGATE  0.3731570      0.0000000E+00   275.8795      0.0000000E+00  9.8609667E-07   80.72531       59.79042       7.735001    
           1        2018           6          22         IRRIGATE  0.3784712      0.0000000E+00   276.2523      0.0000000E+00  9.7183977E-07   80.74390       59.80602       7.735001    
           1        2018           6          23         IRRIGATE  0.3839282      0.0000000E+00   275.6804      0.0000000E+00  9.6976748E-07   80.76447       59.82166       7.735001    
           1        2018           6          24         IRRIGATE  0.3889486      0.0000000E+00   276.9754      0.0000000E+00  9.6942279E-07   80.78574       59.83729       7.735001    
           1        2018           6          25         IRRIGATE  0.3938381      0.0000000E+00   278.1437      0.0000000E+00  9.6893348E-07   80.80744       59.85292       7.735001    
           1        2018           6          26         IRRIGATE  0.3994566      0.0000000E+00   277.1302      0.0000000E+00  9.6652821E-07   80.83046       59.86862       7.735001    
           1        2018           6          27         IRRIGATE  0.4051118      0.0000000E+00   277.3441      0.0000000E+00  9.6536132E-07   80.85424       59.88435       7.735001    
           1        2018           6          28         IRRIGATE  0.4108500      0.0000000E+00   276.7123      0.0000000E+00  9.6331541E-07   80.87924       59.90014       7.735001    
           1        2018           6          29         IRRIGATE  0.4162442      0.0000000E+00   276.9440      0.0000000E+00  9.6338158E-07   80.90442       59.91590       7.735001    
           1        2018           6          30         IRRIGATE  0.4208593      0.0000000E+00   277.2687      0.0000000E+00  9.6504857E-07   80.92889       59.93161       7.735001    
           1        2018           7           1         IRRIGATE  0.4253525      0.0000000E+00   277.2171      0.0000000E+00  9.6629583E-07   80.95286       59.94729       7.735001    
           1        2018           7           3         IRRIGATE  0.4352803      0.0000000E+00   271.9459      0.0000000E+00  9.7614384E-07   81.00069       59.97864       7.735001    
           1        2018           7           4         IRRIGATE  0.4393107      0.0000000E+00   274.0614      0.0000000E+00  9.6861584E-07   81.02486       59.99429       7.735001    
           1        2018           7           5         IRRIGATE  0.4441060      0.0000000E+00   275.0579      0.0000000E+00  9.6772351E-07   81.04961       60.00995       7.735001    
           1        2018           7           6         IRRIGATE  0.4505291      0.0000000E+00   273.3246      0.0000000E+00  9.6371343E-07   81.07651       60.02574       7.735001    
           1        2018           7           7         IRRIGATE  0.4569193      0.0000000E+00   271.2072      0.0000000E+00  9.6129008E-07   81.10468       60.04157       7.735001    
           1        2018           7           8         IRRIGATE  0.4632646      0.0000000E+00   270.2862      0.0000000E+00  9.5950122E-07   81.13383       60.05745       7.735001    
           1        2018           7           9         IRRIGATE  0.4702299      0.0000000E+00   269.5042      0.0000000E+00  9.5723703E-07   81.16441       60.07340       7.735001    
           1        2018           7          10         IRRIGATE  0.4772063      0.0000000E+00   265.9149      0.0000000E+00  9.5564712E-07   81.19602       60.08941       7.735001    
           1        2018           7          11         IRRIGATE  0.4834993      0.0000000E+00   264.7399      0.0000000E+00  9.5567407E-07   81.22761       60.10540       7.735001    
           1        2018           7          12         IRRIGATE  0.4893459      0.0000000E+00   263.7689      0.0000000E+00  9.5605287E-07   81.25889       60.12137       7.735001    
           1        2018           7          13         IRRIGATE  0.4955118      0.0000000E+00   263.0223      0.0000000E+00  9.5597477E-07   81.29024       60.13734       7.735001    
           1        2018           7          14         IRRIGATE  0.5015708      0.0000000E+00   263.3122      0.0000000E+00  9.5581868E-07   81.32175       60.15332       7.735001    
           1        2018           7          15         IRRIGATE  0.5080665      0.0000000E+00   263.3983      0.0000000E+00  9.5518180E-07   81.35383       60.16933       7.735001    
           1        2018           7          16         IRRIGATE  0.5148111      0.0000000E+00   262.7382      0.0000000E+00  9.5451344E-07   81.38650       60.18538       7.735001    
           1        2018           7          17         IRRIGATE  0.5215445      0.0000000E+00   263.2780      0.0000000E+00  9.5418318E-07   81.41954       60.20143       7.735001    
           1        2018           7          18         IRRIGATE  0.5277927      0.0000000E+00   262.6727      0.0000000E+00  9.5431869E-07   81.45242       60.21747       7.735001    
           1        2018           7          19         IRRIGATE  0.5340977      0.0000000E+00   261.6515      0.0000000E+00  9.5419568E-07   81.48537       60.23351       7.735001    
           1        2018           7          20         IRRIGATE  0.5402875      0.0000000E+00   261.7759      0.0000000E+00  9.5426049E-07   81.51827       60.24955       7.735001    
           1        2018           7          21         IRRIGATE  0.5466523      0.0000000E+00   261.8028      0.0000000E+00  9.5413918E-07   81.55132       60.26559       7.735001    
           1        2018           7          22         IRRIGATE  0.5534635      0.0000000E+00   262.8332      0.0000000E+00  9.5383371E-07   81.58473       60.28165       7.735001    
           1        2018           7          23         IRRIGATE  0.5595711      0.0000000E+00   264.4575      0.0000000E+00  9.5417215E-07   81.61790       60.29769       7.735001    
           1        2018           7          24         IRRIGATE  0.5659740      0.0000000E+00   262.7594      0.0000000E+00  9.5402208E-07   81.65110       60.31373       7.735001    
           1        2018           7          25         IRRIGATE  0.5726177      0.0000000E+00   262.0413      0.0000000E+00  9.5376163E-07   81.68453       60.32977       7.735001    
           1        2018           7          26         IRRIGATE  0.5796861      0.0000000E+00   260.1837      0.0000000E+00  9.5331052E-07   81.71839       60.34585       7.735001    
           1        2018           7          27         IRRIGATE  0.5862266      0.0000000E+00   260.5282      0.0000000E+00  9.5329034E-07   81.75231       60.36192       7.735001    
           1        2018           7          28         IRRIGATE  0.5926318      0.0000000E+00   261.0265      0.0000000E+00  9.5339755E-07   81.78613       60.37797       7.735001    
           1        2018           7          29         IRRIGATE  0.5988486      0.0000000E+00   260.4261      0.0000000E+00  9.5362526E-07   81.81965       60.39401       7.735001    
           1        2018           7          30         IRRIGATE  0.6048462      0.0000000E+00   260.4371      0.0000000E+00  9.5390658E-07   81.85287       60.41002       7.735001    
           1        2018           7          31         IRRIGATE  0.6108775      0.0000000E+00   257.7364      0.0000000E+00  9.5412702E-07   81.88570       60.42601       7.735001    
           1        2018           8           1         IRRIGATE  0.6171504      0.0000000E+00   257.0135      0.0000000E+00  9.5412997E-07   81.91853       60.44200       7.735001    
           1        2018           8           2         IRRIGATE  0.6239212      0.0000000E+00   257.9899      0.0000000E+00  9.5407313E-07   81.95149       60.45799       7.735001    
           1        2018           8           3         IRRIGATE  0.6302890      0.0000000E+00   257.6762      0.0000000E+00  9.5444068E-07   81.98407       60.47396       7.735001    
           1        2018           8           4         IRRIGATE  0.6356691      0.0000000E+00   258.3222      0.0000000E+00  9.5589360E-07   82.01542       60.48984       7.735001    
           1        2018           8           5         IRRIGATE  0.6407216      0.0000000E+00   260.7621      0.0000000E+00  9.5764835E-07   82.04562       60.50565       7.735001    
           1        2018           8           6         IRRIGATE  0.6461382      0.0000000E+00   259.8641      0.0000000E+00  9.5880819E-07   82.07504       60.52142       7.735001    
           1        2018           8           7         IRRIGATE  0.6513836      0.0000000E+00   261.9628      0.0000000E+00  9.5996313E-07   82.10387       60.53716       7.735001    
           1        2018           8           8         IRRIGATE  0.6572003      0.0000000E+00   263.4564      0.0000000E+00  9.5991004E-07   82.13278       60.55289       7.735001    
           1        2018           8           9         IRRIGATE  0.6632944      0.0000000E+00   264.1347      0.0000000E+00  9.5931568E-07   82.16205       60.56866       7.735001    
           1        2018           8          10         IRRIGATE  0.6697437      0.0000000E+00   264.2460      0.0000000E+00  9.5818518E-07   82.19201       60.58447       7.735001    
           1        2018           8          11         IRRIGATE  0.6763343      0.0000000E+00   265.2158      0.0000000E+00  9.5714074E-07   82.22269       60.60031       7.735001    
           1        2018           8          12         IRRIGATE  0.6828225      0.0000000E+00   262.8590      0.0000000E+00  9.5660107E-07   82.25362       60.61615       7.735001    
           1        2018           8          13         IRRIGATE  0.6888575      0.0000000E+00   263.7935      0.0000000E+00  9.5708890E-07   82.28424       60.63197       7.735001    
           1        2018           8          14         IRRIGATE  0.6943392      0.0000000E+00   266.4580      0.0000000E+00  9.5814460E-07   82.31425       60.64775       7.735001    
           1        2018           8          15         IRRIGATE  0.6999682      0.0000000E+00   267.0583      0.0000000E+00  9.5871633E-07   82.34390       60.66351       7.735001    
           1        2018           8          16         IRRIGATE  0.7059509      0.0000000E+00   266.9014      0.0000000E+00  9.5855580E-07   82.37363       60.67928       7.735001    
           1        2018           8          17         IRRIGATE  0.7119710      0.0000000E+00   266.9476      0.0000000E+00  9.5860560E-07   82.40333       60.69503       7.735001    
           1        2018           8          18         IRRIGATE  0.7178512      0.0000000E+00   268.3131      0.0000000E+00  9.5879568E-07   82.43294       60.71078       7.735001    
           1        2018           8          19         IRRIGATE  0.7231707      0.0000000E+00   270.0979      0.0000000E+00  9.5992561E-07   82.46191       60.72649       7.735001    
           1        2018           8          20         IRRIGATE  0.7286614      0.0000000E+00   269.3893      0.0000000E+00  9.6042231E-07   82.49055       60.74217       7.735001    
           1        2018           8          21         IRRIGATE  0.7342313      0.0000000E+00   272.5431      0.0000000E+00  9.6100337E-07   82.51894       60.75784       7.735001    
           1        2018           8          22         IRRIGATE  0.7390206      0.0000000E+00   274.4357      0.0000000E+00  9.6297310E-07   82.54636       60.77344       7.735001    
           1        2018           8          23         IRRIGATE  0.7441868      0.0000000E+00   274.2153      0.0000000E+00  9.6384315E-07   82.57333       60.78901       7.735001    
           1        2018           8          24         IRRIGATE  0.7490650      0.0000000E+00   274.3339      0.0000000E+00  9.6493932E-07   82.59980       60.80455       7.735001    
           1        2018           8          25         IRRIGATE  0.7539089      0.0000000E+00   276.3920      0.0000000E+00  9.6602253E-07   82.62582       60.82007       7.735001    
           1        2018           8          26         IRRIGATE  0.7584350      0.0000000E+00   277.3318      0.0000000E+00  9.6748977E-07   82.65120       60.83554       7.735001    
           1        2018           8          28         IRRIGATE  0.7669817      0.0000000E+00   272.3653      0.0000000E+00  9.7969667E-07   82.69969       60.86634       7.735001    
           1        2018           8          29         IRRIGATE  0.7706225      0.0000000E+00   275.9203      0.0000000E+00  9.7340330E-07   82.72263       60.88167       7.735001    
           1        2018           8          30         IRRIGATE  0.7750319      0.0000000E+00   278.6160      0.0000000E+00  9.7343593E-07   82.74564       60.89700       7.735001    
           1        2018           8          31         IRRIGATE  0.7799087      0.0000000E+00   278.4721      0.0000000E+00  9.7264251E-07   82.76895       60.91235       7.735001    
           1        2018           9           2         IRRIGATE  0.7893333      0.0000000E+00   273.3618      0.0000000E+00  9.8100872E-07   82.81358       60.94297       7.735001    
           1        2018           9           3         IRRIGATE  0.7938265      0.0000000E+00   275.6014      0.0000000E+00  9.7408986E-07   82.83618       60.95829       7.735001    
           1        2018           9           4         IRRIGATE  0.7986546      0.0000000E+00   277.8341      0.0000000E+00  9.7418013E-07   82.85883       60.97359       7.735001    
           1        2018           9           6         IRRIGATE  0.8091096      0.0000000E+00   272.6467      0.0000000E+00  9.8078442E-07   82.90367       61.00418       7.735001    
           1        2018           9           7         IRRIGATE  0.8149248      0.0000000E+00   275.3750      0.0000000E+00  9.7130942E-07   82.92736       61.01955       7.735001    
           1        2018           9           8         IRRIGATE  0.8207549      0.0000000E+00   275.6300      0.0000000E+00  9.6995984E-07   82.95159       61.03493       7.735001    
           1        2018           9           9         IRRIGATE  0.8260953      0.0000000E+00   277.7571      0.0000000E+00  9.6984161E-07   82.97594       61.05031       7.735001    
           1        2018           9          11         IRRIGATE  0.8355550      0.0000000E+00   274.6607      0.0000000E+00  9.8013015E-07   83.02216       61.08095       7.735001    
           1        2018           9          12         IRRIGATE  0.8395158      0.0000000E+00   276.2833      0.0000000E+00  9.7410100E-07   83.04479       61.09621       7.735001    
           1        2018           9          13         IRRIGATE  0.8437622      0.0000000E+00   277.6472      0.0000000E+00  9.7515112E-07   83.06708       61.11146       7.735001    
           1        2018           9          15         IRRIGATE  0.8523793      0.0000000E+00   277.7852      0.0000000E+00  9.8322255E-07   83.10777       61.14181       7.735001    
           1        2018           9          17         IRRIGATE  0.8610972      0.0000000E+00   276.2652      0.0000000E+00  9.8376006E-07   83.14748       61.17216       7.735001    
           1        2018           9          19         IRRIGATE  0.8688521      0.0000000E+00   274.8014      0.0000000E+00  9.8485259E-07   83.18688       61.20245       7.735001    
           1        2018           9          20         IRRIGATE  0.8730133      0.0000000E+00   277.7171      0.0000000E+00  9.7875125E-07   83.20699       61.21759       7.735001    
           1        2018           9          22         IRRIGATE  0.8803883      0.0000000E+00   275.7999      0.0000000E+00  9.8571138E-07   83.24559       61.24779       7.735001    
           1        2018           9          23         IRRIGATE  0.8849727      0.0000000E+00   278.0813      0.0000000E+00  9.7929023E-07   83.26553       61.26292       7.735001    
           1        2018           9          25         IRRIGATE  0.8918123      0.0000000E+00   275.9330      0.0000000E+00  9.8629573E-07   83.30379       61.29307       7.735001    
           1        2018           9          25 csil                                        HARV/KILL   0.8944742      0.0000000E+00   271.5363      0.0000000E+00  9.8629573E-07   83.30379       61.29307      0.0000000E+00  0.0000000E+00  0.0000000E+00  0.0000000E+00  0.0000000E+00  0.0000000E+00
           1        2019           6           1 csil                                        PLANT   0.2507589      0.0000000E+00   105.0065      0.0000000E+00  9.8349449E-07   87.14232       64.84552      0.0000000E+00   4.000000    
           1        2019           6           2         IRRIGATE  0.2507589      5.2624648E-03   105.0065       10.94094      9.8747410E-07   87.15870       64.85962       7.735001    
           1        2019           6           3         IRRIGATE  0.2552581      1.1489682E-02   108.7172       23.63031      9.7798807E-07   86.66170       64.79543       7.735001    
           1        2019           6           4         IRRIGATE  0.2600870      1.8592319E-02   112.0614       38.30415      9.7618067E-07   86.08371       64.80556       7.735001    
           1        2019           6           5         IRRIGATE  0.2651028      2.6191227E-02   114.6878       54.40024      9.7428779E-07   85.41399       64.77733       7.735001    
           1        2019           6           6         IRRIGATE  0.2703191      3.4322139E-02   115.9113       70.82567      9.7220936E-07   85.15489       64.76868       7.735001    
           1        2019           6           7         IRRIGATE  0.2757073      4.2909626E-02   116.7295       83.89905      9.6992710E-07   85.16622       64.75581       7.735001    
           1        2019           6           8         IRRIGATE  0.2781831      4.3765198E-02   118.3079       86.55935      9.7467728E-07   85.17724       64.76760       7.735001    
           1        2019           6           9         IRRIGATE  0.2807000      4.4729952E-02   120.7511       88.98363      9.7737700E-07   85.18808       64.81891       7.735001    
           1        2019           6          10         IRRIGATE  0.2837022      4.6983022E-02   121.1884       89.67290      9.7815189E-07   85.19888       64.82935       7.735001    
           1        2019           6          11         IRRIGATE  0.2875119      5.1379990E-02   122.8298       90.11061      9.7764269E-07   85.20971       64.84841       7.735001    
           1        2019           6          12         IRRIGATE  0.2928157      5.9743159E-02   123.2275       90.51493      9.7528243E-07   85.22071       64.86311       7.735001    
           1        2019           6          13         IRRIGATE  0.2982645      6.8491429E-02   124.2442       113.4547      9.7261670E-07   83.84048       64.87741       7.735001    
           1        2019           6          14         IRRIGATE  0.3038240      7.7533498E-02   123.7034       139.2200      9.7026270E-07   82.31509       64.74562       7.735001    
           1        2019           6          15         IRRIGATE  0.3091038      8.5833147E-02   124.0042       165.6457      9.6881979E-07   80.92234       64.75348       7.735001    
           1        2019           6          16         IRRIGATE  0.3142715      9.3835033E-02   124.4666       193.1334      9.6784220E-07   79.72887       64.71207       7.735001    
           1        2019           6          17         IRRIGATE  0.3193038      0.1014776       126.1320       222.7542      9.6715496E-07   78.49266       64.69448       7.735001    
           1        2019           6          18         IRRIGATE  0.3246210      0.1098765       126.1089       260.0172      9.6615781E-07   77.16882       64.65905       7.735001    
           1        2019           6          19         IRRIGATE  0.3297819      0.1178605       126.8442       299.5059      9.6567135E-07   75.50250       64.59255       7.735001    
           1        2019           6          20         IRRIGATE  0.3344351      0.1244967       127.2953       341.5104      9.6659653E-07   73.74037       64.55753       7.735001    
           1        2019           6          21         IRRIGATE  0.3374784      0.1268589       128.0103       359.9724      9.7093834E-07   71.84550       64.49218       7.735001    
           1        2019           6          22         IRRIGATE  0.3403864      0.1288619       130.3371       376.3094      9.7392149E-07   71.03133       64.60852       7.735001    
           1        2019           6          23         IRRIGATE  0.3437699      0.1321274       130.6796       402.1754      9.7524355E-07   70.32605       64.56400       7.735001    
           1        2019           6          24         IRRIGATE  0.3481966      0.1381620       132.2155       445.2443      9.7466148E-07   69.21384       64.53157       7.735001    
           1        2019           6          25         IRRIGATE  0.3526591      0.1442920       131.5224       492.1157      9.7412681E-07   67.33152       64.41682       7.735001    
           1        2019           6          26         IRRIGATE  0.3577879      0.1521906       131.8255       557.7093      9.7239024E-07   65.32004       64.39984       7.735001    
           1        2019           6          27         IRRIGATE  0.3628008      0.1597816       131.3387       623.0745      9.7123450E-07   62.49142       64.23937       7.735001    
           1        2019           6          28         IRRIGATE  0.3676731      0.1669994       130.3828       698.8601      9.7076304E-07   59.70853       64.22652       7.735001    
           1        2019           6          29         IRRIGATE  0.3722620      0.1734648       129.5286       774.3682      9.7074087E-07   56.48695       64.08432       7.735001    
           1        2019           6          30         IRRIGATE  0.3773564      0.1812721       128.5680       867.2822      9.6954057E-07   53.36790       64.06651       7.735001    
           1        2019           7           1         IRRIGATE  0.3824178      0.1889921       127.5447       968.4270      9.6854308E-07   49.54931       63.88921       7.735001    
           1        2019           7           2         IRRIGATE  0.3878808      0.1977781       128.2274       1086.352      9.6686995E-07   45.51015       63.82667       7.735001    
           1        2019           7           3         IRRIGATE  0.3932272      0.2062545       128.8572       1214.944      9.6626093E-07   40.85467       63.64792       7.735001    
           1        2019           7           4         IRRIGATE  0.3980300      0.2132876       127.7857       1345.050      9.6688655E-07   35.79212       63.51919       7.735001    
           1        2019           7           5         IRRIGATE  0.4021956      0.2186295       128.6739       1463.708      9.6835481E-07   30.66496       63.38884       7.735001    
           1        2019           7           6         IRRIGATE  0.4071876      0.2261649       130.1144       1624.610      9.6786812E-07   26.33149       63.39085       7.735001    
           1        2019           7           7         IRRIGATE  0.4128697      0.2355325       130.7083       1813.295      9.6628025E-07   20.61783       63.10001       7.735001    
           1        2019           7           8         IRRIGATE  0.4184105      0.2445249       130.8392       2005.097      9.6554163E-07   14.02131       62.93316       7.735001    
           1        2019           7           9         IRRIGATE  0.4230592      0.2511491       134.8480       2213.871      9.6678139E-07   7.264536       62.74566       7.735001    
           1        2019           7          10         IRRIGATE  0.4281222      0.2588731       135.5483       2433.183      9.6647955E-07  0.2961003       62.57696       7.735001    
           1        2019           7          11         IRRIGATE  0.4344152      0.2698625       136.0341       2662.728      9.6422366E-07  2.9999999E-04   62.50412       7.735001    
           1        2019           7          12         IRRIGATE  0.4407702      0.2810167       135.6096       2934.162      9.6233782E-07  2.9999999E-04   62.34573       7.735001    
           1        2019           7          13         IRRIGATE  0.4468270      0.2913789       134.8590       3213.685      9.6146482E-07  2.9999999E-04   62.05897       7.735001    
           1        2019           7          14         IRRIGATE  0.4534535      0.3032537       136.0304       3467.375      9.5987104E-07  2.9999999E-04   62.01290       7.735001    
           1        2019           7          15         IRRIGATE  0.4595880      0.3138223       135.1256       3747.065      9.5930034E-07  2.9999999E-04   61.92596       7.735001    
           1        2019           7          16         IRRIGATE  0.4659206      0.3249169       134.7330       4022.456      9.5881546E-07  2.9999999E-04   61.74923       7.735001    
           1        2019           7          17         IRRIGATE  0.4714232      0.3338081       134.6613       4319.694      9.5952441E-07  2.9999999E-04   61.60347       7.735001    
           1        2019           7          18         IRRIGATE  0.4769536      0.3427728       135.6841       4579.963      9.5972564E-07  2.9999999E-04   61.41962       7.735001    
           1        2019           7          19         IRRIGATE  0.4825228      0.3518406       133.1723       4815.191      9.6002498E-07  2.9999999E-04   61.46580       7.735001    
           1        2019           7          20         IRRIGATE  0.4876126      0.3596361       132.7993       5067.037      9.6097517E-07  2.9999999E-04   61.35227       7.735001    
           1        2019           7          21         IRRIGATE  0.4925904      0.3671337       133.5196       5315.932      9.6164797E-07  2.9999999E-04   61.21859       7.735001    
           1        2019           7          22         IRRIGATE  0.4984362      0.3769361       132.8851       5543.052      9.6108806E-07  2.9999999E-04   61.26578       7.735001    
           1        2019           7          23         IRRIGATE  0.5050904      0.3888843       131.0303       5752.151      9.5965606E-07  2.9999999E-04   61.33658       7.735001    
           1        2019           7          24         IRRIGATE  0.5113984      0.3999135       128.8217       5975.322      9.5937435E-07  2.9999999E-04   61.29682       7.735001    
           1        2019           7          25         IRRIGATE  0.5175067      0.4104126       130.0305       6224.013      9.5926271E-07  2.9999999E-04   61.21948       7.735001    
           1        2019           7          26         IRRIGATE  0.5230535      0.4194209       129.0607       6465.985      9.5942710E-07  2.9999999E-04   61.05578       7.735001    
           1        2019           7          27         IRRIGATE  0.5289322      0.4293106       132.3029       6758.979      9.5972962E-07  2.9999999E-04   61.09388       7.735001    
           1        2019           7          28         IRRIGATE  0.5354384      0.4408658       135.4252       7051.234      9.5916369E-07  2.9999999E-04   60.92242       7.735001    
           1        2019           7          29         IRRIGATE  0.5415332      0.4513292       135.0768       7282.203      9.5886458E-07  2.9999999E-04   60.86172       7.735001    
           1        2019           7          30         IRRIGATE  0.5474015      0.4611911       134.6547       7523.417      9.5901430E-07  2.9999999E-04   60.93158       7.735001    
           1        2019           7          31         IRRIGATE  0.5539997      0.4729905       133.1313       7753.760      9.5835776E-07  2.9999999E-04   60.89036       7.735001    
           1        2019           8           1         IRRIGATE  0.5603151      0.4840395       132.8301       7965.970      9.5799010E-07  2.9999999E-04   60.86255       7.735001    
           1        2019           8           2         IRRIGATE  0.5667532      0.4954140       136.9790       8228.208      9.5799760E-07  2.9999999E-04   60.88171       7.735001    
           1        2019           8           3         IRRIGATE  0.5734919      0.5075865       138.4857       8431.653      9.5768723E-07  2.9999999E-04   60.72818       7.735001    
           1        2019           8           4         IRRIGATE  0.5799770      0.5190861       139.3755       8652.182      9.5760402E-07  2.9999999E-04   60.85132       7.735001    
           1        2019           8           5         IRRIGATE  0.5866140      0.5309887       140.0624       8870.068      9.5744531E-07  2.9999999E-04   60.72493       7.735001    
           1        2019           8           6         IRRIGATE  0.5930827      0.5424446       139.3015       9066.843      9.5739267E-07  2.9999999E-04   60.72445       7.735001    
           1        2019           8           7         IRRIGATE  0.5999821      0.5550440       139.4912       9257.000      9.5704570E-07  2.9999999E-04   60.74689       7.735001    
           1        2019           8           8         IRRIGATE  0.6062213      0.5658905       139.7817       9453.586      9.5744508E-07  2.9999999E-04   60.67147       7.735001    
           1        2019           8           9         IRRIGATE  0.6113696      0.5738407       147.6485       9696.385      9.5881580E-07  2.9999999E-04   60.57073       7.735001    
           1        2019           8          10         IRRIGATE  0.6169806      0.5830198       152.2401       9924.652      9.5947485E-07  2.9999999E-04   60.45619       7.735001    
           1        2019           8          11         IRRIGATE  0.6229386      0.5931199       156.4394       10140.04      9.5964583E-07  2.9999999E-04   60.45846       7.735001    
           1        2019           8          12         IRRIGATE  0.6277728      0.6002365       158.8130       10327.01      9.6113888E-07  2.9999999E-04   60.33758       7.735001    
           1        2019           8          13         IRRIGATE  0.6326810      0.6075495       160.7719       10504.07      9.6236067E-07  2.9999999E-04   60.36938       7.735001    
           1        2019           8          14         IRRIGATE  0.6379623      0.6158532       160.6348       10661.98      9.6293036E-07  2.9999999E-04   60.32549       7.735001    
           1        2019           8          15         IRRIGATE  0.6437813      0.6255841       159.9976       10800.88      9.6284657E-07  2.9999999E-04   60.35838       7.735001    
           1        2019           8          16         IRRIGATE  0.6495337      0.6351383       160.2019       10930.02      9.6290296E-07  2.9999999E-04   60.34269       7.735001    
           1        2019           8          17         IRRIGATE  0.6548845      0.6436265       160.3820       11068.05      9.6343388E-07  2.9999999E-04   60.32375       7.735001    
           1        2019           8          18         IRRIGATE  0.6598892      0.6511956       161.1256       11190.94      9.6426356E-07  2.9999999E-04   60.26492       7.735001    
           1        2019           8          19         IRRIGATE  0.6656139      0.6606764       161.8248       11314.84      9.6406859E-07  2.9999999E-04   60.31059       7.735001    
           1        2019           8          20         IRRIGATE  0.6715255      0.6706535       160.5987       11410.43      9.6369536E-07  2.9999999E-04   60.26822       7.735001    
           1        2019           8          21         IRRIGATE  0.6775882      0.6810315       160.3314       11506.71      9.6321116E-07  2.9999999E-04   60.32954       7.735001    
           1        2019           8          22         IRRIGATE  0.6836524      0.6914135       161.8204       11609.29      9.6276767E-07  2.9999999E-04   60.29179       7.735001    
           1        2019           8          23         IRRIGATE  0.6888111      0.6993915       163.4705       11697.18      9.6365341E-07  2.9999999E-04   60.25556       7.735001    
           1        2019           8          24         IRRIGATE  0.6938621      0.7070838       164.4999       11741.36       45.27190      2.9999999E-04   60.27440       7.735001    
           1        2019           8          25         IRRIGATE  0.6995158      0.7163759       163.4060       11758.27       97.73299      2.9999999E-04   60.26394       7.735001    
           1        2019           8          26         IRRIGATE  0.7048846      0.7249118       163.5612       11778.57       143.1273      2.9999999E-04   60.29069       7.735001    
           1        2019           8          27         IRRIGATE  0.7094503      0.7313157       164.9483       11807.97       174.3412      2.9999999E-04   60.26195       7.735001    
           1        2019           8          28         IRRIGATE  0.7140661      0.7378526       167.3922       11830.54       205.0150      2.9999999E-04   60.27848       7.735001    
           1        2019           8          29         IRRIGATE  0.7194716      0.7464857       167.3417       11825.49       245.7930      2.9999999E-04   60.29973       7.735001    
           1        2019           8          30         IRRIGATE  0.7255664      0.7569491       171.1523       11806.81       294.1279      2.9999999E-04   60.34280       7.735001    
           1        2019           8          31         IRRIGATE  0.7314826      0.7669381       173.6164       11787.46       336.9524      2.9999999E-04   60.36815       7.735001    
           1        2019           9           1         IRRIGATE  0.7372717      0.7765896       175.6396       11766.12       375.3621      2.9999999E-04   60.38977       7.735001    
           1        2019           9           2         IRRIGATE  0.7431422      0.7864574       177.2956       11737.57       412.6424      2.9999999E-04   60.41910       7.735001    
           1        2019           9           3         IRRIGATE  0.7487279      0.7955689       179.0591       11710.98       444.0577      2.9999999E-04   60.44569       7.735001    
           1        2019           9           4         IRRIGATE  0.7549872      0.8064690       181.7933       11672.78       482.2584      2.9999999E-04   60.47231       7.735001    
           1        2019           9           5         IRRIGATE  0.7610821      0.8169324       184.4808       11635.78       515.8889      2.9999999E-04   60.49972       7.735001    
           1        2019           9           6         IRRIGATE  0.7674574      0.8281403       188.3624       11597.24       550.7278      2.9999999E-04   60.52784       7.735001    
           1        2019           9           7         IRRIGATE  0.7728509      0.8367416       190.5996       11568.62       571.6509      2.9999999E-04   60.55575       7.735001    
           1        2019           9           8         IRRIGATE  0.7778279      0.8442373       192.7062       11543.90       586.8856      2.9999999E-04   60.58357       7.735001    
           1        2019           9           9         IRRIGATE  0.7820204      0.8496507       201.6939       11529.55       592.8953      2.9999999E-04   60.60896       7.735001    
           1        2019           9          10         IRRIGATE  0.7858354      0.8540615       207.0832       11519.69       595.2332      2.9999999E-04   60.63425       7.735001    
           1        2019           9          11         IRRIGATE  0.7893274      0.8576149       217.4656       11513.75       594.7820      2.9999999E-04   60.65763       7.735001    
           1        2019           9          12         IRRIGATE  0.7929771      0.8615870       219.4074       11505.92       597.0591      2.9999999E-04   60.68005       7.735001    
           1        2019           9          13         IRRIGATE  0.7967031      0.8657617       224.3671       11496.96       600.8058      2.9999999E-04   60.70103       7.735001    
           1        2019           9          14         IRRIGATE  0.8011664      0.8718936       226.5205       11479.13       613.2167      2.9999999E-04   60.72129       7.735001    
           1        2019           9          15         IRRIGATE  0.8063579      0.8799590       225.9571       11451.97       633.3964      2.9999999E-04   60.74233       7.735001    
           1        2019           9          16         IRRIGATE  0.8116661      0.8883342       228.3761       11423.13       653.8407      2.9999999E-04   60.76156       7.735001    
           1        2019           9          17         IRRIGATE  0.8164898      0.8954229       232.7483       11400.02       667.9694      2.9999999E-04   60.78223       7.735001    
           1        2019           9          18         IRRIGATE  0.8200543      0.8991687       239.3145       11390.65       668.0453      2.9999999E-04   60.80375       7.735001    
           1        2019           9          19         IRRIGATE  0.8239837      0.9038833       243.3018       11377.48       672.6240      2.9999999E-04   60.82573       7.735001    
           1        2019           9          20         IRRIGATE  0.8267174      0.9054238       249.9668       11377.65       664.5239      2.9999999E-04   60.84657       7.735001    
           1        2019           9          21         IRRIGATE  0.8298505      0.9080243       252.9422       11374.01       661.6315      2.9999999E-04   60.86676       7.735001    
           1        2019           9          22         IRRIGATE  0.8330890      0.9109046       255.1616       11369.36       660.3583      2.9999999E-04   60.88597       7.735001    
           1        2019           9          23         IRRIGATE  0.8369593      0.9154623       258.4690       11357.62       666.2533      2.9999999E-04   60.90432       7.735001    
           1        2019           9          24         IRRIGATE  0.8411751      0.9209372       262.7494       11341.98       675.7795      2.9999999E-04   60.92323       7.735001    
           1        2019           9          25         IRRIGATE  0.8458141      0.9275356       265.9604       11320.71       689.5250      2.9999999E-04   60.94325       7.735001    
           1        2019           9          25 csil                                        HARV/KILL   0.8499005      0.0000000E+00   262.0969       11320.71       9582.021      2.9999999E-04   60.94325      0.0000000E+00  0.0000000E+00  0.0000000E+00  0.0000000E+00  0.0000000E+00  0.0000000E+00
           1        2020           6           1 csil                                        PLANT   0.2704919      0.0000000E+00   75.35961      0.0000000E+00   1146.219       56.00636       67.19252      0.0000000E+00   4.000000    
           1        2020           6           2         IRRIGATE  0.2704919      6.5468140E-03   75.35961       12.59491       1134.756       56.10276       67.20879       7.735001    
           1        2020           6           3         IRRIGATE  0.2758510      1.5056877E-02   81.38920       28.59482       1117.224       55.65081       67.14155       7.735001    
           1        2020           6           4         IRRIGATE  0.2813208      2.3860736E-02   84.53387       43.35104       1099.151       55.04438       67.12576       7.735001    
           1        2020           6           5         IRRIGATE  0.2863650      3.1535082E-02   88.39509       59.93149       1081.173       54.49723       67.10762       7.735001    
           1        2020           6           6         IRRIGATE  0.2922603      4.1468456E-02   93.07157       81.19084       1062.231       53.87422       67.08217       7.735001    
           1        2020           6           7         IRRIGATE  0.2964020      4.6746802E-02   99.69775       96.21775       1044.557       53.02345       67.03326       7.735001    
           1        2020           6           8         IRRIGATE  0.2981674      4.6746802E-02   109.6158       96.21775       1030.231       52.43844       67.06654       7.735001    
           1        2020           6           9         IRRIGATE  0.3007427      4.7866393E-02   116.5013       99.80463       1017.518       52.54529       67.12138       7.735001    
           1        2020           6          10         IRRIGATE  0.3039482      5.0659411E-02   118.0783       108.5021       1005.434       52.48189       67.14822       7.735001    
           1        2020           6          11         IRRIGATE  0.3084795      5.6971982E-02   118.4544       126.2763       992.9676       52.18449       67.11865       7.735001    
           1        2020           6          12         IRRIGATE  0.3143194      6.6758461E-02   118.9040       147.4576       979.1064       51.47835       67.07312       7.735001    
           1        2020           6          13         IRRIGATE  0.3208181      7.8293800E-02   119.5876       169.8303       963.5526       50.63324       67.06042       7.735001    
           1        2020           6          14         IRRIGATE  0.3251781      8.4151790E-02   120.0858       191.9744       948.7131       49.72469       67.04029       7.735001    
           1        2020           6          15         IRRIGATE  0.3289692      8.8499129E-02   121.0437       210.3926       934.8943       48.81958       67.03125       7.735001    
           1        2020           6          16         IRRIGATE  0.3335439      9.4926842E-02   125.8820       238.7586       921.0590       48.09599       67.04588       7.735001    
           1        2020           6          17         IRRIGATE  0.3369992      9.8382883E-02   136.4494       256.7321       908.4572       46.89774       66.96214       7.735001    
           1        2020           6          18         IRRIGATE  0.3402654      0.1013367       141.3168       272.9312       896.8800       46.17464       67.03075       7.735001    
           1        2020           6          19         IRRIGATE  0.3439734      0.1054637       143.4154       294.9180       885.6410       45.53780       67.00524       7.735001    
           1        2020           6          20         IRRIGATE  0.3481601      0.1108611       145.2230       325.5472       874.3842       44.64255       66.97958       7.735001    
           1        2020           6          21         IRRIGATE  0.3533928      0.1190357       145.8213       365.0109       862.4147       43.37585       66.92541       7.735001    
           1        2020           6          22         IRRIGATE  0.3589365      0.1280361       143.2349       408.7320       849.8546       41.72866       66.86566       7.735001    
           1        2020           6          23         IRRIGATE  0.3645790      0.1372985       144.0723       459.5852       836.7000       39.91688       66.82140       7.735001    
           1        2020           6          24         IRRIGATE  0.3701415      0.1463485       143.2716       521.0969       822.9299       37.81277       66.74808       7.735001    
           1        2020           6          25         IRRIGATE  0.3762797      0.1569271       142.6743       596.5227       808.3262       35.29346       66.66912       7.735001    
           1        2020           6          26         IRRIGATE  0.3823783      0.1674004       142.8989       672.2640       793.3362       32.21230       66.55783       7.735001    
           1        2020           6          27         IRRIGATE  0.3880627      0.1767740       140.0639       753.7797       778.2166       29.17115       66.51704       7.735001    
           1        2020           6          28         IRRIGATE  0.3937261      0.1860919       138.6136       853.4114       763.1805       25.95379       66.42451       7.735001    
           1        2020           6          29         IRRIGATE  0.3973983      0.1901236       150.3836       925.2993       749.6899       21.82315       66.22891       7.735001    
           1        2020           6          30         IRRIGATE  0.3999608      0.1912095       160.3282       946.5775       738.3019       18.80924       66.30061       7.735001    
           1        2020           7           1         IRRIGATE  0.4039328      0.1960372       164.7341       1036.690       727.5634       18.18232       66.46412       7.735001    
           1        2020           7           2         IRRIGATE  0.4081590      0.2015399       165.6059       1137.254       717.1690       14.61791       66.09976       7.735001    
           1        2020           7           3         IRRIGATE  0.4126866      0.2078425       166.0946       1259.894       706.8101       10.71819       66.08447       7.735001    
           1        2020           7           4         IRRIGATE  0.4185333      0.2176469       166.2860       1419.939       695.7266       6.232037       65.90507       7.735001    
           1        2020           7           5         IRRIGATE  0.4240344      0.2265341       165.4183       1582.716       684.2982      0.3098881       65.66460       7.735001    
           1        2020           7           6         IRRIGATE  0.4294713      0.2352506       165.7194       1770.820       672.6677      2.9999999E-04   65.58689       7.735001    
           1        2020           7           7         IRRIGATE  0.4352431      0.2448564       165.3633       1976.285       660.6542      2.9999999E-04   65.35760       7.735001    
           1        2020           7           8         IRRIGATE  0.4406792      0.2535710       166.8648       2177.511       648.8047      2.9999999E-04   65.18485       7.735001    
           1        2020           7           9         IRRIGATE  0.4456330      0.2610051       167.3855       2377.801       637.2595      2.9999999E-04   65.05454       7.735001    
           1        2020           7          10         IRRIGATE  0.4509801      0.2694834       167.7439       2572.975       625.7142      2.9999999E-04   64.96235       7.735001    
           1        2020           7          11         IRRIGATE  0.4565665      0.2785970       168.2870       2736.217       614.1924      2.9999999E-04   64.89054       7.735001    
           1        2020           7          12         IRRIGATE  0.4624938      0.2886157       168.2901       2900.487       602.4391      2.9999999E-04   64.96716       7.735001    
           1        2020           7          13         IRRIGATE  0.4685603      0.2990037       167.1632       3038.437       590.6315      2.9999999E-04   64.87788       7.735001    
           1        2020           7          14         IRRIGATE  0.4741026      0.3080001       168.4284       3188.802       579.1038      2.9999999E-04   64.92590       7.735001    
           1        2020           7          15         IRRIGATE  0.4789786      0.3152278       167.2292       3308.013       568.0147      2.9999999E-04   64.75033       7.735001    
           1        2020           7          16         IRRIGATE  0.4841433      0.3232217       167.1518       3426.757       557.1839      2.9999999E-04   64.91148       7.735001    
           1        2020           7          17         IRRIGATE  0.4896437      0.3321069       167.4337       3544.732       546.4326      2.9999999E-04   64.85576       7.735001    
           1        2020           7          18         IRRIGATE  0.4957079      0.3424889       166.4314       3667.163       535.5781      2.9999999E-04   64.93799       7.735001    
           1        2020           7          19         IRRIGATE  0.5017070      0.3526982       163.9949       3793.867       524.7838      2.9999999E-04   64.89651       7.735001    
           1        2020           7          20         IRRIGATE  0.5078430      0.3632708       163.1249       3923.106       514.0143      2.9999999E-04   64.92573       7.735001    
           1        2020           7          21         IRRIGATE  0.5142100      0.3744568       162.9745       4089.806       503.2480      2.9999999E-04   64.93645       7.735001    
           1        2020           7          22         IRRIGATE  0.5203961      0.3851624       163.0038       4241.101       492.5338      2.9999999E-04   64.80405       7.735001    
           1        2020           7          23         IRRIGATE  0.5268641      0.3966163       166.5419       4455.113       481.9070      2.9999999E-04   64.90520       7.735001    
           1        2020           7          24         IRRIGATE  0.5332581      0.4078737       169.1694       4667.509       471.3809      2.9999999E-04   64.64453       7.735001    
           1        2020           7          25         IRRIGATE  0.5388071      0.4168880       170.3455       4830.900       461.1737      2.9999999E-04   64.61909       7.735001    
           1        2020           7          26         IRRIGATE  0.5444323      0.4261048       170.2628       5008.763       451.2578      2.9999999E-04   64.69624       7.735001    
           1        2020           7          27         IRRIGATE  0.5503089      0.4359885       168.3649       5175.048       441.5343      2.9999999E-04   64.61026       7.735001    
           1        2020           7          28         IRRIGATE  0.5564718      0.4466326       167.9612       5363.809       431.9351      2.9999999E-04   64.66953       7.735001    
           1        2020           7          29         IRRIGATE  0.5629959      0.4582354       165.3871       5533.987       422.4664      2.9999999E-04   64.58272       7.735001    
           1        2020           7          30         IRRIGATE  0.5692492      0.4691196       164.5783       5710.606       413.1265      2.9999999E-04   64.61686       7.735001    
           1        2020           7          31         IRRIGATE  0.5762675      0.4820346       162.3203       5890.336       403.7880      2.9999999E-04   64.61057       7.735001    
           1        2020           8           1         IRRIGATE  0.5834489      0.4953823       161.8091       6092.398       394.4662      2.9999999E-04   64.59565       7.735001    
           1        2020           8           2         IRRIGATE  0.5901561      0.5074715       162.3018       6251.556       385.3441      2.9999999E-04   64.48449       7.735001    
           1        2020           8           3         IRRIGATE  0.5967482      0.5192550       161.9269       6406.731       376.4337      2.9999999E-04   64.58231       7.735001    
           1        2020           8           4         IRRIGATE  0.6035048      0.5314752       162.9093       6574.325       367.7410      2.9999999E-04   64.53495       7.735001    
           1        2020           8           5         IRRIGATE  0.6095092      0.5416984       163.0956       6756.137       359.3486      2.9999999E-04   64.46077       7.735001    
           1        2020           8           6         IRRIGATE  0.6160707      0.5534005       162.9715       6927.447       351.1436      2.9999999E-04   64.43864       7.735001    
           1        2020           8           7         IRRIGATE  0.6224871      0.5647174       163.2224       7082.938       343.1590      2.9999999E-04   64.41396       7.735001    
           1        2020           8           8         IRRIGATE  0.6278940      0.5733545       164.8050       7254.458       335.5499      2.9999999E-04   64.36749       7.735001    
           1        2020           8           9         IRRIGATE  0.6331813      0.5816740       166.4013       7403.924       328.2850      2.9999999E-04   64.29385       7.735001    
           1        2020           8          10         IRRIGATE  0.6385710      0.5902655       168.0646       7546.421       321.3192      2.9999999E-04   64.31890       7.735001    
           1        2020           8          11         IRRIGATE  0.6442741      0.5996887       170.3875       7678.884       314.5902      2.9999999E-04   64.29088       7.735001    
           1        2020           8          12         IRRIGATE  0.6500190      0.6092231       170.7027       7803.840       308.0509      2.9999999E-04   64.29071       7.735001    
           1        2020           8          13         IRRIGATE  0.6560622      0.6195495       172.1436       7918.563       301.6620      2.9999999E-04   64.28600       7.735001    
           1        2020           8          14         IRRIGATE  0.6616247      0.6285995       173.5869       8036.538       295.4901      2.9999999E-04   64.26744       7.735001    
           1        2020           8          15         IRRIGATE  0.6671491      0.6375483       173.8512       8138.547       289.5281      2.9999999E-04   64.24058       7.735001    
           1        2020           8          16         IRRIGATE  0.6727766      0.6467710       175.5066       8232.478       283.7196      2.9999999E-04   64.26155       7.735001    
           1        2020           8          17         IRRIGATE  0.6792902      0.6583460       177.2146       8313.680       277.9254      2.9999999E-04   64.27857       7.735001    
           1        2020           8          18         IRRIGATE  0.6860640      0.6706119       178.4647       8390.314       272.1240      2.9999999E-04   64.29902       7.735001    
           1        2020           8          19         IRRIGATE  0.6933956      0.6843586       176.1832       8452.024       266.2888      2.9999999E-04   64.31498       7.735001    
           1        2020           8          20         IRRIGATE  0.7004393      0.6973411       174.6347       8514.297       260.4793      2.9999999E-04   64.33858       7.735001    
           1        2020           8          21         IRRIGATE  0.7062957      0.7071712       173.6897       8543.220       296.8592      2.9999999E-04   64.31220       7.735001    
           1        2020           8          22         IRRIGATE  0.7122470      0.7172534       173.7993       8562.248       330.7978      2.9999999E-04   64.30933       7.735001    
           1        2020           8          23         IRRIGATE  0.7175978      0.7257417       174.0109       8582.879       354.7213      2.9999999E-04   64.31738       7.735001    
           1        2020           8          24         IRRIGATE  0.7235364      0.7357902       177.1210       8591.085       382.2737      2.9999999E-04   64.34196       7.735001    
           1        2020           8          25         IRRIGATE  0.7299715      0.7471568       174.8233       8582.033       412.2946      2.9999999E-04   64.36811       7.735001    
           1        2020           8          26         IRRIGATE  0.7364791      0.7587159       178.6927       8581.143       440.7215      2.9999999E-04   64.40746       7.735001    
           1        2020           8          27         IRRIGATE  0.7428050      0.7697927       179.8030       8566.543       465.1166      2.9999999E-04   64.40198       7.735001    
           1        2020           8          28         IRRIGATE  0.7482089      0.7784219       184.7426       8566.015       478.8636      2.9999999E-04   64.44976       7.735001    
           1        2020           8          29         IRRIGATE  0.7539164      0.7878570       185.7210       8553.421       494.7117      2.9999999E-04   64.45486       7.735001    
           1        2020           8          30         IRRIGATE  0.7599118      0.7980564       187.3674       8535.975       512.1069      2.9999999E-04   64.49591       7.735001    
           1        2020           8          31         IRRIGATE  0.7647595      0.8052086       189.7807       8530.322       518.0590      2.9999999E-04   64.51836       7.735001    
           1        2020           9           1         IRRIGATE  0.7688481      0.8103460       193.3878       8531.012       517.5558      2.9999999E-04   64.52548       7.735001    
           1        2020           9           2         IRRIGATE  0.7729285      0.8154616       195.7090       8527.973       518.0563      2.9999999E-04   64.54820       7.735001    
           1        2020           9           3         IRRIGATE  0.7783983      0.8242654       196.4941       8511.817       531.3571      2.9999999E-04   64.57787       7.735001    
           1        2020           9           4         IRRIGATE  0.7840909      0.8336608       195.6685       8490.468       545.8666      2.9999999E-04   64.60104       7.735001    
           1        2020           9           5         IRRIGATE  0.7901626      0.8440627       196.9632       8466.635       562.6166      2.9999999E-04   64.62398       7.735001    
           1        2020           9           6         IRRIGATE  0.7965670      0.8553479       198.1028       8438.966       580.8031      2.9999999E-04   64.64748       7.735001    
           1        2020           9           7         IRRIGATE  0.8026992      0.8659105       199.2950       8413.231       595.2721      2.9999999E-04   64.67140       7.735001    
           1        2020           9           8         IRRIGATE  0.8076007      0.8732057       204.9620       8398.835       599.0101      2.9999999E-04   64.69461       7.735001    
           1        2020           9           9         IRRIGATE  0.8104473      0.8750459       208.2933       8401.533       587.1336      2.9999999E-04   64.71537       7.735001    
           1        2020           9          10         IRRIGATE  0.8132940      0.8768861       211.9561       8405.330       577.2496      2.9999999E-04   64.73224       7.735001    
           1        2020           9          11         IRRIGATE  0.8170716      0.8811977       214.7211       8402.194       576.2337      2.9999999E-04   64.74123       7.735001    
           1        2020           9          12         IRRIGATE  0.8216411      0.8876115       217.3084       8391.229       582.0422      2.9999999E-04   64.76027       7.735001    
           1        2020           9          13         IRRIGATE  0.8261994      0.8939955       219.2535       8380.361       587.6763      2.9999999E-04   64.77542       7.735001    
           1        2020           9          14         IRRIGATE  0.8311023      0.9012947       221.1822       8366.371       595.8877      2.9999999E-04   64.79303       7.735001    
           1        2020           9          15         IRRIGATE  0.8367754      0.9106385       221.2883       8344.284       609.6281      2.9999999E-04   64.81356       7.735001    
           1        2020           9          16         IRRIGATE  0.8418123      0.9182930       225.0827       8327.828       617.5491      2.9999999E-04   64.83179       7.735001    
           1        2020           9          17         IRRIGATE  0.8471960      0.9268686       225.3444       8307.881       627.6866      2.9999999E-04   64.85184       7.735001    
           1        2020           9          18         IRRIGATE  0.8524945      0.9352179       228.7328       8288.868       636.5325      2.9999999E-04   64.87201       7.735001    
           1        2020           9          19         IRRIGATE  0.8580405      0.9442242       229.3423       8266.518       646.6606      2.9999999E-04   64.89243       7.735001    
           1        2020           9          20         IRRIGATE  0.8621486      0.9494132       231.5566       8256.079       645.5753      2.9999999E-04   64.90984       7.735001    
           1        2020           9          21         IRRIGATE  0.8660526      0.9540603       235.3886       8247.270       643.5215      2.9999999E-04   64.92739       7.735001    
           1        2020           9          22         IRRIGATE  0.8705675      0.9603292       238.8981       8233.615       646.5189      2.9999999E-04   64.94703       7.735001    
           1        2020           9          23         IRRIGATE  0.8750936      0.9666278       241.7686       8219.407       649.6393      2.9999999E-04   64.96460       7.735001    
           1        2020           9          24         IRRIGATE  0.8799405      0.9737781       245.4728       8202.338       655.1110      2.9999999E-04   64.98485       7.735001    
           1        2020           9          25         IRRIGATE  0.8843334      0.9797235       248.6168       8188.330       657.0524      2.9999999E-04   65.00214       7.735001    
           1        2020           9          25 csil                                        HARV/KILL   0.8884632      0.0000000E+00   245.8008       8188.330       7174.510      2.9999999E-04   65.00214      0.0000000E+00  0.0000000E+00  0.0000000E+00  0.0000000E+00  0.0000000E+00  0.0000000E+00
           1        2021           6           1 csil                                        PLANT   0.2471308      0.0000000E+00   55.98932      0.0000000E+00   1047.498       40.64186       69.85413      0.0000000E+00   4.000000    
           1        2021           6           2         IRRIGATE  0.2471308      8.2043614E-03   55.98932       14.27892       1037.023       40.72769       69.86816       7.735001    
           1        2021           6           3         IRRIGATE  0.2530485      1.8197287E-02   62.37616       29.46684       1022.718       40.17315       69.78468       7.735001    
           1        2021           6           4         IRRIGATE  0.2594866      2.9571835E-02   66.18036       45.38359       1006.468       39.59238       69.78226       7.735001    
           1        2021           6           5         IRRIGATE  0.2661811      4.1627266E-02   69.60001       61.64868       988.6089       38.99205       69.74675       7.735001    
           1        2021           6           6         IRRIGATE  0.2723732      5.2348718E-02   73.02696       80.11839       970.1761       38.38259       69.73375       7.735001    
           1        2021           6           7         IRRIGATE  0.2771356      5.9274688E-02   76.96208       98.36826       952.4584       37.66614       69.69773       7.735001    
           1        2021           6           8         IRRIGATE  0.2817716      6.5865174E-02   80.11693       118.1075       935.4095       36.95731       69.69486       7.735001    
           1        2021           6           9         IRRIGATE  0.2864891      7.2672032E-02   83.46242       140.0959       918.9672       36.17756       69.67576       7.735001    
           1        2021           6          10         IRRIGATE  0.2913195      7.9778641E-02   86.00526       162.9221       902.9465       35.29378       69.65955       7.735001    
           1        2021           6          11         IRRIGATE  0.2943980      8.2234189E-02   90.98602       173.7311       888.9908       34.35195       69.63851       7.735001    
           1        2021           6          12         IRRIGATE  0.2981232      8.6406842E-02   92.42996       192.0332       875.7484       33.96857       69.70728       7.735001    
           1        2021           6          13         IRRIGATE  0.3030486      9.3765557E-02   93.61381       221.2916       862.2890       33.24766       69.64133       7.735001    
           1        2021           6          14         IRRIGATE  0.3094561      0.1050587       92.37231       253.0877       847.3056       32.04842       69.60037       7.735001    
           1        2021           6          15         IRRIGATE  0.3158552      0.1163300       92.64471       295.9961       831.2932       30.75605       69.57462       7.735001    
           1        2021           6          16         IRRIGATE  0.3221482      0.1273195       92.66855       345.7690       814.8082       28.97620       69.48738       7.735001    
           1        2021           6          17         IRRIGATE  0.3272015      0.1350176       92.23271       393.2009       798.9028       26.88166       69.42200       7.735001    
           1        2021           6          18         IRRIGATE  0.3326578      0.1437858       90.50663       449.4776       783.1174       24.92664       69.40065       7.735001    
           1        2021           6          19         IRRIGATE  0.3385051      0.1535921       89.09949       514.1564       767.1951       22.61635       69.30714       7.735001    
           1        2021           6          20         IRRIGATE  0.3446067      0.1640733       86.29893       586.5408       751.1325       19.98799       69.23785       7.735001    
           1        2021           6          21         IRRIGATE  0.3504047      0.1737487       84.45068       665.7560       735.3476       17.06376       69.14787       7.735001    
           1        2021           6          22         IRRIGATE  0.3565205      0.1842676       87.82217       785.6141       719.6024       13.93633       69.07847       7.735001    
           1        2021           6          23         IRRIGATE  0.3636234      0.1974069       84.90694       876.3091       703.4573       9.236700       68.82818       7.735001    
           1        2021           6          24         IRRIGATE  0.3696113      0.2075864       83.54552       1013.336       687.6424       5.869424       68.94745       7.735001    
           1        2021           6          25         IRRIGATE  0.3757525      0.2181729       82.07874       1161.146       672.1334      0.7040395       68.57355       7.735001    
           1        2021           6          26         IRRIGATE  0.3814406      0.2275564       81.07573       1330.936       657.0986      2.9999999E-04   68.53197       7.735001    
           1        2021           6          27         IRRIGATE  0.3875198      0.2379781       81.31454       1501.591       642.3776      2.9999999E-04   68.29978       7.735001    
           1        2021           6          28         IRRIGATE  0.3936812      0.2486182       81.52184       1687.791       627.9111      2.9999999E-04   68.24712       7.735001    
           1        2021           6          29         IRRIGATE  0.4004767      0.2609416       80.73129       1842.410       613.5173      2.9999999E-04   68.08854       7.735001    
           1        2021           6          30         IRRIGATE  0.4069671      0.2724551       79.88957       1994.888       599.3218      2.9999999E-04   68.16016       7.735001    
           1        2021           7           1         IRRIGATE  0.4137858      0.2848400       80.94664       2145.213       585.2955      2.9999999E-04   68.07768       7.735001    
           1        2021           7           2         IRRIGATE  0.4202971      0.2964091       80.40018       2262.093       571.5536      2.9999999E-04   68.04558       7.735001    
           1        2021           7           3         IRRIGATE  0.4268219      0.3080139       77.71382       2362.559       558.0500      2.9999999E-04   68.14233       7.735001    
           1        2021           7           4         IRRIGATE  0.4337707      0.3207443       77.53852       2476.177       544.7219      2.9999999E-04   68.18829       7.735001    
           1        2021           7           5         IRRIGATE  0.4402656      0.3322697       76.09495       2597.470       531.7119      2.9999999E-04   68.11189       7.735001    
           1        2021           7           6         IRRIGATE  0.4468480      0.3440274       74.71414       2729.833       518.9825      2.9999999E-04   68.11754       7.735001    
           1        2021           7           7         IRRIGATE  0.4537437      0.3566168       70.98887       2841.077       506.4487      2.9999999E-04   68.08521       7.735001    
           1        2021           7           8         IRRIGATE  0.4607164      0.3694107       71.10227       2970.704       494.1346      2.9999999E-04   68.16982       7.735001    
           1        2021           7           9         IRRIGATE  0.4673421      0.3812835       67.92715       3110.829       482.1226      2.9999999E-04   68.06303       7.735001    
           1        2021           7          10         IRRIGATE  0.4737152      0.3924853       68.35591       3259.771       470.4619      2.9999999E-04   68.04529       7.735001    
           1        2021           7          11         IRRIGATE  0.4797113      0.4026867       68.05309       3429.541       459.1693      2.9999999E-04   67.96461       7.735001    
           1        2021           7          12         IRRIGATE  0.4862137      0.4142320       66.64354       3578.212       448.1511      2.9999999E-04   67.92001       7.735001    
           1        2021           7          13         IRRIGATE  0.4930870      0.4267618       65.77697       3721.534       437.3321      2.9999999E-04   67.97536       7.735001    
           1        2021           7          14         IRRIGATE  0.4996798      0.4385473       64.54798       3876.763       426.7908      2.9999999E-04   67.92910       7.735001    
           1        2021           7          15         IRRIGATE  0.5058383      0.4491794       64.84262       4053.988       416.5757      2.9999999E-04   67.86546       7.735001    
           1        2021           7          16         IRRIGATE  0.5123795      0.4608279       64.56717       4211.987       406.6035      2.9999999E-04   67.80821       7.735001    
           1        2021           7          17         IRRIGATE  0.5187638      0.4720595       61.00964       4361.407       396.8907      2.9999999E-04   67.82312       7.735001    
           1        2021           7          18         IRRIGATE  0.5249312      0.4827154       60.53370       4521.514       387.4683      2.9999999E-04   67.78757       7.735001    
           1        2021           7          19         IRRIGATE  0.5317895      0.4952056       57.76931       4662.097       378.2118      2.9999999E-04   67.77517       7.735001    
           1        2021           7          20         IRRIGATE  0.5383838      0.5069950       61.20734       4869.166       369.2286      2.9999999E-04   67.78037       7.735001    
           1        2021           7          21         IRRIGATE  0.5447958      0.5183001       59.66829       5014.365       360.5265      2.9999999E-04   67.56682       7.735001    
           1        2021           7          22         IRRIGATE  0.5513460      0.5299724       61.49998       5149.095       352.0308      2.9999999E-04   67.74091       7.735001    
           1        2021           7          23         IRRIGATE  0.5575635      0.5407614       59.36818       5291.596       343.7999      2.9999999E-04   67.64089       7.735001    
           1        2021           7          24         IRRIGATE  0.5636419      0.5511811       61.26029       5419.499       335.8236      2.9999999E-04   67.63135       7.735001    
           1        2021           7          25         IRRIGATE  0.5695626      0.5611820       62.79447       5554.706       328.1121      2.9999999E-04   67.61895       7.735001    
           1        2021           7          26         IRRIGATE  0.5755079      0.5712484       60.24217       5660.708       320.6312      2.9999999E-04   67.57412       7.735001    
           1        2021           7          27         IRRIGATE  0.5821344      0.5831231       61.15539       5757.441       313.2517      2.9999999E-04   67.64891       7.735001    
           1        2021           7          28         IRRIGATE  0.5891071      0.5959170       57.96122       5845.757       305.9947      2.9999999E-04   67.63794       7.735001    
           1        2021           7          29         IRRIGATE  0.5961007      0.6087665       56.85562       5945.090       298.8657      2.9999999E-04   67.65919       7.735001    
           1        2021           7          30         IRRIGATE  0.6030720      0.6215564       54.60447       6038.646       291.8667      2.9999999E-04   67.61982       7.735001    
           1        2021           7          31         IRRIGATE  0.6099049      0.6339791       54.11491       6122.922       285.0254      2.9999999E-04   67.63002       7.735001    
           1        2021           8           1         IRRIGATE  0.6165875      0.6460028       58.98916       6228.852       278.3651      2.9999999E-04   67.62644       7.735001    
           1        2021           8           2         IRRIGATE  0.6225866      0.6562121       72.94390       6306.961       271.9906      2.9999999E-04   67.55195       7.735001    
           1        2021           8           3         IRRIGATE  0.6288273      0.6670626       73.61079       6367.670       265.8432      2.9999999E-04   67.61623       7.735001    
           1        2021           8           4         IRRIGATE  0.6349865      0.6776967       73.03314       6420.104       259.9002      2.9999999E-04   67.61290       7.735001    
           1        2021           8           5         IRRIGATE  0.6413632      0.6889085       73.54146       6474.172       254.1185      2.9999999E-04   67.63983       7.735001    
           1        2021           8           6         IRRIGATE  0.6484346      0.7019644       79.74319       6490.219       290.3338      2.9999999E-04   67.64253       7.735001    
           1        2021           8           7         IRRIGATE  0.6535746      0.7098928       84.49754       6508.161       306.8756      2.9999999E-04   67.61010       7.735001    
           1        2021           8           8         IRRIGATE  0.6591304      0.7189249       85.59398       6510.183       325.1086      2.9999999E-04   67.66013       7.735001    
           1        2021           8           9         IRRIGATE  0.6647325      0.7280802       88.18403       6506.631       341.6954      2.9999999E-04   67.67950       7.735001    
           1        2021           8          10         IRRIGATE  0.6695181      0.7350677       88.14582       6506.492       350.1365      2.9999999E-04   67.69746       7.735001    
           1        2021           8          11         IRRIGATE  0.6746289      0.7429187       91.09848       6503.950       360.4506      2.9999999E-04   67.72533       7.735001    
           1        2021           8          12         IRRIGATE  0.6809248      0.7539160       93.20013       6486.730       378.9916      2.9999999E-04   67.74898       7.735001    
           1        2021           8          13         IRRIGATE  0.6873928      0.7653700       94.58046       6467.773       397.1287      2.9999999E-04   67.77159       7.735001    
           1        2021           8          14         IRRIGATE  0.6939334      0.7770165       93.50533       6445.787       414.0765      2.9999999E-04   67.79433       7.735001    
           1        2021           8          15         IRRIGATE  0.7008081      0.7895503       92.35715       6419.659       431.6398      2.9999999E-04   67.81738       7.735001    
           1        2021           8          16         IRRIGATE  0.7074713      0.8015224       92.50107       6395.807       445.9453      2.9999999E-04   67.84067       7.735001    
           1        2021           8          17         IRRIGATE  0.7138817      0.8128235       92.04787       6374.612       457.1307      2.9999999E-04   67.86394       7.735001    
           1        2021           8          18         IRRIGATE  0.7198120      0.8228502       91.84602       6356.216       464.3076      2.9999999E-04   67.88671       7.735001    
           1        2021           8          19         IRRIGATE  0.7240166      0.8282952       91.44128       6350.064       460.5142      2.9999999E-04   67.90794       7.735001    
           1        2021           8          20         IRRIGATE  0.7276783      0.8322992       93.73053       6349.442       454.5372      2.9999999E-04   67.92711       7.735001    
           1        2021           8          21         IRRIGATE  0.7318956      0.8377780       97.49552       6346.190       453.0512      2.9999999E-04   67.94505       7.735001    
           1        2021           8          22         IRRIGATE  0.7367544      0.8449601       99.12883       6338.535       456.0038      2.9999999E-04   67.96246       7.735001    
           1        2021           8          23         IRRIGATE  0.7411123      0.8508121       101.3776       6334.258       456.0263      2.9999999E-04   67.97941       7.735001    
           1        2021           8          24         IRRIGATE  0.7456616      0.8571724       103.7377       6328.723       457.5204      2.9999999E-04   67.99586       7.735001    
           1        2021           8          25         IRRIGATE  0.7505137      0.8643366       106.6816       6320.741       460.9394      2.9999999E-04   68.01227       7.735001    
           1        2021           8          26         IRRIGATE  0.7553987      0.8715881       106.8193       6311.971       464.3886      2.9999999E-04   68.02876       7.735001    
           1        2021           8          27         IRRIGATE  0.7601962      0.8786073       108.6746       6303.740       467.2067      2.9999999E-04   68.04523       7.735001    
           1        2021           8          28         IRRIGATE  0.7646453      0.8847016       109.2986       6297.333       468.0134      2.9999999E-04   68.06148       7.735001    
           1        2021           8          29         IRRIGATE  0.7692970      0.8913337       111.1163       6290.259       470.1093      2.9999999E-04   68.07762       7.735001    
           1        2021           8          30         IRRIGATE  0.7742538      0.8987758       111.8083       6280.648       473.7764      2.9999999E-04   68.09402       7.735001    
           1        2021           8          31         IRRIGATE  0.7794057      0.9067360       112.4881       6269.963       478.2217      2.9999999E-04   68.11077       7.735001    
           1        2021           9           1         IRRIGATE  0.7841771      0.9136858       112.8667       6261.311       480.2821      2.9999999E-04   68.12749       7.735001    
           1        2021           9           2         IRRIGATE  0.7885312      0.9195279       115.9207       6253.745       480.2614      2.9999999E-04   68.14368       7.735001    
           1        2021           9           3         IRRIGATE  0.7925668      0.9245244       118.7714       6248.466       478.9128      2.9999999E-04   68.15924       7.735001    
           1        2021           9           4         IRRIGATE  0.7970031      0.9305848       121.2498       6240.635       480.2375      2.9999999E-04   68.17453       7.735001    
           1        2021           9           5         IRRIGATE  0.8013976      0.9365342       124.2960       6233.138       481.5128      2.9999999E-04   68.18475       7.735001    
           1        2021           9           6         IRRIGATE  0.8066902      0.9448676       123.7132       6219.728       487.7860      2.9999999E-04   68.20204       7.735001    
           1        2021           9           7         IRRIGATE  0.8116933      0.9524327       124.0877       6207.850       492.1023      2.9999999E-04   68.21594       7.735001    
           1        2021           9           8         IRRIGATE  0.8167092      0.9600316       126.4930       6195.491       496.2888      2.9999999E-04   68.23184       7.735001    
           1        2021           9           9         IRRIGATE  0.8226881      0.9701873       127.9093       6177.180       505.3503      2.9999999E-04   68.24961       7.735001    
           1        2021           9          10         IRRIGATE  0.8286865      0.9803946       129.6182       6158.095       513.6794      2.9999999E-04   68.26721       7.735001    
           1        2021           9          11         IRRIGATE  0.8354049      0.9925135       135.4989       6135.234       524.9105      2.9999999E-04   68.28580       7.735001    
           1        2021           9          12         IRRIGATE  0.8401920      0.9995050       141.9582       6123.492       525.0613      2.9999999E-04   68.30481       7.735001    
           1        2021           9          13         IRRIGATE  0.8453649       1.007521       145.2928       6123.492       510.3255      0.1775337       68.32381       7.735001    
           1        2021           9          14         IRRIGATE  0.8502977       1.014899       148.2953       6123.492       496.2100      0.3481961       68.34117       7.735001    
           1        2021           9          15         IRRIGATE  0.8548126       1.021168       153.2471       6123.492       482.8838      0.5103945       68.35731       7.735001    
           1        2021           9          16         IRRIGATE  0.8594486       1.027759       157.2705       6123.492       470.1830      0.6659265       68.37365       7.735001    
           1        2021           9          17         IRRIGATE  0.8634251       1.032598       160.9857       6123.492       458.3488      0.8120044       68.38891       7.735001    
           1        2021           9          18         IRRIGATE  0.8675519       1.037837       165.1008       6123.492       447.1767      0.9509184       68.40344       7.735001    
           1        2021           9          19         IRRIGATE  0.8731129       1.046883       167.3392       6123.492       435.9641       1.090632       68.41838       7.735001    
           1        2021           9          20         IRRIGATE  0.8760172       1.048876       178.9711       6123.492       425.8460       1.218330       68.43119       7.735001    
           1        2021           9          21         IRRIGATE  0.8788174       1.050593       183.2038       6123.492       416.5980       1.336356       68.44501       7.735001    
           1        2021           9          22         IRRIGATE  0.8819782       1.053267       187.4647       6123.492       407.9203       1.448105       68.45802       7.735001    
           1        2021           9          23         IRRIGATE  0.8860339       1.058317       192.2634       6123.492       399.4816       1.557387       68.47101       7.735001    
           1        2021           9          24         IRRIGATE  0.8899050       1.062877       196.4947       6123.492       391.3105       1.663848       68.48410       7.735001    
           1        2021           9          25         IRRIGATE  0.8940625       1.068197       200.0641       6123.492       383.3165       1.768513       68.49712       7.735001    
           1        2021           9          25 csil                                        HARV/KILL   0.8985856      0.0000000E+00   194.6989       6123.492       5282.110       1.768513       68.49712      0.0000000E+00  0.0000000E+00  0.0000000E+00  0.0000000E+00  0.0000000E+00  0.0000000E+00
           1        2022           6           1 csil                                        PLANT   0.2054314      0.0000000E+00   82.10205      0.0000000E+00   772.3629       31.06817       72.57371      0.0000000E+00   4.000000    
           1        2022           6           2         IRRIGATE  0.2054314      3.5830820E-03   82.10205       8.411265       764.6393       31.13792       72.58693       7.735001    
           1        2022           6           3         IRRIGATE  0.2099933      9.9770464E-03   86.75276       21.39901       756.9929       30.81257       72.54002       7.735001    
           1        2022           6           4         IRRIGATE  0.2149621      1.7450897E-02   88.59845       35.75474       749.0137       30.27574       72.51044       7.735001    
           1        2022           6           5         IRRIGATE  0.2192609      2.3146112E-02   90.96059       48.25840       740.9585       29.67600       72.47798       7.735001    
           1        2022           6           6         IRRIGATE  0.2235230      2.8744053E-02   97.23067       62.17653       732.8421       29.16468       72.47478       7.735001    
           1        2022           6           7         IRRIGATE  0.2275279      3.3659127E-02   101.8891       75.09074       724.7496       28.58765       72.45235       7.735001    
           1        2022           6           8         IRRIGATE  0.2314491      3.8351871E-02   101.4121       87.32890       716.6517       28.05846       72.45786       7.735001    
           1        2022           6           9         IRRIGATE  0.2358578      4.4338889E-02   103.4963       103.1137       708.3174       27.56433       72.45203       7.735001    
           1        2022           6          10         IRRIGATE  0.2406927      5.1457413E-02   103.3844       120.1656       699.5524       26.90949       72.42502       7.735001    
           1        2022           6          11         IRRIGATE  0.2462432      6.0475662E-02   103.0223       141.6131       690.0347       26.20502       72.41671       7.735001    
           1        2022           6          12         IRRIGATE  0.2524652      7.1276516E-02   102.8328       166.3009       679.5577       25.30855       72.37849       7.735001    
           1        2022           6          13         IRRIGATE  0.2569120      7.7364773E-02   108.3190       188.6036       669.5938       24.25628       72.34778       7.735001    
           1        2022           6          14         IRRIGATE  0.2596263      7.8853585E-02   112.8002       195.0470       660.9497       23.29990       72.34068       7.735001    
           1        2022           6          15         IRRIGATE  0.2624259      8.0568701E-02   114.1515       202.5816       653.1340       23.07672       72.41812       7.735001    
           1        2022           6          16         IRRIGATE  0.2658491      8.3939373E-02   114.7819       216.8051       645.5605       22.80467       72.40173       7.735001    
           1        2022           6          17         IRRIGATE  0.2712059      9.2443481E-02   114.2975       244.6715       637.2167       22.24147       72.38055       7.735001    
           1        2022           6          18         IRRIGATE  0.2767317      0.1013962       116.0572       277.2319       628.1235       21.05975       72.29710       7.735001    
           1        2022           6          19         IRRIGATE  0.2811374      0.1073753       116.0981       308.0483       619.2539       19.65783       72.26095       7.735001    
           1        2022           6          20         IRRIGATE  0.2847019      0.1111212       118.1343       330.8114       611.0513       18.32819       72.23412       7.735001    
           1        2022           6          21         IRRIGATE  0.2883345      0.1150477       119.0520       354.7494       603.2689       17.37239       72.25781       7.735001    
           1        2022           6          22         IRRIGATE  0.2925420      0.1205007       119.1791       387.6848       595.4357       16.37688       72.22353       7.735001    
           1        2022           6          23         IRRIGATE  0.2977007      0.1284788       120.8025       435.9669       587.0915       14.99935       72.17035       7.735001    
           1        2022           6          24         IRRIGATE  0.3030763      0.1370325       121.0367       488.8221       578.3001       12.94749       72.06593       7.735001    
           1        2022           6          25         IRRIGATE  0.3078641      0.1440260       120.6232       540.8648       569.5667       10.69679       72.01625       7.735001    
           1        2022           6          26         IRRIGATE  0.3125001      0.1506165       120.4218       596.3727       560.8981       8.503124       71.97225       7.735001    
           1        2022           6          27         IRRIGATE  0.3177971      0.1589618       121.5733       672.1319       551.8997       6.214604       71.91972       7.735001    
           1        2022           6          28         IRRIGATE  0.3236213      0.1687066       121.7728       755.1073       542.3954       3.098723       71.77374       7.735001    
           1        2022           6          29         IRRIGATE  0.3301782      0.1803967       120.2977       839.4944       532.2753      2.9999999E-04   71.72843       7.735001    
           1        2022           6          30         IRRIGATE  0.3356106      0.1891013       119.4224       940.5095       522.3045      2.9999999E-04   71.63021       7.735001    
           1        2022           7           1         IRRIGATE  0.3409764      0.1976293       119.8563       1059.410       512.3876      2.9999999E-04   71.49084       7.735001    
           1        2022           7           2         IRRIGATE  0.3467796      0.2073185       118.6734       1168.509       502.4124      2.9999999E-04   71.35824       7.735001    
           1        2022           7           3         IRRIGATE  0.3526001      0.2170533       119.6234       1291.985       492.4642      2.9999999E-04   71.34744       7.735001    
           1        2022           7           4         IRRIGATE  0.3583764      0.2266711       118.1240       1393.151       482.6487      2.9999999E-04   71.18056       7.735001    
           1        2022           7           5         IRRIGATE  0.3636315      0.2349052       116.0057       1479.060       473.1607      2.9999999E-04   71.23718       7.735001    
           1        2022           7           6         IRRIGATE  0.3694108      0.2445309       115.7702       1551.525       463.7221      2.9999999E-04   71.23717       7.735001    
           1        2022           7           7         IRRIGATE  0.3754848      0.2549387       114.7715       1611.774       454.2878      2.9999999E-04   71.28571       7.735001    
           1        2022           7           8         IRRIGATE  0.3816275      0.2655292       115.0739       1675.535       444.8695      2.9999999E-04   71.32024       7.735001    
           1        2022           7           9         IRRIGATE  0.3881261      0.2770645       113.5070       1732.628       435.4169      2.9999999E-04   71.32729       7.735001    
           1        2022           7          10         IRRIGATE  0.3943271      0.2878098       110.2920       1787.110       426.0667      2.9999999E-04   71.36015       7.735001    
           1        2022           7          11         IRRIGATE  0.4000332      0.2972409       109.2319       1849.373       416.9803      2.9999999E-04   71.35636       7.735001    
           1        2022           7          12         IRRIGATE  0.4057056      0.3065827       108.5092       1918.109       408.1292      2.9999999E-04   71.34463       7.735001    
           1        2022           7          13         IRRIGATE  0.4118191      0.3170958       107.6675       1980.893       399.3564      2.9999999E-04   71.35851       7.735001    
           1        2022           7          14         IRRIGATE  0.4190236      0.3305050       111.4890       2084.182       390.5060      2.9999999E-04   71.39761       7.735001    
           1        2022           7          15         IRRIGATE  0.4260442      0.3434259       109.3271       2157.466       381.6991      2.9999999E-04   71.35213       7.735001    
           1        2022           7          16         IRRIGATE  0.4330737      0.3563707       107.2541       2252.650       372.9673      2.9999999E-04   71.40563       7.735001    
           1        2022           7          17         IRRIGATE  0.4400233      0.3691030       105.1975       2356.276       364.3471      2.9999999E-04   71.38896       7.735001    
           1        2022           7          18         IRRIGATE  0.4471074      0.3821927       103.2453       2457.371       355.8574      2.9999999E-04   71.35644       7.735001    
           1        2022           7          19         IRRIGATE  0.4534647      0.3933529       102.2023       2591.659       347.6073      2.9999999E-04   71.33480       7.735001    
           1        2022           7          20         IRRIGATE  0.4596007      0.4039254       100.9702       2718.168       339.5849      2.9999999E-04   71.20866       7.735001    
           1        2022           7          21         IRRIGATE  0.4664673      0.4164374       99.70922       2845.616       331.7031      2.9999999E-04   71.27268       7.735001    
           1        2022           7          22         IRRIGATE  0.4729726      0.4279906       99.29921       2989.658       323.9951      2.9999999E-04   71.19368       7.735001    
           1        2022           7          23         IRRIGATE  0.4790338      0.4383647       99.19327       3116.329       316.5142      2.9999999E-04   71.12464       7.735001    
           1        2022           7          24         IRRIGATE  0.4851429      0.4488658       100.7512       3238.778       309.2488      2.9999999E-04   71.15468       7.735001    
           1        2022           7          25         IRRIGATE  0.4909850      0.4586582       99.49796       3358.964       302.2140      2.9999999E-04   71.10760       7.735001    
           1        2022           7          26         IRRIGATE  0.4969909      0.4688854       98.98317       3486.084       295.3801      2.9999999E-04   71.11122       7.735001    
           1        2022           7          27         IRRIGATE  0.5032196      0.4797041       101.0111       3611.644       288.7016      2.9999999E-04   71.07082       7.735001    
           1        2022           7          28         IRRIGATE  0.5099044      0.4917338       95.76466       3711.285       282.1360      2.9999999E-04   71.08100       7.735001    
           1        2022           7          29         IRRIGATE  0.5166640      0.5039619       95.02911       3828.723       275.6755      2.9999999E-04   71.12178       7.735001    
           1        2022           7          30         IRRIGATE  0.5232472      0.5157216       95.27670       3938.964       269.3493      2.9999999E-04   71.04544       7.735001    
           1        2022           7          31         IRRIGATE  0.5299627      0.5278326       93.62061       4052.332       263.1445      2.9999999E-04   71.07671       7.735001    
           1        2022           8           1         IRRIGATE  0.5368568      0.5404180       93.12495       4153.328       257.0320      2.9999999E-04   71.03853       7.735001    
           1        2022           8           2         IRRIGATE  0.5436882      0.5528367       92.44663       4243.622       251.0748      2.9999999E-04   71.06207       7.735001    
           1        2022           8           3         IRRIGATE  0.5505727      0.5653964       88.40910       4330.559       245.2818      2.9999999E-04   71.06300       7.735001    
           1        2022           8           4         IRRIGATE  0.5571491      0.5771381       87.65493       4428.904       239.6551      2.9999999E-04   71.05302       7.735001    
           1        2022           8           5         IRRIGATE  0.5637308      0.5888938       89.56532       4515.873       234.1858      2.9999999E-04   71.01784       7.735001    
           1        2022           8           6         IRRIGATE  0.5698481      0.5994168       94.88280       4616.113       228.9280      2.9999999E-04   71.02555       7.735001    
           1        2022           8           7         IRRIGATE  0.5760058      0.6100469       99.09270       4702.460       223.8570      2.9999999E-04   70.97345       7.735001    
           1        2022           8           8         IRRIGATE  0.5815712      0.6191049       100.2769       4762.182       218.9973      2.9999999E-04   70.98692       7.735001    
           1        2022           8           9         IRRIGATE  0.5878792      0.6301340       98.58006       4812.511       214.2514      2.9999999E-04   71.03647       7.735001    
           1        2022           8          10         IRRIGATE  0.5944653      0.6419016       97.61341       4862.898       209.5892      2.9999999E-04   71.04514       7.735001    
           1        2022           8          11         IRRIGATE  0.6007538      0.6528791       101.6659       4927.699       205.0728      2.9999999E-04   71.04496       7.735001    
           1        2022           8          12         IRRIGATE  0.6073953      0.6647936       102.4061       4970.263       200.6385      2.9999999E-04   71.02200       7.735001    
           1        2022           8          13         IRRIGATE  0.6148742      0.6789314       102.6348       5010.533       196.2159      2.9999999E-04   71.06817       7.735001    
           1        2022           8          14         IRRIGATE  0.6217371      0.6914334       103.2639       5052.800       191.8742      2.9999999E-04   71.08505       7.735001    
           1        2022           8          15         IRRIGATE  0.6280383      0.7024447       102.1492       5062.220       215.3431      2.9999999E-04   71.06522       7.735001    
           1        2022           8          16         IRRIGATE  0.6343986      0.7136128       103.1026       5065.562       236.7264      2.9999999E-04   71.09093       7.735001    
           1        2022           8          17         IRRIGATE  0.6409152      0.7251958       101.9590       5060.099       256.5517      2.9999999E-04   71.10577       7.735001    
           1        2022           8          18         IRRIGATE  0.6474669      0.7368720       102.2633       5053.787       273.9438      2.9999999E-04   71.13340       7.735001    
           1        2022           8          19         IRRIGATE  0.6537816      0.7479190       103.2456       5042.642       287.5951      2.9999999E-04   71.15361       7.735001    
           1        2022           8          20         IRRIGATE  0.6603169      0.7595516       103.3760       5030.154       301.4237      2.9999999E-04   71.17608       7.735001    
           1        2022           8          21         IRRIGATE  0.6667243      0.7708448       103.9326       5016.464       313.3441      2.9999999E-04   71.19729       7.735001    
           1        2022           8          22         IRRIGATE  0.6731086      0.7820764       104.5838       5000.252       324.0786      2.9999999E-04   71.21819       7.735001    
           1        2022           8          23         IRRIGATE  0.6799295      0.7944673       104.8913       4982.743       336.1342      2.9999999E-04   71.23903       7.735001    
           1        2022           8          24         IRRIGATE  0.6860333      0.8049545       103.5225       4968.084       343.2643      2.9999999E-04   71.25967       7.735001    
           1        2022           8          25         IRRIGATE  0.6917947      0.8145326       103.8614       4956.523       348.0851      2.9999999E-04   71.27979       7.735001    
           1        2022           8          26         IRRIGATE  0.6979180      0.8250714       105.7601       4943.879       354.3502      2.9999999E-04   71.29955       7.735001    
           1        2022           8          27         IRRIGATE  0.7041175      0.8358127       106.0524       4930.437       360.4345      2.9999999E-04   71.31912       7.735001    
           1        2022           8          28         IRRIGATE  0.7096845      0.8448746       105.4257       4919.546       363.0187      2.9999999E-04   71.33821       7.735001    
           1        2022           8          29         IRRIGATE  0.7150398      0.8533748       107.1512       4910.960       364.5896      2.9999999E-04   71.35667       7.735001    
           1        2022           8          30         IRRIGATE  0.7207720      0.8628754       107.0753       4900.541       367.8913      2.9999999E-04   71.37480       7.735001    
           1        2022           8          31         IRRIGATE  0.7270628      0.8738589       109.9497       4888.147       373.4230      2.9999999E-04   71.39305       7.735001    
           1        2022           9           1         IRRIGATE  0.7338419      0.8861386       108.5375       4873.014       380.5015      2.9999999E-04   71.41170       7.735001    
           1        2022           9           2         IRRIGATE  0.7404721      0.8980233       108.5349       4856.649       386.3023      2.9999999E-04   71.43039       7.735001    
           1        2022           9           3         IRRIGATE  0.7462918      0.9077562       108.2043       4844.244       388.1589      2.9999999E-04   71.44868       7.735001    
           1        2022           9           4         IRRIGATE  0.7528241      0.9193809       108.0469       4829.125       393.1123      2.9999999E-04   71.46688       7.735001    
           1        2022           9           5         IRRIGATE  0.7597587      0.9320735       110.0338       4812.688       399.3584      2.9999999E-04   71.48531       7.735001    
           1        2022           9           6         IRRIGATE  0.7658102      0.9424218       113.2544       4799.510       401.3543      2.9999999E-04   71.50354       7.735001    
           1        2022           9           7         IRRIGATE  0.7724120      0.9542311       114.2258       4783.468       405.6075      2.9999999E-04   71.52187       7.735001    
           1        2022           9           8         IRRIGATE  0.7793002      0.9668006       117.7040       4766.158       410.6765      2.9999999E-04   71.54018       7.735001    
           1        2022           9           9         IRRIGATE  0.7850167      0.9762596       118.3150       4754.021       410.5487      2.9999999E-04   71.55862       7.735001    
           1        2022           9          10         IRRIGATE  0.7889416      0.9809623       120.9141       4749.884       403.6358      2.9999999E-04   71.57477       7.735001    
           1        2022           9          11         IRRIGATE  0.7931080      0.9863061       124.1135       4744.503       399.0352      2.9999999E-04   71.58991       7.735001    
           1        2022           9          12         IRRIGATE  0.7981112      0.9938713       125.8412       4734.770       398.7226      2.9999999E-04   71.60519       7.735001    
           1        2022           9          13         IRRIGATE  0.8032998       1.001929       129.3085       4734.770       386.0895      0.1562571       71.61929       7.735001    
           1        2022           9          14         IRRIGATE  0.8080659       1.008865       132.4922       4734.770       374.2975      0.3030488       71.63386       7.735001    
           1        2022           9          15         IRRIGATE  0.8126795       1.015395       135.6445       4734.770       363.3034      0.4411205       71.64771       7.735001    
           1        2022           9          16         IRRIGATE  0.8173663       1.022121       137.5364       4734.770       352.9578      0.5721168       71.66115       7.735001    
           1        2022           9          17         IRRIGATE  0.8215073       1.027397       143.6930       4734.770       343.4008      0.6944696       71.67297       7.735001    
           1        2022           9          18         IRRIGATE  0.8255594       1.032437       147.2748       4734.770       334.5295      0.8092527       71.68622       7.735001    
           1        2022           9          19         IRRIGATE  0.8309080       1.040920       149.7220       4734.770       325.7657      0.9231635       71.69914       7.735001    
           1        2022           9          20         IRRIGATE  0.8357145       1.047963       153.3088       4734.770       317.3240       1.033701       71.71119       7.735001    
           1        2022           9          21         IRRIGATE  0.8408351       1.055840       159.1124       4734.770       309.0697       1.142489       71.72399       7.735001    
           1        2022           9          22         IRRIGATE  0.8455272       1.062579       165.0057       4734.770       301.1448       1.247836       71.73731       7.735001    
           1        2022           9          23         IRRIGATE  0.8490505       1.066216       168.6855       4734.770       293.8744       1.345795       71.75011       7.735001    
           1        2022           9          24         IRRIGATE  0.8528610       1.070615       171.4803       4734.770       287.0515       1.438750       71.76202       7.735001    
           1        2022           9          25         IRRIGATE  0.8568652       1.075528       174.0357       4734.770       280.5547       1.528111       71.77329       7.735001    
           1        2022           9          25 csil                                        HARV/KILL   0.8612934      0.0000000E+00   169.3995       4734.770       4068.371       1.528111       71.77329      0.0000000E+00  0.0000000E+00  0.0000000E+00  0.0000000E+00  0.0000000E+00  0.0000000E+00
           1        2023           6           1 csil                                        PLANT   0.2241497      0.0000000E+00   53.09971      0.0000000E+00   793.6172       23.89359       75.33048      0.0000000E+00   4.000000    
           1        2023           6           2         IRRIGATE  0.2241497      5.8182878E-03   53.09971       12.54677       785.6811       23.96544       75.34315       7.735001    
           1        2023           6           3         IRRIGATE  0.2288657      1.2621179E-02   58.68969       26.24317       775.2787       23.46556       75.26872       7.735001    
           1        2023           6           4         IRRIGATE  0.2332789      1.8620111E-02   62.61319       39.47340       764.9207       22.91236       75.26063       7.735001    
           1        2023           6           5         IRRIGATE  0.2382476      2.6093964E-02   66.27412       54.34619       754.3175       22.38412       75.23213       7.735001    
           1        2023           6           6         IRRIGATE  0.2431132      3.3293873E-02   68.65334       70.59952       743.5742       21.78111       75.20927       7.735001    
           1        2023           6           7         IRRIGATE  0.2485366      4.1974656E-02   71.64896       88.95394       732.2711       21.11978       75.19275       7.735001    
           1        2023           6           8         IRRIGATE  0.2535510      4.9569599E-02   73.08959       106.6683       720.8609       20.36262       75.17092       7.735001    
           1        2023           6           9         IRRIGATE  0.2587261      5.7591334E-02   73.76292       126.1453       709.4233       19.63833       75.16753       7.735001    
           1        2023           6          10         IRRIGATE  0.2628514      6.2826008E-02   78.27715       143.3039       698.6876       18.82663       75.13937       7.735001    
           1        2023           6          11         IRRIGATE  0.2671779      6.8594664E-02   79.31680       160.5289       688.3434       18.12288       75.14825       7.735001    
           1        2023           6          12         IRRIGATE  0.2725781      7.7213913E-02   95.11928       187.9931       677.6362       17.42638       75.13487       7.735001    
           1        2023           6          13         IRRIGATE  0.2774765      8.4501162E-02   98.31161       215.1898       667.0942       16.25463       75.06234       7.735001    
           1        2023           6          14         IRRIGATE  0.2825335      9.2209250E-02   102.1895       245.9167       656.6797       15.10165       75.06083       7.735001    
           1        2023           6          15         IRRIGATE  0.2868682      9.7999752E-02   103.7947       271.7018       646.7941       13.78225       75.00131       7.735001    
           1        2023           6          16         IRRIGATE  0.2906674      0.1023689       104.7749       293.8391       637.5500       12.68757       75.01732       7.735001    
           1        2023           6          17         IRRIGATE  0.2948989      0.1078855       105.9826       322.5919       628.5881       11.76878       75.00658       7.735001    
           1        2023           6          18         IRRIGATE  0.2994078      0.1141385       106.2868       354.2627       619.6541       10.55420       74.95210       7.735001    
           1        2023           6          19         IRRIGATE  0.3033439      0.1188709       106.6573       382.6668       611.2510       9.200535       74.92049       7.735001    
           1        2023           6          20         IRRIGATE  0.3062414      0.1208461       109.1388       397.0955       603.6857       7.978317       74.90544       7.735001    
           1        2023           6          21         IRRIGATE  0.3089438      0.1223032       111.1588       408.0872       596.7985       7.392072       74.96367       7.735001    
           1        2023           6          22         IRRIGATE  0.3117546      0.1240480       113.9522       421.4833       590.2844       6.964300       74.95562       7.735001    
           1        2023           6          23         IRRIGATE  0.3158365      0.1291676       114.0965       457.0791       583.6025       6.456906       74.96014       7.735001    
           1        2023           6          24         IRRIGATE  0.3203588      0.1354563       118.5865       504.9385       576.7441       4.953176       74.82333       7.735001    
           1        2023           6          25         IRRIGATE  0.3248894      0.1417669       120.4926       551.9068       569.6575       2.908248       74.76260       7.735001    
           1        2023           6          26         IRRIGATE  0.3304676      0.1508586       121.0264       615.0649       561.9520      0.9715071       74.74491       7.735001    
           1        2023           6          27         IRRIGATE  0.3349705      0.1570957       121.1908       674.9595       554.2637      2.9999999E-04   74.58885       7.735001    
           1        2023           6          28         IRRIGATE  0.3397920      0.1641785       120.7260       742.9772       546.5746      2.9999999E-04   74.60033       7.735001    
           1        2023           6          29         IRRIGATE  0.3443689      0.1706122       123.7712       816.4703       538.8929      2.9999999E-04   74.47026       7.735001    
           1        2023           6          30         IRRIGATE  0.3494364      0.1783481       124.0731       901.3519       531.0232      2.9999999E-04   74.42685       7.735001    
           1        2023           7           1         IRRIGATE  0.3553413      0.1883073       123.2678       976.5671       522.5779      2.9999999E-04   74.32167       7.735001    
           1        2023           7           2         IRRIGATE  0.3616979      0.1994654       123.8584       1040.124       513.5046      2.9999999E-04   74.35625       7.735001    
           1        2023           7           3         IRRIGATE  0.3678660      0.2101234       124.0537       1104.815       504.0340      2.9999999E-04   74.34872       7.735001    
           1        2023           7           4         IRRIGATE  0.3738390      0.2202632       123.0064       1163.416       494.4200      2.9999999E-04   74.31437       7.735001    
           1        2023           7           5         IRRIGATE  0.3795383      0.2296765       122.5055       1209.222       484.8650      2.9999999E-04   74.32334       7.735001    
           1        2023           7           6         IRRIGATE  0.3843575      0.2367533       123.9021       1255.560       475.6852      2.9999999E-04   74.32979       7.735001    
           1        2023           7           7         IRRIGATE  0.3898347      0.2455770       122.5794       1290.349       466.5585      2.9999999E-04   74.34297       7.735001    
           1        2023           7           8         IRRIGATE  0.3955572      0.2550518       122.1195       1322.872       457.5070      2.9999999E-04   74.39778       7.735001    
           1        2023           7           9         IRRIGATE  0.4014592      0.2650031       122.7456       1361.437       448.4387      2.9999999E-04   74.42113       7.735001    
           1        2023           7          10         IRRIGATE  0.4076108      0.2756173       121.7909       1400.658       439.3302      2.9999999E-04   74.44058       7.735001    
           1        2023           7          11         IRRIGATE  0.4141678      0.2873075       122.1288       1447.803       430.1636      2.9999999E-04   74.45913       7.735001    
           1        2023           7          12         IRRIGATE  0.4199561      0.2969570       122.2255       1492.779       421.1833      2.9999999E-04   74.47682       7.735001    
           1        2023           7          13         IRRIGATE  0.4257937      0.3067375       121.1379       1542.987       412.3252      2.9999999E-04   74.47405       7.735001    
           1        2023           7          14         IRRIGATE  0.4313465      0.3157617       118.6018       1593.729       403.6999      2.9999999E-04   74.46030       7.735001    
           1        2023           7          15         IRRIGATE  0.4371594      0.3254767       117.5604       1648.130       395.2557      2.9999999E-04   74.48544       7.735001    
           1        2023           7          16         IRRIGATE  0.4434128      0.3363610       118.0750       1713.163       386.8484      2.9999999E-04   74.49602       7.735001    
           1        2023           7          17         IRRIGATE  0.4502106      0.3486903       115.7610       1783.514       378.3637      2.9999999E-04   74.49704       7.735001    
           1        2023           7          18         IRRIGATE  0.4568543      0.3606108       113.2278       1864.144       369.9653      2.9999999E-04   74.48637       7.735001    
           1        2023           7          19         IRRIGATE  0.4628624      0.3708439       112.8573       1953.771       361.7740      2.9999999E-04   74.43281       7.735001    
           1        2023           7          20         IRRIGATE  0.4688092      0.3809143       111.6110       2039.066       353.7869      2.9999999E-04   74.40699       7.735001    
           1        2023           7          21         IRRIGATE  0.4752144      0.3922015       111.9038       2133.499       345.9061      2.9999999E-04   74.42888       7.735001    
           1        2023           7          22         IRRIGATE  0.4821078      0.4047849       110.8253       2231.236       338.0691      2.9999999E-04   74.40331       7.735001    
           1        2023           7          23         IRRIGATE  0.4888749      0.4170329       109.0873       2328.151       330.3081      2.9999999E-04   74.38976       7.735001    
           1        2023           7          24         IRRIGATE  0.4960742      0.4304283       109.9992       2436.081       322.6159      2.9999999E-04   74.40122       7.735001    
           1        2023           7          25         IRRIGATE  0.5028248      0.4426326       110.2180       2556.298       315.0928      2.9999999E-04   74.33759       7.735001    
           1        2023           7          26         IRRIGATE  0.5093123      0.4541382       107.8500       2680.040       307.7668      2.9999999E-04   74.29340       7.735001    
           1        2023           7          27         IRRIGATE  0.5150954      0.4637738       106.7897       2792.644       300.6764      2.9999999E-04   74.23278       7.735001    
           1        2023           7          28         IRRIGATE  0.5217054      0.4756049       105.6406       2893.227       293.7404      2.9999999E-04   74.27480       7.735001    
           1        2023           7          29         IRRIGATE  0.5277613      0.4859651       104.4407       2993.675       286.9991      2.9999999E-04   74.24288       7.735001    
           1        2023           7          30         IRRIGATE  0.5341179      0.4971232       103.6419       3092.343       280.3988      2.9999999E-04   74.24720       7.735001    
           1        2023           7          31         IRRIGATE  0.5405859      0.5085772       102.0024       3194.816       273.9507      2.9999999E-04   74.23273       7.735001    
           1        2023           8           1         IRRIGATE  0.5468416      0.5194674       99.21049       3285.637       267.6617      2.9999999E-04   74.20341       7.735001    
           1        2023           8           2         IRRIGATE  0.5530725      0.5302920       101.5390       3360.582       261.5838      2.9999999E-04   74.22000       7.735001    
           1        2023           8           3         IRRIGATE  0.5588219      0.5398383       102.0978       3432.566       255.7795      2.9999999E-04   74.22153       7.735001    
           1        2023           8           4         IRRIGATE  0.5641825      0.5483524       103.6547       3511.585       250.2698      2.9999999E-04   74.20860       7.735001    
           1        2023           8           5         IRRIGATE  0.5697547      0.5574282       104.0117       3573.905       245.0051      2.9999999E-04   74.19116       7.735001    
           1        2023           8           6         IRRIGATE  0.5755094      0.5669883       103.4062       3634.824       239.9264      2.9999999E-04   74.22820       7.735001    
           1        2023           8           7         IRRIGATE  0.5808744      0.5755143       105.7830       3697.660       235.0754      2.9999999E-04   74.20385       7.735001    
           1        2023           8           8         IRRIGATE  0.5860181      0.5834527       106.6493       3748.315       230.4770      2.9999999E-04   74.19954       7.735001    
           1        2023           8           9         IRRIGATE  0.5907267      0.5902358       112.8381       3803.402       226.1602      2.9999999E-04   74.21035       7.735001    
           1        2023           8          10         IRRIGATE  0.5963908      0.5995557       116.0889       3844.888       221.9240      2.9999999E-04   74.21284       7.735001    
           1        2023           8          11         IRRIGATE  0.6023048      0.6095387       117.9925       3890.077       217.7474      2.9999999E-04   74.24909       7.735001    
           1        2023           8          12         IRRIGATE  0.6081409      0.6193153       119.7934       3930.752       213.6287      2.9999999E-04   74.23580       7.735001    
           1        2023           8          13         IRRIGATE  0.6141535      0.6295603       119.8332       3968.931       209.5541      2.9999999E-04   74.26143       7.735001    
           1        2023           8          14         IRRIGATE  0.6200995      0.6396286       119.9429       4007.430       205.5375      2.9999999E-04   74.26278       7.735001    
           1        2023           8          15         IRRIGATE  0.6263888      0.6506082       118.0261       4043.149       201.5433      2.9999999E-04   74.27406       7.735001    
           1        2023           8          16         IRRIGATE  0.6329540      0.6623202       116.7229       4072.455       197.5261      2.9999999E-04   74.28502       7.735001    
           1        2023           8          17         IRRIGATE  0.6398198      0.6748302       116.1918       4102.361       193.4786      2.9999999E-04   74.30469       7.735001    
           1        2023           8          18         IRRIGATE  0.6462377      0.6861511       121.8220       4143.523       189.4823      2.9999999E-04   74.30937       7.735001    
           1        2023           8          19         IRRIGATE  0.6525344      0.6971505       129.7500       4178.707       185.5561      2.9999999E-04   74.29003       7.735001    
           1        2023           8          20         IRRIGATE  0.6585186      0.7073202       133.0654       4187.697       203.0573      2.9999999E-04   74.30920       7.735001    
           1        2023           8          21         IRRIGATE  0.6639592      0.7160466       139.8123       4189.453       215.9682      2.9999999E-04   74.31207       7.735001    
           1        2023           8          22         IRRIGATE  0.6701789      0.7268414       141.3018       4179.196       231.6286      2.9999999E-04   74.34448       7.735001    
           1        2023           8          23         IRRIGATE  0.6758648      0.7362190       141.4643       4169.317       242.6679      2.9999999E-04   74.36507       7.735001    
           1        2023           8          24         IRRIGATE  0.6811761      0.7446020       141.9984       4159.866       250.4693      2.9999999E-04   74.38313       7.735001    
           1        2023           8          25         IRRIGATE  0.6867729      0.7537434       142.0725       4148.732       258.6084      2.9999999E-04   74.39963       7.735001    
           1        2023           8          26         IRRIGATE  0.6929994      0.7645561       143.3640       4135.006       268.8568      2.9999999E-04   74.41693       7.735001    
           1        2023           8          27         IRRIGATE  0.6985267      0.7735128       148.2596       4124.892       275.0217      2.9999999E-04   74.43343       7.735001    
           1        2023           8          28         IRRIGATE  0.7048205      0.7845042       150.3092       4110.226       284.1386      2.9999999E-04   74.45168       7.735001    
           1        2023           8          29         IRRIGATE  0.7109363      0.7950232       149.7427       4096.462       291.5651      2.9999999E-04   74.47157       7.735001    
           1        2023           8          30         IRRIGATE  0.7175950      0.8069834       150.2695       4081.305       300.4979      2.9999999E-04   74.49040       7.735001    
           1        2023           8          31         IRRIGATE  0.7221076      0.8132463       152.7387       4075.178       299.6895      2.9999999E-04   74.50416       7.735001    
           1        2023           9           1         IRRIGATE  0.7266195      0.8195073       153.7010       4070.350       299.2669      2.9999999E-04   74.51976       7.735001    
           1        2023           9           2         IRRIGATE  0.7312862      0.8261791       165.8771       4065.194       299.9792      2.9999999E-04   74.53636       7.735001    
           1        2023           9           3         IRRIGATE  0.7364890      0.8342744       172.2861       4058.429       303.1246      2.9999999E-04   74.55408       7.735001    
           1        2023           9           4         IRRIGATE  0.7405829      0.8394256       179.8822       4056.098       301.9732      2.9999999E-04   74.57071       7.735001    
           1        2023           9           5         IRRIGATE  0.7448450      0.8450236       185.3793       4053.691       302.0175      2.9999999E-04   74.58649       7.735001    
           1        2023           9           6         IRRIGATE  0.7492492      0.8509987       190.6113       4050.928       302.9639      2.9999999E-04   74.60145       7.735001    
           1        2023           9           7         IRRIGATE  0.7537656      0.8572716       194.8897       4047.702       304.5507      2.9999999E-04   74.61598       7.735001    
           1        2023           9           8         IRRIGATE  0.7589632      0.8653528       198.4527       4040.768       308.8120      2.9999999E-04   74.63040       7.735001    
           1        2023           9           9         IRRIGATE  0.7639469      0.8728663       200.5909       4035.027       312.0206      2.9999999E-04   74.64462       7.735001    
           1        2023           9          10         IRRIGATE  0.7691004      0.8808305       203.0779       4027.652       315.7240      2.9999999E-04   74.65841       7.735001    
           1        2023           9          11         IRRIGATE  0.7743600      0.8890766       205.7417       4020.052       319.5989      2.9999999E-04   74.67186       7.735001    
           1        2023           9          12         IRRIGATE  0.7796981      0.8975311       208.2331       4012.366       323.5020      2.9999999E-04   74.68575       7.735001    
           1        2023           9          13         IRRIGATE  0.7851058      0.9061702       209.6337       4003.883       327.3754      2.9999999E-04   74.69989       7.735001    
           1        2023           9          14         IRRIGATE  0.7900320      0.9135309       211.8238       3997.695       329.2614      2.9999999E-04   74.71342       7.735001    
           1        2023           9          15         IRRIGATE  0.7946209      0.9199963       214.8692       3992.784       329.9443      2.9999999E-04   74.72668       7.735001    
           1        2023           9          16         IRRIGATE  0.7990984      0.9261659       218.7964       3988.380       330.3665      2.9999999E-04   74.74055       7.735001    
           1        2023           9          17         IRRIGATE  0.8039826      0.9334155       220.6116       3982.647       332.3587      2.9999999E-04   74.75500       7.735001    
           1        2023           9          18         IRRIGATE  0.8090703      0.9412050       222.8195       3976.076       334.9962      2.9999999E-04   74.76888       7.735001    
           1        2023           9          19         IRRIGATE  0.8138050      0.9480575       224.1269       3970.331       336.2624      2.9999999E-04   74.78227       7.735001    
           1        2023           9          20         IRRIGATE  0.8183752      0.9544733       226.9182       3965.399       336.9767      2.9999999E-04   74.79489       7.735001    
           1        2023           9          21         IRRIGATE  0.8218350      0.9579412       230.4403       3964.693       333.9327      2.9999999E-04   74.80800       7.735001    
           1        2023           9          22         IRRIGATE  0.8247848      0.9600553       236.7716       3966.243       329.5584      2.9999999E-04   74.82124       7.735001    
           1        2023           9          23         IRRIGATE  0.8278281      0.9624175       246.7380       3967.806       326.0069      2.9999999E-04   74.83036       7.735001    
           1        2023           9          24         IRRIGATE  0.8310404      0.9652284       248.8072       3968.868       323.4140      2.9999999E-04   74.83948       7.735001    
           1        2023           9          25         IRRIGATE  0.8350820      0.9702408       250.0188       3966.496       324.0407      2.9999999E-04   74.85059       7.735001    
           1        2023           9          25 csil                                        HARV/KILL   0.8401622      0.0000000E+00   245.0949       3966.496       3473.630      2.9999999E-04   74.85059      0.0000000E+00  0.0000000E+00  0.0000000E+00  0.0000000E+00  0.0000000E+00  0.0000000E+00
           1        2024           6           1 csil                                        PLANT   0.2439971      0.0000000E+00   68.27379      0.0000000E+00   459.3340       22.17367       78.25657      0.0000000E+00   4.000000    
           1        2024           6           2         IRRIGATE  0.2439971      4.9766125E-03   68.27379       10.70608       454.7407       22.22037       78.26756       7.735001    
           1        2024           6           3         IRRIGATE  0.2487056      1.1759652E-02   74.38548       24.68215       449.6136       21.76920       78.20261       7.735001    
           1        2024           6           4         IRRIGATE  0.2531569      1.7859822E-02   79.17939       38.35751       444.3863       21.16654       78.17812       7.735001    
           1        2024           6           5         IRRIGATE  0.2576778      2.4144607E-02   82.87230       52.27515       438.9928       20.58050       78.15733       7.735001    
           1        2024           6           6         IRRIGATE  0.2625919      3.1473543E-02   87.15128       68.91552       433.3174       19.98688       78.14796       7.735001    
           1        2024           6           7         IRRIGATE  0.2679742      4.0045150E-02   90.36998       87.32552       427.1412       19.27175       78.12026       7.735001    
           1        2024           6           8         IRRIGATE  0.2738275      4.9867358E-02   93.58846       105.9991       420.3825       18.48164       78.10318       7.735001    
           1        2024           6           9         IRRIGATE  0.2799957      6.0525283E-02   94.75047       125.7678       413.0761       17.68791       78.08955       7.735001    
           1        2024           6          10         IRRIGATE  0.2856778      6.9892906E-02   96.90475       147.5230       405.6529       16.84740       78.06892       7.735001    
           1        2024           6          11         IRRIGATE  0.2907340      7.7599011E-02   97.94329       170.1492       398.3819       15.91566       78.04288       7.735001    
           1        2024           6          12         IRRIGATE  0.2965058      8.7204844E-02   98.30365       199.9572       390.8837       14.95375       78.02667       7.735001    
           1        2024           6          13         IRRIGATE  0.3020638      9.6242942E-02   99.65937       230.8435       383.4091       13.66504       77.96216       7.735001    
           1        2024           6          14         IRRIGATE  0.3076330      0.1053108       99.43587       265.1002       375.8569       12.33756       77.94689       7.735001    
           1        2024           6          15         IRRIGATE  0.3136374      0.1155340       99.09267       307.4784       368.2776       10.87249       77.89748       7.735001    
           1        2024           6          16         IRRIGATE  0.3178195      0.1209195       100.4888       342.4604       361.3748       9.019198       77.81503       7.735001    
           1        2024           6          17         IRRIGATE  0.3210715      0.1238356       101.8893       364.0405       355.2970       7.492696       77.82843       7.735001    
           1        2024           6          18         IRRIGATE  0.3235211      0.1246217       105.0219       370.2470       350.1850       6.562760       77.85102       7.735001    
           1        2024           6          19         IRRIGATE  0.3261928      0.1259974       107.2545       381.1884       345.6143       6.339278       77.91647       7.735001    
           1        2024           6          20         IRRIGATE  0.3299621      0.1302872       109.0236       414.3851       341.1317       5.920979       77.88348       7.735001    
           1        2024           6          21         IRRIGATE  0.3348479      0.1375407       110.4584       466.9639       336.4185       4.518271       77.77026       7.735001    
           1        2024           6          22         IRRIGATE  0.3400200      0.1455545       111.2628       526.6579       331.4362       2.263104       77.66319       7.735001    
           1        2024           6          23         IRRIGATE  0.3460304      0.1557935       111.5755       587.1775       325.9377      2.9999999E-04   77.60815       7.735001    
           1        2024           6          24         IRRIGATE  0.3526345      0.1676088       110.2445       650.8646       319.9187      2.9999999E-04   77.56934       7.735001    
           1        2024           6          25         IRRIGATE  0.3591540      0.1791997       108.2339       727.4415       313.6011      2.9999999E-04   77.51132       7.735001    
           1        2024           6          26         IRRIGATE  0.3650201      0.1890557       108.6223       818.8450       307.2260      2.9999999E-04   77.39398       7.735001    
           1        2024           6          27         IRRIGATE  0.3715479      0.2006684       108.5816       906.2524       300.7736      2.9999999E-04   77.30249       7.735001    
           1        2024           6          28         IRRIGATE  0.3765256      0.2081661       106.3854       988.5683       294.6758      2.9999999E-04   77.23270       7.735001    
           1        2024           6          29         IRRIGATE  0.3811669      0.2147705       107.0014       1055.408       288.9188      2.9999999E-04   77.18654       7.735001    
           1        2024           6          30         IRRIGATE  0.3865574      0.2233639       107.2755       1094.183       283.2070      2.9999999E-04   77.23203       7.735001    
           1        2024           7           1         IRRIGATE  0.3922806      0.2328407       105.2702       1126.556       277.5861      2.9999999E-04   77.32891       7.735001    
           1        2024           7           2         IRRIGATE  0.3974393      0.2408188       106.5723       1156.047       272.1743      2.9999999E-04   77.31018       7.735001    
           1        2024           7           3         IRRIGATE  0.4021568      0.2476256       106.8859       1181.537       267.0197      2.9999999E-04   77.32762       7.735001    
           1        2024           7           4         IRRIGATE  0.4072422      0.2554092       105.8367       1204.934       262.0323      2.9999999E-04   77.35836       7.735001    
           1        2024           7           5         IRRIGATE  0.4118940      0.2620413       106.7835       1228.841       257.2323      2.9999999E-04   77.36613       7.735001    
           1        2024           7           6         IRRIGATE  0.4170489      0.2700095       107.0841       1253.090       252.4708      2.9999999E-04   77.38496       7.735001    
           1        2024           7           7         IRRIGATE  0.4229052      0.2798396       106.3102       1283.526       247.6214      2.9999999E-04   77.39953       7.735001    
           1        2024           7           8         IRRIGATE  0.4282957      0.2884330       108.1124       1315.861       242.8068      2.9999999E-04   77.41337       7.735001    
           1        2024           7           9         IRRIGATE  0.4342291      0.2984677       108.5603       1353.649       237.9240      2.9999999E-04   77.42705       7.735001    
           1        2024           7          10         IRRIGATE  0.4404683      0.3093142       107.9589       1398.296       232.9438      2.9999999E-04   77.44078       7.735001    
           1        2024           7          11         IRRIGATE  0.4472159      0.3215105       107.6547       1455.266       227.8339      2.9999999E-04   77.45436       7.735001    
           1        2024           7          12         IRRIGATE  0.4542409      0.3344434       104.3952       1515.547       222.6481      2.9999999E-04   77.46799       7.735001    
           1        2024           7          13         IRRIGATE  0.4611494      0.3470665       103.9673       1596.450       217.4611      2.9999999E-04   77.48149       7.735001    
           1        2024           7          14         IRRIGATE  0.4680877      0.3597691       102.8646       1671.548       212.2982      2.9999999E-04   77.42152       7.735001    
           1        2024           7          15         IRRIGATE  0.4753744      0.3733967       100.8271       1751.256       207.1921      2.9999999E-04   77.45187       7.735001    
           1        2024           7          16         IRRIGATE  0.4820024      0.3852755       98.34154       1842.067       202.2112      2.9999999E-04   77.39700       7.735001    
           1        2024           7          17         IRRIGATE  0.4883254      0.3963443       97.76646       1946.360       197.3621      2.9999999E-04   77.36089       7.735001    
           1        2024           7          18         IRRIGATE  0.4943567      0.4066390       100.0624       2052.994       192.6625      2.9999999E-04   77.29255       7.735001    
           1        2024           7          19         IRRIGATE  0.5013272      0.4194269       98.88513       2137.735       188.0298      2.9999999E-04   77.31348       7.735001    
           1        2024           7          20         IRRIGATE  0.5082722      0.4321474       97.24046       2227.149       183.4697      2.9999999E-04   77.34553       7.735001    
           1        2024           7          21         IRRIGATE  0.5154207      0.4454077       95.65216       2319.711       178.9781      2.9999999E-04   77.32171       7.735001    
           1        2024           7          22         IRRIGATE  0.5219373      0.4569907       95.69532       2422.050       174.6082      2.9999999E-04   77.29293       7.735001    
           1        2024           7          23         IRRIGATE  0.5285398      0.4688019       93.27544       2512.793       170.3533      2.9999999E-04   77.26161       7.735001    
           1        2024           7          24         IRRIGATE  0.5355387      0.4816653       93.22032       2620.263       166.1785      2.9999999E-04   77.29449       7.735001    
           1        2024           7          25         IRRIGATE  0.5424389      0.4942666       96.40440       2750.621       162.0956      2.9999999E-04   77.21819       7.735001    
           1        2024           7          26         IRRIGATE  0.5491813      0.5064491       105.4253       2857.009       158.1185      2.9999999E-04   77.15782       7.735001    
           1        2024           7          27         IRRIGATE  0.5547356      0.5154773       104.7112       2924.259       154.3138      2.9999999E-04   77.16218       7.735001    
           1        2024           7          28         IRRIGATE  0.5601754      0.5242018       106.5676       2994.462       150.6732      2.9999999E-04   77.22104       7.735001    
           1        2024           7          29         IRRIGATE  0.5656369      0.5329838       108.3697       3059.398       147.1814      2.9999999E-04   77.18083       7.735001    
           1        2024           7          30         IRRIGATE  0.5712495      0.5421668       107.0952       3117.347       143.8122      2.9999999E-04   77.20537       7.735001    
           1        2024           7          31         IRRIGATE  0.5766856      0.5508813       106.6534       3170.564       140.5937      2.9999999E-04   77.20024       7.735001    
           1        2024           8           1         IRRIGATE  0.5823662      0.5602450       107.8217       3229.613       137.4686      2.9999999E-04   77.21580       7.735001    
           1        2024           8           2         IRRIGATE  0.5889075      0.5718935       107.3632       3275.271       134.3880      2.9999999E-04   77.21321       7.735001    
           1        2024           8           3         IRRIGATE  0.5958488      0.5846040       107.3030       3325.238       131.3270      2.9999999E-04   77.24616       7.735001    
           1        2024           8           4         IRRIGATE  0.6026891      0.5970465       109.3343       3366.592       128.3107      2.9999999E-04   77.24307       7.735001    
           1        2024           8           5         IRRIGATE  0.6093291      0.6089570       109.2636       3407.733       125.3628      2.9999999E-04   77.26003       7.735001    
           1        2024           8           6         IRRIGATE  0.6159100      0.6207107       110.1911       3451.597       122.4807      2.9999999E-04   77.26118       7.735001    
           1        2024           8           7         IRRIGATE  0.6226360      0.6328495       111.7984       3495.942       119.6536      2.9999999E-04   77.26233       7.735001    
           1        2024           8           8         IRRIGATE  0.6284265      0.6425049       112.4363       3539.288       116.9380      2.9999999E-04   77.24925       7.735001    
           1        2024           8           9         IRRIGATE  0.6344324      0.6527321       112.3261       3573.018       114.3114      2.9999999E-04   77.25803       7.735001    
           1        2024           8          10         IRRIGATE  0.6409662      0.6643607       112.9995       3601.692       111.7348      2.9999999E-04   77.28138       7.735001    
           1        2024           8          11         IRRIGATE  0.6470850      0.6748876       113.0083       3632.324       109.2334      2.9999999E-04   77.28450       7.735001    
           1        2024           8          12         IRRIGATE  0.6533226      0.6857302       113.5053       3661.320       106.7967      2.9999999E-04   77.28897       7.735001    
           1        2024           8          13         IRRIGATE  0.6604501      0.6989350       112.0839       3684.065       104.3792      2.9999999E-04   77.30549       7.735001    
           1        2024           8          14         IRRIGATE  0.6665921      0.7095234       112.7012       3688.323       121.6562      2.9999999E-04   77.31192       7.735001    
           1        2024           8          15         IRRIGATE  0.6722233      0.7187561       113.3323       3688.693       134.7636      2.9999999E-04   77.31426       7.735001    
           1        2024           8          16         IRRIGATE  0.6777589      0.7277346       114.5126       3685.871       146.0420      2.9999999E-04   77.33755       7.735001    
           1        2024           8          17         IRRIGATE  0.6832458      0.7365841       116.0422       3679.938       155.8422      2.9999999E-04   77.35248       7.735001    
           1        2024           8          18         IRRIGATE  0.6889092      0.7459021       116.0768       3670.229       165.6866      2.9999999E-04   77.37065       7.735001    
           1        2024           8          19         IRRIGATE  0.6952209      0.7569412       127.7131       3658.716       177.6561      2.9999999E-04   77.38789       7.735001    
           1        2024           8          20         IRRIGATE  0.7019147      0.7689946       126.8428       3642.604       190.2381      2.9999999E-04   77.40685       7.735001    
           1        2024           8          21         IRRIGATE  0.7076529      0.7785111       126.0609       3630.194       197.8245      2.9999999E-04   77.42519       7.735001    
           1        2024           8          22         IRRIGATE  0.7128453      0.7865785       128.2443       3620.281       202.7464      2.9999999E-04   77.43755       7.735001    
           1        2024           8          23         IRRIGATE  0.7184302      0.7956880       130.0301       3609.825       208.9248      2.9999999E-04   77.44971       7.735001    
           1        2024           8          24         IRRIGATE  0.7237960      0.8042160       130.1268       3600.559       213.9032      2.9999999E-04   77.46630       7.735001    
           1        2024           8          25         IRRIGATE  0.7276850      0.8088233       132.5942       3597.658       213.2481      2.9999999E-04   77.48185       7.735001    
           1        2024           8          26         IRRIGATE  0.7315261      0.8133037       135.4634       3595.873       212.8986      2.9999999E-04   77.49460       7.735001    
           1        2024           8          27         IRRIGATE  0.7363730      0.8204540       137.8479       3591.083       216.5864      2.9999999E-04   77.50951       7.735001    
           1        2024           8          28         IRRIGATE  0.7415137      0.8283844       137.7108       3585.018       221.1566      2.9999999E-04   77.52472       7.735001    
           1        2024           8          29         IRRIGATE  0.7456660      0.8336905       139.2871       3582.208       222.0338      2.9999999E-04   77.53870       7.735001    
           1        2024           8          30         IRRIGATE  0.7494323      0.8379723       141.2948       3581.396       221.7433      2.9999999E-04   77.54968       7.735001    
           1        2024           8          31         IRRIGATE  0.7541080      0.8446680       143.1501       3577.401       224.8544      2.9999999E-04   77.56276       7.735001    
           1        2024           9           1         IRRIGATE  0.7591515      0.8523404       144.4847       3571.701       229.0728      2.9999999E-04   77.57649       7.735001    
           1        2024           9           2         IRRIGATE  0.7647498      0.8614857       145.5782       3562.583       235.0285      2.9999999E-04   77.59011       7.735001    
           1        2024           9           3         IRRIGATE  0.7704431      0.8708831       151.4073       3553.741       240.9025      2.9999999E-04   77.60330       7.735001    
           1        2024           9           4         IRRIGATE  0.7757753      0.8793217       155.2101       3545.439       245.1819      2.9999999E-04   77.61818       7.735001    
           1        2024           9           5         IRRIGATE  0.7806618      0.8865772       156.7778       3538.959       247.8052      2.9999999E-04   77.63347       7.735001    
           1        2024           9           6         IRRIGATE  0.7857921      0.8944798       156.4039       3531.714       251.2069      2.9999999E-04   77.64767       7.735001    
           1        2024           9           7         IRRIGATE  0.7911415      0.9029641       159.2740       3523.797       255.1838      2.9999999E-04   77.65894       7.735001    
           1        2024           9           8         IRRIGATE  0.7968796      0.9124805       159.6139       3514.594       260.1663      2.9999999E-04   77.67181       7.735001    
           1        2024           9           9         IRRIGATE  0.8023053      0.9211673       163.5504       3506.501       263.7998      2.9999999E-04   77.68512       7.735001    
           1        2024           9          10         IRRIGATE  0.8077085      0.9297944       165.7976       3498.927       267.1621      2.9999999E-04   77.69967       7.735001    
           1        2024           9          11         IRRIGATE  0.8129576      0.9380127       165.7139       3491.571       269.8783      2.9999999E-04   77.71446       7.735001    
           1        2024           9          12         IRRIGATE  0.8177006      0.9448870       167.5711       3486.115       270.9611      2.9999999E-04   77.72592       7.735001    
           1        2024           9          13         IRRIGATE  0.8207999      0.9473982       173.5525       3486.505       267.1622      2.9999999E-04   77.73766       7.735001    
           1        2024           9          14         IRRIGATE  0.8241065      0.9504592       176.0286       3486.813       264.6445      2.9999999E-04   77.75172       7.735001    
           1        2024           9          15         IRRIGATE  0.8281757      0.9555449       178.0031       3484.737       264.9301      2.9999999E-04   77.76495       7.735001    
           1        2024           9          16         IRRIGATE  0.8327489      0.9619687       179.2596       3480.646       266.9072      2.9999999E-04   77.77715       7.735001    
           1        2024           9          17         IRRIGATE  0.8369512      0.9674078       185.5406       3477.865       267.6824      2.9999999E-04   77.78835       7.735001    
           1        2024           9          18         IRRIGATE  0.8401815      0.9702663       193.5876       3477.999       265.4911      2.9999999E-04   77.80185       7.735001    
           1        2024           9          19         IRRIGATE  0.8427814      0.9714515       196.0598       3480.280       261.5927      2.9999999E-04   77.81522       7.735001    
           1        2024           9          20         IRRIGATE  0.8472648      0.9776370       199.9155       3476.507       264.0048      2.9999999E-04   77.82614       7.735001    
           1        2024           9          21         IRRIGATE  0.8513796      0.9828439       204.2658       3473.113       265.1355      2.9999999E-04   77.83347       7.735001    
           1        2024           9          22         IRRIGATE  0.8549255      0.9865401       206.4896       3471.359       264.4499      2.9999999E-04   77.84685       7.735001    
           1        2024           9          23         IRRIGATE  0.8585557      0.9904606       210.6776       3469.063       264.1328      2.9999999E-04   77.85638       7.735001    
           1        2024           9          24         IRRIGATE  0.8629569      0.9964278       214.1232       3463.717       266.3161      2.9999999E-04   77.86932       7.735001    
           1        2024           9          25         IRRIGATE  0.8677986       1.003564       217.3208       3463.717       260.8556      7.9543196E-02   77.88287       7.735001    
           1        2024           9          25 csil                                        HARV/KILL   0.8732683      0.0000000E+00   213.8489       3463.717       3031.829      7.9543196E-02   77.88287      0.0000000E+00  0.0000000E+00  0.0000000E+00  0.0000000E+00  0.0000000E+00  0.0000000E+00
           1        2025           6           1 csil                                        PLANT   0.2707215      0.0000000E+00   55.09241      0.0000000E+00   384.6627       20.11901       81.06889      0.0000000E+00   4.000000    
           1        2025           6           2         IRRIGATE  0.2707215      9.0738321E-03   55.09241       16.62419       380.8160       20.16184       81.07935       7.735001    
           1        2025           6           3         IRRIGATE  0.2749739      1.4645968E-02   61.37965       29.01622       374.6950       19.44096       80.97346       7.735001    
           1        2025           6           4         IRRIGATE  0.2785937      1.8538725E-02   65.87333       38.48132       369.0911       18.91602       81.00425       7.735001    
           1        2025           6           5         IRRIGATE  0.2821634      2.2298478E-02   70.54633       47.76202       363.8689       18.52632       80.98503       7.735001    
           1        2025           6           6         IRRIGATE  0.2861781      2.7239358E-02   74.49371       59.83595       358.7874       18.14514       80.99123       7.735001    
           1        2025           6           7         IRRIGATE  0.2906167      3.3305783E-02   78.28313       74.67409       353.6777       17.63441       80.96454       7.735001    
           1        2025           6           8         IRRIGATE  0.2958486      4.1478381E-02   81.18622       91.69682       348.2802       16.99861       80.94792       7.735001    
           1        2025           6           9         IRRIGATE  0.3020818      5.2309014E-02   84.27330       111.7546       342.3798       16.26856       80.92612       7.735001    
           1        2025           6          10         IRRIGATE  0.3082066      6.2851809E-02   85.82156       132.3394       336.0927       15.40379       80.89742       7.735001    
           1        2025           6          11         IRRIGATE  0.3142491      7.3176250E-02   87.40366       157.0488       329.5772       14.52142       80.88388       7.735001    
           1        2025           6          12         IRRIGATE  0.3197645      8.2101196E-02   88.31802       182.3045       323.1490       13.45023       80.83846       7.735001    
           1        2025           6          13         IRRIGATE  0.3250712      9.0472303E-02   91.89359       213.7169       316.8230       12.35861       80.82406       7.735001    
           1        2025           6          14         IRRIGATE  0.3304737      9.9097505E-02   94.10728       243.8832       310.5675       10.98926       80.75954       7.735001    
           1        2025           6          15         IRRIGATE  0.3357505      0.1073892       95.54738       279.5156       304.4559       9.685710       80.75491       7.735001    
           1        2025           6          16         IRRIGATE  0.3411432      0.1159886       95.41076       317.1782       298.4012       8.142544       80.68533       7.735001    
           1        2025           6          17         IRRIGATE  0.3467087      0.1250466       94.93982       364.5293       292.3902       6.524220       80.66037       7.735001    
           1        2025           6          18         IRRIGATE  0.3520438      0.1334931       94.16080       412.9828       286.5129       4.477049       80.56210       7.735001    
           1        2025           6          19         IRRIGATE  0.3576930      0.1427734       94.03238       471.4795       280.6477       2.413405       80.54027       7.735001    
           1        2025           6          20         IRRIGATE  0.3633063      0.1519584       92.37735       534.3164       274.8312      2.9999999E-04   80.42898       7.735001    
           1        2025           6          21         IRRIGATE  0.3681405      0.1590749       91.95001       598.6483       269.3326      2.9999999E-04   80.36781       7.735001    
           1        2025           6          22         IRRIGATE  0.3707030      0.1601607       93.72940       612.6722       264.7210      2.9999999E-04   80.26095       7.735001    
           1        2025           6          23         IRRIGATE  0.3739213      0.1629875       95.28002       647.9317       260.6501      2.9999999E-04   80.44967       7.735001    
           1        2025           6          24         IRRIGATE  0.3772667      0.1661517       96.91049       690.0206       256.8937      2.9999999E-04   80.35883       7.735001    
           1        2025           6          25         IRRIGATE  0.3817360      0.1722995       97.91794       763.8787       253.1319      2.9999999E-04   80.30023       7.735001    
           1        2025           6          26         IRRIGATE  0.3867227      0.1798210       97.26141       829.2308       249.2471      2.9999999E-04   80.10678       7.735001    
           1        2025           6          27         IRRIGATE  0.3920743      0.1883112       97.29166       885.1824       245.2108      2.9999999E-04   80.15884       7.735001    
           1        2025           6          28         IRRIGATE  0.3974850      0.1969583       96.53555       929.3545       241.0537      2.9999999E-04   80.12502       7.735001    
           1        2025           6          29         IRRIGATE  0.4029375      0.2057165       94.42061       962.9858       236.8280      2.9999999E-04   80.16885       7.735001    
           1        2025           6          30         IRRIGATE  0.4085314      0.2148499       93.56548       989.9745       232.5237      2.9999999E-04   80.19408       7.735001    
           1        2025           7           1         IRRIGATE  0.4142973      0.2244398       93.21503       1014.504       228.1036      2.9999999E-04   80.22960       7.735001    
           1        2025           7           2         IRRIGATE  0.4206396      0.2355603       93.39813       1039.729       223.5007      2.9999999E-04   80.24914       7.735001    
           1        2025           7           3         IRRIGATE  0.4275286      0.2481318       91.86450       1066.288       218.7694      2.9999999E-04   80.26371       7.735001    
           1        2025           7           4         IRRIGATE  0.4339255      0.2593972       91.98323       1095.920       214.0331      2.9999999E-04   80.27750       7.735001    
           1        2025           7           5         IRRIGATE  0.4394670      0.2683916       97.97478       1132.622       209.4616      2.9999999E-04   80.29076       7.735001    
           1        2025           7           6         IRRIGATE  0.4444380      0.2758715       99.09840       1156.401       205.1222      2.9999999E-04   80.29961       7.735001    
           1        2025           7           7         IRRIGATE  0.4493791      0.2832718       100.8451       1183.368       200.9623      2.9999999E-04   80.31525       7.735001    
           1        2025           7           8         IRRIGATE  0.4550837      0.2926990       101.5806       1215.420       196.8185      2.9999999E-04   80.32948       7.735001    
           1        2025           7           9         IRRIGATE  0.4615591      0.3041728       99.78845       1252.889       192.5766      2.9999999E-04   80.34261       7.735001    
           1        2025           7          10         IRRIGATE  0.4679075      0.3153092       100.1293       1298.166       188.3340      2.9999999E-04   80.35155       7.735001    
           1        2025           7          11         IRRIGATE  0.4736053      0.3247185       98.59806       1349.548       184.2170      2.9999999E-04   80.35931       7.735001    
           1        2025           7          12         IRRIGATE  0.4796867      0.3351461       97.58920       1402.670       180.1702      2.9999999E-04   80.32227       7.735001    
           1        2025           7          13         IRRIGATE  0.4858975      0.3459172       95.88110       1458.504       176.1690      2.9999999E-04   80.33873       7.735001    
           1        2025           7          14         IRRIGATE  0.4925823      0.3579468       94.81929       1524.195       172.1703      2.9999999E-04   80.34275       7.735001    
           1        2025           7          15         IRRIGATE  0.4995498      0.3707268       95.86804       1602.881       168.1717      2.9999999E-04   80.32611       7.735001    
           1        2025           7          16         IRRIGATE  0.5057935      0.3815852       96.89668       1678.419       164.2632      2.9999999E-04   80.26302       7.735001    
           1        2025           7          17         IRRIGATE  0.5114651      0.3909250       95.20705       1751.805       160.4928      2.9999999E-04   80.25764       7.735001    
           1        2025           7          18         IRRIGATE  0.5177349      0.4018530       96.43793       1828.535       156.7864      2.9999999E-04   80.26826       7.735001    
           1        2025           7          19         IRRIGATE  0.5241557      0.4131818       94.15842       1896.531       153.1425      2.9999999E-04   80.25040       7.735001    
           1        2025           7          20         IRRIGATE  0.5304196      0.4240939       94.26312       1987.433       149.5921      2.9999999E-04   80.27098       7.735001    
           1        2025           7          21         IRRIGATE  0.5362124      0.4337553       94.54045       2064.509       146.1550      2.9999999E-04   80.17191       7.735001    
           1        2025           7          22         IRRIGATE  0.5415939      0.4423249       95.60243       2135.521       142.8705      2.9999999E-04   80.21368       7.735001    
           1        2025           7          23         IRRIGATE  0.5469799      0.4509064       96.64021       2215.208       139.7279      2.9999999E-04   80.19180       7.735001    
           1        2025           7          24         IRRIGATE  0.5530030      0.4611793       96.70859       2280.030       136.6538      2.9999999E-04   80.18581       7.735001    
           1        2025           7          25         IRRIGATE  0.5588137      0.4708883       96.02165       2356.452       133.6442      2.9999999E-04   80.20854       7.735001    
           1        2025           7          26         IRRIGATE  0.5647463      0.4809209       92.68750       2424.924       130.6882      2.9999999E-04   80.16486       7.735001    
           1        2025           7          27         IRRIGATE  0.5707163      0.4910528       90.23982       2496.299       127.7918      2.9999999E-04   80.19218       7.735001    
           1        2025           7          28         IRRIGATE  0.5766377      0.5010557       90.01552       2571.818       124.9592      2.9999999E-04   80.16177       7.735001    
           1        2025           7          29         IRRIGATE  0.5827079      0.5114536       89.20786       2638.547       122.1680      2.9999999E-04   80.15736       7.735001    
           1        2025           7          30         IRRIGATE  0.5887901      0.5218832       89.16206       2705.777       119.4314      2.9999999E-04   80.16719       7.735001    
           1        2025           7          31         IRRIGATE  0.5951309      0.5329998       88.07080       2770.116       116.7302      2.9999999E-04   80.16023       7.735001    
           1        2025           8           1         IRRIGATE  0.6007203      0.5421212       87.73057       2830.125       114.1243      2.9999999E-04   80.14506       7.735001    
           1        2025           8           2         IRRIGATE  0.6060464      0.5505440       88.99076       2879.707       111.6433      2.9999999E-04   80.14499       7.735001    
           1        2025           8           3         IRRIGATE  0.6121137      0.5609339       88.74393       2928.825       109.2286      2.9999999E-04   80.17699       7.735001    
           1        2025           8           4         IRRIGATE  0.6178316      0.5703968       89.84974       2973.833       106.8940      2.9999999E-04   80.15923       7.735001    
           1        2025           8           5         IRRIGATE  0.6232386      0.5790339       90.65828       3014.453       104.6633      2.9999999E-04   80.17009       7.735001    
           1        2025           8           6         IRRIGATE  0.6285797      0.5874963       91.00495       3054.454       102.5251      2.9999999E-04   80.17426       7.735001    
           1        2025           8           7         IRRIGATE  0.6341892      0.5966714       92.21936       3091.265       100.4472      2.9999999E-04   80.18189       7.735001    
           1        2025           8           8         IRRIGATE  0.6399387      0.6062177       94.61742       3129.563       98.42809      2.9999999E-04   80.19132       7.735001    
           1        2025           8           9         IRRIGATE  0.6446816      0.6130921       95.53003       3161.366       96.53349      2.9999999E-04   80.17340       7.735001    
           1        2025           8          10         IRRIGATE  0.6495576      0.6203198       94.68771       3190.117       94.73418      2.9999999E-04   80.19939       7.735001    
           1        2025           8          11         IRRIGATE  0.6546976      0.6282482       96.15168       3216.400       92.99544      2.9999999E-04   80.20379       7.735001    
           1        2025           8          12         IRRIGATE  0.6609144      0.6390352       94.68748       3241.743       91.24097      2.9999999E-04   80.22224       7.735001    
           1        2025           8          13         IRRIGATE  0.6669973      0.6494668       95.24977       3265.982       89.47907      2.9999999E-04   80.23381       7.735001    
           1        2025           8          14         IRRIGATE  0.6734189      0.6607977       96.62787       3292.177       87.69955      2.9999999E-04   80.24100       7.735001    
           1        2025           8          15         IRRIGATE  0.6797141      0.6717931       98.18024       3316.984       85.92749      2.9999999E-04   80.24183       7.735001    
           1        2025           8          16         IRRIGATE  0.6853431      0.6810198       97.34203       3338.110       84.20599      2.9999999E-04   80.24711       7.735001    
           1        2025           8          17         IRRIGATE  0.6911381      0.6906872       98.84608       3358.242       82.52135      2.9999999E-04   80.26338       7.735001    
           1        2025           8          18         IRRIGATE  0.6971343      0.7008885       99.04254       3358.307       97.89902      2.9999999E-04   80.26802       7.735001    
           1        2025           8          19         IRRIGATE  0.7030535      0.7108854       100.3486       3354.531       111.4982      2.9999999E-04   80.28377       7.735001    
           1        2025           8          20         IRRIGATE  0.7092066      0.7215036       100.2594       3345.884       124.6241      2.9999999E-04   80.29866       7.735001    
           1        2025           8          21         IRRIGATE  0.7155849      0.7327194       101.0291       3334.675       137.3102      2.9999999E-04   80.31439       7.735001    
           1        2025           8          22         IRRIGATE  0.7216177      0.7430180       101.6827       3322.891       147.6543      2.9999999E-04   80.32808       7.735001    
           1        2025           8          23         IRRIGATE  0.7275481      0.7530447       102.2772       3311.188       156.8189      2.9999999E-04   80.34319       7.735001    
           1        2025           8          24         IRRIGATE  0.7336646      0.7635656       103.8965       3298.505       165.9679      2.9999999E-04   80.35828       7.735001    
           1        2025           8          25         IRRIGATE  0.7395733      0.7735347       105.7373       3286.883       173.6624      2.9999999E-04   80.37321       7.735001    
           1        2025           8          26         IRRIGATE  0.7454693      0.7834701       111.3341       3276.129       180.7688      2.9999999E-04   80.38919       7.735001    
           1        2025           8          27         IRRIGATE  0.7507386      0.7917420       124.7402       3267.640       185.2543      2.9999999E-04   80.40537       7.735001    
           1        2025           8          28         IRRIGATE  0.7557238      0.7992595       130.0465       3260.886       188.6445      2.9999999E-04   80.42226       7.735001    
           1        2025           8          29         IRRIGATE  0.7611547      0.8079601       130.7961       3252.998       193.4131      2.9999999E-04   80.43836       7.735001    
           1        2025           8          30         IRRIGATE  0.7664151      0.8162081       131.8306       3245.928       197.3244      2.9999999E-04   80.45397       7.735001    
           1        2025           8          31         IRRIGATE  0.7718639      0.8249564       134.8016       3238.670       201.6037      2.9999999E-04   80.46645       7.735001    
           1        2025           9           1         IRRIGATE  0.7773023      0.8336769       136.3370       3231.703       205.5598      2.9999999E-04   80.47965       7.735001    
           1        2025           9           2         IRRIGATE  0.7828012      0.8425581       137.1387       3224.125       209.5638      2.9999999E-04   80.49390       7.735001    
           1        2025           9           3         IRRIGATE  0.7889155      0.8530731       141.5458       3215.059       215.2320      2.9999999E-04   80.50697       7.735001    
           1        2025           9           4         IRRIGATE  0.7947209      0.8627683       142.5782       3206.617       219.5552      2.9999999E-04   80.52075       7.735001    
           1        2025           9           5         IRRIGATE  0.8005025      0.8723999       145.6172       3198.847       223.5405      2.9999999E-04   80.53549       7.735001    
           1        2025           9           6         IRRIGATE  0.8065428      0.8827184       148.8922       3190.608       228.0189      2.9999999E-04   80.54913       7.735001    
           1        2025           9           7         IRRIGATE  0.8118719      0.8911490       149.1978       3184.317       230.1744      2.9999999E-04   80.56358       7.735001    
           1        2025           9           8         IRRIGATE  0.8172594      0.8997346       151.0295       3178.336       232.4946      2.9999999E-04   80.57670       7.735001    
           1        2025           9           9         IRRIGATE  0.8227456      0.9085821       151.8135       3172.258       235.0503      2.9999999E-04   80.58849       7.735001    
           1        2025           9          10         IRRIGATE  0.8275424      0.9155993       154.6079       3168.972       235.6584      2.9999999E-04   80.60030       7.735001    
           1        2025           9          11         IRRIGATE  0.8325920      0.9232876       158.1855       3164.564       237.1459      2.9999999E-04   80.61307       7.735001    
           1        2025           9          12         IRRIGATE  0.8369229      0.9290681       160.3273       3162.738       236.7668      2.9999999E-04   80.62659       7.735001    
           1        2025           9          13         IRRIGATE  0.8412150      0.9347455       163.2789       3161.254       236.5911      2.9999999E-04   80.63926       7.735001    
           1        2025           9          14         IRRIGATE  0.8456416      0.9407802       165.7497       3159.134       237.0349      2.9999999E-04   80.65160       7.735001    
           1        2025           9          15         IRRIGATE  0.8506081      0.9482480       166.4781       3155.229       239.0879      2.9999999E-04   80.66384       7.735001    
           1        2025           9          16         IRRIGATE  0.8544448      0.9527165       169.3976       3154.505       238.0564      2.9999999E-04   80.67389       7.735001    
           1        2025           9          17         IRRIGATE  0.8583750      0.9574330       172.1561       3153.535       237.5744      2.9999999E-04   80.68534       7.735001    
           1        2025           9          18         IRRIGATE  0.8631389      0.9643630       173.7034       3149.896       239.5555      2.9999999E-04   80.69733       7.735001    
           1        2025           9          19         IRRIGATE  0.8680276      0.9716244       174.8481       3145.393       241.8020      2.9999999E-04   80.70843       7.735001    
           1        2025           9          20         IRRIGATE  0.8729433      0.9789574       176.5967       3140.390       244.0134      2.9999999E-04   80.71872       7.735001    
           1        2025           9          21         IRRIGATE  0.8782216      0.9872530       178.6050       3133.821       247.0787      2.9999999E-04   80.73000       7.735001    
           1        2025           9          22         IRRIGATE  0.8835022      0.9955546       184.5509       3126.798       249.9228      2.9999999E-04   80.74214       7.735001    
           1        2025           9          23         IRRIGATE  0.8871190      0.9994394       188.9318       3124.105       248.1852      2.9999999E-04   80.75606       7.735001    
           1        2025           9          24         IRRIGATE  0.8906947       1.003215       193.2223       3124.105       242.5238      8.2354106E-02   80.76926       7.735001    
           1        2025           9          25         IRRIGATE  0.8951370       1.009291       195.8659       3124.105       237.0232      0.1626867       80.78203       7.735001    
           1        2025           9          25 csil                                        HARV/KILL   0.8999674      0.0000000E+00   192.2106       3124.105       2736.307      0.1626867       80.78203      0.0000000E+00  0.0000000E+00  0.0000000E+00  0.0000000E+00  0.0000000E+00  0.0000000E+00
