year,jday,et_mm,etrs_mm,etos_mm
1995,1,0.7619999999999999,1.27,1.016
1995,2,0.508,1.27,1.016
1995,3,0.7619999999999999,1.27,1.016
1995,4,0.508,1.27,1.016
1995,5,0.0,1.27,1.016
1995,6,0.0,1.27,1.016
1995,7,0.0,1.27,1.016
1995,8,0.254,1.27,1.016
1995,9,0.254,1.27,1.016
1995,10,0.7619999999999999,1.27,1.016
1995,11,1.27,1.27,1.016
1995,12,1.016,1.27,1.016
1995,13,0.508,1.27,1.016
1995,14,1.016,1.27,1.016
1995,15,0.7619999999999999,1.27,1.016
1995,16,1.016,1.27,1.016
1995,17,1.27,1.27,1.016
1995,18,0.508,1.2679947368421052,1.0139947368421052
1995,19,0.7619999999999999,1.2659894736842106,1.0119894736842105
1995,20,1.016,1.2639842105263157,1.0099842105263157
1995,21,1.27,1.261978947368421,1.007978947368421
1995,22,1.27,1.2599736842105262,1.0059736842105262
1995,23,1.016,1.2579684210526316,1.0039684210526316
1995,24,0.7619999999999999,1.2559631578947368,1.0019631578947368
1995,25,0.254,1.2539578947368422,0.9999578947368422
1995,26,0.508,1.2519526315789473,0.9979526315789474
1995,27,1.016,1.2499473684210527,0.9959473684210527
1995,28,1.016,1.2479421052631579,0.993942105263158
1995,29,0.7619999999999999,1.2459368421052632,0.9919368421052631
1995,30,0.508,1.2439315789473684,0.9899315789473684
1995,31,0.254,1.2419263157894738,0.9879263157894737
1995,32,0.254,1.239921052631579,0.9859210526315789
1995,33,1.5239999999999998,1.2379157894736843,0.9839157894736842
1995,34,1.778,1.2359105263157895,0.9819105263157895
1995,35,1.5239999999999998,1.2339052631578948,0.9799052631578947
1995,36,1.778,1.2319,0.9779
1995,37,1.27,1.2298947368421054,0.9758947368421053
1995,38,1.5239999999999998,1.2278894736842105,0.9738894736842105
1995,39,1.016,1.225884210526316,0.9718842105263158
1995,40,1.778,1.223878947368421,0.9698789473684211
1995,41,1.778,1.2218736842105262,0.9678736842105263
1995,42,1.27,1.2198684210526316,0.9658684210526316
1995,43,1.27,1.2178631578947368,0.9638631578947369
1995,44,1.016,1.2158578947368421,0.9618578947368421
1995,45,0.7619999999999999,1.2138526315789473,0.9598526315789474
1995,46,1.27,1.2118473684210527,0.9578473684210527
1995,47,1.27,1.2098421052631578,0.9558421052631579
1995,48,0.508,1.2078368421052632,0.9538368421052632
1995,49,1.5239999999999998,1.2058315789473684,0.9518315789473685
1995,50,1.778,1.2038263157894737,0.9498263157894737
1995,51,2.54,1.201821052631579,0.947821052631579
1995,52,2.2859999999999996,1.1998157894736843,0.9458157894736842
1995,53,2.2859999999999996,1.1978105263157894,0.9438105263157894
1995,54,2.2859999999999996,1.1958052631578948,0.9418052631578947
1995,55,3.0479999999999996,1.1938,0.9398
1995,56,2.54,1.1917947368421054,0.9377947368421052
1995,57,2.54,1.1897894736842105,0.9357894736842105
1995,58,2.54,1.1877842105263159,0.9337842105263158
1995,59,2.54,1.185778947368421,0.931778947368421
1995,60,2.2859999999999996,1.1837736842105264,0.9297736842105263
1995,61,2.54,1.1817684210526316,0.9277684210526316
1995,62,0.7619999999999999,1.179763157894737,0.9257631578947368
1995,63,1.778,1.1777578947368421,0.9237578947368421
1995,64,1.5239999999999998,1.1757526315789473,0.9217526315789474
1995,65,2.2859999999999996,1.1737473684210527,0.9197473684210526
1995,66,2.2859999999999996,1.1717421052631578,0.9177421052631579
1995,67,2.2859999999999996,1.1697368421052632,0.9157368421052632
1995,68,1.016,1.1677315789473683,0.9137315789473685
1995,69,1.27,1.1657263157894737,0.9117263157894737
1995,70,1.778,1.1637210526315789,0.909721052631579
1995,71,2.54,1.1617157894736843,0.9077157894736843
1995,72,1.5239999999999998,1.1597105263157894,0.9057105263157895
1995,73,1.5239999999999998,1.1577052631578948,0.9037052631578948
1995,74,1.778,1.1557,0.9017000000000001
1995,75,3.0479999999999996,1.1536947368421053,0.8996947368421053
1995,76,3.0479999999999996,1.1516894736842105,0.8976894736842105
1995,77,1.27,1.1496842105263159,0.8956842105263157
1995,78,2.794,1.147678947368421,0.893678947368421
1995,79,2.54,1.1456736842105264,0.8916736842105263
1995,80,1.27,1.1436684210526316,0.8896684210526316
1995,81,3.0479999999999996,1.141663157894737,0.8876631578947368
1995,82,1.778,1.139657894736842,0.8856578947368421
1995,83,2.54,1.1376526315789475,0.8836526315789474
1995,84,3.0479999999999996,1.1356473684210526,0.8816473684210526
1995,85,2.794,1.133642105263158,0.8796421052631579
1995,86,2.032,1.1316368421052632,0.8776368421052632
1995,87,2.54,1.1296315789473683,0.8756315789473684
1995,88,3.0479999999999996,1.1276263157894737,0.8736263157894737
1995,89,3.302,1.1256210526315789,0.871621052631579
1995,90,3.556,1.1236157894736842,0.8696157894736842
1995,91,3.302,1.1216105263157894,0.8676105263157895
1995,92,4.064,1.1196052631578948,0.8656052631578948
1995,93,4.571999999999999,1.1176,0.8636
1995,94,4.064,1.1155947368421053,0.8615947368421053
1995,95,3.8099999999999996,1.1135894736842105,0.8595894736842106
1995,96,3.556,1.1115842105263158,0.8575842105263158
1995,97,2.032,1.109578947368421,0.8555789473684211
1995,98,3.556,1.1075736842105264,0.8535736842105264
1995,99,3.8099999999999996,1.1055684210526315,0.8515684210526315
1995,100,4.3180000000000005,1.103563157894737,0.8495631578947368
1995,101,3.0479999999999996,1.101557894736842,0.8475578947368421
1995,102,3.8099999999999996,1.0995526315789474,0.8455526315789473
1995,103,3.556,1.0975473684210526,0.8435473684210526
1995,104,4.064,1.095542105263158,0.8415421052631579
1995,105,4.064,1.0935368421052631,0.8395368421052631
1995,106,3.8099999999999996,1.0915315789473685,0.8375315789473684
1995,107,4.3180000000000005,1.0895263157894737,0.8355263157894737
1995,108,2.54,1.087521052631579,0.8335210526315789
1995,109,3.8099999999999996,1.0855157894736842,0.8315157894736842
1995,110,2.54,1.0835105263157896,0.8295105263157895
1995,111,3.8099999999999996,1.0815052631578947,0.8275052631578947
1995,112,4.3180000000000005,1.0795,0.8255
1995,113,4.571999999999999,1.0774947368421053,0.8234947368421053
1995,114,4.826,1.0754894736842104,0.8214894736842105
1995,115,4.3180000000000005,1.0734842105263158,0.8194842105263158
1995,116,5.334,1.071478947368421,0.8174789473684211
1995,117,5.588,1.0694736842105264,0.8154736842105264
1995,118,3.556,1.0674684210526315,0.8134684210526316
1995,119,1.5239999999999998,1.065463157894737,0.8114631578947369
1995,120,4.064,1.063457894736842,0.8094578947368422
1995,121,2.794,1.0614526315789474,0.8074526315789474
1995,122,3.8099999999999996,1.0594473684210526,0.8054473684210526
1995,123,4.571999999999999,1.057442105263158,0.8034421052631578
1995,124,2.794,1.0554368421052631,0.8014368421052631
1995,125,2.2859999999999996,1.0534315789473685,0.7994315789473684
1995,126,1.27,1.0514263157894737,0.7974263157894736
1995,127,3.556,1.049421052631579,0.7954210526315789
1995,128,4.3180000000000005,1.0474157894736842,0.7934157894736842
1995,129,4.3180000000000005,1.0454105263157896,0.7914105263157895
1995,130,3.556,1.0434052631578947,0.7894052631578947
1995,131,3.302,1.0414,0.7874
1995,132,4.826,1.0393947368421053,0.7853947368421053
1995,133,4.064,1.0373894736842106,0.7833894736842105
1995,134,5.08,1.0353842105263158,0.7813842105263158
1995,135,5.08,1.033378947368421,0.7793789473684211
1995,136,5.588,1.0313736842105263,0.7773736842105263
1995,137,5.334,1.0293684210526315,0.7753684210526316
1995,138,6.35,1.0273631578947369,0.7733631578947369
1995,139,6.095999999999999,1.025357894736842,0.7713578947368421
1995,140,6.35,1.0233526315789474,0.7693526315789474
1995,141,6.095999999999999,1.0213473684210526,0.7673473684210527
1995,142,4.064,1.019342105263158,0.7653421052631579
1995,143,5.08,1.017336842105263,0.7633368421052632
1995,144,3.556,1.0153315789473685,0.7613315789473685
1995,145,4.3180000000000005,1.0133263157894736,0.7593263157894736
1995,146,5.334,1.011321052631579,0.7573210526315789
1995,147,5.334,1.0093157894736842,0.7553157894736842
1995,148,6.35,1.0073105263157895,0.7533105263157894
1995,149,7.112,1.0053052631578947,0.7513052631578947
1995,150,6.35,1.0033,0.7493
1995,151,6.604,1.0012947368421052,0.7472947368421052
1995,152,5.334,0.9992894736842105,0.7452894736842105
1995,153,3.0479999999999996,0.9972842105263158,0.7432842105263158
1995,154,3.556,0.995278947368421,0.741278947368421
1995,155,7.112,0.9932736842105263,0.7392736842105263
1995,156,4.3180000000000005,0.9912684210526316,0.7372684210526316
1995,157,5.08,0.9892631578947368,0.7352631578947368
1995,158,2.794,0.9872578947368421,0.7332578947368421
1995,159,1.016,0.9852526315789474,0.7312526315789474
1995,160,2.794,0.9832473684210526,0.7292473684210526
1995,161,6.095999999999999,0.9812421052631579,0.7272421052631579
1995,162,6.604,0.9792368421052632,0.7252368421052632
1995,163,7.619999999999999,0.9772315789473685,0.7232315789473684
1995,164,6.604,0.9752263157894737,0.7212263157894737
1995,165,6.095999999999999,0.973221052631579,0.719221052631579
1995,166,6.35,0.9712157894736843,0.7172157894736843
1995,167,5.842,0.9692105263157895,0.7152105263157895
1995,168,7.619999999999999,0.9672052631578948,0.7132052631578948
1995,169,4.3180000000000005,0.9652,0.7111999999999999
1995,170,3.8099999999999996,0.9631947368421052,0.7091947368421052
1995,171,5.334,0.9611894736842105,0.7071894736842105
1995,172,3.8099999999999996,0.9591842105263158,0.7051842105263157
1995,173,6.095999999999999,0.957178947368421,0.703178947368421
1995,174,6.604,0.9551736842105263,0.7011736842105263
1995,175,7.365999999999999,0.9531684210526316,0.6991684210526316
1995,176,7.874,0.9511631578947368,0.6971631578947368
1995,177,7.874,0.9491578947368421,0.6951578947368421
1995,178,8.382,0.9471526315789474,0.6931526315789474
1995,179,8.889999999999999,0.9451473684210526,0.6911473684210526
1995,180,8.636000000000001,0.9431421052631579,0.6891421052631579
1995,181,7.619999999999999,0.9411368421052632,0.6871368421052632
1995,182,7.365999999999999,0.9391315789473684,0.6851315789473684
1995,183,7.365999999999999,0.9371263157894737,0.6831263157894737
1995,184,7.365999999999999,0.935121052631579,0.681121052631579
1995,185,8.636000000000001,0.9331157894736842,0.6791157894736842
1995,186,8.382,0.9311105263157895,0.6771105263157895
1995,187,8.128,0.9291052631578948,0.6751052631578948
1995,188,8.128,0.9271,0.6731
1995,189,8.382,0.9250947368421053,0.6710947368421053
1995,190,8.889999999999999,0.9230894736842106,0.6690894736842106
1995,191,5.588,0.9210842105263158,0.6670842105263158
1995,192,8.889999999999999,0.919078947368421,0.665078947368421
1995,193,7.619999999999999,0.9170736842105263,0.6630736842105263
1995,194,7.112,0.9150684210526315,0.6610684210526315
1995,195,7.365999999999999,0.9130631578947368,0.6590631578947368
1995,196,7.874,0.9110578947368421,0.6570578947368421
1995,197,7.874,0.9090526315789473,0.6550526315789473
1995,198,8.128,0.9070473684210526,0.6530473684210526
1995,199,7.619999999999999,0.9050421052631579,0.6510421052631579
1995,200,6.095999999999999,0.9030368421052631,0.6490368421052631
1995,201,7.112,0.9010315789473684,0.6470315789473684
1995,202,8.382,0.8990263157894737,0.6450263157894737
1995,203,7.874,0.8970210526315789,0.6430210526315789
1995,204,7.619999999999999,0.8950157894736842,0.6410157894736842
1995,205,8.128,0.8930105263157895,0.6390105263157895
1995,206,8.382,0.8910052631578947,0.6370052631578947
1995,207,8.889999999999999,0.889,0.635
1995,208,8.382,0.8869947368421053,0.6329947368421053
1995,209,8.382,0.8849894736842105,0.6309894736842105
1995,210,7.365999999999999,0.8829842105263158,0.6289842105263158
1995,211,8.128,0.8809789473684211,0.6269789473684211
1995,212,8.382,0.8789736842105264,0.6249736842105263
1995,213,7.874,0.8769684210526316,0.6229684210526316
1995,214,7.874,0.8749631578947369,0.6209631578947369
1995,215,8.128,0.872957894736842,0.618957894736842
1995,216,8.382,0.8709526315789473,0.6169526315789473
1995,217,7.874,0.8689473684210526,0.6149473684210526
1995,218,7.874,0.8669421052631578,0.6129421052631578
1995,219,8.636000000000001,0.8649368421052631,0.6109368421052631
1995,220,7.874,0.8629315789473684,0.6089315789473684
1995,221,8.636000000000001,0.8609263157894737,0.6069263157894736
1995,222,7.112,0.8589210526315789,0.6049210526315789
1995,223,7.619999999999999,0.8569157894736842,0.6029157894736842
1995,224,7.365999999999999,0.8549105263157895,0.6009105263157895
1995,225,7.112,0.8529052631578947,0.5989052631578947
1995,226,6.858,0.8509,0.5969
1995,227,7.365999999999999,0.8488947368421053,0.5948947368421053
1995,228,7.365999999999999,0.8468894736842105,0.5928894736842105
1995,229,6.35,0.8448842105263158,0.5908842105263158
1995,230,6.858,0.8428789473684211,0.5888789473684211
1995,231,7.112,0.8408736842105263,0.5868736842105263
1995,232,7.619999999999999,0.8388684210526316,0.5848684210526316
1995,233,5.588,0.8368631578947369,0.5828631578947369
1995,234,5.588,0.8348578947368421,0.5808578947368421
1995,235,4.571999999999999,0.8328526315789474,0.5788526315789474
1995,236,4.571999999999999,0.8308473684210527,0.5768473684210527
1995,237,5.842,0.8288421052631579,0.5748421052631579
1995,238,6.604,0.8268368421052632,0.5728368421052632
1995,239,6.858,0.8248315789473684,0.5708315789473684
1995,240,6.604,0.8228263157894736,0.5688263157894736
1995,241,6.858,0.8208210526315789,0.5668210526315789
1995,242,6.095999999999999,0.8188157894736842,0.5648157894736842
1995,243,7.365999999999999,0.8168105263157894,0.5628105263157894
1995,244,6.35,0.8148052631578947,0.5608052631578947
1995,245,5.08,0.8128,0.5588
1995,246,6.35,0.8107947368421052,0.5567947368421052
1995,247,4.064,0.8087894736842105,0.5547894736842105
1995,248,5.842,0.8067842105263158,0.5527842105263158
1995,249,6.35,0.804778947368421,0.550778947368421
1995,250,5.842,0.8027736842105263,0.5487736842105263
1995,251,5.334,0.8007684210526316,0.5467684210526316
1995,252,4.3180000000000005,0.7987631578947368,0.5447631578947368
1995,253,4.826,0.7967578947368421,0.5427578947368421
1995,254,5.08,0.7947526315789474,0.5407526315789474
1995,255,5.334,0.7927473684210526,0.5387473684210526
1995,256,5.588,0.7907421052631579,0.5367421052631579
1995,257,5.588,0.7887368421052632,0.5347368421052632
1995,258,6.35,0.7867315789473684,0.5327315789473684
1995,259,5.588,0.7847263157894737,0.5307263157894737
1995,260,4.826,0.782721052631579,0.528721052631579
1995,261,5.588,0.7807157894736843,0.5267157894736842
1995,262,5.588,0.7787105263157894,0.5247105263157894
1995,263,4.826,0.7767052631578947,0.5227052631578947
1995,264,5.334,0.7746999999999999,0.5206999999999999
1995,265,4.571999999999999,0.7726947368421052,0.5186947368421052
1995,266,4.064,0.7706894736842105,0.5166894736842105
1995,267,5.08,0.7686842105263157,0.5146842105263157
1995,268,5.588,0.766678947368421,0.512678947368421
1995,269,3.8099999999999996,0.7646736842105263,0.5106736842105263
1995,270,3.556,0.7626684210526316,0.5086684210526315
1995,271,4.3180000000000005,0.7606631578947368,0.5066631578947368
1995,272,2.794,0.7586578947368421,0.5046578947368421
1995,273,3.556,0.7566526315789474,0.5026526315789474
1995,274,4.064,0.7546473684210526,0.5006473684210526
1995,275,3.8099999999999996,0.7526421052631579,0.4986421052631579
1995,276,2.2859999999999996,0.7506368421052632,0.49663684210526315
1995,277,3.302,0.7486315789473684,0.4946315789473684
1995,278,3.302,0.7466263157894737,0.4926263157894737
1995,279,2.794,0.744621052631579,0.4906210526315789
1995,280,3.0479999999999996,0.7426157894736842,0.48861578947368417
1995,281,3.0479999999999996,0.7406105263157895,0.48661052631578944
1995,282,2.54,0.7386052631578948,0.4846052631578947
1995,283,3.556,0.7366,0.4826
1995,284,3.8099999999999996,0.7345947368421053,0.48059473684210524
1995,285,3.0479999999999996,0.7325894736842105,0.4785894736842105
1995,286,3.0479999999999996,0.7305842105263157,0.4765842105263158
1995,287,3.8099999999999996,0.728578947368421,0.47457894736842104
1995,288,3.8099999999999996,0.7265736842105263,0.4725736842105263
1995,289,3.556,0.7245684210526315,0.4705684210526316
1995,290,3.0479999999999996,0.7225631578947368,0.46856315789473685
1995,291,3.302,0.7205578947368421,0.46655789473684206
1995,292,3.8099999999999996,0.7185526315789473,0.46455263157894733
1995,293,4.064,0.7165473684210526,0.4625473684210526
1995,294,2.2859999999999996,0.7145421052631579,0.46054210526315786
1995,295,2.794,0.7125368421052631,0.45853684210526313
1995,296,2.54,0.7105315789473684,0.4565315789473684
1995,297,2.2859999999999996,0.7085263157894737,0.45452631578947367
1995,298,2.032,0.7065210526315789,0.45252105263157893
1995,299,2.032,0.7045157894736842,0.4505157894736842
1995,300,2.794,0.7025105263157895,0.44851052631578947
1995,301,2.2859999999999996,0.7005052631578947,0.44650526315789474
1995,302,2.54,0.6985,0.4445
1995,303,2.2859999999999996,0.6964947368421053,0.4424947368421052
1995,304,2.032,0.6944894736842105,0.4404894736842105
1995,305,2.032,0.6924842105263158,0.43848421052631575
1995,306,1.778,0.6904789473684211,0.436478947368421
1995,307,1.778,0.6884736842105263,0.4344736842105263
1995,308,1.27,0.6864684210526315,0.43246842105263156
1995,309,0.7619999999999999,0.6844631578947368,0.4304631578947368
1995,310,1.5239999999999998,0.682457894736842,0.4284578947368421
1995,311,1.5239999999999998,0.6804526315789473,0.42645263157894736
1995,312,1.778,0.6784473684210526,0.42444736842105263
1995,313,1.27,0.6764421052631578,0.4224421052631579
1995,314,1.5239999999999998,0.6744368421052631,0.4204368421052631
1995,315,0.7619999999999999,0.6724315789473684,0.4184315789473684
1995,316,0.0,0.6704263157894736,0.41642631578947364
1995,317,0.7619999999999999,0.6684210526315789,0.4144210526315789
1995,318,1.27,0.6664157894736842,0.4124157894736842
1995,319,1.778,0.6644105263157895,0.41041052631578945
1995,320,1.27,0.6624052631578947,0.4084052631578947
1995,321,1.5239999999999998,0.6604,0.4064
1995,322,1.5239999999999998,0.6583947368421053,0.40439473684210525
1995,323,1.27,0.6563894736842105,0.4023894736842105
1995,324,1.778,0.6543842105263158,0.4003842105263158
1995,325,1.5239999999999998,0.6523789473684211,0.39837894736842105
1995,326,1.5239999999999998,0.6503736842105263,0.39637368421052627
1995,327,1.27,0.6483684210526316,0.39436842105263153
1995,328,1.27,0.6463631578947369,0.3923631578947368
1995,329,1.016,0.6443578947368421,0.39035789473684207
1995,330,1.27,0.6423526315789474,0.38835263157894734
1995,331,1.27,0.6403473684210527,0.3863473684210526
1995,332,0.254,0.6383421052631578,0.3843421052631579
1995,333,1.016,0.6363368421052631,0.38233684210526314
1995,334,0.508,0.6343315789473684,0.3803315789473684
1995,335,1.778,0.6323263157894736,0.3783263157894737
1995,336,1.5239999999999998,0.6303210526315789,0.37632105263157895
1995,337,1.27,0.6283157894736842,0.37431578947368416
1995,338,1.016,0.6263105263157894,0.3723105263157894
1995,339,0.7619999999999999,0.6243052631578947,0.3703052631578947
1995,340,0.508,0.6223,0.36829999999999996
1995,341,0.508,0.6202947368421052,0.36629473684210523
1995,342,0.7619999999999999,0.6182894736842105,0.3642894736842105
1995,343,0.254,0.6162842105263158,0.36228421052631576
1995,344,0.7619999999999999,0.614278947368421,0.36027894736842103
1995,345,0.254,0.6122736842105263,0.3582736842105263
1995,346,1.016,0.6102684210526316,0.35626842105263157
1995,347,1.27,0.6082631578947368,0.35426315789473684
1995,348,1.016,0.6062578947368421,0.3522578947368421
1995,349,0.7619999999999999,0.6042526315789474,0.3502526315789473
1995,350,0.7619999999999999,0.6022473684210526,0.3482473684210526
1995,351,0.7619999999999999,0.6002421052631579,0.34624210526315785
1995,352,0.7619999999999999,0.5982368421052632,0.3442368421052631
1995,353,0.7619999999999999,0.5962315789473684,0.3422315789473684
1995,354,0.254,0.5942263157894737,0.34022631578947365
1995,355,0.508,0.5922210526315789,0.3382210526315789
1995,356,0.508,0.5902157894736841,0.3362157894736842
1995,357,0.508,0.5882105263157894,0.33421052631578946
1995,358,0.508,0.5862052631578947,0.3322052631578947
1995,359,0.508,0.5841999999999999,0.3302
1995,360,0.254,0.5821947368421052,0.32819473684210526
1995,361,0.508,0.5801894736842105,0.3261894736842105
1995,362,0.254,0.5781842105263157,0.32418421052631574
1995,363,0.0,0.576178947368421,0.322178947368421
1995,364,0.0,0.5741736842105263,0.3201736842105263
1995,365,0.508,0.5721684210526315,0.31816842105263154
1996,1,0.7619999999999999,0.5701631578947368,0.3161631578947368
1996,2,0.508,0.5681578947368421,0.3141578947368421
1996,3,0.7619999999999999,0.5661526315789474,0.31215263157894735
1996,4,0.7619999999999999,0.5641473684210526,0.3101473684210526
1996,5,0.7619999999999999,0.5621421052631579,0.3081421052631579
1996,6,0.508,0.5601368421052632,0.30613684210526315
1996,7,0.7619999999999999,0.5581315789473684,0.30413157894736836
1996,8,0.508,0.5561263157894737,0.30212631578947363
1996,9,0.508,0.554121052631579,0.3001210526315789
1996,10,0.7619999999999999,0.5521157894736842,0.29811578947368417
1996,11,1.016,0.5501105263157895,0.29611052631578944
1996,12,1.27,0.5481052631578948,0.2941052631578947
1996,13,1.016,0.5460999999999999,0.29209999999999997
1996,14,1.016,0.5440947368421052,0.29009473684210524
1996,15,0.508,0.5420894736842105,0.2880894736842105
1996,16,0.508,0.5400842105263157,0.2860842105263158
1996,17,1.27,0.538078947368421,0.28407894736842104
1996,18,1.27,0.5360736842105263,0.2820736842105263
1996,19,1.016,0.5340684210526315,0.2800684210526315
1996,20,0.7619999999999999,0.5320631578947368,0.2780631578947368
1996,21,0.7619999999999999,0.5300578947368421,0.27605789473684206
1996,22,1.016,0.5280526315789473,0.2740526315789473
1996,23,0.7619999999999999,0.5260473684210526,0.2720473684210526
1996,24,0.7619999999999999,0.5240421052631579,0.27004210526315786
1996,25,0.7619999999999999,0.5220368421052631,0.26803684210526313
1996,26,1.016,0.5200315789473684,0.2660315789473684
1996,27,0.508,0.5180263157894737,0.26402631578947366
1996,28,1.016,0.5160210526315789,0.26202105263157893
1996,29,0.7619999999999999,0.5140157894736842,0.2600157894736842
1996,30,0.7619999999999999,0.5120105263157895,0.25801052631578947
1996,31,1.016,0.5100052631578947,0.2560052631578947
1996,32,0.7619999999999999,0.508,0.254
1996,33,0.508,0.5091424287856072,0.2547616191904048
1996,34,0.508,0.5102848575712144,0.2555232383808096
1996,35,0.0,0.5114272863568216,0.2562848575712144
1996,36,0.508,0.5125697151424288,0.2570464767616192
1996,37,0.254,0.513712143928036,0.257808095952024
1996,38,1.016,0.5148545727136432,0.25856971514242877
1996,39,1.5239999999999998,0.5159970014992504,0.25933133433283356
1996,40,1.5239999999999998,0.5171394302848575,0.26009295352323836
1996,41,1.5239999999999998,0.5182818590704648,0.2608545727136432
1996,42,1.778,0.519424287856072,0.261616191904048
1996,43,1.5239999999999998,0.5205667166416792,0.2623778110944528
1996,44,1.27,0.5217091454272864,0.2631394302848576
1996,45,1.5239999999999998,0.5228515742128935,0.2639010494752624
1996,46,1.27,0.5239940029985007,0.2646626686656672
1996,47,2.032,0.525136431784108,0.26542428785607197
1996,48,1.016,0.5262788605697152,0.26618590704647677
1996,49,1.778,0.5274212893553224,0.26694752623688156
1996,50,1.5239999999999998,0.5285637181409295,0.26770914542728635
1996,51,2.159,0.5297061469265367,0.26847076461769115
1996,52,2.794,0.5308485757121439,0.26923238380809594
1996,53,1.778,0.5319910044977512,0.26999400299850074
1996,54,2.2859999999999996,0.5331334332833584,0.27075562218890553
1996,55,1.5239999999999998,0.5342758620689655,0.2715172413793103
1996,56,1.5239999999999998,0.5354182908545727,0.2722788605697151
1996,57,1.5239999999999998,0.5365607196401799,0.2730404797601199
1996,58,1.27,0.5377031484257871,0.27380209895052476
1996,59,1.778,0.5388455772113944,0.27456371814092956
1996,60,1.778,0.5399880059970015,0.27532533733133435
1996,61,2.032,0.5411304347826087,0.27608695652173915
1996,62,2.54,0.5422728635682159,0.27684857571214394
1996,63,1.016,0.5434152923538231,0.27761019490254873
1996,64,1.778,0.5445577211394304,0.27837181409295353
1996,65,2.159,0.5457001499250375,0.2791334332833583
1996,66,2.54,0.5468425787106447,0.2798950524737631
1996,67,2.032,0.5479850074962519,0.2806566716641679
1996,68,2.54,0.5491274362818591,0.2814182908545727
1996,69,3.302,0.5502698650674662,0.2821799100449775
1996,70,2.794,0.5514122938530734,0.2829415292353823
1996,71,2.794,0.5525547226386807,0.2837031484257871
1996,72,3.0479999999999996,0.5536971514242879,0.2844647676161919
1996,73,2.54,0.5548395802098951,0.2852263868065967
1996,74,3.0479999999999996,0.5559820089955022,0.28598800599700147
1996,75,3.302,0.5571244377811094,0.2867496251874063
1996,76,3.0479999999999996,0.5582668665667166,0.2875112443778111
1996,77,3.302,0.5594092953523239,0.2882728635682159
1996,78,3.556,0.5605517241379311,0.2890344827586207
1996,79,3.8099999999999996,0.5616941529235382,0.2897961019490255
1996,80,3.302,0.5628365817091454,0.2905577211394303
1996,81,3.0479999999999996,0.5639790104947526,0.2913193403298351
1996,82,3.0479999999999996,0.5651214392803598,0.2920809595202399
1996,83,2.032,0.5662638680659671,0.2928425787106447
1996,84,2.794,0.5674062968515742,0.29360419790104947
1996,85,3.302,0.5685487256371814,0.29436581709145426
1996,86,3.0479999999999996,0.5696911544227886,0.29512743628185906
1996,87,2.032,0.5708335832083958,0.29588905547226385
1996,88,0.508,0.571976011994003,0.29665067466266865
1996,89,2.794,0.5731184407796102,0.29741229385307344
1996,90,2.794,0.5742608695652174,0.29817391304347823
1996,91,3.8099999999999996,0.5754032983508246,0.29893553223388303
1996,92,2.032,0.5765457271364318,0.2996971514242879
1996,93,3.302,0.577688155922039,0.30045877061469267
1996,94,3.556,0.5788305847076461,0.30122038980509747
1996,95,4.3180000000000005,0.5799730134932534,0.30198200899550226
1996,96,4.064,0.5811154422788606,0.30274362818590705
1996,97,4.064,0.5822578710644678,0.30350524737631185
1996,98,4.571999999999999,0.583400299850075,0.30426686656671664
1996,99,5.334,0.5845427286356821,0.30502848575712144
1996,100,5.842,0.5856851574212893,0.30579010494752623
1996,101,3.556,0.5868275862068966,0.306551724137931
1996,102,4.826,0.5879700149925038,0.3073133433283358
1996,103,3.8099999999999996,0.589112443778111,0.3080749625187406
1996,104,4.064,0.5902548725637181,0.3088365817091454
1996,105,4.571999999999999,0.5913973013493253,0.3095982008995502
1996,106,4.3180000000000005,0.5925397301349326,0.310359820089955
1996,107,3.0479999999999996,0.5936821589205398,0.3111214392803598
1996,108,3.8099999999999996,0.594824587706147,0.3118830584707646
1996,109,3.302,0.5959670164917541,0.31264467766116943
1996,110,4.064,0.5971094452773613,0.31340629685157423
1996,111,3.556,0.5982518740629685,0.314167916041979
1996,112,4.3180000000000005,0.5993943028485758,0.3149295352323838
1996,113,2.54,0.600536731634183,0.3156911544227886
1996,114,2.54,0.6016791604197901,0.3164527736131934
1996,115,3.0479999999999996,0.6028215892053973,0.3172143928035982
1996,116,4.826,0.6039640179910045,0.317976011994003
1996,117,4.826,0.6051064467766117,0.3187376311844078
1996,118,4.3180000000000005,0.606248875562219,0.3194992503748126
1996,119,4.826,0.6073913043478261,0.3202608695652174
1996,120,4.826,0.6085337331334333,0.32102248875562217
1996,121,5.588,0.6096761619190405,0.32178410794602696
1996,122,5.334,0.6108185907046477,0.32254572713643176
1996,123,5.08,0.6119610194902549,0.32330734632683655
1996,124,5.588,0.613103448275862,0.32406896551724135
1996,125,5.08,0.6142458770614693,0.32483058470764614
1996,126,5.08,0.6153883058470765,0.325592203898051
1996,127,5.334,0.6165307346326837,0.3263538230884558
1996,128,5.588,0.6176731634182908,0.3271154422788606
1996,129,6.35,0.618815592203898,0.3278770614692654
1996,130,6.095999999999999,0.6199580209895053,0.32863868065967017
1996,131,6.095999999999999,0.6211004497751125,0.32940029985007496
1996,132,6.35,0.6222428785607197,0.33016191904047976
1996,133,6.35,0.6233853073463268,0.33092353823088455
1996,134,5.968999999999999,0.624527736131934,0.33168515742128934
1996,135,5.588,0.6256701649175412,0.33244677661169414
1996,136,4.3180000000000005,0.6268125937031485,0.33320839580209893
1996,137,3.302,0.6279550224887557,0.3339700149925037
1996,138,2.54,0.6290974512743628,0.3347316341829085
1996,139,4.826,0.63023988005997,0.3354932533733133
1996,140,4.571999999999999,0.6313823088455772,0.3362548725637181
1996,141,5.334,0.6325247376311844,0.3370164917541229
1996,142,5.588,0.6336671664167917,0.3377781109445277
1996,143,4.064,0.6348095952023988,0.33853973013493255
1996,144,5.08,0.635952023988006,0.33930134932533734
1996,145,4.571999999999999,0.6370944527736132,0.34006296851574214
1996,146,3.302,0.6382368815592204,0.34082458770614693
1996,147,5.334,0.6393793103448276,0.3415862068965517
1996,148,4.571999999999999,0.6405217391304348,0.3423478260869565
1996,149,6.095999999999999,0.641664167916042,0.3431094452773613
1996,150,3.302,0.6428065967016492,0.3438710644677661
1996,151,4.571999999999999,0.6439490254872564,0.3446326836581709
1996,152,5.842,0.6450914542728636,0.3453943028485757
1996,153,6.604,0.6462338830584707,0.3461559220389805
1996,154,7.112,0.647376311844078,0.3469175412293853
1996,155,7.365999999999999,0.6485187406296852,0.3476791604197901
1996,156,8.128,0.6496611694152924,0.3484407796101949
1996,157,8.636000000000001,0.6508035982008996,0.34920239880059967
1996,158,9.143999999999998,0.6519460269865067,0.34996401799100446
1996,159,9.652,0.6530884557721139,0.35072563718140926
1996,160,6.858,0.6542308845577212,0.3514872563718141
1996,161,8.636000000000001,0.6553733133433284,0.3522488755622189
1996,162,9.143999999999998,0.6565157421289356,0.3530104947526237
1996,163,8.889999999999999,0.6576581709145427,0.3537721139430285
1996,164,8.636000000000001,0.6588005997001499,0.3545337331334333
1996,165,7.619999999999999,0.6599430284857571,0.3552953523238381
1996,166,6.35,0.6610854572713644,0.35605697151424287
1996,167,7.112,0.6622278860569716,0.35681859070464766
1996,168,9.652,0.6633703148425787,0.35758020989505246
1996,169,9.143999999999998,0.6645127436281859,0.35834182908545725
1996,170,7.874,0.6656551724137931,0.35910344827586205
1996,171,7.619999999999999,0.6667976011994003,0.35986506746626684
1996,172,6.858,0.6679400299850076,0.36062668665667164
1996,173,7.365999999999999,0.6690824587706147,0.36138830584707643
1996,174,7.619999999999999,0.6702248875562219,0.3621499250374812
1996,175,7.619999999999999,0.6713673163418291,0.362911544227886
1996,176,5.334,0.6725097451274363,0.3636731634182908
1996,177,6.604,0.6736521739130436,0.3644347826086956
1996,178,7.365999999999999,0.6747946026986507,0.36519640179910046
1996,179,6.858,0.6759370314842579,0.36595802098950525
1996,180,6.095999999999999,0.6770794602698651,0.36671964017991004
1996,181,7.619999999999999,0.6782218890554723,0.36748125937031484
1996,182,7.874,0.6793643178410795,0.36824287856071963
1996,183,8.382,0.6805067466266866,0.3690044977511244
1996,184,9.906,0.6816491754122939,0.3697661169415292
1996,185,8.636000000000001,0.6827916041979011,0.370527736131934
1996,186,8.382,0.6839340329835083,0.3712893553223388
1996,187,9.143999999999998,0.6850764617691155,0.3720509745127436
1996,188,9.652,0.6862188905547226,0.3728125937031484
1996,189,8.636000000000001,0.6873613193403298,0.3735742128935532
1996,190,7.874,0.6885037481259371,0.374335832083958
1996,191,8.636000000000001,0.6896461769115443,0.3750974512743628
1996,192,9.652,0.6907886056971515,0.3758590704647676
1996,193,10.16,0.6919310344827586,0.37662068965517237
1996,194,9.652,0.6930734632683658,0.37738230884557716
1996,195,9.906,0.694215892053973,0.378143928035982
1996,196,8.128,0.6953583208395803,0.3789055472263868
1996,197,7.112,0.6965007496251874,0.3796671664167916
1996,198,6.858,0.6976431784107946,0.3804287856071964
1996,199,7.874,0.6987856071964018,0.3811904047976012
1996,200,9.143999999999998,0.699928035982009,0.381952023988006
1996,201,8.889999999999999,0.7010704647676163,0.3827136431784108
1996,202,7.874,0.7022128935532234,0.3834752623688156
1996,203,8.128,0.7033553223388306,0.38423688155922037
1996,204,8.889999999999999,0.7044977511244378,0.38499850074962516
1996,205,8.636000000000001,0.705640179910045,0.38576011994002996
1996,206,8.382,0.7067826086956522,0.38652173913043475
1996,207,8.636000000000001,0.7079250374812593,0.38728335832083954
1996,208,9.143999999999998,0.7090674662668666,0.38804497751124434
1996,209,9.143999999999998,0.7102098950524738,0.38880659670164913
1996,210,8.636000000000001,0.711352323838081,0.3895682158920539
1996,211,7.619999999999999,0.7124947526236882,0.3903298350824587
1996,212,8.128,0.7136371814092953,0.39109145427286357
1996,213,7.874,0.7147796101949025,0.39185307346326836
1996,214,7.365999999999999,0.7159220389805098,0.39261469265367316
1996,215,8.889999999999999,0.717064467766117,0.39337631184407795
1996,216,5.842,0.7182068965517242,0.39413793103448275
1996,217,7.874,0.7193493253373313,0.39489955022488754
1996,218,7.365999999999999,0.7204917541229385,0.39566116941529234
1996,219,7.874,0.7216341829085458,0.39642278860569713
1996,220,7.365999999999999,0.722776611694153,0.3971844077961019
1996,221,8.636000000000001,0.7239190404797602,0.3979460269865067
1996,222,8.128,0.7250614692653673,0.3987076461769115
1996,223,7.874,0.7262038980509745,0.3994692653673163
1996,224,8.636000000000001,0.7273463268365817,0.4002308845577211
1996,225,7.112,0.728488755622189,0.4009925037481259
1996,226,7.365999999999999,0.7296311844077962,0.4017541229385307
1996,227,7.619999999999999,0.7307736131934033,0.4025157421289355
1996,228,7.874,0.7319160419790105,0.4032773613193403
1996,229,7.874,0.7330584707646177,0.4040389805097451
1996,230,6.858,0.7342008995502249,0.4048005997001499
1996,231,7.365999999999999,0.7353433283358322,0.4055622188905547
1996,232,7.874,0.7364857571214393,0.4063238380809595
1996,233,6.858,0.7376281859070465,0.4070854572713643
1996,234,6.604,0.7387706146926537,0.4078470764617691
1996,235,6.604,0.7399130434782609,0.4086086956521739
1996,236,8.128,0.7410554722638681,0.4093703148425787
1996,237,7.365999999999999,0.7421979010494753,0.4101319340329835
1996,238,7.365999999999999,0.7433403298350825,0.4108935532233883
1996,239,7.365999999999999,0.7444827586206897,0.41165517241379307
1996,240,4.571999999999999,0.7456251874062969,0.41241679160419786
1996,241,6.35,0.7467676161919041,0.41317841079460266
1996,242,6.095999999999999,0.7479100449775112,0.41394002998500745
1996,243,7.874,0.7490524737631185,0.41470164917541225
1996,244,6.858,0.7501949025487257,0.41546326836581704
1996,245,7.112,0.7513373313343329,0.41622488755622183
1996,246,6.35,0.7524797601199401,0.4169865067466267
1996,247,5.588,0.7536221889055472,0.4177481259370315
1996,248,6.095999999999999,0.7547646176911544,0.4185097451274363
1996,249,5.588,0.7559070464767617,0.41927136431784107
1996,250,5.588,0.7570494752623689,0.42003298350824586
1996,251,5.334,0.7581919040479761,0.42079460269865065
1996,252,5.842,0.7593343328335832,0.42155622188905545
1996,253,6.095999999999999,0.7604767616191904,0.42231784107946024
1996,254,5.588,0.7616191904047976,0.42307946026986504
1996,255,6.096,0.7627616191904049,0.42384107946026983
1996,256,6.604,0.763904047976012,0.4246026986506746
1996,257,5.334,0.7650464767616192,0.4253643178410794
1996,258,6.095999999999999,0.7661889055472264,0.4261259370314842
1996,259,5.334,0.7673313343328336,0.426887556221889
1996,260,4.3180000000000005,0.7684737631184408,0.4276491754122938
1996,261,4.3180000000000005,0.769616191904048,0.4284107946026986
1996,262,3.556,0.7707586206896552,0.4291724137931034
1996,263,3.302,0.7719010494752624,0.42993403298350824
1996,264,3.302,0.7730434782608696,0.43069565217391304
1996,265,4.064,0.7741859070464768,0.43145727136431783
1996,266,4.571999999999999,0.7753283358320839,0.4322188905547226
1996,267,5.588,0.7764707646176912,0.4329805097451274
1996,268,4.064,0.7776131934032984,0.4337421289355322
1996,269,4.826,0.7787556221889056,0.434503748125937
1996,270,4.3180000000000005,0.7798980509745128,0.4352653673163418
1996,271,4.064,0.7810404797601199,0.4360269865067466
1996,272,4.3180000000000005,0.7821829085457271,0.4367886056971514
1996,273,4.826,0.7833253373313344,0.4375502248875562
1996,274,4.3180000000000005,0.7844677661169416,0.438311844077961
1996,275,5.334,0.7856101949025488,0.43907346326836577
1996,276,4.826,0.7867526236881559,0.43983508245877057
1996,277,4.826,0.7878950524737631,0.44059670164917536
1996,278,5.08,0.7890374812593703,0.44135832083958015
1996,279,5.08,0.7901799100449776,0.44211994002998495
1996,280,4.3180000000000005,0.7913223388305848,0.4428815592203898
1996,281,4.571999999999999,0.7924647676161919,0.4436431784107946
1996,282,4.571999999999999,0.7936071964017991,0.4444047976011994
1996,283,4.3180000000000005,0.7947496251874063,0.4451664167916042
1996,284,4.826,0.7958920539730135,0.445928035982009
1996,285,4.3180000000000005,0.7970344827586208,0.44668965517241377
1996,286,4.3180000000000005,0.7981769115442279,0.44745127436281856
1996,287,3.8099999999999996,0.7993193403298351,0.44821289355322336
1996,288,3.556,0.8004617691154423,0.44897451274362815
1996,289,3.0479999999999996,0.8016041979010495,0.44973613193403295
1996,290,2.794,0.8027466266866568,0.45049775112443774
1996,291,3.302,0.8038890554722639,0.45125937031484253
1996,292,2.032,0.8050314842578711,0.45202098950524733
1996,293,1.778,0.8061739130434783,0.4527826086956521
1996,294,2.2859999999999996,0.8073163418290855,0.4535442278860569
1996,295,2.794,0.8084587706146927,0.4543058470764617
1996,296,1.5239999999999998,0.8096011994002998,0.4550674662668665
1996,297,1.016,0.8107436281859071,0.45582908545727135
1996,298,0.254,0.8118860569715143,0.45659070464767615
1996,299,1.5239999999999998,0.8130284857571215,0.45735232383808094
1996,300,1.778,0.8141709145427287,0.45811394302848574
1996,301,1.778,0.8153133433283358,0.45887556221889053
1996,302,1.778,0.816455772113943,0.4596371814092953
1996,303,0.7619999999999999,0.8175982008995503,0.4603988005997001
1996,304,1.016,0.8187406296851575,0.4611604197901049
1996,305,1.5239999999999998,0.8198830584707647,0.4619220389805097
1996,306,2.032,0.8210254872563718,0.4626836581709145
1996,307,2.54,0.822167916041979,0.4634452773613193
1996,308,2.032,0.8233103448275862,0.4642068965517241
1996,309,1.5239999999999998,0.8244527736131935,0.4649685157421289
1996,310,1.778,0.8255952023988007,0.4657301349325337
1996,311,2.032,0.8267376311844078,0.4664917541229385
1996,312,1.778,0.827880059970015,0.46725337331334327
1996,313,1.5239999999999998,0.8290224887556222,0.46801499250374806
1996,314,1.778,0.8301649175412295,0.4687766116941529
1996,315,2.032,0.8313073463268367,0.4695382308845577
1996,316,1.778,0.8324497751124438,0.4702998500749625
1996,317,1.778,0.833592203898051,0.4710614692653673
1996,318,1.5239999999999998,0.8347346326836582,0.4718230884557721
1996,319,1.016,0.8358770614692654,0.4725847076461769
1996,320,1.016,0.8370194902548727,0.4733463268365817
1996,321,1.016,0.8381619190404798,0.47410794602698647
1996,322,0.508,0.839304347826087,0.47486956521739127
1996,323,0.508,0.8404467766116942,0.47563118440779606
1996,324,1.016,0.8415892053973014,0.47639280359820085
1996,325,1.27,0.8427316341829085,0.47715442278860565
1996,326,1.27,0.8438740629685157,0.47791604197901044
1996,327,0.7619999999999999,0.845016491754123,0.47867766116941524
1996,328,1.27,0.8461589205397302,0.47943928035982003
1996,329,0.508,0.8473013493253374,0.4802008995502248
1996,330,0.7619999999999999,0.8484437781109445,0.4809625187406296
1996,331,0.7619999999999999,0.8495862068965517,0.48172413793103447
1996,332,1.016,0.850728635682159,0.48248575712143926
1996,333,1.016,0.8518710644677662,0.48324737631184406
1996,334,0.7619999999999999,0.8530134932533734,0.48400899550224885
1996,335,1.016,0.8541559220389805,0.48477061469265365
1996,336,0.508,0.8552983508245877,0.48553223388305844
1996,337,1.016,0.8564407796101949,0.48629385307346323
1996,338,0.7619999999999999,0.8575832083958022,0.48705547226386803
1996,339,0.7619999999999999,0.8587256371814094,0.4878170914542728
1996,340,0.254,0.8598680659670165,0.4885787106446776
1996,341,0.254,0.8610104947526237,0.4893403298350824
1996,342,0.254,0.8621529235382309,0.4901019490254872
1996,343,0.254,0.8632953523238381,0.490863568215892
1996,344,0.254,0.8644377811094454,0.4916251874062968
1996,345,0.254,0.8655802098950525,0.4923868065967016
1996,346,0.7619999999999999,0.8667226386806597,0.4931484257871064
1996,347,0.7619999999999999,0.8678650674662669,0.4939100449775112
1996,348,1.016,0.8690074962518741,0.494671664167916
1996,349,0.7619999999999999,0.8701499250374813,0.4954332833583208
1996,350,0.508,0.8712923538230885,0.4961949025487256
1996,351,0.508,0.8724347826086957,0.4969565217391304
1996,352,0.7619999999999999,0.8735772113943029,0.4977181409295352
1996,353,0.508,0.8747196401799101,0.49847976011994
1996,354,0.254,0.8758620689655173,0.4992413793103448
1996,355,0.0,0.8770044977511244,0.5000029985007496
1996,356,0.0,0.8781469265367317,0.5007646176911543
1996,357,0.254,0.8792893553223389,0.5015262368815592
1996,358,0.508,0.8804317841079461,0.502287856071964
1996,359,0.508,0.8815742128935533,0.5030494752623688
1996,360,0.254,0.8827166416791604,0.5038110944527736
1996,361,0.254,0.8838590704647676,0.5045727136431783
1996,362,0.508,0.8850014992503749,0.5053343328335832
1996,363,0.508,0.8861439280359821,0.5060959520239879
1996,364,0.7619999999999999,0.8872863568215893,0.5068575712143928
1996,365,1.016,0.8884287856071964,0.5076191904047975
1996,366,0.7619999999999999,0.8895712143928036,0.5083808095952024
1997,1,0.7619999999999999,0.8907136431784108,0.5091424287856071
1997,2,0.7619999999999999,0.8918560719640181,0.509904047976012
1997,3,1.016,0.8929985007496253,0.5106656671664167
1997,4,1.27,0.8941409295352324,0.5114272863568216
1997,5,0.7619999999999999,0.8952833583208396,0.5121889055472263
1997,6,0.7619999999999999,0.8964257871064468,0.5129505247376311
1997,7,0.508,0.897568215892054,0.5137121439280359
1997,8,0.254,0.8987106446776613,0.5144737631184407
1997,9,0.508,0.8998530734632684,0.5152353823088456
1997,10,0.508,0.9009955022488756,0.5159970014992503
1997,11,0.7619999999999999,0.9021379310344828,0.5167586206896552
1997,12,1.27,0.90328035982009,0.5175202398800599
1997,13,1.016,0.9044227886056972,0.5182818590704648
1997,14,0.7619999999999999,0.9055652173913044,0.5190434782608695
1997,15,0.254,0.9067076461769116,0.5198050974512743
1997,16,0.508,0.9078500749625188,0.5205667166416791
1997,17,0.254,0.908992503748126,0.5213283358320839
1997,18,0.7619999999999999,0.9101349325337331,0.5220899550224887
1997,19,0.7619999999999999,0.9112773613193403,0.5228515742128935
1997,20,1.016,0.9124197901049476,0.5236131934032983
1997,21,0.7619999999999999,0.9135622188905548,0.5243748125937031
1997,22,0.508,0.914704647676162,0.5251364317841078
1997,23,1.27,0.9158470764617691,0.5258980509745127
1997,24,1.016,0.9169895052473763,0.5266596701649174
1997,25,0.508,0.9181319340329835,0.5274212893553223
1997,26,0.0,0.9192743628185908,0.5281829085457271
1997,27,0.7619999999999999,0.920416791604198,0.5289445277361319
1997,28,0.254,0.9215592203898051,0.5297061469265367
1997,29,0.508,0.9227016491754123,0.5304677661169415
1997,30,0.7619999999999999,0.9238440779610195,0.5312293853073463
1997,31,0.254,0.9249865067466267,0.531991004497751
1997,32,0.7619999999999999,0.926128935532234,0.5327526236881559
1997,33,1.016,0.9272713643178411,0.5335142428785606
1997,34,1.27,0.9284137931034483,0.5342758620689655
1997,35,1.016,0.9295562218890555,0.5350374812593702
1997,36,1.016,0.9306986506746627,0.5357991004497751
1997,37,1.016,0.93184107946027,0.5365607196401798
1997,38,1.27,0.9329835082458771,0.5373223388305847
1997,39,1.27,0.9341259370314843,0.5380839580209894
1997,40,1.016,0.9352683658170915,0.5388455772113943
1997,41,1.016,0.9364107946026987,0.539607196401799
1997,42,1.016,0.9375532233883059,0.5403688155922038
1997,43,1.5239999999999998,0.938695652173913,0.5411304347826087
1997,44,1.778,0.9398380809595203,0.5418920539730134
1997,45,1.27,0.9409805097451275,0.5426536731634183
1997,46,2.032,0.9421229385307347,0.543415292353823
1997,47,1.778,0.9432653673163419,0.5441769115442279
1997,48,1.5239999999999998,0.944407796101949,0.5449385307346326
1997,49,2.2859999999999996,0.9455502248875562,0.5457001499250375
1997,50,1.778,0.9466926536731635,0.5464617691154422
1997,51,1.778,0.9478350824587707,0.547223388305847
1997,52,1.5239999999999998,0.9489775112443779,0.5479850074962518
1997,53,1.5239999999999998,0.950119940029985,0.5487466266866566
1997,54,1.5239999999999998,0.9512623688155922,0.5495082458770614
1997,55,2.032,0.9524047976011994,0.5502698650674662
1997,56,1.778,0.9535472263868067,0.551031484257871
1997,57,1.27,0.9546896551724139,0.5517931034482758
1997,58,2.032,0.955832083958021,0.5525547226386806
1997,59,2.032,0.9569745127436282,0.5533163418290854
1997,60,1.778,0.9581169415292354,0.5540779610194903
1997,61,1.27,0.9592593703148427,0.554839580209895
1997,62,1.5239999999999998,0.9604017991004499,0.5556011994002998
1997,63,1.778,0.961544227886057,0.5563628185907046
1997,64,2.032,0.9626866566716642,0.5571244377811094
1997,65,2.032,0.9638290854572714,0.5578860569715142
1997,66,2.032,0.9649715142428786,0.558647676161919
1997,67,1.5239999999999998,0.9661139430284859,0.5594092953523238
1997,68,2.2859999999999996,0.967256371814093,0.5601709145427286
1997,69,3.0479999999999996,0.9683988005997002,0.5609325337331333
1997,70,2.032,0.9695412293853074,0.5616941529235382
1997,71,3.302,0.9706836581709146,0.5624557721139429
1997,72,3.0479999999999996,0.9718260869565218,0.5632173913043478
1997,73,2.032,0.972968515742129,0.5639790104947525
1997,74,1.5239999999999998,0.9741109445277362,0.5647406296851574
1997,75,1.27,0.9752533733133434,0.5655022488755621
1997,76,2.2859999999999996,0.9763958020989506,0.566263868065967
1997,77,4.064,0.9775382308845578,0.5670254872563718
1997,78,3.8099999999999996,0.9786806596701649,0.5677871064467765
1997,79,3.8099999999999996,0.9798230884557722,0.5685487256371814
1997,80,3.8099999999999996,0.9809655172413794,0.5693103448275861
1997,81,3.8099999999999996,0.9821079460269866,0.570071964017991
1997,82,4.064,0.9832503748125938,0.5708335832083957
1997,83,4.064,0.9843928035982009,0.5715952023988006
1997,84,4.064,0.9855352323838081,0.5723568215892053
1997,85,4.064,0.9866776611694154,0.5731184407796102
1997,86,4.064,0.9878200899550226,0.5738800599700149
1997,87,2.794,0.9889625187406297,0.5746416791604197
1997,88,3.556,0.9901049475262369,0.5754032983508245
1997,89,4.571999999999999,0.9912473763118441,0.5761649175412293
1997,90,3.302,0.9923898050974513,0.5769265367316341
1997,91,2.794,0.9935322338830586,0.5776881559220389
1997,92,4.064,0.9946746626686657,0.5784497751124437
1997,93,3.8099999999999996,0.9958170914542729,0.5792113943028485
1997,94,3.556,0.9969595202398801,0.5799730134932534
1997,95,3.0479999999999996,0.9981019490254873,0.5807346326836581
1997,96,3.556,0.9992443778110945,0.581496251874063
1997,97,3.0479999999999996,1.0003868065967016,0.5822578710644677
1997,98,1.778,1.0015292353823089,0.5830194902548725
1997,99,3.302,1.002671664167916,0.5837811094452773
1997,100,4.3180000000000005,1.0038140929535233,0.5845427286356821
1997,101,3.302,1.0049565217391305,0.5853043478260869
1997,102,3.8099999999999996,1.0060989505247377,0.5860659670164917
1997,103,4.064,1.007241379310345,0.5868275862068965
1997,104,3.0479999999999996,1.0083838080959522,0.5875892053973013
1997,105,4.571999999999999,1.0095262368815592,0.588350824587706
1997,106,5.08,1.0106686656671664,0.5891124437781109
1997,107,4.826,1.0118110944527736,0.5898740629685156
1997,108,4.571999999999999,1.0129535232383808,0.5906356821589205
1997,109,3.556,1.014095952023988,0.5913973013493252
1997,110,2.54,1.0152383808095953,0.5921589205397301
1997,111,4.826,1.0163808095952025,0.5929205397301349
1997,112,4.571999999999999,1.0175232383808097,0.5936821589205397
1997,113,2.032,1.018665667166417,0.5944437781109445
1997,114,3.556,1.019808095952024,0.5952053973013492
1997,115,4.826,1.0209505247376311,0.5959670164917541
1997,116,4.826,1.0220929535232384,0.5967286356821588
1997,117,3.302,1.0232353823088456,0.5974902548725637
1997,118,3.8099999999999996,1.0243778110944528,0.5982518740629684
1997,119,4.826,1.02552023988006,0.5990134932533733
1997,120,2.2859999999999996,1.0266626686656672,0.599775112443778
1997,121,4.3180000000000005,1.0278050974512745,0.6005367316341829
1997,122,4.064,1.0289475262368817,0.6012983508245876
1997,123,5.588,1.030089955022489,0.6020599700149925
1997,124,5.588,1.031232383808096,0.6028215892053972
1997,125,5.588,1.0323748125937031,0.603583208395802
1997,126,6.095999999999999,1.0335172413793103,0.6043448275862068
1997,127,6.604,1.0346596701649176,0.6051064467766116
1997,128,7.365999999999999,1.0358020989505248,0.6058680659670165
1997,129,7.365999999999999,1.036944527736132,0.6066296851574212
1997,130,6.858,1.0380869565217392,0.6073913043478261
1997,131,6.604,1.0392293853073464,0.6081529235382308
1997,132,7.619999999999999,1.0403718140929537,0.6089145427286357
1997,133,7.619999999999999,1.0415142428785609,0.6096761619190404
1997,134,7.112,1.0426566716641679,0.6104377811094452
1997,135,7.365999999999999,1.043799100449775,0.61119940029985
1997,136,7.365999999999999,1.0449415292353823,0.6119610194902548
1997,137,6.604,1.0460839580209895,0.6127226386806596
1997,138,7.874,1.0472263868065967,0.6134842578710644
1997,139,7.619999999999999,1.048368815592204,0.6142458770614692
1997,140,5.588,1.0495112443778112,0.615007496251874
1997,141,6.096,1.0506536731634184,0.6157691154422787
1997,142,6.604,1.0517961019490256,0.6165307346326836
1997,143,5.842,1.0529385307346328,0.6172923538230883
1997,144,5.08,1.0540809595202398,0.6180539730134932
1997,145,2.794,1.055223388305847,0.618815592203898
1997,146,5.588,1.0563658170914543,0.6195772113943028
1997,147,5.334,1.0575082458770615,0.6203388305847076
1997,148,4.571999999999999,1.0586506746626687,0.6211004497751124
1997,149,5.588,1.059793103448276,0.6218620689655172
1997,150,7.112,1.0609355322338831,0.622623688155922
1997,151,6.604,1.0620779610194904,0.6233853073463268
1997,152,7.619999999999999,1.0632203898050976,0.6241469265367315
1997,153,7.365999999999999,1.0643628185907048,0.6249085457271364
1997,154,7.619999999999999,1.0655052473763118,0.6256701649175411
1997,155,5.842,1.066647676161919,0.626431784107946
1997,156,2.2859999999999996,1.0677901049475262,0.6271934032983507
1997,157,6.604,1.0689325337331335,0.6279550224887556
1997,158,5.588,1.0700749625187407,0.6287166416791603
1997,159,6.858,1.071217391304348,0.6294782608695652
1997,160,7.112,1.0723598200899551,0.6302398800599699
1997,161,3.302,1.0735022488755623,0.6310014992503747
1997,162,5.334,1.0746446776611696,0.6317631184407796
1997,163,3.556,1.0757871064467768,0.6325247376311843
1997,164,3.556,1.0769295352323838,0.6332863568215892
1997,165,5.334,1.078071964017991,0.6340479760119939
1997,166,6.604,1.0792143928035982,0.6348095952023988
1997,167,7.365999999999999,1.0803568215892054,0.6355712143928035
1997,168,7.365999999999999,1.0814992503748126,0.6363328335832084
1997,169,7.112,1.0826416791604199,0.6370944527736131
1997,170,8.636000000000001,1.083784107946027,0.637856071964018
1997,171,8.636000000000001,1.0849265367316343,0.6386176911544227
1997,172,8.636000000000001,1.0860689655172415,0.6393793103448275
1997,173,8.636000000000001,1.0872113943028487,0.6401409295352323
1997,174,8.128,1.0883538230884557,0.6409025487256371
1997,175,7.619999999999999,1.089496251874063,0.6416641679160419
1997,176,8.382,1.0906386806596702,0.6424257871064467
1997,177,8.382,1.0917811094452774,0.6431874062968514
1997,178,7.874,1.0929235382308846,0.6439490254872563
1997,179,7.874,1.0940659670164918,0.6447106446776611
1997,180,8.636000000000001,1.095208395802099,0.6454722638680659
1997,181,7.112,1.0963508245877063,0.6462338830584707
1997,182,6.858,1.0974932533733135,0.6469955022488755
1997,183,7.112,1.0986356821589205,0.6477571214392803
1997,184,7.365999999999999,1.0997781109445277,0.6485187406296851
1997,185,8.382,1.100920539730135,0.6492803598200899
1997,186,9.652,1.1020629685157421,0.6500419790104947
1997,187,9.143999999999998,1.1032053973013494,0.6508035982008995
1997,188,8.889999999999999,1.1043478260869566,0.6515652173913042
1997,189,8.889999999999999,1.1054902548725638,0.6523268365817091
1997,190,7.112,1.106632683658171,0.6530884557721138
1997,191,4.826,1.1077751124437782,0.6538500749625187
1997,192,7.112,1.1089175412293855,0.6546116941529234
1997,193,7.365999999999999,1.1100599700149925,0.6553733133433283
1997,194,7.874,1.1112023988005997,0.656134932533733
1997,195,8.382,1.112344827586207,0.6568965517241379
1997,196,8.128,1.1134872563718141,0.6576581709145427
1997,197,8.636000000000001,1.1146296851574213,0.6584197901049474
1997,198,7.874,1.1157721139430286,0.6591814092953523
1997,199,5.334,1.1169145427286358,0.659943028485757
1997,200,7.112,1.118056971514243,0.6607046476761619
1997,201,8.128,1.1191994002998502,0.6614662668665666
1997,202,9.398,1.1203418290854574,0.6622278860569715
1997,203,7.365999999999999,1.1214842578710644,0.6629895052473762
1997,204,5.334,1.1226266866566716,0.6637511244377811
1997,205,5.334,1.1237691154422789,0.6645127436281858
1997,206,6.095999999999999,1.124911544227886,0.6652743628185906
1997,207,6.604,1.1260539730134933,0.6660359820089954
1997,208,6.604,1.1271964017991005,0.6667976011994002
1997,209,3.556,1.1283388305847077,0.667559220389805
1997,210,6.858,1.129481259370315,0.6683208395802098
1997,211,6.858,1.1306236881559222,0.6690824587706146
1997,212,7.619999999999999,1.1317661169415294,0.6698440779610194
1997,213,8.382,1.1329085457271364,0.6706056971514243
1997,214,8.382,1.1340509745127436,0.671367316341829
1997,215,9.143999999999998,1.1351934032983508,0.6721289355322339
1997,216,5.842,1.136335832083958,0.6728905547226386
1997,217,6.604,1.1374782608695653,0.6736521739130434
1997,218,7.619999999999999,1.1386206896551725,0.6744137931034482
1997,219,8.128,1.1397631184407797,0.675175412293853
1997,220,8.382,1.140905547226387,0.6759370314842578
1997,221,6.35,1.1420479760119941,0.6766986506746626
1997,222,6.35,1.1431904047976014,0.6774602698650674
1997,223,5.842,1.1443328335832084,0.6782218890554722
1997,224,5.334,1.1454752623688156,0.6789835082458769
1997,225,6.604,1.1466176911544228,0.6797451274362818
1997,226,7.874,1.14776011994003,0.6805067466266865
1997,227,8.382,1.1489025487256372,0.6812683658170914
1997,228,6.604,1.1500449775112445,0.6820299850074961
1997,229,7.112,1.1511874062968517,0.682791604197901
1997,230,7.619999999999999,1.152329835082459,0.6835532233883058
1997,231,7.365999999999999,1.1534722638680661,0.6843148425787106
1997,232,8.636000000000001,1.1546146926536733,0.6850764617691154
1997,233,7.365999999999999,1.1557571214392803,0.6858380809595201
1997,234,7.619999999999999,1.1568995502248876,0.686599700149925
1997,235,6.604,1.1580419790104948,0.6873613193403297
1997,236,6.858,1.159184407796102,0.6881229385307346
1997,237,7.874,1.1603268365817092,0.6888845577211393
1997,238,7.365999999999999,1.1614692653673164,0.6896461769115442
1997,239,7.619999999999999,1.1626116941529236,0.6904077961019489
1997,240,7.112,1.1637541229385309,0.6911694152923538
1997,241,6.604,1.164896551724138,0.6919310344827585
1997,242,7.112,1.1660389805097453,0.6926926536731633
1997,243,5.334,1.1671814092953523,0.6934542728635681
1997,244,7.619999999999999,1.1683238380809595,0.6942158920539729
1997,245,4.826,1.1694662668665667,0.6949775112443777
1997,246,4.571999999999999,1.170608695652174,0.6957391304347825
1997,247,5.334,1.1717511244377812,0.6965007496251874
1997,248,5.588,1.1728935532233884,0.6972623688155921
1997,249,4.3180000000000005,1.1740359820089956,0.698023988005997
1997,250,5.842,1.1751784107946028,0.6987856071964017
1997,251,5.334,1.17632083958021,0.6995472263868066
1997,252,6.095999999999999,1.177463268365817,0.7003088455772113
1997,253,6.095999999999999,1.1786056971514243,0.7010704647676161
1997,254,3.302,1.1797481259370315,0.7018320839580209
1997,255,5.08,1.1808905547226387,0.7025937031484257
1997,256,5.588,1.182032983508246,0.7033553223388305
1997,257,5.08,1.1831754122938531,0.7041169415292353
1997,258,5.08,1.1843178410794604,0.7048785607196401
1997,259,4.571999999999999,1.1854602698650676,0.7056401799100449
1997,260,6.35,1.1866026986506748,0.7064017991004496
1997,261,2.2859999999999996,1.187745127436282,0.7071634182908545
1997,262,3.8099999999999996,1.188887556221889,0.7079250374812592
1997,263,1.778,1.1900299850074962,0.7086866566716641
1997,264,2.2859999999999996,1.1911724137931035,0.7094482758620689
1997,265,3.8099999999999996,1.1923148425787107,0.7102098950524737
1997,266,4.826,1.193457271364318,0.7109715142428785
1997,267,5.334,1.1945997001499251,0.7117331334332833
1997,268,4.571999999999999,1.1957421289355323,0.7124947526236881
1997,269,5.08,1.1968845577211396,0.7132563718140928
1997,270,5.08,1.1980269865067468,0.7140179910044977
1997,271,4.571999999999999,1.199169415292354,0.7147796101949024
1997,272,5.334,1.200311844077961,0.7155412293853073
1997,273,5.08,1.2014542728635682,0.716302848575712
1997,274,5.588,1.2025967016491754,0.7170644677661169
1997,275,3.302,1.2037391304347826,0.7178260869565216
1997,276,4.3180000000000005,1.2048815592203899,0.7185877061469265
1997,277,4.571999999999999,1.206023988005997,0.7193493253373312
1997,278,4.064,1.2071664167916043,0.720110944527736
1997,279,5.334,1.2083088455772115,0.7208725637181408
1997,280,2.794,1.2094512743628187,0.7216341829085456
1997,281,3.8099999999999996,1.210593703148426,0.7223958020989505
1997,282,1.778,1.211736131934033,0.7231574212893552
1997,283,1.5239999999999998,1.2128785607196402,0.7239190404797601
1997,284,2.794,1.2140209895052474,0.7246806596701648
1997,285,2.794,1.2151634182908546,0.7254422788605697
1997,286,3.0479999999999996,1.2163058470764618,0.7262038980509744
1997,287,2.794,1.217448275862069,0.7269655172413793
1997,288,3.0479999999999996,1.2185907046476763,0.727727136431784
1997,289,4.3180000000000005,1.2197331334332835,0.7284887556221888
1997,290,2.794,1.2208755622188907,0.7292503748125936
1997,291,2.667,1.222017991004498,0.7300119940029984
1997,292,2.54,1.223160419790105,0.7307736131934032
1997,293,2.413,1.2243028485757121,0.731535232383808
1997,294,2.2859999999999996,1.2254452773613194,0.7322968515742128
1997,295,2.794,1.2265877061469266,0.7330584707646176
1997,296,1.778,1.2277301349325338,0.7338200899550223
1997,297,2.032,1.228872563718141,0.7345817091454272
1997,298,2.032,1.2300149925037482,0.735343328335832
1997,299,2.794,1.2311574212893555,0.7361049475262368
1997,300,2.032,1.2322998500749627,0.7368665667166416
1997,301,1.5239999999999998,1.23344227886057,0.7376281859070464
1997,302,1.016,1.234584707646177,0.7383898050974512
1997,303,2.032,1.2357271364317841,0.739151424287856
1997,304,2.2859999999999996,1.2368695652173913,0.7399130434782608
1997,305,2.54,1.2380119940029986,0.7406746626686656
1997,306,1.778,1.2391544227886058,0.7414362818590704
1997,307,1.778,1.240296851574213,0.7421979010494751
1997,308,1.5239999999999998,1.2414392803598202,0.74295952023988
1997,309,2.032,1.2425817091454274,0.7437211394302847
1997,310,3.0479999999999996,1.2437241379310346,0.7444827586206896
1997,311,1.778,1.2448665667166416,0.7452443778110943
1997,312,1.016,1.2460089955022489,0.7460059970014992
1997,313,2.032,1.247151424287856,0.7467676161919039
1997,314,1.778,1.2482938530734633,0.7475292353823088
1997,315,1.5239999999999998,1.2494362818590705,0.7482908545727136
1997,316,1.016,1.2505787106446777,0.7490524737631183
1997,317,1.5239999999999998,1.251721139430285,0.7498140929535232
1997,318,2.2859999999999996,1.2528635682158922,0.7505757121439279
1997,319,2.032,1.2540059970014994,0.7513373313343328
1997,320,1.5239999999999998,1.2551484257871066,0.7520989505247375
1997,321,0.508,1.2562908545727136,0.7528605697151424
1997,322,0.7619999999999999,1.2574332833583208,0.7536221889055471
1997,323,0.508,1.258575712143928,0.754383808095952
1997,324,1.016,1.2597181409295353,0.7551454272863567
1997,325,1.016,1.2608605697151425,0.7559070464767615
1997,326,1.27,1.2620029985007497,0.7566686656671663
1997,327,1.016,1.263145427286357,0.7574302848575711
1997,328,1.016,1.2642878560719641,0.7581919040479759
1997,329,0.7619999999999999,1.2654302848575714,0.7589535232383807
1997,330,0.508,1.2665727136431786,0.7597151424287855
1997,331,0.7619999999999999,1.2677151424287856,0.7604767616191903
1997,332,0.7619999999999999,1.2688575712143928,0.7612383808095952
1997,333,1.016,1.27,0.7619999999999999
1997,334,0.508,1.27,0.7619999999999999
1997,335,0.508,1.27,0.7619999999999999
1997,336,0.7619999999999999,1.27,0.7619999999999999
1997,337,1.016,1.27,0.7619999999999999
1997,338,0.7619999999999999,1.27,0.7619999999999999
1997,339,0.7619999999999999,1.27,0.7619999999999999
1997,340,1.016,1.27,0.7619999999999999
1997,341,0.254,1.27,0.7619999999999999
1997,342,0.7619999999999999,1.27,0.7619999999999999
1997,343,0.7619999999999999,1.27,0.7619999999999999
1997,344,0.7619999999999999,1.27,0.7619999999999999
1997,345,0.508,1.27,0.7619999999999999
1997,346,0.508,1.27,0.7619999999999999
1997,347,1.016,1.27,0.7619999999999999
1997,348,0.508,1.27,0.7619999999999999
1997,349,0.508,1.27,0.7619999999999999
1997,350,0.254,1.27,0.7619999999999999
1997,351,0.508,1.27,0.7619999999999999
1997,352,0.7619999999999999,1.27,0.7619999999999999
1997,353,0.7619999999999999,1.27,0.7619999999999999
1997,354,1.016,1.27,0.7619999999999999
1997,355,0.254,1.27,0.7619999999999999
1997,356,0.254,1.27,0.7619999999999999
1997,357,0.254,1.27,0.7619999999999999
1997,358,0.254,1.27,0.7619999999999999
1997,359,0.254,1.27,0.7619999999999999
1997,360,0.254,1.27,0.7619999999999999
1997,361,0.508,1.27,0.7619999999999999
1997,362,0.254,1.27,0.7619999999999999
1997,363,0.508,1.27,0.7619999999999999
1997,364,0.7619999999999999,1.27,0.7619999999999999
1997,365,0.7619999999999999,1.27,0.7619999999999999
1998,1,1.016,1.27,0.7619999999999999
1998,2,0.508,1.27,0.7619999999999999
1998,3,1.016,1.27,0.7619999999999999
1998,4,1.016,1.27,0.7619999999999999
1998,5,1.27,1.27,0.7619999999999999
1998,6,1.016,1.27,0.7619999999999999
1998,7,0.254,1.27,0.7619999999999999
1998,8,0.508,1.27,0.7619999999999999
1998,9,0.508,1.27,0.7619999999999999
1998,10,0.0,1.27,0.7619999999999999
1998,11,0.0,1.27,0.7619999999999999
1998,12,0.508,1.27,0.7619999999999999
1998,13,0.7619999999999999,1.27,0.7619999999999999
1998,14,1.016,1.27,0.7619999999999999
1998,15,0.254,1.27,0.7619999999999999
1998,16,0.254,1.27,0.7619999999999999
1998,17,0.7619999999999999,1.27,0.7619999999999999
1998,18,1.27,1.27,0.7619999999999999
1998,19,0.7619999999999999,1.27,0.7619999999999999
1998,20,1.016,1.27,0.7619999999999999
1998,21,1.016,1.27,0.7619999999999999
1998,22,0.508,1.27,0.7619999999999999
1998,23,0.508,1.27,0.7619999999999999
1998,24,0.7619999999999999,1.27,0.7619999999999999
1998,25,1.016,1.27,0.7619999999999999
1998,26,1.27,1.27,0.7619999999999999
1998,27,1.5239999999999998,1.27,0.7619999999999999
1998,28,1.5239999999999998,1.27,0.7619999999999999
1998,29,1.016,1.27,0.7619999999999999
1998,30,1.27,1.27,0.7619999999999999
1998,31,1.5239999999999998,1.27,0.7619999999999999
1998,32,1.5239999999999998,1.27,0.7619999999999999
1998,33,0.7619999999999999,1.27,0.7619999999999999
1998,34,0.508,1.27,0.7619999999999999
1998,35,0.7619999999999999,1.27,0.7619999999999999
1998,36,1.5239999999999998,1.27,0.7619999999999999
1998,37,1.016,1.27,0.7619999999999999
1998,38,1.27,1.27,0.7619999999999999
1998,39,1.27,1.27,0.7619999999999999
1998,40,1.778,1.27,0.7619999999999999
1998,41,1.5239999999999998,1.27,0.7619999999999999
1998,42,1.016,1.27,0.7619999999999999
1998,43,1.27,1.27,0.7619999999999999
1998,44,0.7619999999999999,1.27,0.7619999999999999
1998,45,0.508,1.27,0.7619999999999999
1998,46,0.508,1.27,0.7619999999999999
1998,47,2.032,1.27,0.7619999999999999
1998,48,1.5239999999999998,1.27,0.7619999999999999
1998,49,1.778,1.27,0.7619999999999999
1998,50,1.5239999999999998,1.27,0.7619999999999999
1998,51,1.5239999999999998,1.27,0.7619999999999999
1998,52,1.27,1.27,0.7619999999999999
1998,53,1.27,1.27,0.7619999999999999
1998,54,1.5239999999999998,1.27,0.7619999999999999
1998,55,0.7619999999999999,1.27,0.7619999999999999
1998,56,2.032,1.27,0.7619999999999999
1998,57,1.778,1.27,0.7619999999999999
1998,58,2.2859999999999996,1.27,0.7619999999999999
1998,59,1.27,1.27,0.7619999999999999
1998,60,1.27,1.27,0.7619999999999999
1998,61,0.254,1.27,0.7619999999999999
1998,62,1.27,1.27,0.7619999999999999
1998,63,1.5239999999999998,1.27,0.7619999999999999
1998,64,1.778,1.27,0.7619999999999999
1998,65,1.5239999999999998,1.27,0.7619999999999999
1998,66,2.2859999999999996,1.27,0.7619999999999999
1998,67,1.016,1.27,0.7619999999999999
1998,68,1.5239999999999998,1.27,0.7619999999999999
1998,69,2.2859999999999996,1.27,0.7619999999999999
1998,70,2.2859999999999996,1.27,0.7619999999999999
1998,71,3.8099999999999996,1.27,0.7619999999999999
1998,72,3.8099999999999996,1.27,0.7619999999999999
1998,73,3.302,1.27,0.7619999999999999
1998,74,2.2859999999999996,1.27,0.7619999999999999
1998,75,2.54,1.27,0.7619999999999999
1998,76,3.302,1.27,0.7619999999999999
1998,77,3.302,1.27,0.7619999999999999
1998,78,3.0479999999999996,1.27,0.7619999999999999
1998,79,3.302,1.27,0.7619999999999999
1998,80,3.556,1.27,0.7619999999999999
1998,81,1.016,1.27,0.7619999999999999
1998,82,1.5239999999999998,1.27,0.7619999999999999
1998,83,1.27,1.27,0.7619999999999999
1998,84,1.27,1.27,0.7619999999999999
1998,85,2.2859999999999996,1.27,0.7619999999999999
1998,86,2.2859999999999996,1.27,0.7619999999999999
1998,87,1.27,1.27,0.7619999999999999
1998,88,1.5239999999999998,1.27,0.7619999999999999
1998,89,3.0479999999999996,1.27,0.7619999999999999
1998,90,3.0479999999999996,1.27,0.7619999999999999
1998,91,1.778,1.27,0.7619999999999999
1998,92,2.54,1.27,0.7619999999999999
1998,93,1.778,1.27,0.7619999999999999
1998,94,1.5239999999999998,1.27,0.7619999999999999
1998,95,2.2859999999999996,1.27,0.7619999999999999
1998,96,2.2859999999999996,1.27,0.7619999999999999
1998,97,3.302,1.27,0.7619999999999999
1998,98,3.302,1.27,0.7619999999999999
1998,99,2.794,1.27,0.7619999999999999
1998,100,3.556,1.27,0.7619999999999999
1998,101,2.794,1.27,0.7619999999999999
1998,102,3.8099999999999996,1.27,0.7619999999999999
1998,103,2.54,1.27,0.7619999999999999
1998,104,2.2859999999999996,1.27,0.7619999999999999
1998,105,3.556,1.27,0.7619999999999999
1998,106,3.556,1.27,0.7619999999999999
1998,107,3.556,1.27,0.7619999999999999
1998,108,4.064,1.27,0.7619999999999999
1998,109,3.556,1.27,0.7619999999999999
1998,110,4.571999999999999,1.27,0.7619999999999999
1998,111,5.842,1.27,0.7619999999999999
1998,112,6.35,1.27,0.7619999999999999
1998,113,4.826,1.27,0.7619999999999999
1998,114,4.064,1.27,0.7619999999999999
1998,115,5.334,1.27,0.7619999999999999
1998,116,4.826,1.27,0.7619999999999999
1998,117,4.826,1.27,0.7619999999999999
1998,118,5.334,1.27,0.7619999999999999
1998,119,5.588,1.27,0.7619999999999999
1998,120,6.35,1.27,0.7619999999999999
1998,121,6.604,1.27,0.7619999999999999
1998,122,6.858,1.27,0.7619999999999999
1998,123,6.095999999999999,1.27,0.7619999999999999
1998,124,3.8099999999999996,1.27,0.7619999999999999
1998,125,5.08,1.27,0.7619999999999999
1998,126,5.08,1.27,0.7619999999999999
1998,127,5.588,1.27,0.7619999999999999
1998,128,5.334,1.27,0.7619999999999999
1998,129,2.2859999999999996,1.27,0.7619999999999999
1998,130,2.032,1.27,0.7619999999999999
1998,131,3.8099999999999996,1.27,0.7619999999999999
1998,132,3.302,1.27,0.7619999999999999
1998,133,2.54,1.27,0.7619999999999999
1998,134,3.556,1.27,0.7619999999999999
1998,135,4.064,1.27,0.7619999999999999
1998,136,3.0479999999999996,1.27,0.7619999999999999
1998,137,4.064,1.27,0.7619999999999999
1998,138,5.08,1.27,0.7619999999999999
1998,139,5.588,1.27,0.7619999999999999
1998,140,5.842,1.27,0.7619999999999999
1998,141,4.571999999999999,1.27,0.7619999999999999
1998,142,2.794,1.27,0.7619999999999999
1998,143,4.826,1.27,0.7619999999999999
1998,144,4.826,1.27,0.7619999999999999
1998,145,4.826,1.27,0.7619999999999999
1998,146,1.5239999999999998,1.27,0.7619999999999999
1998,147,5.08,1.27,0.7619999999999999
1998,148,6.604,1.27,0.7619999999999999
1998,149,5.588,1.27,0.7619999999999999
1998,150,5.588,1.27,0.7619999999999999
1998,151,5.588,1.27,0.7619999999999999
1998,152,7.112,1.27,0.7619999999999999
1998,153,3.556,1.27,0.7619999999999999
1998,154,3.556,1.27,0.7619999999999999
1998,155,3.8099999999999996,1.27,0.7619999999999999
1998,156,5.334,1.27,0.7619999999999999
1998,157,5.588,1.27,0.7619999999999999
1998,158,5.842,1.27,0.7619999999999999
1998,159,4.571999999999999,1.27,0.7619999999999999
1998,160,4.571999999999999,1.27,0.7619999999999999
1998,161,6.095999999999999,1.27,0.7619999999999999
1998,162,5.842,1.27,0.7619999999999999
1998,163,6.604,1.27,0.7619999999999999
1998,164,7.365999999999999,1.27,0.7619999999999999
1998,165,7.874,1.27,0.7619999999999999
1998,166,6.095999999999999,1.27,0.7619999999999999
1998,167,5.588,1.27,0.7619999999999999
1998,168,7.365999999999999,1.27,0.7619999999999999
1998,169,6.35,1.27,0.7619999999999999
1998,170,6.858,1.27,0.7619999999999999
1998,171,7.112,1.27,0.7619999999999999
1998,172,7.874,1.27,0.7619999999999999
1998,173,5.842,1.27,0.7619999999999999
1998,174,6.35,1.27,0.7619999999999999
1998,175,5.08,1.27,0.7619999999999999
1998,176,3.8099999999999996,1.27,0.7619999999999999
1998,177,5.842,1.27,0.7619999999999999
1998,178,7.112,1.27,0.7619999999999999
1998,179,7.112,1.27,0.7619999999999999
1998,180,8.128,1.27,0.7619999999999999
1998,181,7.365999999999999,1.27,0.7619999999999999
1998,182,8.889999999999999,1.27,0.7619999999999999
1998,183,8.889999999999999,1.27,0.7619999999999999
1998,184,8.636000000000001,1.27,0.7619999999999999
1998,185,8.889999999999999,1.27,0.7619999999999999
1998,186,6.858,1.27,0.7619999999999999
1998,187,8.382,1.27,0.7619999999999999
1998,188,9.398,1.27,0.7619999999999999
1998,189,8.382,1.27,0.7619999999999999
1998,190,7.874,1.27,0.7619999999999999
1998,191,7.619999999999999,1.27,0.7619999999999999
1998,192,8.128,1.27,0.7619999999999999
1998,193,8.382,1.27,0.7619999999999999
1998,194,7.874,1.27,0.7619999999999999
1998,195,8.382,1.27,0.7619999999999999
1998,196,8.636000000000001,1.27,0.7619999999999999
1998,197,8.889999999999999,1.27,0.7619999999999999
1998,198,9.398,1.27,0.7619999999999999
1998,199,9.906,1.27,0.7619999999999999
1998,200,9.398,1.27,0.7619999999999999
1998,201,8.636000000000001,1.27,0.7619999999999999
1998,202,8.889999999999999,1.27,0.7619999999999999
1998,203,8.128,1.27,0.7619999999999999
1998,204,9.398,1.27,0.7619999999999999
1998,205,8.128,1.27,0.7619999999999999
1998,206,7.619999999999999,1.27,0.7619999999999999
1998,207,8.128,1.27,0.7619999999999999
1998,208,6.604,1.27,0.7619999999999999
1998,209,7.619999999999999,1.27,0.7619999999999999
1998,210,7.619999999999999,1.27,0.7619999999999999
1998,211,9.398,1.27,0.7619999999999999
1998,212,6.858,1.27,0.7619999999999999
1998,213,7.112,1.27,0.7619999999999999
1998,214,7.619999999999999,1.27,0.7619999999999999
1998,215,7.874,1.27,0.7619999999999999
1998,216,8.382,1.27,0.7619999999999999
1998,217,8.128,1.27,0.7619999999999999
1998,218,8.382,1.27,0.7619999999999999
1998,219,7.619999999999999,1.27,0.7619999999999999
1998,220,8.382,1.27,0.7619999999999999
1998,221,7.112,1.27,0.7619999999999999
1998,222,8.382,1.27,0.7619999999999999
1998,223,7.365999999999999,1.27,0.7619999999999999
1998,224,7.619999999999999,1.27,0.7619999999999999
1998,225,7.874,1.27,0.7619999999999999
1998,226,8.128,1.27,0.7619999999999999
1998,227,6.604,1.27,0.7619999999999999
1998,228,7.619999999999999,1.27,0.7619999999999999
1998,229,7.112,1.27,0.7619999999999999
1998,230,7.365999999999999,1.27,0.7619999999999999
1998,231,7.112,1.27,0.7619999999999999
1998,232,5.588,1.27,0.7619999999999999
1998,233,6.604,1.27,0.7619999999999999
1998,234,5.588,1.27,0.7619999999999999
1998,235,7.112,1.27,0.7619999999999999
1998,236,6.35,1.27,0.7619999999999999
1998,237,7.112,1.27,0.7619999999999999
1998,238,4.826,1.27,0.7619999999999999
1998,239,6.604,1.27,0.7619999999999999
1998,240,6.604,1.27,0.7619999999999999
1998,241,7.112,1.27,0.7619999999999999
1998,242,4.826,1.27,0.7619999999999999
1998,243,6.858,1.27,0.7619999999999999
1998,244,6.858,1.27,0.7619999999999999
1998,245,6.35,1.27,0.7619999999999999
1998,246,6.35,1.27,0.7619999999999999
1998,247,5.08,1.27,0.7619999999999999
1998,248,3.8099999999999996,1.27,0.7619999999999999
1998,249,5.842,1.27,0.7619999999999999
1998,250,5.08,1.27,0.7619999999999999
1998,251,5.08,1.27,0.7619999999999999
1998,252,6.604,1.27,0.7619999999999999
1998,253,3.8099999999999996,1.27,0.7619999999999999
1998,254,3.8099999999999996,1.27,0.7619999999999999
1998,255,1.778,1.27,0.7619999999999999
1998,256,4.064,1.27,0.7619999999999999
1998,257,5.08,1.27,0.7619999999999999
1998,258,5.08,1.27,0.7619999999999999
1998,259,5.08,1.27,0.7619999999999999
1998,260,6.35,1.27,0.7619999999999999
1998,261,6.35,1.27,0.7619999999999999
1998,262,4.571999999999999,1.27,0.7619999999999999
1998,263,4.3180000000000005,1.27,0.7619999999999999
1998,264,3.556,1.27,0.7619999999999999
1998,265,3.302,1.27,0.7619999999999999
1998,266,3.0479999999999996,1.27,0.7619999999999999
1998,267,3.8099999999999996,1.27,0.7619999999999999
1998,268,3.0479999999999996,1.27,0.7619999999999999
1998,269,1.778,1.27,0.7619999999999999
1998,270,3.302,1.27,0.7619999999999999
1998,271,3.8099999999999996,1.27,0.7619999999999999
1998,272,4.3180000000000005,1.27,0.7619999999999999
1998,273,3.0479999999999996,1.27,0.7619999999999999
1998,274,3.8099999999999996,1.27,0.7619999999999999
1998,275,3.302,1.27,0.7619999999999999
1998,276,3.0479999999999996,1.27,0.7619999999999999
1998,277,3.8099999999999996,1.27,0.7619999999999999
1998,278,3.556,1.27,0.7619999999999999
1998,279,3.0479999999999996,1.27,0.7619999999999999
1998,280,3.8099999999999996,1.27,0.7619999999999999
1998,281,3.8099999999999996,1.27,0.7619999999999999
1998,282,3.556,1.27,0.7619999999999999
1998,283,3.302,1.27,0.7619999999999999
1998,284,4.064,1.27,0.7619999999999999
1998,285,4.826,1.27,0.7619999999999999
1998,286,3.556,1.27,0.7619999999999999
1998,287,2.794,1.27,0.7619999999999999
1998,288,3.0479999999999996,1.27,0.7619999999999999
1998,289,3.0479999999999996,1.27,0.7619999999999999
1998,290,2.794,1.27,0.7619999999999999
1998,291,2.2859999999999996,1.27,0.7619999999999999
1998,292,2.2859999999999996,1.27,0.7619999999999999
1998,293,2.794,1.27,0.7619999999999999
1998,294,3.8099999999999996,1.27,0.7619999999999999
1998,295,1.016,1.27,0.7619999999999999
1998,296,2.032,1.27,0.7619999999999999
1998,297,3.302,1.27,0.7619999999999999
1998,298,2.032,1.27,0.7619999999999999
1998,299,2.54,1.27,0.7619999999999999
1998,300,2.2859999999999996,1.27,0.7619999999999999
1998,301,1.27,1.27,0.7619999999999999
1998,302,1.27,1.27,0.7619999999999999
1998,303,2.032,1.27,0.7619999999999999
1998,304,2.032,1.27,0.7619999999999999
1998,305,1.27,1.27,0.7619999999999999
1998,306,1.5239999999999998,1.27,0.7619999999999999
1998,307,1.778,1.27,0.7619999999999999
1998,308,1.016,1.27,0.7619999999999999
1998,309,1.016,1.27,0.7619999999999999
1998,310,1.27,1.27,0.7619999999999999
1998,311,1.27,1.27,0.7619999999999999
1998,312,1.016,1.27,0.7619999999999999
1998,313,1.27,1.27,0.7619999999999999
1998,314,1.27,1.27,0.7619999999999999
1998,315,0.7619999999999999,1.27,0.7619999999999999
1998,316,1.016,1.27,0.7619999999999999
1998,317,1.27,1.27,0.7619999999999999
1998,318,2.032,1.27,0.7619999999999999
1998,319,2.032,1.27,0.7619999999999999
1998,320,1.5239999999999998,1.27,0.7619999999999999
1998,321,1.27,1.27,0.7619999999999999
1998,322,1.5239999999999998,1.27,0.7619999999999999
1998,323,1.5239999999999998,1.27,0.7619999999999999
1998,324,1.5239999999999998,1.27,0.7619999999999999
1998,325,0.0,1.27,0.7619999999999999
1998,326,0.7619999999999999,1.27,0.7619999999999999
1998,327,1.5239999999999998,1.27,0.7619999999999999
1998,328,1.5239999999999998,1.27,0.7619999999999999
1998,329,1.016,1.27,0.7619999999999999
1998,330,1.27,1.27,0.7619999999999999
1998,331,0.508,1.27,0.7619999999999999
1998,332,0.254,1.27,0.7619999999999999
1998,333,0.508,1.27,0.7619999999999999
1998,334,0.7619999999999999,1.27,0.7619999999999999
1998,335,0.7619999999999999,1.27,0.7619999999999999
1998,336,1.016,1.27,0.7619999999999999
1998,337,1.27,1.27,0.7619999999999999
1998,338,1.016,1.27,0.7619999999999999
1998,339,1.27,1.27,0.7619999999999999
1998,340,0.508,1.27,0.7619999999999999
1998,341,0.7619999999999999,1.27,0.7619999999999999
1998,342,0.508,1.27,0.7619999999999999
1998,343,0.7619999999999999,1.27,0.7619999999999999
1998,344,0.7619999999999999,1.27,0.7619999999999999
1998,345,0.7619999999999999,1.27,0.7619999999999999
1998,346,0.254,1.27,0.7619999999999999
1998,347,0.7619999999999999,1.27,0.7619999999999999
1998,348,0.7619999999999999,1.27,0.7619999999999999
1998,349,1.016,1.27,0.7619999999999999
1998,350,1.016,1.27,0.7619999999999999
1998,351,1.016,1.27,0.7619999999999999
1998,352,0.7619999999999999,1.27,0.7619999999999999
1998,353,1.016,1.27,0.7619999999999999
1998,354,1.016,1.27,0.7619999999999999
1998,355,0.7619999999999999,1.27,0.7619999999999999
1998,356,0.508,1.27,0.7619999999999999
1998,357,0.508,1.27,0.7619999999999999
1998,358,0.0,1.27,0.7619999999999999
1998,359,0.0,1.27,0.7619999999999999
1998,360,0.0,1.27,0.7619999999999999
1998,361,0.254,1.27,0.7619999999999999
1998,362,0.254,1.27,0.7619999999999999
1998,363,0.508,1.27,0.7619999999999999
1998,364,1.016,1.27,0.7619999999999999
1998,365,0.508,1.27,0.7619999999999999
1999,1,1.016,1.27,0.7619999999999999
1999,2,1.016,1.27,0.7619999999999999
1999,3,0.7619999999999999,1.27,0.7619999999999999
1999,4,0.7619999999999999,1.27,0.7619999999999999
1999,5,1.016,1.27,0.7619999999999999
1999,6,0.508,1.27,0.7619999999999999
1999,7,0.7619999999999999,1.27,0.7619999999999999
1999,8,1.016,1.27,0.7619999999999999
1999,9,1.27,1.27,0.7619999999999999
1999,10,1.016,1.27,0.7619999999999999
1999,11,0.7619999999999999,1.27,0.7619999999999999
1999,12,1.016,1.27,0.7619999999999999
1999,13,1.016,1.27,0.7619999999999999
1999,14,0.7619999999999999,1.27,0.7619999999999999
1999,15,0.508,1.27,0.7619999999999999
1999,16,0.7619999999999999,1.27,0.7619999999999999
1999,17,0.508,1.27,0.7619999999999999
1999,18,0.254,1.27,0.7619999999999999
1999,19,0.508,1.27,0.7619999999999999
1999,20,0.508,1.27,0.7619999999999999
1999,21,0.7619999999999999,1.27,0.7619999999999999
1999,22,0.7619999999999999,1.27,0.7619999999999999
1999,23,0.7619999999999999,1.27,0.7619999999999999
1999,24,0.7619999999999999,1.27,0.7619999999999999
1999,25,0.7619999999999999,1.27,0.7619999999999999
1999,26,0.508,1.27,0.7619999999999999
1999,27,0.7619999999999999,1.27,0.7619999999999999
1999,28,0.7619999999999999,1.27,0.7619999999999999
1999,29,1.016,1.27,0.7619999999999999
1999,30,0.7619999999999999,1.27,0.7619999999999999
1999,31,0.254,1.27,0.7619999999999999
1999,32,0.7619999999999999,1.27,0.7619999999999999
1999,33,0.508,1.27,0.7619999999999999
1999,34,1.016,1.27,0.7619999999999999
1999,35,1.016,1.27,0.7619999999999999
1999,36,1.27,1.27,0.7619999999999999
1999,37,0.7619999999999999,1.27,0.7619999999999999
1999,38,0.7619999999999999,1.27,0.7619999999999999
1999,39,0.7619999999999999,1.27,0.7619999999999999
1999,40,1.5239999999999998,1.27,0.7619999999999999
1999,41,1.5239999999999998,1.27,0.7619999999999999
1999,42,1.5239999999999998,1.27,0.7619999999999999
1999,43,1.27,1.27,0.7619999999999999
1999,44,0.7619999999999999,1.27,0.7619999999999999
1999,45,0.508,1.27,0.7619999999999999
1999,46,1.016,1.27,0.7619999999999999
1999,47,1.27,1.27,0.7619999999999999
1999,48,1.016,1.27,0.7619999999999999
1999,49,0.7619999999999999,1.27,0.7619999999999999
1999,50,1.5239999999999998,1.27,0.7619999999999999
1999,51,1.5239999999999998,1.27,0.7619999999999999
1999,52,1.016,1.27,0.7619999999999999
1999,53,1.016,1.27,0.7619999999999999
1999,54,0.7619999999999999,1.27,0.7619999999999999
1999,55,1.5239999999999998,1.27,0.7619999999999999
1999,56,1.27,1.27,0.7619999999999999
1999,57,2.032,1.27,0.7619999999999999
1999,58,1.778,1.27,0.7619999999999999
1999,59,1.5239999999999998,1.27,0.7619999999999999
1999,60,1.5239999999999998,1.27,0.7619999999999999
1999,61,2.032,1.27,0.7619999999999999
1999,62,1.5239999999999998,1.27,0.7619999999999999
1999,63,1.5239999999999998,1.27,0.7619999999999999
1999,64,2.2859999999999996,1.27,0.7619999999999999
1999,65,1.778,1.27,0.7619999999999999
1999,66,1.27,1.27,0.7619999999999999
1999,67,2.032,1.27,0.7619999999999999
1999,68,0.7619999999999999,1.27,0.7619999999999999
1999,69,2.032,1.27,0.7619999999999999
1999,70,1.778,1.27,0.7619999999999999
1999,71,2.794,1.27,0.7619999999999999
1999,72,3.0479999999999996,1.27,0.7619999999999999
1999,73,3.0479999999999996,1.27,0.7619999999999999
1999,74,2.2859999999999996,1.27,0.7619999999999999
1999,75,3.0479999999999996,1.27,0.7619999999999999
1999,76,3.556,1.27,0.7619999999999999
1999,77,4.064,1.27,0.7619999999999999
1999,78,4.3180000000000005,1.27,0.7619999999999999
1999,79,3.556,1.27,0.7619999999999999
1999,80,1.5239999999999998,1.27,0.7619999999999999
1999,81,3.556,1.27,0.7619999999999999
1999,82,3.556,1.27,0.7619999999999999
1999,83,4.3180000000000005,1.27,0.7619999999999999
1999,84,3.8099999999999996,1.27,0.7619999999999999
1999,85,2.54,1.27,0.7619999999999999
1999,86,3.0479999999999996,1.27,0.7619999999999999
1999,87,3.302,1.27,0.7619999999999999
1999,88,2.794,1.27,0.7619999999999999
1999,89,2.794,1.27,0.7619999999999999
1999,90,2.032,1.27,0.7619999999999999
1999,91,1.5239999999999998,1.27,0.7619999999999999
1999,92,2.2859999999999996,1.27,0.7619999999999999
1999,93,2.2859999999999996,1.27,0.7619999999999999
1999,94,3.302,1.27,0.7619999999999999
1999,95,2.032,1.27,0.7619999999999999
1999,96,1.27,1.27,0.7619999999999999
1999,97,2.794,1.27,0.7619999999999999
1999,98,2.032,1.27,0.7619999999999999
1999,99,2.794,1.27,0.7619999999999999
1999,100,3.8099999999999996,1.27,0.7619999999999999
1999,101,4.064,1.27,0.7619999999999999
1999,102,3.8099999999999996,1.27,0.7619999999999999
1999,103,4.571999999999999,1.27,0.7619999999999999
1999,104,4.826,1.27,0.7619999999999999
1999,105,5.08,1.27,0.7619999999999999
1999,106,5.08,1.27,0.7619999999999999
1999,107,4.826,1.27,0.7619999999999999
1999,108,4.571999999999999,1.27,0.7619999999999999
1999,109,4.571999999999999,1.27,0.7619999999999999
1999,110,4.571999999999999,1.27,0.7619999999999999
1999,111,4.826,1.27,0.7619999999999999
1999,112,3.556,1.27,0.7619999999999999
1999,113,4.064,1.27,0.7619999999999999
1999,114,3.556,1.27,0.7619999999999999
1999,115,4.826,1.27,0.7619999999999999
1999,116,3.302,1.27,0.7619999999999999
1999,117,5.08,1.27,0.7619999999999999
1999,118,2.032,1.27,0.7619999999999999
1999,119,1.016,1.27,0.7619999999999999
1999,120,1.27,1.27,0.7619999999999999
1999,121,1.5239999999999998,1.27,0.7619999999999999
1999,122,1.5239999999999998,1.27,0.7619999999999999
1999,123,3.0479999999999996,1.27,0.7619999999999999
1999,124,3.8099999999999996,1.27,0.7619999999999999
1999,125,4.826,1.27,0.7619999999999999
1999,126,4.826,1.27,0.7619999999999999
1999,127,4.826,1.27,0.7619999999999999
1999,128,5.334,1.27,0.7619999999999999
1999,129,5.334,1.27,0.7619999999999999
1999,130,5.334,1.27,0.7619999999999999
1999,131,5.334,1.27,0.7619999999999999
1999,132,2.794,1.27,0.7619999999999999
1999,133,3.556,1.27,0.7619999999999999
1999,134,4.571999999999999,1.27,0.7619999999999999
1999,135,4.826,1.27,0.7619999999999999
1999,136,4.571999999999999,1.27,0.7619999999999999
1999,137,5.842,1.27,0.7619999999999999
1999,138,5.334,1.27,0.7619999999999999
1999,139,6.35,1.27,0.7619999999999999
1999,140,6.35,1.27,0.7619999999999999
1999,141,6.858,1.27,0.7619999999999999
1999,142,7.619999999999999,1.27,0.7619999999999999
1999,143,8.128,1.27,0.7619999999999999
1999,144,6.604,1.27,0.7619999999999999
1999,145,8.128,1.27,0.7619999999999999
1999,146,8.382,1.27,0.7619999999999999
1999,147,7.874,1.27,0.7619999999999999
1999,148,6.858,1.27,0.7619999999999999
1999,149,4.826,1.27,0.7619999999999999
1999,150,5.334,1.27,0.7619999999999999
1999,151,7.365999999999999,1.27,0.7619999999999999
1999,152,6.35,1.27,0.7619999999999999
1999,153,2.794,1.27,0.7619999999999999
1999,154,3.8099999999999996,1.27,0.7619999999999999
1999,155,4.826,1.27,0.7619999999999999
1999,156,6.35,1.27,0.7619999999999999
1999,157,3.556,1.27,0.7619999999999999
1999,158,6.35,1.27,0.7619999999999999
1999,159,6.095999999999999,1.27,0.7619999999999999
1999,160,6.35,1.27,0.7619999999999999
1999,161,6.858,1.27,0.7619999999999999
1999,162,7.365999999999999,1.27,0.7619999999999999
1999,163,7.619999999999999,1.27,0.7619999999999999
1999,164,7.619999999999999,1.27,0.7619999999999999
1999,165,9.143999999999998,1.27,0.7619999999999999
1999,166,8.889999999999999,1.27,0.7619999999999999
1999,167,8.889999999999999,1.27,0.7619999999999999
1999,168,7.874,1.27,0.7619999999999999
1999,169,8.889999999999999,1.27,0.7619999999999999
1999,170,7.619999999999999,1.27,0.7619999999999999
1999,171,8.382,1.27,0.7619999999999999
1999,172,7.365999999999999,1.27,0.7619999999999999
1999,173,8.382,1.27,0.7619999999999999
1999,174,8.889999999999999,1.27,0.7619999999999999
1999,175,9.143999999999998,1.27,0.7619999999999999
1999,176,9.398,1.27,0.7619999999999999
1999,177,7.365999999999999,1.27,0.7619999999999999
1999,178,8.636000000000001,1.27,0.7619999999999999
1999,179,8.128,1.27,0.7619999999999999
1999,180,8.128,1.27,0.7619999999999999
1999,181,8.636000000000001,1.27,0.7619999999999999
1999,182,8.889999999999999,1.27,0.7619999999999999
1999,183,8.636000000000001,1.27,0.7619999999999999
1999,184,8.636000000000001,1.27,0.7619999999999999
1999,185,8.382,1.27,0.7619999999999999
1999,186,8.128,1.27,0.7619999999999999
1999,187,9.652,1.27,0.7619999999999999
1999,188,8.128,1.27,0.7619999999999999
1999,189,9.906,1.27,0.7619999999999999
1999,190,9.398,1.27,0.7619999999999999
1999,191,9.652,1.27,0.7619999999999999
1999,192,9.143999999999998,1.27,0.7619999999999999
1999,193,9.652,1.27,0.7619999999999999
1999,194,9.906,1.27,0.7619999999999999
1999,195,6.35,1.27,0.7619999999999999
1999,196,9.906,1.27,0.7619999999999999
1999,197,8.889999999999999,1.27,0.7619999999999999
1999,198,7.874,1.27,0.7619999999999999
1999,199,8.636000000000001,1.27,0.7619999999999999
1999,200,8.382,1.27,0.7619999999999999
1999,201,10.668,1.27,0.7619999999999999
1999,202,8.889999999999999,1.27,0.7619999999999999
1999,203,9.143999999999998,1.27,0.7619999999999999
1999,204,8.889999999999999,1.27,0.7619999999999999
1999,205,10.16,1.27,0.7619999999999999
1999,206,8.636000000000001,1.27,0.7619999999999999
1999,207,9.143999999999998,1.27,0.7619999999999999
1999,208,8.382,1.27,0.7619999999999999
1999,209,7.874,1.27,0.7619999999999999
1999,210,7.874,1.27,0.7619999999999999
1999,211,9.652,1.27,0.7619999999999999
1999,212,9.143999999999998,1.27,0.7619999999999999
1999,213,8.636000000000001,1.27,0.7619999999999999
1999,214,9.652,1.27,0.7619999999999999
1999,215,6.858,1.27,0.7619999999999999
1999,216,7.365999999999999,1.27,0.7619999999999999
1999,217,8.128,1.27,0.7619999999999999
1999,218,8.636000000000001,1.27,0.7619999999999999
1999,219,7.874,1.27,0.7619999999999999
1999,220,8.128,1.27,0.7619999999999999
1999,221,8.382,1.27,0.7619999999999999
1999,222,5.334,1.27,0.7619999999999999
1999,223,5.334,1.27,0.7619999999999999
1999,224,5.842,1.27,0.7619999999999999
1999,225,7.619999999999999,1.27,0.7619999999999999
1999,226,7.112,1.27,0.7619999999999999
1999,227,7.619999999999999,1.27,0.7619999999999999
1999,228,7.365999999999999,1.27,0.7619999999999999
1999,229,7.619999999999999,1.27,0.7619999999999999
1999,230,7.619999999999999,1.27,0.7619999999999999
1999,231,6.604,1.27,0.7619999999999999
1999,232,7.112,1.27,0.7619999999999999
1999,233,7.365999999999999,1.27,0.7619999999999999
1999,234,7.112,1.27,0.7619999999999999
1999,235,5.588,1.27,0.7619999999999999
1999,236,6.35,1.27,0.7619999999999999
1999,237,7.112,1.27,0.7619999999999999
1999,238,7.112,1.27,0.7619999999999999
1999,239,5.842,1.27,0.7619999999999999
1999,240,5.334,1.27,0.7619999999999999
1999,241,6.858,1.27,0.7619999999999999
1999,242,6.858,1.27,0.7619999999999999
1999,243,6.858,1.27,0.7619999999999999
1999,244,4.571999999999999,1.27,0.7619999999999999
1999,245,5.842,1.27,0.7619999999999999
1999,246,4.064,1.27,0.7619999999999999
1999,247,4.826,1.27,0.7619999999999999
1999,248,5.842,1.27,0.7619999999999999
1999,249,6.095999999999999,1.27,0.7619999999999999
1999,250,6.604,1.27,0.7619999999999999
1999,251,7.112,1.27,0.7619999999999999
1999,252,6.095999999999999,1.27,0.7619999999999999
1999,253,6.604,1.27,0.7619999999999999
1999,254,7.112,1.27,0.7619999999999999
1999,255,7.112,1.27,0.7619999999999999
1999,256,6.604,1.27,0.7619999999999999
1999,257,6.858,1.27,0.7619999999999999
1999,258,5.588,1.27,0.7619999999999999
1999,259,5.842,1.27,0.7619999999999999
1999,260,5.588,1.27,0.7619999999999999
1999,261,5.842,1.27,0.7619999999999999
1999,262,5.842,1.27,0.7619999999999999
1999,263,6.35,1.27,0.7619999999999999
1999,264,6.35,1.27,0.7619999999999999
1999,265,5.08,1.27,0.7619999999999999
1999,266,6.095999999999999,1.27,0.7619999999999999
1999,267,5.842,1.27,0.7619999999999999
1999,268,5.588,1.27,0.7619999999999999
1999,269,5.08,1.27,0.7619999999999999
1999,270,4.571999999999999,1.27,0.7619999999999999
1999,271,4.826,1.27,0.7619999999999999
1999,272,4.3180000000000005,1.27,0.7619999999999999
1999,273,4.571999999999999,1.27,0.7619999999999999
1999,274,4.826,1.27,0.7619999999999999
1999,275,5.08,1.27,0.7619999999999999
1999,276,4.064,1.27,0.7619999999999999
1999,277,4.826,1.27,0.7619999999999999
1999,278,4.3180000000000005,1.27,0.7619999999999999
1999,279,2.794,1.27,0.7619999999999999
1999,280,4.3180000000000005,1.27,0.7619999999999999
1999,281,4.3180000000000005,1.27,0.7619999999999999
1999,282,4.064,1.27,0.7619999999999999
1999,283,4.064,1.27,0.7619999999999999
1999,284,3.556,1.27,0.7619999999999999
1999,285,4.826,1.27,0.7619999999999999
1999,286,4.3180000000000005,1.27,0.7619999999999999
1999,287,4.3180000000000005,1.27,0.7619999999999999
1999,288,3.8099999999999996,1.27,0.7619999999999999
1999,289,3.302,1.27,0.7619999999999999
1999,290,3.0479999999999996,1.27,0.7619999999999999
1999,291,2.54,1.27,0.7619999999999999
1999,292,2.54,1.27,0.7619999999999999
1999,293,3.0479999999999996,1.27,0.7619999999999999
1999,294,3.8099999999999996,1.27,0.7619999999999999
1999,295,4.571999999999999,1.27,0.7619999999999999
1999,296,4.571999999999999,1.27,0.7619999999999999
1999,297,3.0479999999999996,1.27,0.7619999999999999
1999,298,3.556,1.27,0.7619999999999999
1999,299,3.556,1.27,0.7619999999999999
1999,300,3.302,1.27,0.7619999999999999
1999,301,3.0479999999999996,1.27,0.7619999999999999
1999,302,2.794,1.27,0.7619999999999999
1999,303,3.302,1.27,0.7619999999999999
1999,304,3.0479999999999996,1.27,0.7619999999999999
1999,305,2.54,1.27,0.7619999999999999
1999,306,3.556,1.27,0.7619999999999999
1999,307,2.54,1.27,0.7619999999999999
1999,308,2.032,1.27,0.7619999999999999
1999,309,2.2859999999999996,1.27,0.7619999999999999
1999,310,3.556,1.27,0.7619999999999999
1999,311,3.302,1.27,0.7619999999999999
1999,312,2.54,1.27,0.7619999999999999
1999,313,2.54,1.27,0.7619999999999999
1999,314,2.2859999999999996,1.27,0.7619999999999999
1999,315,2.2859999999999996,1.27,0.7619999999999999
1999,316,2.794,1.27,0.7619999999999999
1999,317,2.794,1.27,0.7619999999999999
1999,318,3.556,1.27,0.7619999999999999
1999,319,3.0479999999999996,1.27,0.7619999999999999
1999,320,3.0479999999999996,1.27,0.7619999999999999
1999,321,1.5239999999999998,1.27,0.7619999999999999
1999,322,2.032,1.27,0.7619999999999999
1999,323,1.778,1.27,0.7619999999999999
1999,324,0.508,1.27,0.7619999999999999
1999,325,1.016,1.27,0.7619999999999999
1999,326,1.27,1.27,0.7619999999999999
1999,327,1.27,1.27,0.7619999999999999
1999,328,0.7619999999999999,1.27,0.7619999999999999
1999,329,0.0,1.27,0.7619999999999999
1999,330,0.7619999999999999,1.27,0.7619999999999999
1999,331,0.508,1.27,0.7619999999999999
1999,332,1.27,1.27,0.7619999999999999
1999,333,1.27,1.27,0.7619999999999999
1999,334,2.032,1.27,0.7619999999999999
1999,335,1.016,1.27,0.7619999999999999
1999,336,1.016,1.27,0.7619999999999999
1999,337,1.016,1.27,0.7619999999999999
1999,338,1.016,1.27,0.7619999999999999
1999,339,0.7619999999999999,1.27,0.7619999999999999
1999,340,0.508,1.27,0.7619999999999999
1999,341,0.0,1.27,0.7619999999999999
1999,342,0.508,1.27,0.7619999999999999
1999,343,0.508,1.27,0.7619999999999999
1999,344,0.508,1.27,0.7619999999999999
1999,345,0.508,1.27,0.7619999999999999
1999,346,0.254,1.27,0.7619999999999999
1999,347,1.016,1.27,0.7619999999999999
1999,348,1.016,1.27,0.7619999999999999
1999,349,0.508,1.27,0.7619999999999999
1999,350,0.0,1.27,0.7619999999999999
1999,351,0.254,1.27,0.7619999999999999
1999,352,1.27,1.27,0.7619999999999999
1999,353,1.27,1.27,0.7619999999999999
1999,354,1.016,1.27,0.7619999999999999
1999,355,1.016,1.27,0.7619999999999999
1999,356,1.016,1.27,0.7619999999999999
1999,357,1.016,1.27,0.7619999999999999
1999,358,0.7619999999999999,1.27,0.7619999999999999
1999,359,0.7619999999999999,1.27,0.7619999999999999
1999,360,0.254,1.27,0.7619999999999999
1999,361,0.254,1.27,0.7619999999999999
1999,362,0.254,1.27,0.7619999999999999
1999,363,0.254,1.27,0.7619999999999999
1999,364,0.254,1.27,0.7619999999999999
1999,365,0.254,1.27,0.7619999999999999
2000,1,0.0,1.27,0.7619999999999999
2000,2,0.254,1.27,0.7619999999999999
2000,3,0.254,1.27,0.7619999999999999
2000,4,0.254,1.27,0.7619999999999999
2000,5,0.508,1.27,0.7619999999999999
2000,6,1.016,1.27,0.7619999999999999
2000,7,0.508,1.27,0.7619999999999999
2000,8,0.508,1.27,0.7619999999999999
2000,9,0.508,1.27,0.7619999999999999
2000,10,0.508,1.27,0.7619999999999999
2000,11,0.254,1.27,0.7619999999999999
2000,12,0.7619999999999999,1.27,0.7619999999999999
2000,13,0.7619999999999999,1.27,0.7619999999999999
2000,14,0.508,1.27,0.7619999999999999
2000,15,0.508,1.27,0.7619999999999999
2000,16,1.27,1.27,0.7619999999999999
2000,17,0.7619999999999999,1.27,0.7619999999999999
2000,18,0.7619999999999999,1.27,0.7619999999999999
2000,19,1.016,1.27,0.7619999999999999
2000,20,0.7619999999999999,1.27,0.7619999999999999
2000,21,0.7619999999999999,1.27,0.7619999999999999
2000,22,0.7619999999999999,1.27,0.7619999999999999
2000,23,0.7619999999999999,1.27,0.7619999999999999
2000,24,0.254,1.27,0.7619999999999999
2000,25,0.508,1.27,0.7619999999999999
2000,26,0.7619999999999999,1.27,0.7619999999999999
2000,27,1.27,1.27,0.7619999999999999
2000,28,1.016,1.27,0.7619999999999999
2000,29,1.27,1.27,0.7619999999999999
2000,30,1.27,1.27,0.7619999999999999
2000,31,0.7619999999999999,1.27,0.7619999999999999
2000,32,0.254,1.27,0.7619999999999999
2000,33,0.7619999999999999,1.27,0.7619999999999999
2000,34,1.27,1.27,0.7619999999999999
2000,35,1.5239999999999998,1.27,0.7619999999999999
2000,36,1.016,1.27,0.7619999999999999
2000,37,1.27,1.27,0.7619999999999999
2000,38,1.27,1.27,0.7619999999999999
2000,39,1.27,1.27,0.7619999999999999
2000,40,0.7619999999999999,1.27,0.7619999999999999
2000,41,1.016,1.27,0.7619999999999999
2000,42,1.016,1.27,0.7619999999999999
2000,43,0.7619999999999999,1.27,0.7619999999999999
2000,44,0.7619999999999999,1.27,0.7619999999999999
2000,45,1.778,1.27,0.7619999999999999
2000,46,1.778,1.27,0.7619999999999999
2000,47,1.27,1.27,0.7619999999999999
2000,48,1.5239999999999998,1.27,0.7619999999999999
2000,49,2.032,1.27,0.7619999999999999
2000,50,2.032,1.27,0.7619999999999999
2000,51,1.27,1.27,0.7619999999999999
2000,52,0.508,1.27,0.7619999999999999
2000,53,2.032,1.27,0.7619999999999999
2000,54,1.016,1.27,0.7619999999999999
2000,55,1.27,1.27,0.7619999999999999
2000,56,2.2859999999999996,1.27,0.7619999999999999
2000,57,1.016,1.27,0.7619999999999999
2000,58,0.7619999999999999,1.27,0.7619999999999999
2000,59,1.778,1.27,0.7619999999999999
2000,60,1.27,1.27,0.7619999999999999
2000,61,1.016,1.27,0.7619999999999999
2000,62,2.2859999999999996,1.27,0.7619999999999999
2000,63,2.032,1.27,0.7619999999999999
2000,64,2.794,1.27,0.7619999999999999
2000,65,2.2859999999999996,1.27,0.7619999999999999
2000,66,1.5239999999999998,1.27,0.7619999999999999
2000,67,2.032,1.27,0.7619999999999999
2000,68,1.5239999999999998,1.27,0.7619999999999999
2000,69,2.032,1.27,0.7619999999999999
2000,70,2.54,1.27,0.7619999999999999
2000,71,2.2859999999999996,1.27,0.7619999999999999
2000,72,2.794,1.27,0.7619999999999999
2000,73,2.794,1.27,0.7619999999999999
2000,74,2.794,1.27,0.7619999999999999
2000,75,3.302,1.27,0.7619999999999999
2000,76,3.0479999999999996,1.27,0.7619999999999999
2000,77,2.54,1.27,0.7619999999999999
2000,78,2.794,1.27,0.7619999999999999
2000,79,2.032,1.27,0.7619999999999999
2000,80,2.794,1.27,0.7619999999999999
2000,81,3.0479999999999996,1.27,0.7619999999999999
2000,82,3.8099999999999996,1.27,0.7619999999999999
2000,83,2.2859999999999996,1.27,0.7619999999999999
2000,84,3.302,1.27,0.7619999999999999
2000,85,3.8099999999999996,1.27,0.7619999999999999
2000,86,3.8099999999999996,1.27,0.7619999999999999
2000,87,4.064,1.27,0.7619999999999999
2000,88,3.556,1.27,0.7619999999999999
2000,89,3.556,1.27,0.7619999999999999
2000,90,3.8099999999999996,1.27,0.7619999999999999
2000,91,3.8099999999999996,1.27,0.7619999999999999
2000,92,4.064,1.27,0.7619999999999999
2000,93,3.8099999999999996,1.27,0.7619999999999999
2000,94,4.826,1.27,0.7619999999999999
2000,95,5.08,1.27,0.7619999999999999
2000,96,4.826,1.27,0.7619999999999999
2000,97,4.571999999999999,1.27,0.7619999999999999
2000,98,5.08,1.27,0.7619999999999999
2000,99,5.842,1.27,0.7619999999999999
2000,100,3.0479999999999996,1.27,0.7619999999999999
2000,101,4.3180000000000005,1.27,0.7619999999999999
2000,102,5.334,1.27,0.7619999999999999
2000,103,4.826,1.27,0.7619999999999999
2000,104,3.8099999999999996,1.27,0.7619999999999999
2000,105,4.3180000000000005,1.27,0.7619999999999999
2000,106,4.064,1.27,0.7619999999999999
2000,107,3.556,1.27,0.7619999999999999
2000,108,3.8099999999999996,1.27,0.7619999999999999
2000,109,2.794,1.27,0.7619999999999999
2000,110,3.302,1.27,0.7619999999999999
2000,111,5.08,1.27,0.7619999999999999
2000,112,4.571999999999999,1.27,0.7619999999999999
2000,113,4.3180000000000005,1.27,0.7619999999999999
2000,114,4.571999999999999,1.27,0.7619999999999999
2000,115,5.334,1.27,0.7619999999999999
2000,116,4.571999999999999,1.27,0.7619999999999999
2000,117,4.826,1.27,0.7619999999999999
2000,118,7.619999999999999,1.27,0.7619999999999999
2000,119,5.334,1.27,0.7619999999999999
2000,120,6.095999999999999,1.27,0.7619999999999999
2000,121,6.35,1.27,0.7619999999999999
2000,122,6.858,1.27,0.7619999999999999
2000,123,6.095999999999999,1.27,0.7619999999999999
2000,124,6.858,1.27,0.7619999999999999
2000,125,5.588,1.27,0.7619999999999999
2000,126,4.064,1.27,0.7619999999999999
2000,127,4.064,1.27,0.7619999999999999
2000,128,3.556,1.27,0.7619999999999999
2000,129,4.571999999999999,1.27,0.7619999999999999
2000,130,4.064,1.27,0.7619999999999999
2000,131,4.3180000000000005,1.27,0.7619999999999999
2000,132,4.571999999999999,1.27,0.7619999999999999
2000,133,5.588,1.27,0.7619999999999999
2000,134,5.08,1.27,0.7619999999999999
2000,135,6.604,1.27,0.7619999999999999
2000,136,5.334,1.27,0.7619999999999999
2000,137,5.588,1.27,0.7619999999999999
2000,138,5.334,1.27,0.7619999999999999
2000,139,6.604,1.27,0.7619999999999999
2000,140,6.858,1.27,0.7619999999999999
2000,141,7.619999999999999,1.27,0.7619999999999999
2000,142,8.128,1.27,0.7619999999999999
2000,143,7.874,1.27,0.7619999999999999
2000,144,8.128,1.27,0.7619999999999999
2000,145,6.858,1.27,0.7619999999999999
2000,146,5.334,1.27,0.7619999999999999
2000,147,7.874,1.27,0.7619999999999999
2000,148,7.365999999999999,1.27,0.7619999999999999
2000,149,5.842,1.27,0.7619999999999999
2000,150,8.128,1.27,0.7619999999999999
2000,151,9.398,1.27,0.7619999999999999
2000,152,7.365999999999999,1.27,0.7619999999999999
2000,153,7.874,1.27,0.7619999999999999
2000,154,8.382,1.27,0.7619999999999999
2000,155,9.143999999999998,1.27,0.7619999999999999
2000,156,9.652,1.27,0.7619999999999999
2000,157,9.143999999999998,1.27,0.7619999999999999
2000,158,9.398,1.27,0.7619999999999999
2000,159,9.906,1.27,0.7619999999999999
2000,160,8.382,1.27,0.7619999999999999
2000,161,7.112,1.27,0.7619999999999999
2000,162,7.874,1.27,0.7619999999999999
2000,163,6.604,1.27,0.7619999999999999
2000,164,4.064,1.27,0.7619999999999999
2000,165,8.128,1.27,0.7619999999999999
2000,166,8.889999999999999,1.27,0.7619999999999999
2000,167,8.889999999999999,1.27,0.7619999999999999
2000,168,8.128,1.27,0.7619999999999999
2000,169,8.636000000000001,1.27,0.7619999999999999
2000,170,8.382,1.27,0.7619999999999999
2000,171,9.143999999999998,1.27,0.7619999999999999
2000,172,9.398,1.27,0.7619999999999999
2000,173,8.889999999999999,1.27,0.7619999999999999
2000,174,9.398,1.27,0.7619999999999999
2000,175,9.906,1.27,0.7619999999999999
2000,176,10.16,1.27,0.7619999999999999
2000,177,9.906,1.27,0.7619999999999999
2000,178,9.906,1.27,0.7619999999999999
2000,179,9.143999999999998,1.27,0.7619999999999999
2000,180,9.143999999999998,1.27,0.7619999999999999
2000,181,9.652,1.27,0.7619999999999999
2000,182,8.636000000000001,1.27,0.7619999999999999
2000,183,8.636000000000001,1.27,0.7619999999999999
2000,184,9.143999999999998,1.27,0.7619999999999999
2000,185,8.889999999999999,1.27,0.7619999999999999
2000,186,8.889999999999999,1.27,0.7619999999999999
2000,187,9.398,1.27,0.7619999999999999
2000,188,7.619999999999999,1.27,0.7619999999999999
2000,189,8.636000000000001,1.27,0.7619999999999999
2000,190,8.889999999999999,1.27,0.7619999999999999
2000,191,8.889999999999999,1.27,0.7619999999999999
2000,192,7.112,1.27,0.7619999999999999
2000,193,8.889999999999999,1.27,0.7619999999999999
2000,194,10.413999999999998,1.27,0.7619999999999999
2000,195,9.652,1.27,0.7619999999999999
2000,196,8.382,1.27,0.7619999999999999
2000,197,9.143999999999998,1.27,0.7619999999999999
2000,198,8.636000000000001,1.27,0.7619999999999999
2000,199,8.382,1.27,0.7619999999999999
2000,200,8.128,1.27,0.7619999999999999
2000,201,8.636000000000001,1.27,0.7619999999999999
2000,202,9.143999999999998,1.27,0.7619999999999999
2000,203,9.652,1.27,0.7619999999999999
2000,204,9.906,1.27,0.7619999999999999
2000,205,9.906,1.27,0.7619999999999999
2000,206,9.143999999999998,1.27,0.7619999999999999
2000,207,8.128,1.27,0.7619999999999999
2000,208,8.128,1.27,0.7619999999999999
2000,209,8.382,1.27,0.7619999999999999
2000,210,8.636000000000001,1.27,0.7619999999999999
2000,211,7.365999999999999,1.27,0.7619999999999999
2000,212,8.889999999999999,1.27,0.7619999999999999
2000,213,7.874,1.27,0.7619999999999999
2000,214,8.382,1.27,0.7619999999999999
2000,215,7.365999999999999,1.27,0.7619999999999999
2000,216,8.382,1.27,0.7619999999999999
2000,217,7.112,1.27,0.7619999999999999
2000,218,8.128,1.27,0.7619999999999999
2000,219,6.858,1.27,0.7619999999999999
2000,220,7.619999999999999,1.27,0.7619999999999999
2000,221,7.874,1.27,0.7619999999999999
2000,222,7.365999999999999,1.27,0.7619999999999999
2000,223,8.128,1.27,0.7619999999999999
2000,224,8.889999999999999,1.27,0.7619999999999999
2000,225,8.889999999999999,1.27,0.7619999999999999
2000,226,8.382,1.27,0.7619999999999999
2000,227,7.365999999999999,1.27,0.7619999999999999
2000,228,7.365999999999999,1.27,0.7619999999999999
2000,229,7.619999999999999,1.27,0.7619999999999999
2000,230,7.112,1.27,0.7619999999999999
2000,231,7.112,1.27,0.7619999999999999
2000,232,7.619999999999999,1.27,0.7619999999999999
2000,233,7.365999999999999,1.27,0.7619999999999999
2000,234,6.604,1.27,0.7619999999999999
2000,235,6.35,1.27,0.7619999999999999
2000,236,5.588,1.27,0.7619999999999999
2000,237,6.095999999999999,1.27,0.7619999999999999
2000,238,6.35,1.27,0.7619999999999999
2000,239,6.35,1.27,0.7619999999999999
2000,240,7.112,1.27,0.7619999999999999
2000,241,7.365999999999999,1.27,0.7619999999999999
2000,242,6.604,1.27,0.7619999999999999
2000,243,6.604,1.27,0.7619999999999999
2000,244,3.556,1.27,0.7619999999999999
2000,245,4.064,1.27,0.7619999999999999
2000,246,2.54,1.27,0.7619999999999999
2000,247,4.571999999999999,1.27,0.7619999999999999
2000,248,4.3180000000000005,1.27,0.7619999999999999
2000,249,4.826,1.27,0.7619999999999999
2000,250,5.334,1.27,0.7619999999999999
2000,251,5.588,1.27,0.7619999999999999
2000,252,5.842,1.27,0.7619999999999999
2000,253,5.08,1.27,0.7619999999999999
2000,254,5.588,1.27,0.7619999999999999
2000,255,5.08,1.27,0.7619999999999999
2000,256,5.08,1.27,0.7619999999999999
2000,257,4.826,1.27,0.7619999999999999
2000,258,7.619999999999999,1.27,0.7619999999999999
2000,259,6.604,1.27,0.7619999999999999
2000,260,5.842,1.27,0.7619999999999999
2000,261,5.588,1.27,0.7619999999999999
2000,262,6.095999999999999,1.27,0.7619999999999999
2000,263,5.08,1.27,0.7619999999999999
2000,264,6.604,1.27,0.7619999999999999
2000,265,4.3180000000000005,1.27,0.7619999999999999
2000,266,4.064,1.27,0.7619999999999999
2000,267,3.556,1.27,0.7619999999999999
2000,268,4.064,1.27,0.7619999999999999
2000,269,4.064,1.27,0.7619999999999999
2000,270,3.8099999999999996,1.27,0.7619999999999999
2000,271,5.334,1.27,0.7619999999999999
2000,272,4.826,1.27,0.7619999999999999
2000,273,5.588,1.27,0.7619999999999999
2000,274,5.08,1.27,0.7619999999999999
2000,275,4.826,1.27,0.7619999999999999
2000,276,4.571999999999999,1.27,0.7619999999999999
2000,277,4.826,1.27,0.7619999999999999
2000,278,4.571999999999999,1.27,0.7619999999999999
2000,279,3.556,1.27,0.7619999999999999
2000,280,4.571999999999999,1.27,0.7619999999999999
2000,281,5.334,1.27,0.7619999999999999
2000,282,5.08,1.27,0.7619999999999999
2000,283,5.842,1.27,0.7619999999999999
2000,284,2.2859999999999996,1.27,0.7619999999999999
2000,285,2.2859999999999996,1.27,0.7619999999999999
2000,286,2.032,1.27,0.7619999999999999
2000,287,1.778,1.27,0.7619999999999999
2000,288,2.54,1.27,0.7619999999999999
2000,289,2.2859999999999996,1.27,0.7619999999999999
2000,290,2.2859999999999996,1.27,0.7619999999999999
2000,291,3.8099999999999996,1.27,0.7619999999999999
2000,292,2.794,1.27,0.7619999999999999
2000,293,2.54,1.27,0.7619999999999999
2000,294,4.064,1.27,0.7619999999999999
2000,295,2.54,1.27,0.7619999999999999
2000,296,2.2859999999999996,1.27,0.7619999999999999
2000,297,2.032,1.27,0.7619999999999999
2000,298,1.5239999999999998,1.27,0.7619999999999999
2000,299,1.778,1.27,0.7619999999999999
2000,300,2.2859999999999996,1.27,0.7619999999999999
2000,301,1.27,1.27,0.7619999999999999
2000,302,2.54,1.27,0.7619999999999999
2000,303,1.27,1.27,0.7619999999999999
2000,304,0.508,1.27,0.7619999999999999
2000,305,1.5239999999999998,1.27,0.7619999999999999
2000,306,1.778,1.27,0.7619999999999999
2000,307,1.5239999999999998,1.27,0.7619999999999999
2000,308,1.5239999999999998,1.27,0.7619999999999999
2000,309,2.2859999999999996,1.27,0.7619999999999999
2000,310,1.5239999999999998,1.27,0.7619999999999999
2000,311,1.27,1.27,0.7619999999999999
2000,312,1.5239999999999998,1.27,0.7619999999999999
2000,313,0.254,1.27,0.7619999999999999
2000,314,0.7619999999999999,1.27,0.7619999999999999
2000,315,1.27,1.27,0.7619999999999999
2000,316,1.016,1.27,0.7619999999999999
2000,317,0.508,1.27,0.7619999999999999
2000,318,0.7619999999999999,1.27,0.7619999999999999
2000,319,0.508,1.27,0.7619999999999999
2000,320,0.254,1.27,0.7619999999999999
2000,321,0.7619999999999999,1.27,0.7619999999999999
2000,322,0.508,1.27,0.7619999999999999
2000,323,0.7619999999999999,1.27,0.7619999999999999
2000,324,0.508,1.27,0.7619999999999999
2000,325,0.7619999999999999,1.27,0.7619999999999999
2000,326,0.7619999999999999,1.27,0.7619999999999999
2000,327,0.508,1.27,0.7619999999999999
2000,328,0.7619999999999999,1.27,0.7619999999999999
2000,329,0.508,1.27,0.7619999999999999
2000,330,0.508,1.27,0.7619999999999999
2000,331,0.508,1.27,0.7619999999999999
2000,332,0.7619999999999999,1.27,0.7619999999999999
2000,333,0.7619999999999999,1.27,0.7619999999999999
2000,334,1.016,1.27,0.7619999999999999
2000,335,0.7619999999999999,1.27,0.7619999999999999
2000,336,1.016,1.27,0.7619999999999999
2000,337,1.27,1.27,0.7619999999999999
2000,338,0.7619999999999999,1.27,0.7619999999999999
2000,339,0.7619999999999999,1.27,0.7619999999999999
2000,340,0.508,1.27,0.7619999999999999
2000,341,0.508,1.27,0.7619999999999999
2000,342,0.254,1.27,0.7619999999999999
2000,343,0.0,1.27,0.7619999999999999
2000,344,0.0,1.27,0.7619999999999999
2000,345,0.508,1.27,0.7619999999999999
2000,346,0.508,1.27,0.7619999999999999
2000,347,0.7619999999999999,1.27,0.7619999999999999
2000,348,0.254,1.27,0.7619999999999999
2000,349,0.254,1.27,0.7619999999999999
2000,350,0.7619999999999999,1.27,0.7619999999999999
2000,351,0.7619999999999999,1.27,0.7619999999999999
2000,352,1.016,1.27,0.7619999999999999
2000,353,1.016,1.27,0.7619999999999999
2000,354,0.508,1.27,0.7619999999999999
2000,355,0.508,1.27,0.7619999999999999
2000,356,0.508,1.27,0.7619999999999999
2000,357,0.254,1.27,0.7619999999999999
2000,358,0.254,1.27,0.7619999999999999
2000,359,0.254,1.27,0.7619999999999999
2000,360,0.508,1.27,0.7619999999999999
2000,361,0.508,1.27,0.7619999999999999
2000,362,0.508,1.27,0.7619999999999999
2000,363,0.254,1.27,0.7619999999999999
2000,364,0.254,1.27,0.7619999999999999
2000,365,0.0,1.27,0.7619999999999999
2000,366,0.254,1.27,0.7619999999999999
2001,1,0.0,1.27,0.7619999999999999
2001,2,0.254,1.27,0.7619999999999999
2001,3,0.7619999999999999,1.27,0.7619999999999999
2001,4,0.508,1.27,0.7619999999999999
2001,5,1.016,1.27,0.7619999999999999
2001,6,0.508,1.27,0.7619999999999999
2001,7,1.016,1.27,0.7619999999999999
2001,8,0.7619999999999999,1.27,0.7619999999999999
2001,9,0.254,1.27,0.7619999999999999
2001,10,0.508,1.27,0.7619999999999999
2001,11,0.7619999999999999,1.27,0.7619999999999999
2001,12,0.508,1.27,0.7619999999999999
2001,13,0.7619999999999999,1.27,0.7619999999999999
2001,14,0.508,1.27,0.7619999999999999
2001,15,0.508,1.27,0.7619999999999999
2001,16,0.508,1.27,0.7619999999999999
2001,17,0.7619999999999999,1.27,0.7619999999999999
2001,18,0.508,1.27,0.7619999999999999
2001,19,0.254,1.27,0.7619999999999999
2001,20,0.254,1.27,0.7619999999999999
2001,21,0.7619999999999999,1.27,0.7619999999999999
2001,22,0.7619999999999999,1.27,0.7619999999999999
2001,23,0.7619999999999999,1.27,0.7619999999999999
2001,24,0.254,1.27,0.7619999999999999
2001,25,0.254,1.27,0.7619999999999999
2001,26,0.7619999999999999,1.27,0.7619999999999999
2001,27,0.7619999999999999,1.27,0.7619999999999999
2001,28,0.508,1.27,0.7619999999999999
2001,29,0.508,1.27,0.7619999999999999
2001,30,0.7619999999999999,1.27,0.7619999999999999
2001,31,0.7619999999999999,1.27,0.7619999999999999
2001,32,0.7619999999999999,1.27,0.7619999999999999
2001,33,0.508,1.27,0.7619999999999999
2001,34,0.0,1.27,0.7619999999999999
2001,35,0.7619999999999999,1.27,0.7619999999999999
2001,36,1.016,1.27,0.7619999999999999
2001,37,0.7619999999999999,1.27,0.7619999999999999
2001,38,1.016,1.27,0.7619999999999999
2001,39,1.27,1.27,0.7619999999999999
2001,40,1.016,1.27,0.7619999999999999
2001,41,0.508,1.27,0.7619999999999999
2001,42,0.7619999999999999,1.27,0.7619999999999999
2001,43,0.7619999999999999,1.27,0.7619999999999999
2001,44,0.254,1.27,0.7619999999999999
2001,45,0.7619999999999999,1.27,0.7619999999999999
2001,46,1.27,1.27,0.7619999999999999
2001,47,1.27,1.27,0.7619999999999999
2001,48,1.016,1.27,0.7619999999999999
2001,49,1.016,1.27,0.7619999999999999
2001,50,1.27,1.27,0.7619999999999999
2001,51,1.27,1.27,0.7619999999999999
2001,52,1.27,1.27,0.7619999999999999
2001,53,1.27,1.27,0.7619999999999999
2001,54,0.7619999999999999,1.27,0.7619999999999999
2001,55,2.032,1.27,0.7619999999999999
2001,56,1.5239999999999998,1.27,0.7619999999999999
2001,57,1.5239999999999998,1.27,0.7619999999999999
2001,58,2.032,1.27,0.7619999999999999
2001,59,1.778,1.27,0.7619999999999999
2001,60,2.032,1.27,0.7619999999999999
2001,61,0.7619999999999999,1.27,0.7619999999999999
2001,62,2.032,1.27,0.7619999999999999
2001,63,1.5239999999999998,1.27,0.7619999999999999
2001,64,2.032,1.27,0.7619999999999999
2001,65,2.794,1.27,0.7619999999999999
2001,66,2.794,1.27,0.7619999999999999
2001,67,2.54,1.27,0.7619999999999999
2001,68,0.508,1.27,0.7619999999999999
2001,69,1.5239999999999998,1.27,0.7619999999999999
2001,70,2.2859999999999996,1.27,0.7619999999999999
2001,71,2.54,1.27,0.7619999999999999
2001,72,3.0479999999999996,1.27,0.7619999999999999
2001,73,3.0479999999999996,1.27,0.7619999999999999
2001,74,2.794,1.27,0.7619999999999999
2001,75,1.27,1.27,0.7619999999999999
2001,76,2.2859999999999996,1.27,0.7619999999999999
2001,77,2.2859999999999996,1.27,0.7619999999999999
2001,78,2.2859999999999996,1.27,0.7619999999999999
2001,79,1.5239999999999998,1.27,0.7619999999999999
2001,80,3.0479999999999996,1.27,0.7619999999999999
2001,81,3.556,1.27,0.7619999999999999
2001,82,3.302,1.27,0.7619999999999999
2001,83,3.302,1.27,0.7619999999999999
2001,84,3.302,1.27,0.7619999999999999
2001,85,4.064,1.27,0.7619999999999999
2001,86,3.8099999999999996,1.27,0.7619999999999999
2001,87,2.794,1.27,0.7619999999999999
2001,88,3.302,1.27,0.7619999999999999
2001,89,3.8099999999999996,1.27,0.7619999999999999
2001,90,3.302,1.27,0.7619999999999999
2001,91,3.8099999999999996,1.27,0.7619999999999999
2001,92,2.2859999999999996,1.27,0.7619999999999999
2001,93,2.2859999999999996,1.27,0.7619999999999999
2001,94,3.302,1.27,0.7619999999999999
2001,95,3.556,1.27,0.7619999999999999
2001,96,3.0479999999999996,1.27,0.7619999999999999
2001,97,1.5239999999999998,1.27,0.7619999999999999
2001,98,3.0479999999999996,1.27,0.7619999999999999
2001,99,3.302,1.27,0.7619999999999999
2001,100,3.302,1.27,0.7619999999999999
2001,101,2.032,1.27,0.7619999999999999
2001,102,2.2859999999999996,1.27,0.7619999999999999
2001,103,1.27,1.27,0.7619999999999999
2001,104,3.302,1.27,0.7619999999999999
2001,105,3.302,1.27,0.7619999999999999
2001,106,5.08,1.27,0.7619999999999999
2001,107,5.08,1.27,0.7619999999999999
2001,108,5.334,1.27,0.7619999999999999
2001,109,4.3180000000000005,1.27,0.7619999999999999
2001,110,2.2859999999999996,1.27,0.7619999999999999
2001,111,3.302,1.27,0.7619999999999999
2001,112,4.571999999999999,1.27,0.7619999999999999
2001,113,4.064,1.27,0.7619999999999999
2001,114,4.571999999999999,1.27,0.7619999999999999
2001,115,5.334,1.27,0.7619999999999999
2001,116,5.334,1.27,0.7619999999999999
2001,117,6.095999999999999,1.27,0.7619999999999999
2001,118,5.842,1.27,0.7619999999999999
2001,119,6.095999999999999,1.27,0.7619999999999999
2001,120,6.095999999999999,1.27,0.7619999999999999
2001,121,5.588,1.27,0.7619999999999999
2001,122,5.08,1.27,0.7619999999999999
2001,123,6.095999999999999,1.27,0.7619999999999999
2001,124,5.588,1.27,0.7619999999999999
2001,125,5.588,1.27,0.7619999999999999
2001,126,6.35,1.27,0.7619999999999999
2001,127,6.604,1.27,0.7619999999999999
2001,128,7.112,1.27,0.7619999999999999
2001,129,6.604,1.27,0.7619999999999999
2001,130,7.365999999999999,1.27,0.7619999999999999
2001,131,7.619999999999999,1.27,0.7619999999999999
2001,132,7.619999999999999,1.27,0.7619999999999999
2001,133,6.095999999999999,1.27,0.7619999999999999
2001,134,6.858,1.27,0.7619999999999999
2001,135,2.2859999999999996,1.27,0.7619999999999999
2001,136,5.08,1.27,0.7619999999999999
2001,137,5.842,1.27,0.7619999999999999
2001,138,6.604,1.27,0.7619999999999999
2001,139,7.112,1.27,0.7619999999999999
2001,140,7.112,1.27,0.7619999999999999
2001,141,7.112,1.27,0.7619999999999999
2001,142,7.112,1.27,0.7619999999999999
2001,143,7.365999999999999,1.27,0.7619999999999999
2001,144,7.874,1.27,0.7619999999999999
2001,145,7.874,1.27,0.7619999999999999
2001,146,5.588,1.27,0.7619999999999999
2001,147,6.604,1.27,0.7619999999999999
2001,148,7.365999999999999,1.27,0.7619999999999999
2001,149,7.365999999999999,1.27,0.7619999999999999
2001,150,8.382,1.27,0.7619999999999999
2001,151,7.874,1.27,0.7619999999999999
2001,152,8.128,1.27,0.7619999999999999
2001,153,7.874,1.27,0.7619999999999999
2001,154,6.604,1.27,0.7619999999999999
2001,155,7.112,1.27,0.7619999999999999
2001,156,4.3180000000000005,1.27,0.7619999999999999
2001,157,6.35,1.27,0.7619999999999999
2001,158,7.365999999999999,1.27,0.7619999999999999
2001,159,7.874,1.27,0.7619999999999999
2001,160,8.636000000000001,1.27,0.7619999999999999
2001,161,8.128,1.27,0.7619999999999999
2001,162,7.112,1.27,0.7619999999999999
2001,163,5.08,1.27,0.7619999999999999
2001,164,6.095999999999999,1.27,0.7619999999999999
2001,165,7.112,1.27,0.7619999999999999
2001,166,8.128,1.27,0.7619999999999999
2001,167,8.382,1.27,0.7619999999999999
2001,168,8.382,1.27,0.7619999999999999
2001,169,9.143999999999998,1.27,0.7619999999999999
2001,170,8.382,1.27,0.7619999999999999
2001,171,7.365999999999999,1.27,0.7619999999999999
2001,172,7.874,1.27,0.7619999999999999
2001,173,9.143999999999998,1.27,0.7619999999999999
2001,174,8.636000000000001,1.27,0.7619999999999999
2001,175,9.906,1.27,0.7619999999999999
2001,176,7.619999999999999,1.27,0.7619999999999999
2001,177,5.334,1.27,0.7619999999999999
2001,178,7.874,1.27,0.7619999999999999
2001,179,7.619999999999999,1.27,0.7619999999999999
2001,180,8.636000000000001,1.27,0.7619999999999999
2001,181,8.636000000000001,1.27,0.7619999999999999
2001,182,9.143999999999998,1.27,0.7619999999999999
2001,183,9.398,1.27,0.7619999999999999
2001,184,9.143999999999998,1.27,0.7619999999999999
2001,185,8.128,1.27,0.7619999999999999
2001,186,8.382,1.27,0.7619999999999999
2001,187,6.604,1.27,0.7619999999999999
2001,188,4.3180000000000005,1.27,0.7619999999999999
2001,189,6.604,1.27,0.7619999999999999
2001,190,4.064,1.27,0.7619999999999999
2001,191,7.365999999999999,1.27,0.7619999999999999
2001,192,6.858,1.27,0.7619999999999999
2001,193,8.128,1.27,0.7619999999999999
2001,194,7.365999999999999,1.27,0.7619999999999999
2001,195,6.095999999999999,1.27,0.7619999999999999
2001,196,5.588,1.27,0.7619999999999999
2001,197,6.858,1.27,0.7619999999999999
2001,198,5.334,1.27,0.7619999999999999
2001,199,7.365999999999999,1.27,0.7619999999999999
2001,200,6.604,1.27,0.7619999999999999
2001,201,7.874,1.27,0.7619999999999999
2001,202,8.636000000000001,1.27,0.7619999999999999
2001,203,8.636000000000001,1.27,0.7619999999999999
2001,204,8.382,1.27,0.7619999999999999
2001,205,8.382,1.27,0.7619999999999999
2001,206,8.636000000000001,1.27,0.7619999999999999
2001,207,9.143999999999998,1.27,0.7619999999999999
2001,208,7.874,1.27,0.7619999999999999
2001,209,9.398,1.27,0.7619999999999999
2001,210,7.874,1.27,0.7619999999999999
2001,211,6.858,1.27,0.7619999999999999
2001,212,7.112,1.27,0.7619999999999999
2001,213,8.382,1.27,0.7619999999999999
2001,214,7.874,1.27,0.7619999999999999
2001,215,6.858,1.27,0.7619999999999999
2001,216,8.889999999999999,1.27,0.7619999999999999
2001,217,8.636000000000001,1.27,0.7619999999999999
2001,218,9.398,1.27,0.7619999999999999
2001,219,8.889999999999999,1.27,0.7619999999999999
2001,220,8.382,1.27,0.7619999999999999
2001,221,4.3180000000000005,1.27,0.7619999999999999
2001,222,7.619999999999999,1.27,0.7619999999999999
2001,223,7.365999999999999,1.27,0.7619999999999999
2001,224,7.619999999999999,1.27,0.7619999999999999
2001,225,6.604,1.27,0.7619999999999999
2001,226,7.619999999999999,1.27,0.7619999999999999
2001,227,8.636000000000001,1.27,0.7619999999999999
2001,228,9.652,1.27,0.7619999999999999
2001,229,9.398,1.27,0.7619999999999999
2001,230,8.128,1.27,0.7619999999999999
2001,231,8.128,1.27,0.7619999999999999
2001,232,6.095999999999999,1.27,0.7619999999999999
2001,233,6.095999999999999,1.27,0.7619999999999999
2001,234,5.842,1.27,0.7619999999999999
2001,235,7.365999999999999,1.27,0.7619999999999999
2001,236,7.112,1.27,0.7619999999999999
2001,237,6.858,1.27,0.7619999999999999
2001,238,7.365999999999999,1.27,0.7619999999999999
2001,239,7.874,1.27,0.7619999999999999
2001,240,8.128,1.27,0.7619999999999999
2001,241,6.858,1.27,0.7619999999999999
2001,242,6.604,1.27,0.7619999999999999
2001,243,6.35,1.27,0.7619999999999999
2001,244,6.35,1.27,0.7619999999999999
2001,245,6.095999999999999,1.27,0.7619999999999999
2001,246,6.858,1.27,0.7619999999999999
2001,247,5.334,1.27,0.7619999999999999
2001,248,6.604,1.27,0.7619999999999999
2001,249,5.08,1.27,0.7619999999999999
2001,250,6.35,1.27,0.7619999999999999
2001,251,6.35,1.27,0.7619999999999999
2001,252,5.334,1.27,0.7619999999999999
2001,253,5.842,1.27,0.7619999999999999
2001,254,5.588,1.27,0.7619999999999999
2001,255,3.0479999999999996,1.27,0.7619999999999999
2001,256,2.794,1.27,0.7619999999999999
2001,257,4.3180000000000005,1.27,0.7619999999999999
2001,258,4.571999999999999,1.27,0.7619999999999999
2001,259,3.8099999999999996,1.27,0.7619999999999999
2001,260,4.571999999999999,1.27,0.7619999999999999
2001,261,4.3180000000000005,1.27,0.7619999999999999
2001,262,5.334,1.27,0.7619999999999999
2001,263,4.826,1.27,0.7619999999999999
2001,264,5.08,1.27,0.7619999999999999
2001,265,5.08,1.27,0.7619999999999999
2001,266,6.095999999999999,1.27,0.7619999999999999
2001,267,5.842,1.27,0.7619999999999999
2001,268,6.858,1.27,0.7619999999999999
2001,269,4.571999999999999,1.27,0.7619999999999999
2001,270,5.334,1.27,0.7619999999999999
2001,271,4.571999999999999,1.27,0.7619999999999999
2001,272,5.08,1.27,0.7619999999999999
2001,273,5.08,1.27,0.7619999999999999
2001,274,4.571999999999999,1.27,0.7619999999999999
2001,275,5.588,1.27,0.7619999999999999
2001,276,5.842,1.27,0.7619999999999999
2001,277,5.334,1.27,0.7619999999999999
2001,278,5.334,1.27,0.7619999999999999
2001,279,3.556,1.27,0.7619999999999999
2001,280,3.8099999999999996,1.27,0.7619999999999999
2001,281,3.8099999999999996,1.27,0.7619999999999999
2001,282,3.556,1.27,0.7619999999999999
2001,283,3.302,1.27,0.7619999999999999
2001,284,2.54,1.27,0.7619999999999999
2001,285,3.0479999999999996,1.27,0.7619999999999999
2001,286,3.0479999999999996,1.27,0.7619999999999999
2001,287,3.8099999999999996,1.27,0.7619999999999999
2001,288,3.302,1.27,0.7619999999999999
2001,289,3.8099999999999996,1.27,0.7619999999999999
2001,290,3.0479999999999996,1.27,0.7619999999999999
2001,291,3.8099999999999996,1.27,0.7619999999999999
2001,292,3.8099999999999996,1.27,0.7619999999999999
2001,293,3.0479999999999996,1.27,0.7619999999999999
2001,294,2.794,1.27,0.7619999999999999
2001,295,2.794,1.27,0.7619999999999999
2001,296,3.0479999999999996,1.27,0.7619999999999999
2001,297,3.0479999999999996,1.27,0.7619999999999999
2001,298,2.794,1.27,0.7619999999999999
2001,299,3.556,1.27,0.7619999999999999
2001,300,3.0479999999999996,1.27,0.7619999999999999
2001,301,2.032,1.27,0.7619999999999999
2001,302,2.2859999999999996,1.27,0.7619999999999999
2001,303,1.778,1.27,0.7619999999999999
2001,304,2.032,1.27,0.7619999999999999
2001,305,1.778,1.27,0.7619999999999999
2001,306,1.778,1.27,0.7619999999999999
2001,307,2.54,1.27,0.7619999999999999
2001,308,3.0479999999999996,1.27,0.7619999999999999
2001,309,2.032,1.27,0.7619999999999999
2001,310,1.27,1.27,0.7619999999999999
2001,311,2.032,1.27,0.7619999999999999
2001,312,1.778,1.27,0.7619999999999999
2001,313,2.2859999999999996,1.27,0.7619999999999999
2001,314,1.778,1.27,0.7619999999999999
2001,315,1.5239999999999998,1.27,0.7619999999999999
2001,316,2.032,1.27,0.7619999999999999
2001,317,1.27,1.27,0.7619999999999999
2001,318,1.5239999999999998,1.27,0.7619999999999999
2001,319,2.2859999999999996,1.27,0.7619999999999999
2001,320,2.032,1.27,0.7619999999999999
2001,321,1.27,1.27,0.7619999999999999
2001,322,1.016,1.27,0.7619999999999999
2001,323,2.032,1.27,0.7619999999999999
2001,324,1.27,1.27,0.7619999999999999
2001,325,0.7619999999999999,1.27,0.7619999999999999
2001,326,1.016,1.27,0.7619999999999999
2001,327,1.27,1.27,0.7619999999999999
2001,328,1.016,1.27,0.7619999999999999
2001,329,0.7619999999999999,1.27,0.7619999999999999
2001,330,0.7619999999999999,1.27,0.7619999999999999
2001,331,0.7619999999999999,1.27,0.7619999999999999
2001,332,0.7619999999999999,1.27,0.7619999999999999
2001,333,0.254,1.27,0.7619999999999999
2001,334,1.016,1.27,0.7619999999999999
2001,335,0.508,1.27,0.7619999999999999
2001,336,0.7619999999999999,1.27,0.7619999999999999
2001,337,0.7619999999999999,1.27,0.7619999999999999
2001,338,0.7619999999999999,1.27,0.7619999999999999
2001,339,0.7619999999999999,1.27,0.7619999999999999
2001,340,0.254,1.27,0.7619999999999999
2001,341,0.254,1.27,0.7619999999999999
2001,342,0.7619999999999999,1.27,0.7619999999999999
2001,343,0.508,1.27,0.7619999999999999
2001,344,0.254,1.27,0.7619999999999999
2001,345,0.254,1.27,0.7619999999999999
2001,346,0.254,1.27,0.7619999999999999
2001,347,0.254,1.27,0.7619999999999999
2001,348,0.254,1.27,0.7619999999999999
2001,349,0.7619999999999999,1.27,0.7619999999999999
2001,350,0.508,1.27,0.7619999999999999
2001,351,0.254,1.27,0.7619999999999999
2001,352,0.254,1.27,0.7619999999999999
2001,353,0.254,1.27,0.7619999999999999
2001,354,0.7619999999999999,1.27,0.7619999999999999
2001,355,0.254,1.27,0.7619999999999999
2001,356,0.7619999999999999,1.27,0.7619999999999999
2001,357,0.7619999999999999,1.27,0.7619999999999999
2001,358,0.254,1.27,0.7619999999999999
2001,359,0.508,1.27,0.7619999999999999
2001,360,0.254,1.27,0.7619999999999999
2001,361,0.254,1.27,0.7619999999999999
2001,362,0.254,1.27,0.7619999999999999
2001,363,0.254,1.27,0.7619999999999999
2001,364,0.254,1.27,0.7619999999999999
2001,365,0.254,1.27,0.7619999999999999
2002,1,0.0,1.27,0.7619999999999999
2002,2,0.508,1.27,0.7619999999999999
2002,3,0.254,1.27,0.7619999999999999
2002,4,0.254,1.27,0.7619999999999999
2002,5,0.508,1.27,0.7619999999999999
2002,6,0.0,1.27,0.7619999999999999
2002,7,0.0,1.27,0.7619999999999999
2002,8,0.254,1.27,0.7619999999999999
2002,9,0.254,1.27,0.7619999999999999
2002,10,0.508,1.27,0.7619999999999999
2002,11,0.7619999999999999,1.27,0.7619999999999999
2002,12,0.7619999999999999,1.27,0.7619999999999999
2002,13,0.7619999999999999,1.27,0.7619999999999999
2002,14,1.016,1.27,0.7619999999999999
2002,15,0.508,1.27,0.7619999999999999
2002,16,0.508,1.27,0.7619999999999999
2002,17,0.508,1.27,0.7619999999999999
2002,18,0.508,1.27,0.7619999999999999
2002,19,0.254,1.27,0.7619999999999999
2002,20,0.7619999999999999,1.27,0.7619999999999999
2002,21,0.508,1.27,0.7619999999999999
2002,22,1.016,1.27,0.7619999999999999
2002,23,1.016,1.27,0.7619999999999999
2002,24,0.7619999999999999,1.27,0.7619999999999999
2002,25,0.254,1.27,0.7619999999999999
2002,26,0.508,1.27,0.7619999999999999
2002,27,0.7619999999999999,1.27,0.7619999999999999
2002,28,1.016,1.27,0.7619999999999999
2002,29,1.016,1.27,0.7619999999999999
2002,30,0.7619999999999999,1.27,0.7619999999999999
2002,31,0.508,1.27,0.7619999999999999
2002,32,0.508,1.27,0.7619999999999999
2002,33,0.508,1.27,0.7619999999999999
2002,34,1.016,1.27,0.7619999999999999
2002,35,1.016,1.27,0.7619999999999999
2002,36,1.016,1.27,0.7619999999999999
2002,37,0.7619999999999999,1.27,0.7619999999999999
2002,38,0.508,1.27,0.7619999999999999
2002,39,1.27,1.27,0.7619999999999999
2002,40,1.016,1.27,0.7619999999999999
2002,41,1.27,1.27,0.7619999999999999
2002,42,1.27,1.27,0.7619999999999999
2002,43,1.016,1.27,0.7619999999999999
2002,44,1.016,1.27,0.7619999999999999
2002,45,1.016,1.27,0.7619999999999999
2002,46,1.27,1.27,0.7619999999999999
2002,47,1.27,1.27,0.7619999999999999
2002,48,1.016,1.27,0.7619999999999999
2002,49,0.7619999999999999,1.27,0.7619999999999999
2002,50,0.254,1.27,0.7619999999999999
2002,51,0.7619999999999999,1.27,0.7619999999999999
2002,52,1.27,1.27,0.7619999999999999
2002,53,1.5239999999999998,1.27,0.7619999999999999
2002,54,1.5239999999999998,1.27,0.7619999999999999
2002,55,1.778,1.27,0.7619999999999999
2002,56,2.032,1.27,0.7619999999999999
2002,57,1.5239999999999998,1.27,0.7619999999999999
2002,58,1.5239999999999998,1.27,0.7619999999999999
2002,59,1.27,1.27,0.7619999999999999
2002,60,1.27,1.27,0.7619999999999999
2002,61,1.5239999999999998,1.27,0.7619999999999999
2002,62,1.5239999999999998,1.27,0.7619999999999999
2002,63,1.778,1.27,0.7619999999999999
2002,64,1.5239999999999998,1.27,0.7619999999999999
2002,65,0.7619999999999999,1.27,0.7619999999999999
2002,66,1.5239999999999998,1.27,0.7619999999999999
2002,67,2.032,1.27,0.7619999999999999
2002,68,2.032,1.27,0.7619999999999999
2002,69,0.7619999999999999,1.27,0.7619999999999999
2002,70,1.016,1.27,0.7619999999999999
2002,71,1.016,1.27,0.7619999999999999
2002,72,2.2859999999999996,1.27,0.7619999999999999
2002,73,2.032,1.27,0.7619999999999999
2002,74,2.032,1.27,0.7619999999999999
2002,75,1.5239999999999998,1.27,0.7619999999999999
2002,76,1.5239999999999998,1.27,0.7619999999999999
2002,77,1.778,1.27,0.7619999999999999
2002,78,1.778,1.27,0.7619999999999999
2002,79,3.0479999999999996,1.27,0.7619999999999999
2002,80,2.54,1.27,0.7619999999999999
2002,81,3.0479999999999996,1.27,0.7619999999999999
2002,82,1.5239999999999998,1.27,0.7619999999999999
2002,83,2.032,1.27,0.7619999999999999
2002,84,2.032,1.27,0.7619999999999999
2002,85,3.0479999999999996,1.27,0.7619999999999999
2002,86,3.556,1.27,0.7619999999999999
2002,87,3.8099999999999996,1.27,0.7619999999999999
2002,88,3.8099999999999996,1.27,0.7619999999999999
2002,89,4.064,1.27,0.7619999999999999
2002,90,4.826,1.27,0.7619999999999999
2002,91,4.571999999999999,1.27,0.7619999999999999
2002,92,4.3180000000000005,1.27,0.7619999999999999
2002,93,4.571999999999999,1.27,0.7619999999999999
2002,94,4.3180000000000005,1.27,0.7619999999999999
2002,95,5.08,1.27,0.7619999999999999
2002,96,4.571999999999999,1.27,0.7619999999999999
2002,97,4.826,1.27,0.7619999999999999
2002,98,4.571999999999999,1.27,0.7619999999999999
2002,99,2.794,1.27,0.7619999999999999
2002,100,3.302,1.27,0.7619999999999999
2002,101,4.064,1.27,0.7619999999999999
2002,102,4.3180000000000005,1.27,0.7619999999999999
2002,103,4.3180000000000005,1.27,0.7619999999999999
2002,104,4.571999999999999,1.27,0.7619999999999999
2002,105,2.54,1.27,0.7619999999999999
2002,106,3.556,1.27,0.7619999999999999
2002,107,1.778,1.27,0.7619999999999999
2002,108,1.778,1.27,0.7619999999999999
2002,109,2.2859999999999996,1.27,0.7619999999999999
2002,110,3.556,1.27,0.7619999999999999
2002,111,4.064,1.27,0.7619999999999999
2002,112,5.08,1.27,0.7619999999999999
2002,113,5.08,1.27,0.7619999999999999
2002,114,5.08,1.27,0.7619999999999999
2002,115,5.08,1.27,0.7619999999999999
2002,116,4.571999999999999,1.27,0.7619999999999999
2002,117,4.3180000000000005,1.27,0.7619999999999999
2002,118,4.3180000000000005,1.27,0.7619999999999999
2002,119,4.571999999999999,1.27,0.7619999999999999
2002,120,3.8099999999999996,1.27,0.7619999999999999
2002,121,4.3180000000000005,1.27,0.7619999999999999
2002,122,5.842,1.27,0.7619999999999999
2002,123,5.588,1.27,0.7619999999999999
2002,124,6.35,1.27,0.7619999999999999
2002,125,6.095999999999999,1.27,0.7619999999999999
2002,126,6.35,1.27,0.7619999999999999
2002,127,4.064,1.27,0.7619999999999999
2002,128,5.588,1.27,0.7619999999999999
2002,129,4.826,1.27,0.7619999999999999
2002,130,3.8099999999999996,1.27,0.7619999999999999
2002,131,6.095999999999999,1.27,0.7619999999999999
2002,132,6.095999999999999,1.27,0.7619999999999999
2002,133,6.858,1.27,0.7619999999999999
2002,134,6.604,1.27,0.7619999999999999
2002,135,6.604,1.27,0.7619999999999999
2002,136,7.365999999999999,1.27,0.7619999999999999
2002,137,6.858,1.27,0.7619999999999999
2002,138,6.095999999999999,1.27,0.7619999999999999
2002,139,8.382,1.27,0.7619999999999999
2002,140,5.588,1.27,0.7619999999999999
2002,141,2.794,1.27,0.7619999999999999
2002,142,6.35,1.27,0.7619999999999999
2002,143,4.826,1.27,0.7619999999999999
2002,144,5.842,1.27,0.7619999999999999
2002,145,6.35,1.27,0.7619999999999999
2002,146,4.826,1.27,0.7619999999999999
2002,147,6.35,1.27,0.7619999999999999
2002,148,7.112,1.27,0.7619999999999999
2002,149,7.365999999999999,1.27,0.7619999999999999
2002,150,7.874,1.27,0.7619999999999999
2002,151,8.128,1.27,0.7619999999999999
2002,152,5.588,1.27,0.7619999999999999
2002,153,6.858,1.27,0.7619999999999999
2002,154,7.365999999999999,1.27,0.7619999999999999
2002,155,7.365999999999999,1.27,0.7619999999999999
2002,156,8.128,1.27,0.7619999999999999
2002,157,8.382,1.27,0.7619999999999999
2002,158,8.382,1.27,0.7619999999999999
2002,159,7.874,1.27,0.7619999999999999
2002,160,5.842,1.27,0.7619999999999999
2002,161,5.08,1.27,0.7619999999999999
2002,162,7.112,1.27,0.7619999999999999
2002,163,7.365999999999999,1.27,0.7619999999999999
2002,164,8.636000000000001,1.27,0.7619999999999999
2002,165,9.398,1.27,0.7619999999999999
2002,166,8.889999999999999,1.27,0.7619999999999999
2002,167,9.906,1.27,0.7619999999999999
2002,168,9.143999999999998,1.27,0.7619999999999999
2002,169,6.095999999999999,1.27,0.7619999999999999
2002,170,8.889999999999999,1.27,0.7619999999999999
2002,171,6.858,1.27,0.7619999999999999
2002,172,8.382,1.27,0.7619999999999999
2002,173,5.334,1.27,0.7619999999999999
2002,174,7.619999999999999,1.27,0.7619999999999999
2002,175,8.636000000000001,1.27,0.7619999999999999
2002,176,8.128,1.27,0.7619999999999999
2002,177,8.636000000000001,1.27,0.7619999999999999
2002,178,8.889999999999999,1.27,0.7619999999999999
2002,179,8.128,1.27,0.7619999999999999
2002,180,8.636000000000001,1.27,0.7619999999999999
2002,181,9.398,1.27,0.7619999999999999
2002,182,9.652,1.27,0.7619999999999999
2002,183,8.889999999999999,1.27,0.7619999999999999
2002,184,8.889999999999999,1.27,0.7619999999999999
2002,185,9.906,1.27,0.7619999999999999
2002,186,9.143999999999998,1.27,0.7619999999999999
2002,187,7.874,1.27,0.7619999999999999
2002,188,9.652,1.27,0.7619999999999999
2002,189,9.652,1.27,0.7619999999999999
2002,190,9.143999999999998,1.27,0.7619999999999999
2002,191,10.668,1.27,0.7619999999999999
2002,192,11.176,1.27,0.7619999999999999
2002,193,10.413999999999998,1.27,0.7619999999999999
2002,194,8.636000000000001,1.27,0.7619999999999999
2002,195,9.652,1.27,0.7619999999999999
2002,196,7.619999999999999,1.27,0.7619999999999999
2002,197,5.842,1.27,0.7619999999999999
2002,198,8.636000000000001,1.27,0.7619999999999999
2002,199,5.842,1.27,0.7619999999999999
2002,200,7.874,1.27,0.7619999999999999
2002,201,7.365999999999999,1.27,0.7619999999999999
2002,202,7.874,1.27,0.7619999999999999
2002,203,7.874,1.27,0.7619999999999999
2002,204,8.382,1.27,0.7619999999999999
2002,205,8.382,1.27,0.7619999999999999
2002,206,8.382,1.27,0.7619999999999999
2002,207,8.889999999999999,1.27,0.7619999999999999
2002,208,8.889999999999999,1.27,0.7619999999999999
2002,209,9.398,1.27,0.7619999999999999
2002,210,9.652,1.27,0.7619999999999999
2002,211,8.128,1.27,0.7619999999999999
2002,212,7.874,1.27,0.7619999999999999
2002,213,7.112,1.27,0.7619999999999999
2002,214,7.112,1.27,0.7619999999999999
2002,215,6.35,1.27,0.7619999999999999
2002,216,7.112,1.27,0.7619999999999999
2002,217,7.874,1.27,0.7619999999999999
2002,218,7.112,1.27,0.7619999999999999
2002,219,7.619999999999999,1.27,0.7619999999999999
2002,220,7.619999999999999,1.27,0.7619999999999999
2002,221,6.35,1.27,0.7619999999999999
2002,222,6.858,1.27,0.7619999999999999
2002,223,7.874,1.27,0.7619999999999999
2002,224,8.636000000000001,1.27,0.7619999999999999
2002,225,7.619999999999999,1.27,0.7619999999999999
2002,226,9.143999999999998,1.27,0.7619999999999999
2002,227,8.636000000000001,1.27,0.7619999999999999
2002,228,8.636000000000001,1.27,0.7619999999999999
2002,229,7.112,1.27,0.7619999999999999
2002,230,8.382,1.27,0.7619999999999999
2002,231,8.382,1.27,0.7619999999999999
2002,232,7.874,1.27,0.7619999999999999
2002,233,6.858,1.27,0.7619999999999999
2002,234,5.08,1.27,0.7619999999999999
2002,235,3.302,1.27,0.7619999999999999
2002,236,5.588,1.27,0.7619999999999999
2002,237,5.842,1.27,0.7619999999999999
2002,238,6.095999999999999,1.27,0.7619999999999999
2002,239,5.334,1.27,0.7619999999999999
2002,240,4.826,1.27,0.7619999999999999
2002,241,5.334,1.27,0.7619999999999999
2002,242,5.334,1.27,0.7619999999999999
2002,243,5.08,1.27,0.7619999999999999
2002,244,5.842,1.27,0.7619999999999999
2002,245,6.095999999999999,1.27,0.7619999999999999
2002,246,5.842,1.27,0.7619999999999999
2002,247,5.334,1.27,0.7619999999999999
2002,248,4.826,1.27,0.7619999999999999
2002,249,3.556,1.27,0.7619999999999999
2002,250,2.794,1.27,0.7619999999999999
2002,251,4.571999999999999,1.27,0.7619999999999999
2002,252,4.571999999999999,1.27,0.7619999999999999
2002,253,5.08,1.27,0.7619999999999999
2002,254,3.8099999999999996,1.27,0.7619999999999999
2002,255,4.064,1.27,0.7619999999999999
2002,256,5.334,1.27,0.7619999999999999
2002,257,5.334,1.27,0.7619999999999999
2002,258,6.095999999999999,1.27,0.7619999999999999
2002,259,4.826,1.27,0.7619999999999999
2002,260,3.302,1.27,0.7619999999999999
2002,261,5.08,1.27,0.7619999999999999
2002,262,4.571999999999999,1.27,0.7619999999999999
2002,263,5.334,1.27,0.7619999999999999
2002,264,4.826,1.27,0.7619999999999999
2002,265,4.064,1.27,0.7619999999999999
2002,266,4.064,1.27,0.7619999999999999
2002,267,4.064,1.27,0.7619999999999999
2002,268,4.571999999999999,1.27,0.7619999999999999
2002,269,4.3180000000000005,1.27,0.7619999999999999
2002,270,3.8099999999999996,1.27,0.7619999999999999
2002,271,3.556,1.27,0.7619999999999999
2002,272,3.0479999999999996,1.27,0.7619999999999999
2002,273,3.302,1.27,0.7619999999999999
2002,274,2.2859999999999996,1.27,0.7619999999999999
2002,275,2.2859999999999996,1.27,0.7619999999999999
2002,276,3.0479999999999996,1.27,0.7619999999999999
2002,277,2.54,1.27,0.7619999999999999
2002,278,3.302,1.27,0.7619999999999999
2002,279,3.302,1.27,0.7619999999999999
2002,280,4.064,1.27,0.7619999999999999
2002,281,3.8099999999999996,1.27,0.7619999999999999
2002,282,3.302,1.27,0.7619999999999999
2002,283,3.0479999999999996,1.27,0.7619999999999999
2002,284,3.8099999999999996,1.27,0.7619999999999999
2002,285,2.794,1.27,0.7619999999999999
2002,286,3.0479999999999996,1.27,0.7619999999999999
2002,287,3.0479999999999996,1.27,0.7619999999999999
2002,288,2.794,1.27,0.7619999999999999
2002,289,2.54,1.27,0.7619999999999999
2002,290,2.54,1.27,0.7619999999999999
2002,291,3.0479999999999996,1.27,0.7619999999999999
2002,292,2.794,1.27,0.7619999999999999
2002,293,2.794,1.27,0.7619999999999999
2002,294,2.2859999999999996,1.27,0.7619999999999999
2002,295,1.27,1.27,0.7619999999999999
2002,296,1.778,1.27,0.7619999999999999
2002,297,2.032,1.27,0.7619999999999999
2002,298,2.2859999999999996,1.27,0.7619999999999999
2002,299,2.2859999999999996,1.27,0.7619999999999999
2002,300,2.54,1.27,0.7619999999999999
2002,301,2.2859999999999996,1.27,0.7619999999999999
2002,302,1.5239999999999998,1.27,0.7619999999999999
2002,303,1.016,1.27,0.7619999999999999
2002,304,1.016,1.27,0.7619999999999999
2002,305,1.016,1.27,0.7619999999999999
2002,306,1.016,1.27,0.7619999999999999
2002,307,1.27,1.27,0.7619999999999999
2002,308,1.27,1.27,0.7619999999999999
2002,309,1.27,1.27,0.7619999999999999
2002,310,2.54,1.27,0.7619999999999999
2002,311,1.778,1.27,0.7619999999999999
2002,312,1.27,1.27,0.7619999999999999
2002,313,1.5239999999999998,1.27,0.7619999999999999
2002,314,1.5239999999999998,1.27,0.7619999999999999
2002,315,1.27,1.27,0.7619999999999999
2002,316,1.27,1.27,0.7619999999999999
2002,317,1.016,1.27,0.7619999999999999
2002,318,1.27,1.27,0.7619999999999999
2002,319,1.27,1.27,0.7619999999999999
2002,320,1.27,1.27,0.7619999999999999
2002,321,1.5239999999999998,1.27,0.7619999999999999
2002,322,1.5239999999999998,1.27,0.7619999999999999
2002,323,1.27,1.27,0.7619999999999999
2002,324,1.27,1.27,0.7619999999999999
2002,325,1.778,1.27,0.7619999999999999
2002,326,1.016,1.27,0.7619999999999999
2002,327,1.27,1.27,0.7619999999999999
2002,328,1.27,1.27,0.7619999999999999
2002,329,1.5239999999999998,1.27,0.7619999999999999
2002,330,1.016,1.27,0.7619999999999999
2002,331,1.016,1.27,0.7619999999999999
2002,332,1.016,1.27,0.7619999999999999
2002,333,0.7619999999999999,1.27,0.7619999999999999
2002,334,0.508,1.27,0.7619999999999999
2002,335,0.508,1.27,0.7619999999999999
2002,336,0.7619999999999999,1.27,0.7619999999999999
2002,337,0.7619999999999999,1.27,0.7619999999999999
2002,338,0.7619999999999999,1.27,0.7619999999999999
2002,339,0.7619999999999999,1.27,0.7619999999999999
2002,340,0.7619999999999999,1.27,0.7619999999999999
2002,341,0.7619999999999999,1.27,0.7619999999999999
2002,342,0.7619999999999999,1.27,0.7619999999999999
2002,343,0.7619999999999999,1.27,0.7619999999999999
2002,344,0.254,1.27,0.7619999999999999
2002,345,0.254,1.27,0.7619999999999999
2002,346,0.508,1.27,0.7619999999999999
2002,347,0.508,1.27,0.7619999999999999
2002,348,0.508,1.27,0.7619999999999999
2002,349,1.27,1.27,0.7619999999999999
2002,350,1.5239999999999998,1.27,0.7619999999999999
2002,351,0.7619999999999999,1.27,0.7619999999999999
2002,352,1.016,1.27,0.7619999999999999
2002,353,1.016,1.27,0.7619999999999999
2002,354,1.016,1.27,0.7619999999999999
2002,355,0.0,1.27,0.7619999999999999
2002,356,0.0,1.27,0.7619999999999999
2002,357,0.508,1.27,0.7619999999999999
2002,358,0.508,1.27,0.7619999999999999
2002,359,0.254,1.27,0.7619999999999999
2002,360,0.508,1.27,0.7619999999999999
2002,361,0.0,1.27,0.7619999999999999
2002,362,0.508,1.27,0.7619999999999999
2002,363,1.27,1.27,0.7619999999999999
2002,364,0.7619999999999999,1.27,0.7619999999999999
2002,365,0.7619999999999999,1.27,0.7619999999999999
2003,1,1.016,1.27,0.7619999999999999
2003,2,0.508,0.7619999999999999,0.508
2003,3,0.7619999999999999,1.778,1.016
2003,4,0.7619999999999999,1.27,0.7619999999999999
2003,5,0.7619999999999999,1.016,0.7619999999999999
2003,6,1.016,1.016,0.508
2003,7,1.016,1.27,0.7619999999999999
2003,8,1.016,1.27,0.7619999999999999
2003,9,0.7619999999999999,1.016,0.7619999999999999
2003,10,0.508,1.016,0.508
2003,11,0.508,1.016,0.7619999999999999
2003,12,0.508,1.016,0.7619999999999999
2003,13,0.508,1.016,0.7619999999999999
2003,14,0.508,0.7619999999999999,0.508
2003,15,1.27,1.5239999999999998,1.016
2003,16,1.016,0.7619999999999999,0.508
2003,17,0.7619999999999999,0.7619999999999999,0.508
2003,18,0.254,0.254,0.254
2003,19,0.508,0.7619999999999999,0.508
2003,20,0.254,0.254,0.254
2003,21,0.508,0.508,0.508
2003,22,0.0,0.7619999999999999,0.508
2003,23,0.254,1.27,1.016
2003,24,0.7619999999999999,0.7619999999999999,0.7619999999999999
2003,25,0.508,0.7619999999999999,0.7619999999999999
2003,26,1.016,1.5239999999999998,1.016
2003,27,0.7619999999999999,1.778,1.27
2003,28,1.27,1.27,1.016
2003,29,1.27,1.27,1.016
2003,30,0.508,1.5239999999999998,1.27
2003,31,0.7619999999999999,1.778,1.27
2003,32,1.5239999999999998,2.54,1.5239999999999998
2003,33,2.2859999999999996,1.778,1.27
2003,34,1.5239999999999998,1.5239999999999998,1.016
2003,35,0.7619999999999999,0.0,0.254
2003,36,1.016,0.7619999999999999,0.508
2003,37,1.27,1.27,1.016
2003,38,1.016,1.27,0.7619999999999999
2003,39,1.016,1.27,0.7619999999999999
2003,40,1.016,1.778,1.27
2003,41,1.5239999999999998,2.54,1.778
2003,42,1.27,1.778,1.27
2003,43,2.2859999999999996,3.0479999999999996,2.032
2003,44,0.508,1.016,0.7619999999999999
2003,45,0.7619999999999999,1.27,0.7619999999999999
2003,46,1.5239999999999998,1.5239999999999998,1.27
2003,47,1.27,2.032,1.5239999999999998
2003,48,1.778,2.2859999999999996,1.5239999999999998
2003,49,1.5239999999999998,1.5239999999999998,1.27
2003,50,1.778,1.778,1.27
2003,51,1.27,1.778,1.27
2003,52,2.54,3.556,2.2859999999999996
2003,53,2.794,3.0479999999999996,2.032
2003,54,2.54,2.54,1.778
2003,55,3.0479999999999996,2.794,1.778
2003,56,1.778,2.032,1.5239999999999998
2003,57,2.032,2.54,1.778
2003,58,1.778,2.54,1.778
2003,59,2.032,2.54,1.778
2003,60,1.27,1.27,1.016
2003,61,2.2859999999999996,2.794,2.032
2003,62,1.5239999999999998,2.2859999999999996,1.5239999999999998
2003,63,1.778,2.032,1.5239999999999998
2003,64,2.2859999999999996,3.302,2.2859999999999996
2003,65,3.8099999999999996,5.08,3.302
2003,66,2.2859999999999996,3.556,2.2859999999999996
2003,67,3.556,4.826,3.302
2003,68,2.2859999999999996,3.302,2.2859999999999996
2003,69,2.032,3.0479999999999996,2.032
2003,70,3.0479999999999996,4.064,2.794
2003,71,3.556,5.08,3.556
2003,72,4.3180000000000005,7.365999999999999,4.826
2003,73,2.54,3.8099999999999996,2.54
2003,74,2.2859999999999996,3.0479999999999996,2.032
2003,75,3.302,3.0479999999999996,2.2859999999999996
2003,76,3.0479999999999996,3.0479999999999996,2.2859999999999996
2003,77,4.064,4.3180000000000005,3.0479999999999996
2003,78,3.302,3.8099999999999996,2.794
2003,79,3.0479999999999996,3.556,2.54
2003,80,3.556,4.571999999999999,3.0479999999999996
2003,81,2.2859999999999996,4.064,2.794
2003,82,3.8099999999999996,4.064,2.794
2003,83,4.064,4.064,3.0479999999999996
2003,84,3.0479999999999996,3.556,2.54
2003,85,1.5239999999999998,1.5239999999999998,1.27
2003,86,3.302,3.0479999999999996,2.032
2003,87,3.0479999999999996,3.0479999999999996,2.2859999999999996
2003,88,3.556,4.064,3.0479999999999996
2003,89,3.8099999999999996,5.08,3.8099999999999996
2003,90,3.8099999999999996,5.842,4.064
2003,91,2.2859999999999996,3.0479999999999996,2.2859999999999996
2003,92,1.778,1.27,1.016
2003,93,3.0479999999999996,2.2859999999999996,1.778
2003,94,2.794,2.794,2.2859999999999996
2003,95,2.032,2.032,1.5239999999999998
2003,96,2.032,2.032,1.5239999999999998
2003,97,2.794,3.0479999999999996,2.54
2003,98,4.064,5.08,3.8099999999999996
2003,99,4.064,5.334,4.064
2003,100,5.842,8.128,5.588
2003,101,5.08,5.842,4.571999999999999
2003,102,6.095999999999999,8.889999999999999,5.842
2003,103,5.08,4.826,3.556
2003,104,2.032,1.27,1.016
2003,105,4.826,4.571999999999999,3.302
2003,106,3.0479999999999996,3.302,2.54
2003,107,2.032,2.032,1.778
2003,108,5.08,4.826,3.556
2003,109,4.826,5.08,3.8099999999999996
2003,110,4.826,6.095999999999999,4.3180000000000005
2003,111,3.8099999999999996,6.095999999999999,4.064
2003,112,2.2859999999999996,2.2859999999999996,2.032
2003,113,4.3180000000000005,4.571999999999999,3.302
2003,114,5.08,6.095999999999999,4.3180000000000005
2003,115,1.5239999999999998,1.27,1.016
2003,116,4.064,3.302,2.54
2003,117,4.3180000000000005,4.064,3.302
2003,118,3.8099999999999996,4.3180000000000005,3.302
2003,119,3.0479999999999996,2.794,2.2859999999999996
2003,120,3.8099999999999996,3.302,2.794
2003,121,4.064,4.3180000000000005,3.302
2003,122,4.064,4.3180000000000005,3.302
2003,123,2.2859999999999996,2.2859999999999996,1.778
2003,124,3.0479999999999996,2.794,2.2859999999999996
2003,125,5.588,4.571999999999999,3.556
2003,126,4.3180000000000005,4.064,3.302
2003,127,5.08,5.08,4.064
2003,128,2.54,2.54,2.032
2003,129,3.302,2.794,2.2859999999999996
2003,130,4.571999999999999,4.571999999999999,3.8099999999999996
2003,131,3.8099999999999996,3.8099999999999996,3.302
2003,132,4.064,4.3180000000000005,3.556
2003,133,5.588,5.08,4.3180000000000005
2003,134,5.08,5.334,4.3180000000000005
2003,135,6.35,6.604,5.334
2003,136,6.604,5.842,4.571999999999999
2003,137,6.604,5.588,4.3180000000000005
2003,138,7.365999999999999,6.095999999999999,4.3180000000000005
2003,139,6.35,5.842,4.3180000000000005
2003,140,6.35,6.604,5.08
2003,141,5.588,6.35,5.08
2003,142,6.858,7.619999999999999,6.095999999999999
2003,143,7.365999999999999,7.874,6.35
2003,144,7.112,7.874,5.842
2003,145,6.604,6.604,5.08
2003,146,7.112,6.858,5.334
2003,147,7.874,7.619999999999999,6.095999999999999
2003,148,10.16,11.684,8.382
2003,149,8.128,8.889999999999999,6.604
2003,150,8.636000000000001,8.636000000000001,6.604
2003,151,8.128,7.619999999999999,6.095999999999999
2003,152,8.636000000000001,8.128,6.35
2003,153,9.652,9.398,6.858
2003,154,9.652,9.652,7.112
2003,155,7.874,7.619999999999999,5.842
2003,156,8.889999999999999,9.143999999999998,6.858
2003,157,8.889999999999999,9.143999999999998,6.858
2003,158,9.906,10.413999999999998,7.365999999999999
2003,159,8.382,8.636000000000001,6.604
2003,160,9.398,9.906,7.365999999999999
2003,161,9.652,9.652,7.365999999999999
2003,162,9.906,9.906,7.112
2003,163,8.889999999999999,8.636000000000001,6.604
2003,164,7.619999999999999,7.619999999999999,5.842
2003,165,8.382,8.382,6.604
2003,166,8.636000000000001,8.636000000000001,6.604
2003,167,9.143999999999998,8.889999999999999,6.858
2003,168,8.889999999999999,8.636000000000001,6.858
2003,169,9.143999999999998,9.398,7.112
2003,170,8.889999999999999,8.636000000000001,6.604
2003,171,5.08,4.3180000000000005,3.302
2003,172,8.128,6.858,5.588
2003,173,7.874,6.604,5.08
2003,174,7.112,6.35,5.08
2003,175,4.826,4.3180000000000005,3.556
2003,176,7.365999999999999,7.112,5.842
2003,177,8.128,8.128,6.35
2003,178,9.906,10.413999999999998,7.874
2003,179,10.16,10.413999999999998,7.874
2003,180,10.16,9.906,7.619999999999999
2003,181,10.413999999999998,10.921999999999999,8.128
2003,182,9.906,9.398,7.365999999999999
2003,183,9.652,8.889999999999999,6.858
2003,184,9.143999999999998,8.382,6.604
2003,185,9.398,9.143999999999998,7.112
2003,186,9.398,9.143999999999998,7.112
2003,187,8.889999999999999,8.636000000000001,6.604
2003,188,9.143999999999998,8.636000000000001,6.858
2003,189,10.413999999999998,10.413999999999998,7.874
2003,190,9.652,9.143999999999998,7.112
2003,191,11.684,12.7,9.143999999999998
2003,192,9.906,9.906,7.619999999999999
2003,193,10.16,9.906,7.619999999999999
2003,194,10.16,10.16,7.619999999999999
2003,195,9.652,8.889999999999999,7.112
2003,196,9.398,8.636000000000001,6.858
2003,197,9.143999999999998,8.889999999999999,6.858
2003,198,9.398,9.398,7.365999999999999
2003,199,9.398,9.398,7.112
2003,200,7.365999999999999,6.858,5.334
2003,201,8.889999999999999,8.636000000000001,6.858
2003,202,10.413999999999998,10.921999999999999,8.128
2003,203,9.906,9.906,7.619999999999999
2003,204,9.398,8.889999999999999,7.112
2003,205,9.143999999999998,9.906,7.112
2003,206,7.112,6.35,5.08
2003,207,6.095999999999999,5.334,4.571999999999999
2003,208,7.619999999999999,6.858,5.842
2003,209,8.382,8.128,6.604
2003,210,8.382,8.382,6.604
2003,211,8.636000000000001,8.636000000000001,6.858
2003,212,9.398,9.398,7.112
2003,213,8.382,7.874,6.35
2003,214,5.842,5.842,4.3180000000000005
2003,215,5.588,5.08,4.3180000000000005
2003,216,6.858,6.35,5.588
2003,217,7.365999999999999,7.619999999999999,6.095999999999999
2003,218,8.128,8.382,6.604
2003,219,8.382,8.128,6.35
2003,220,7.874,7.874,6.095999999999999
2003,221,7.874,7.619999999999999,6.095999999999999
2003,222,7.874,8.128,6.35
2003,223,8.128,8.382,6.35
2003,224,6.604,6.35,4.826
2003,225,7.619999999999999,7.365999999999999,5.842
2003,226,7.112,7.112,5.588
2003,227,8.382,9.652,6.858
2003,228,8.889999999999999,9.398,6.858
2003,229,9.398,9.398,6.604
2003,230,7.112,6.604,5.334
2003,231,7.112,7.112,5.588
2003,232,8.128,9.143999999999998,6.604
2003,233,5.842,6.095999999999999,4.571999999999999
2003,234,5.334,5.08,4.064
2003,235,6.095999999999999,5.334,4.571999999999999
2003,236,6.35,6.604,5.334
2003,237,6.858,7.365999999999999,5.842
2003,238,7.112,8.128,5.842
2003,239,6.35,6.095999999999999,4.826
2003,240,6.35,6.095999999999999,4.826
2003,241,5.08,4.826,3.556
2003,242,5.334,5.08,4.3180000000000005
2003,243,6.35,6.604,5.08
2003,244,4.3180000000000005,4.571999999999999,3.556
2003,245,5.588,5.842,4.826
2003,246,5.842,5.842,4.826
2003,247,5.842,6.35,4.826
2003,248,4.3180000000000005,4.571999999999999,3.556
2003,249,5.08,5.08,4.064
2003,250,5.08,5.334,4.064
2003,251,6.858,6.095999999999999,4.3180000000000005
2003,252,4.3180000000000005,4.064,3.0479999999999996
2003,253,5.842,5.08,3.8099999999999996
2003,254,4.826,5.08,3.8099999999999996
2003,255,6.095999999999999,5.842,4.3180000000000005
2003,256,4.3180000000000005,4.064,3.302
2003,257,5.08,5.334,4.064
2003,258,4.064,4.571999999999999,3.302
2003,259,5.334,6.095999999999999,4.064
2003,260,5.842,5.08,3.556
2003,261,4.3180000000000005,4.064,3.0479999999999996
2003,262,4.571999999999999,5.334,3.8099999999999996
2003,263,5.334,6.095999999999999,4.3180000000000005
2003,264,5.588,6.858,4.571999999999999
2003,265,5.08,5.588,4.064
2003,266,5.334,6.35,4.571999999999999
2003,267,5.08,5.842,4.064
2003,268,6.858,8.636000000000001,5.842
2003,269,6.35,7.874,5.334
2003,270,5.334,6.095999999999999,4.3180000000000005
2003,271,5.334,5.842,4.3180000000000005
2003,272,5.334,6.35,4.3180000000000005
2003,273,6.604,7.874,5.08
2003,274,5.08,6.858,4.3180000000000005
2003,275,3.8099999999999996,4.3180000000000005,3.0479999999999996
2003,276,4.3180000000000005,4.571999999999999,3.302
2003,277,4.571999999999999,5.08,3.556
2003,278,3.8099999999999996,4.3180000000000005,3.302
2003,279,4.064,4.826,3.302
2003,280,3.302,4.064,2.794
2003,281,4.064,4.826,3.302
2003,282,5.08,5.334,3.556
2003,283,5.08,4.3180000000000005,2.794
2003,284,3.8099999999999996,4.3180000000000005,2.794
2003,285,3.8099999999999996,4.3180000000000005,2.794
2003,286,3.8099999999999996,4.3180000000000005,2.794
2003,287,4.064,4.826,3.0479999999999996
2003,288,2.54,3.302,2.2859999999999996
2003,289,2.54,3.556,2.2859999999999996
2003,290,3.0479999999999996,4.064,2.794
2003,291,3.8099999999999996,5.588,3.556
2003,292,3.302,4.826,3.0479999999999996
2003,293,4.064,5.334,3.302
2003,294,4.571999999999999,6.35,3.8099999999999996
2003,295,5.334,7.112,4.571999999999999
2003,296,4.571999999999999,5.334,3.302
2003,297,4.826,5.588,3.556
2003,298,3.0479999999999996,3.302,2.032
2003,299,2.794,3.8099999999999996,2.54
2003,300,3.302,5.588,3.556
2003,301,4.3180000000000005,6.095999999999999,3.8099999999999996
2003,302,4.826,5.334,3.302
2003,303,4.064,3.556,2.2859999999999996
2003,304,3.302,3.0479999999999996,2.032
2003,305,1.778,1.778,1.27
2003,306,1.778,2.54,1.5239999999999998
2003,307,1.27,2.032,1.27
2003,308,1.5239999999999998,1.778,1.27
2003,309,1.27,1.27,1.016
2003,310,1.778,2.2859999999999996,1.5239999999999998
2003,311,2.54,3.302,2.032
2003,312,2.2859999999999996,3.8099999999999996,2.2859999999999996
2003,313,1.778,3.302,2.032
2003,314,1.27,2.2859999999999996,1.5239999999999998
2003,315,3.556,4.826,3.0479999999999996
2003,316,1.778,2.2859999999999996,1.27
2003,317,0.7619999999999999,0.7619999999999999,0.508
2003,318,1.27,1.27,1.016
2003,319,1.016,1.27,1.016
2003,320,0.508,1.27,0.7619999999999999
2003,321,1.778,2.032,1.27
2003,322,1.016,1.5239999999999998,1.016
2003,323,2.032,3.8099999999999996,2.2859999999999996
2003,324,3.0479999999999996,3.8099999999999996,2.2859999999999996
2003,325,1.27,1.016,0.7619999999999999
2003,326,2.032,1.5239999999999998,1.016
2003,327,1.27,1.778,1.016
2003,328,0.7619999999999999,1.27,0.7619999999999999
2003,329,0.508,1.27,0.7619999999999999
2003,330,0.508,0.7619999999999999,0.508
2003,331,1.016,1.27,0.7619999999999999
2003,332,0.7619999999999999,1.27,0.7619999999999999
2003,333,0.0,0.508,0.508
2003,334,0.0,0.508,0.508
2003,335,1.016,1.5239999999999998,1.016
2003,336,1.016,1.27,0.7619999999999999
2003,337,1.016,1.27,0.7619999999999999
2003,338,1.27,1.5239999999999998,1.016
2003,339,1.016,2.032,1.27
2003,340,0.508,2.032,1.27
2003,341,0.508,0.508,0.254
2003,342,1.27,1.016,0.7619999999999999
2003,343,1.016,1.27,0.7619999999999999
2003,344,0.508,0.7619999999999999,0.508
2003,345,0.0,0.254,0.254
2003,346,0.254,0.508,0.508
2003,347,0.254,1.016,0.7619999999999999
2003,348,1.5239999999999998,2.2859999999999996,1.5239999999999998
2003,349,1.27,1.016,0.7619999999999999
2003,350,0.7619999999999999,1.016,0.508
2003,351,0.7619999999999999,1.016,0.508
2003,352,1.016,1.778,1.016
2003,353,1.27,2.2859999999999996,1.5239999999999998
2003,354,0.7619999999999999,1.5239999999999998,1.016
2003,355,0.254,0.508,0.508
2003,356,0.7619999999999999,1.016,0.508
2003,357,1.27,1.27,0.7619999999999999
2003,358,0.254,0.7619999999999999,0.508
2003,359,0.254,0.254,0.254
2003,360,1.016,1.016,0.7619999999999999
2003,361,1.27,1.27,0.7619999999999999
2003,362,0.7619999999999999,1.27,1.016
2003,363,0.7619999999999999,1.5239999999999998,1.016
2003,364,0.7619999999999999,1.016,0.7619999999999999
2003,365,0.254,0.7619999999999999,0.508
2004,1,1.016,1.5239999999999998,1.016
2004,2,0.7619999999999999,1.016,0.7619999999999999
2004,3,0.7619999999999999,0.7619999999999999,0.508
2004,4,1.016,1.27,0.7619999999999999
2004,5,0.7619999999999999,0.7619999999999999,0.508
2004,6,0.7619999999999999,0.7619999999999999,0.508
2004,7,0.0,0.254,0.254
2004,8,0.0,0.254,0.254
2004,9,0.7619999999999999,1.016,0.7619999999999999
2004,10,0.508,0.7619999999999999,0.508
2004,11,0.7619999999999999,0.7619999999999999,0.508
2004,12,1.016,1.016,0.7619999999999999
2004,13,0.7619999999999999,1.016,0.508
2004,14,0.7619999999999999,1.016,0.7619999999999999
2004,15,0.254,0.254,0.254
2004,16,0.0,0.254,0.254
2004,17,0.254,0.254,0.254
2004,18,0.254,0.254,0.254
2004,19,0.254,0.254,0.254
2004,20,0.254,0.254,0.254
2004,21,0.254,0.254,0.254
2004,22,0.508,0.254,0.254
2004,23,0.7619999999999999,0.7619999999999999,0.508
2004,24,0.508,1.016,0.7619999999999999
2004,25,1.016,1.016,0.7619999999999999
2004,26,0.7619999999999999,1.27,0.7619999999999999
2004,27,0.254,0.508,0.254
2004,28,0.254,0.7619999999999999,0.7619999999999999
2004,29,0.7619999999999999,1.27,1.016
2004,30,1.27,2.032,1.27
2004,31,1.5239999999999998,1.27,0.7619999999999999
2004,32,0.7619999999999999,0.7619999999999999,0.508
2004,33,0.7619999999999999,0.508,0.508
2004,34,0.508,0.508,0.508
2004,35,0.508,0.7619999999999999,0.508
2004,36,1.016,0.7619999999999999,0.7619999999999999
2004,37,1.016,0.7619999999999999,0.508
2004,38,0.508,0.254,0.254
2004,39,0.7619999999999999,0.7619999999999999,0.508
2004,40,0.7619999999999999,0.254,0.254
2004,41,1.016,0.7619999999999999,0.508
2004,42,0.7619999999999999,0.7619999999999999,0.7619999999999999
2004,43,0.508,0.254,0.254
2004,44,1.016,0.7619999999999999,0.508
2004,45,1.016,1.016,0.7619999999999999
2004,46,1.016,1.5239999999999998,1.016
2004,47,0.508,0.508,0.508
2004,48,0.254,1.778,1.27
2004,49,1.016,1.778,1.27
2004,50,2.032,1.778,1.27
2004,51,1.778,1.27,1.016
2004,52,1.778,1.27,1.016
2004,53,1.5239999999999998,1.5239999999999998,1.016
2004,54,1.27,1.5239999999999998,1.016
2004,55,1.016,1.27,1.016
2004,56,1.016,1.778,1.27
2004,57,1.27,1.5239999999999998,1.016
2004,58,1.016,1.016,0.7619999999999999
2004,59,2.032,2.2859999999999996,1.5239999999999998
2004,60,2.032,2.2859999999999996,1.5239999999999998
2004,61,1.778,1.778,1.27
2004,62,1.778,1.778,1.27
2004,63,2.032,2.2859999999999996,1.778
2004,64,1.016,1.016,0.7619999999999999
2004,65,2.2859999999999996,2.794,2.032
2004,66,3.0479999999999996,3.0479999999999996,2.2859999999999996
2004,67,2.2859999999999996,2.794,2.032
2004,68,2.794,2.794,2.2859999999999996
2004,69,3.302,4.064,2.794
2004,70,3.302,3.556,2.54
2004,71,3.0479999999999996,3.0479999999999996,2.2859999999999996
2004,72,3.0479999999999996,3.302,2.54
2004,73,3.302,4.064,3.0479999999999996
2004,74,3.302,4.3180000000000005,3.0479999999999996
2004,75,4.571999999999999,5.334,3.8099999999999996
2004,76,4.826,5.842,4.064
2004,77,4.571999999999999,6.095999999999999,4.064
2004,78,4.3180000000000005,6.35,4.3180000000000005
2004,79,4.571999999999999,6.095999999999999,4.3180000000000005
2004,80,4.3180000000000005,5.334,3.8099999999999996
2004,81,4.826,6.35,4.3180000000000005
2004,82,3.302,4.064,3.0479999999999996
2004,83,4.3180000000000005,5.334,3.8099999999999996
2004,84,4.571999999999999,5.588,4.064
2004,85,4.826,6.604,4.571999999999999
2004,86,3.556,3.0479999999999996,2.2859999999999996
2004,87,3.302,3.0479999999999996,2.2859999999999996
2004,88,3.8099999999999996,4.064,3.0479999999999996
2004,89,5.08,6.858,4.826
2004,90,6.858,10.413999999999998,6.858
2004,91,4.571999999999999,5.588,3.8099999999999996
2004,92,3.0479999999999996,3.0479999999999996,2.2859999999999996
2004,93,4.3180000000000005,5.08,3.8099999999999996
2004,94,5.08,6.858,4.826
2004,95,3.556,5.08,3.556
2004,96,4.571999999999999,5.334,4.064
2004,97,2.54,2.794,2.2859999999999996
2004,98,3.302,3.556,2.794
2004,99,5.588,6.35,4.571999999999999
2004,100,4.826,5.334,3.8099999999999996
2004,101,5.08,5.334,4.064
2004,102,4.826,5.588,4.064
2004,103,5.08,6.35,4.826
2004,104,4.826,7.619999999999999,5.08
2004,105,4.826,5.334,3.8099999999999996
2004,106,4.826,5.334,3.8099999999999996
2004,107,3.8099999999999996,4.064,3.0479999999999996
2004,108,3.0479999999999996,2.794,2.2859999999999996
2004,109,4.3180000000000005,4.3180000000000005,3.302
2004,110,2.54,2.794,2.2859999999999996
2004,111,3.0479999999999996,3.0479999999999996,2.2859999999999996
2004,112,2.032,1.778,1.5239999999999998
2004,113,3.8099999999999996,4.064,3.0479999999999996
2004,114,4.826,5.08,4.064
2004,115,6.35,6.604,4.826
2004,116,5.842,6.604,4.826
2004,117,5.842,6.858,5.08
2004,118,6.35,8.382,5.842
2004,119,7.112,7.112,4.826
2004,120,4.064,3.556,2.794
2004,121,5.842,5.842,4.571999999999999
2004,122,6.095999999999999,7.365999999999999,5.588
2004,123,6.35,7.874,5.842
2004,124,7.112,8.382,6.35
2004,125,7.619999999999999,7.619999999999999,6.35
2004,126,6.858,8.382,6.095999999999999
2004,127,7.365999999999999,7.874,5.842
2004,128,7.874,8.889999999999999,6.35
2004,129,8.128,8.889999999999999,6.35
2004,130,6.604,6.604,5.08
2004,131,5.588,5.08,3.8099999999999996
2004,132,4.3180000000000005,3.556,2.794
2004,133,5.334,4.571999999999999,3.556
2004,134,5.334,5.08,4.064
2004,135,5.842,6.095999999999999,4.826
2004,136,4.571999999999999,4.826,3.8099999999999996
2004,137,6.095999999999999,5.588,4.3180000000000005
2004,138,6.35,6.604,5.08
2004,139,4.064,4.064,3.0479999999999996
2004,140,4.571999999999999,4.3180000000000005,3.556
2004,141,4.826,4.571999999999999,3.8099999999999996
2004,142,4.3180000000000005,4.064,3.302
2004,143,4.571999999999999,4.3180000000000005,3.302
2004,144,4.571999999999999,3.8099999999999996,3.0479999999999996
2004,145,5.334,4.826,4.064
2004,146,6.095999999999999,5.588,4.826
2004,147,4.3180000000000005,4.826,3.556
2004,148,5.334,5.588,4.3180000000000005
2004,149,2.54,2.2859999999999996,1.778
2004,150,6.604,5.334,4.064
2004,151,7.365999999999999,6.604,5.08
2004,152,6.858,6.858,5.334
2004,153,7.112,7.112,5.842
2004,154,7.365999999999999,7.365999999999999,6.095999999999999
2004,155,8.128,8.889999999999999,6.35
2004,156,8.128,8.382,6.604
2004,157,8.382,8.889999999999999,6.858
2004,158,8.889999999999999,8.382,6.35
2004,159,9.143999999999998,8.636000000000001,6.604
2004,160,8.636000000000001,7.874,5.842
2004,161,8.128,7.874,5.842
2004,162,7.619999999999999,6.858,5.08
2004,163,7.874,7.365999999999999,5.588
2004,164,7.365999999999999,7.112,5.588
2004,165,7.619999999999999,7.619999999999999,6.095999999999999
2004,166,8.889999999999999,8.636000000000001,6.604
2004,167,9.398,9.143999999999998,6.604
2004,168,7.874,7.365999999999999,5.842
2004,169,9.906,9.906,7.365999999999999
2004,170,8.889999999999999,9.143999999999998,6.35
2004,171,8.889999999999999,8.889999999999999,6.858
2004,172,9.143999999999998,8.889999999999999,6.604
2004,173,8.128,7.619999999999999,6.095999999999999
2004,174,9.906,10.16,7.619999999999999
2004,175,10.16,10.668,7.874
2004,176,9.143999999999998,9.652,7.365999999999999
2004,177,8.636000000000001,8.382,6.604
2004,178,9.652,9.652,7.112
2004,179,7.619999999999999,7.112,5.588
2004,180,8.382,8.382,6.095999999999999
2004,181,8.636000000000001,8.636000000000001,6.095999999999999
2004,182,8.382,8.128,6.35
2004,183,6.095999999999999,5.588,4.826
2004,184,8.128,8.128,6.095999999999999
2004,185,7.874,7.619999999999999,5.842
2004,186,8.128,8.128,6.35
2004,187,8.636000000000001,8.128,6.35
2004,188,8.382,8.128,6.35
2004,189,9.143999999999998,8.889999999999999,6.858
2004,190,9.143999999999998,8.636000000000001,6.604
2004,191,7.112,6.858,5.08
2004,192,8.382,8.128,6.604
2004,193,8.889999999999999,8.636000000000001,6.604
2004,194,9.906,9.906,7.619999999999999
2004,195,8.382,8.382,6.604
2004,196,9.398,10.16,7.365999999999999
2004,197,9.398,9.906,7.112
2004,198,9.398,9.652,7.112
2004,199,7.874,7.874,6.095999999999999
2004,200,4.826,4.3180000000000005,3.556
2004,201,7.619999999999999,7.365999999999999,5.588
2004,202,5.588,5.08,4.571999999999999
2004,203,7.365999999999999,7.112,5.842
2004,204,8.636000000000001,8.636000000000001,6.604
2004,205,9.652,9.652,7.365999999999999
2004,206,9.652,9.652,7.112
2004,207,7.874,7.874,6.095999999999999
2004,208,6.858,6.858,5.334
2004,209,8.382,8.128,6.35
2004,210,8.889999999999999,8.889999999999999,6.604
2004,211,8.382,8.382,6.604
2004,212,7.874,7.619999999999999,6.095999999999999
2004,213,8.128,7.874,6.35
2004,214,9.906,10.668,7.619999999999999
2004,215,7.112,7.365999999999999,5.588
2004,216,8.128,8.128,6.35
2004,217,8.128,7.874,6.095999999999999
2004,218,8.128,8.128,6.35
2004,219,7.112,6.858,5.334
2004,220,8.636000000000001,8.382,6.095999999999999
2004,221,7.874,7.619999999999999,5.842
2004,222,7.365999999999999,7.365999999999999,5.842
2004,223,7.619999999999999,7.874,6.095999999999999
2004,224,7.874,8.382,6.35
2004,225,7.874,8.128,6.095999999999999
2004,226,7.874,7.874,6.095999999999999
2004,227,6.604,6.858,5.08
2004,228,6.095999999999999,6.35,5.08
2004,229,4.3180000000000005,4.064,3.302
2004,230,5.334,4.571999999999999,4.064
2004,231,4.826,4.3180000000000005,4.064
2004,232,5.334,5.334,4.3180000000000005
2004,233,5.842,6.095999999999999,4.826
2004,234,6.095999999999999,5.842,4.826
2004,235,4.3180000000000005,4.826,3.302
2004,236,5.842,4.826,4.064
2004,237,4.064,3.8099999999999996,3.0479999999999996
2004,238,4.571999999999999,4.826,3.8099999999999996
2004,239,5.334,4.826,3.8099999999999996
2004,240,5.334,4.826,4.064
2004,241,5.334,5.334,4.3180000000000005
2004,242,5.588,6.095999999999999,4.826
2004,243,5.842,6.35,4.826
2004,244,7.112,8.128,5.842
2004,245,6.858,8.128,5.842
2004,246,7.365999999999999,6.604,4.571999999999999
2004,247,5.842,5.588,4.064
2004,248,6.095999999999999,5.842,4.3180000000000005
2004,249,6.35,6.858,5.08
2004,250,5.588,6.095999999999999,4.571999999999999
2004,251,5.334,5.588,4.3180000000000005
2004,252,5.842,6.604,4.826
2004,253,5.842,6.35,4.826
2004,254,5.842,6.35,4.571999999999999
2004,255,5.588,6.095999999999999,4.571999999999999
2004,256,4.064,4.3180000000000005,3.0479999999999996
2004,257,4.571999999999999,4.064,3.302
2004,258,5.588,4.826,3.556
2004,259,4.064,4.3180000000000005,3.302
2004,260,3.8099999999999996,4.064,3.302
2004,261,4.064,4.826,3.8099999999999996
2004,262,4.3180000000000005,5.08,3.302
2004,263,2.54,2.2859999999999996,1.778
2004,264,3.8099999999999996,3.302,2.54
2004,265,3.556,3.556,2.54
2004,266,3.8099999999999996,4.064,3.0479999999999996
2004,267,3.302,4.064,3.0479999999999996
2004,268,3.556,4.3180000000000005,3.302
2004,269,4.571999999999999,5.334,3.8099999999999996
2004,270,5.08,6.35,4.3180000000000005
2004,271,7.112,8.889999999999999,5.842
2004,272,4.571999999999999,5.588,3.8099999999999996
2004,273,2.54,2.54,2.032
2004,274,3.556,3.302,2.794
2004,275,3.8099999999999996,4.064,3.0479999999999996
2004,276,3.556,4.064,3.0479999999999996
2004,277,3.556,3.8099999999999996,2.794
2004,278,3.302,3.8099999999999996,2.794
2004,279,4.064,4.3180000000000005,3.0479999999999996
2004,280,3.302,3.8099999999999996,2.794
2004,281,3.8099999999999996,4.3180000000000005,3.0479999999999996
2004,282,5.08,6.858,4.571999999999999
2004,283,5.842,7.874,4.826
2004,284,3.556,3.8099999999999996,2.54
2004,285,2.794,2.794,2.032
2004,286,3.556,4.064,2.794
2004,287,3.8099999999999996,4.826,3.0479999999999996
2004,288,3.8099999999999996,5.08,3.302
2004,289,4.571999999999999,6.095999999999999,4.064
2004,290,3.302,4.3180000000000005,2.794
2004,291,2.794,3.302,2.2859999999999996
2004,292,3.0479999999999996,3.0479999999999996,2.032
2004,293,2.2859999999999996,2.2859999999999996,1.5239999999999998
2004,294,1.016,1.27,1.016
2004,295,1.778,1.778,1.27
2004,296,2.032,2.032,1.5239999999999998
2004,297,0.508,0.508,0.508
2004,298,1.5239999999999998,1.27,1.016
2004,299,1.27,1.27,1.016
2004,300,1.016,1.5239999999999998,1.016
2004,301,1.5239999999999998,3.0479999999999996,2.032
2004,302,1.778,1.778,1.27
2004,303,1.016,1.016,0.7619999999999999
2004,304,1.27,1.5239999999999998,1.016
2004,305,2.032,1.778,1.27
2004,306,1.778,1.778,1.27
2004,307,2.032,2.54,1.5239999999999998
2004,308,1.016,1.27,1.016
2004,309,1.27,1.778,1.27
2004,310,1.5239999999999998,2.032,1.5239999999999998
2004,311,1.5239999999999998,2.032,1.27
2004,312,1.778,2.794,1.778
2004,313,0.508,0.7619999999999999,0.7619999999999999
2004,314,1.016,1.27,1.016
2004,315,0.508,1.016,0.7619999999999999
2004,316,0.254,0.7619999999999999,0.508
2004,317,0.7619999999999999,0.7619999999999999,0.7619999999999999
2004,318,0.254,0.508,0.508
2004,319,0.508,0.508,0.508
2004,320,1.27,1.27,1.016
2004,321,0.7619999999999999,1.016,0.7619999999999999
2004,322,1.016,1.016,0.7619999999999999
2004,323,1.27,1.5239999999999998,1.016
2004,324,1.5239999999999998,1.5239999999999998,1.016
2004,325,0.7619999999999999,0.508,0.508
2004,326,1.016,1.016,0.508
2004,327,0.7619999999999999,1.016,0.7619999999999999
2004,328,0.508,1.016,0.7619999999999999
2004,329,0.508,1.5239999999999998,1.016
2004,330,0.508,1.27,1.016
2004,331,1.27,1.5239999999999998,1.016
2004,332,0.7619999999999999,0.508,0.254
2004,333,1.016,1.016,0.508
2004,334,1.016,1.27,0.7619999999999999
2004,335,0.508,0.508,0.254
2004,336,0.0,0.254,0.254
2004,337,0.0,0.508,0.254
2004,338,0.254,0.254,0.254
2004,339,0.7619999999999999,1.016,0.7619999999999999
2004,340,0.7619999999999999,1.016,0.7619999999999999
2004,341,0.508,1.27,0.7619999999999999
2004,342,1.016,2.032,1.27
2004,343,0.254,1.016,0.7619999999999999
2004,344,0.0,0.254,0.254
2004,345,0.508,1.016,0.7619999999999999
2004,346,0.7619999999999999,1.27,0.7619999999999999
2004,347,0.508,0.7619999999999999,0.508
2004,348,1.778,2.54,1.5239999999999998
2004,349,0.7619999999999999,1.27,0.7619999999999999
2004,350,0.7619999999999999,1.016,0.508
2004,351,0.508,0.508,0.254
2004,352,0.508,0.508,0.254
2004,353,0.254,0.254,0.254
2004,354,0.508,0.7619999999999999,0.508
2004,355,0.508,0.7619999999999999,0.508
2004,356,0.7619999999999999,1.016,0.7619999999999999
2004,357,0.7619999999999999,0.7619999999999999,0.508
2004,358,1.016,1.27,0.7619999999999999
2004,359,0.508,0.7619999999999999,0.508
2004,360,0.7619999999999999,1.5239999999999998,1.016
2004,361,0.7619999999999999,1.778,1.27
2004,362,0.508,1.778,1.27
2004,363,1.27,2.2859999999999996,1.5239999999999998
2004,364,0.508,1.27,0.7619999999999999
2004,365,1.27,2.032,1.27
2004,366,0.508,0.7619999999999999,0.508
2005,1,0.7619999999999999,1.016,0.7619999999999999
2005,2,0.7619999999999999,0.7619999999999999,0.508
2005,3,0.254,0.254,0.254
2005,4,0.254,0.508,0.254
2005,5,0.508,0.254,0.254
2005,6,0.508,0.508,0.254
2005,7,0.7619999999999999,1.5239999999999998,1.016
2005,8,0.254,0.7619999999999999,0.508
2005,9,0.254,0.7619999999999999,0.508
2005,10,0.254,0.254,0.254
2005,11,0.508,0.508,0.254
2005,12,1.016,1.27,0.7619999999999999
2005,13,1.016,1.5239999999999998,1.016
2005,14,1.016,1.5239999999999998,0.7619999999999999
2005,15,0.508,0.508,0.254
2005,16,0.254,0.508,0.508
2005,17,0.254,0.508,0.254
2005,18,0.254,0.7619999999999999,0.508
2005,19,0.7619999999999999,1.016,0.7619999999999999
2005,20,0.7619999999999999,0.7619999999999999,0.508
2005,21,0.508,0.508,0.254
2005,22,0.508,0.508,0.254
2005,23,0.7619999999999999,0.7619999999999999,0.508
2005,24,0.7619999999999999,0.7619999999999999,0.508
2005,25,0.7619999999999999,0.508,0.508
2005,26,0.7619999999999999,1.016,0.7619999999999999
2005,27,0.254,0.508,0.508
2005,28,0.508,1.016,0.7619999999999999
2005,29,0.254,0.508,0.508
2005,30,1.016,1.27,0.7619999999999999
2005,31,0.7619999999999999,0.508,0.508
2005,32,0.7619999999999999,0.508,0.508
2005,33,1.016,1.016,0.7619999999999999
2005,34,1.016,0.7619999999999999,0.508
2005,35,1.27,1.778,1.27
2005,36,1.016,1.5239999999999998,1.016
2005,37,1.016,1.016,0.7619999999999999
2005,38,0.7619999999999999,1.016,0.7619999999999999
2005,39,1.27,1.778,1.27
2005,40,1.27,1.5239999999999998,1.016
2005,41,1.5239999999999998,1.778,1.27
2005,42,1.5239999999999998,1.778,1.27
2005,43,0.7619999999999999,1.27,1.016
2005,44,0.254,0.7619999999999999,0.508
2005,45,0.508,0.254,0.254
2005,46,1.5239999999999998,1.27,0.7619999999999999
2005,47,1.27,1.016,0.7619999999999999
2005,48,1.5239999999999998,1.5239999999999998,1.016
2005,49,1.27,1.5239999999999998,1.016
2005,50,0.0,0.508,0.508
2005,51,0.7619999999999999,1.5239999999999998,1.016
2005,52,1.27,1.778,1.27
2005,53,1.5239999999999998,1.5239999999999998,1.27
2005,54,1.778,2.032,1.5239999999999998
2005,55,1.778,1.778,1.5239999999999998
2005,56,1.778,2.032,1.5239999999999998
2005,57,1.778,2.032,1.5239999999999998
2005,58,2.032,2.2859999999999996,1.778
2005,59,1.016,1.27,1.016
2005,60,1.778,2.032,1.5239999999999998
2005,61,2.032,2.794,1.778
2005,62,1.27,1.5239999999999998,1.27
2005,63,2.032,2.2859999999999996,1.778
2005,64,2.2859999999999996,2.2859999999999996,1.778
2005,65,2.794,3.8099999999999996,2.794
2005,66,3.0479999999999996,4.826,3.302
2005,67,4.064,5.842,3.8099999999999996
2005,68,3.556,5.08,3.556
2005,69,3.302,4.064,3.0479999999999996
2005,70,3.556,4.3180000000000005,3.0479999999999996
2005,71,5.08,6.095999999999999,4.064
2005,72,3.302,3.302,2.2859999999999996
2005,73,3.0479999999999996,3.0479999999999996,2.2859999999999996
2005,74,3.0479999999999996,4.064,2.794
2005,75,3.556,5.842,3.8099999999999996
2005,76,3.8099999999999996,4.571999999999999,3.0479999999999996
2005,77,2.2859999999999996,2.794,2.032
2005,78,2.54,4.064,2.794
2005,79,3.0479999999999996,3.556,2.54
2005,80,2.2859999999999996,2.2859999999999996,1.778
2005,81,1.016,1.5239999999999998,1.016
2005,82,1.27,1.27,1.016
2005,83,2.032,2.032,1.5239999999999998
2005,84,3.0479999999999996,2.794,2.032
2005,85,3.0479999999999996,3.302,2.54
2005,86,2.54,4.064,2.794
2005,87,3.0479999999999996,3.556,2.54
2005,88,1.27,1.27,1.016
2005,89,3.556,3.0479999999999996,2.032
2005,90,3.302,3.556,2.794
2005,91,3.556,4.826,3.556
2005,92,3.302,4.3180000000000005,3.302
2005,93,2.2859999999999996,3.302,2.2859999999999996
2005,94,3.0479999999999996,2.54,1.778
2005,95,4.3180000000000005,4.571999999999999,3.302
2005,96,5.588,7.365999999999999,5.08
2005,97,3.8099999999999996,7.112,4.571999999999999
2005,98,4.064,3.8099999999999996,2.794
2005,99,4.3180000000000005,4.3180000000000005,3.0479999999999996
2005,100,4.571999999999999,4.571999999999999,3.302
2005,101,3.556,4.3180000000000005,3.302
2005,102,4.571999999999999,6.35,4.571999999999999
2005,103,3.556,3.556,2.54
2005,104,4.064,3.556,2.794
2005,105,4.064,4.3180000000000005,3.302
2005,106,5.334,7.365999999999999,5.08
2005,107,4.571999999999999,6.095999999999999,4.3180000000000005
2005,108,4.571999999999999,4.3180000000000005,3.0479999999999996
2005,109,1.778,1.27,1.27
2005,110,1.27,0.7619999999999999,0.7619999999999999
2005,111,2.032,2.2859999999999996,2.032
2005,112,4.826,5.08,3.8099999999999996
2005,113,3.556,4.826,3.556
2005,114,1.016,1.016,0.7619999999999999
2005,115,3.8099999999999996,3.8099999999999996,3.302
2005,116,4.826,4.826,4.064
2005,117,4.3180000000000005,4.571999999999999,3.556
2005,118,3.8099999999999996,2.794,2.2859999999999996
2005,119,4.826,4.064,3.556
2005,120,3.8099999999999996,3.556,3.0479999999999996
2005,121,5.842,6.095999999999999,4.571999999999999
2005,122,5.588,5.842,4.571999999999999
2005,123,5.08,5.08,4.064
2005,124,4.3180000000000005,4.3180000000000005,3.556
2005,125,5.842,6.858,4.826
2005,126,5.08,5.334,4.064
2005,127,3.8099999999999996,3.556,2.794
2005,128,4.826,4.571999999999999,3.8099999999999996
2005,129,2.794,2.54,2.032
2005,130,4.3180000000000005,3.556,2.794
2005,131,1.5239999999999998,1.27,1.016
2005,132,2.794,3.0479999999999996,2.54
2005,133,5.08,5.08,4.571999999999999
2005,134,5.08,5.334,4.571999999999999
2005,135,2.54,2.794,2.2859999999999996
2005,136,1.016,1.016,0.7619999999999999
2005,137,5.588,4.571999999999999,3.556
2005,138,3.0479999999999996,3.0479999999999996,2.54
2005,139,4.3180000000000005,4.571999999999999,4.064
2005,140,5.588,5.334,4.571999999999999
2005,141,6.35,5.588,4.826
2005,142,6.858,6.858,5.588
2005,143,7.112,6.604,5.334
2005,144,7.619999999999999,7.112,5.334
2005,145,7.112,6.858,5.334
2005,146,8.382,8.382,6.35
2005,147,9.398,10.16,7.365999999999999
2005,148,6.858,7.112,5.842
2005,149,4.826,5.08,3.556
2005,150,6.35,5.588,4.826
2005,151,6.095999999999999,5.842,4.571999999999999
2005,152,6.35,5.08,4.064
2005,153,6.095999999999999,5.334,4.3180000000000005
2005,154,7.112,6.604,5.08
2005,155,6.604,6.35,5.334
2005,156,4.826,4.826,3.556
2005,157,5.588,4.571999999999999,3.8099999999999996
2005,158,5.334,4.3180000000000005,3.302
2005,159,4.064,3.556,3.0479999999999996
2005,160,6.095999999999999,5.588,4.826
2005,161,6.604,6.604,5.334
2005,162,3.8099999999999996,3.8099999999999996,3.0479999999999996
2005,163,7.874,6.858,5.08
2005,164,7.365999999999999,6.858,5.588
2005,165,8.128,8.889999999999999,6.858
2005,166,5.842,6.095999999999999,4.571999999999999
2005,167,7.619999999999999,7.619999999999999,5.842
2005,168,4.3180000000000005,3.8099999999999996,2.794
2005,169,6.35,5.842,4.826
2005,170,7.874,7.365999999999999,6.095999999999999
2005,171,8.889999999999999,9.652,7.365999999999999
2005,172,8.636000000000001,9.906,6.858
2005,173,8.382,8.382,6.35
2005,174,8.636000000000001,7.874,6.35
2005,175,7.874,7.112,5.842
2005,176,8.636000000000001,8.382,6.35
2005,177,6.35,5.842,4.571999999999999
2005,178,3.556,3.0479999999999996,2.54
2005,179,4.826,4.3180000000000005,3.556
2005,180,7.619999999999999,7.112,5.842
2005,181,7.619999999999999,7.365999999999999,6.095999999999999
2005,182,8.128,8.382,6.858
2005,183,9.398,9.143999999999998,6.858
2005,184,8.636000000000001,8.128,6.35
2005,185,8.636000000000001,7.874,6.35
2005,186,8.382,7.874,6.604
2005,187,8.382,8.128,6.604
2005,188,8.382,8.128,6.604
2005,189,7.365999999999999,7.112,5.588
2005,190,8.636000000000001,8.128,6.095999999999999
2005,191,7.365999999999999,6.604,5.588
2005,192,7.874,7.365999999999999,6.35
2005,193,9.652,9.906,7.619999999999999
2005,194,9.652,10.16,7.619999999999999
2005,195,9.906,9.398,7.112
2005,196,8.889999999999999,8.889999999999999,6.858
2005,197,9.906,10.668,7.874
2005,198,10.413999999999998,9.906,7.365999999999999
2005,199,9.398,8.889999999999999,6.858
2005,200,9.398,9.398,7.365999999999999
2005,201,9.652,9.906,7.619999999999999
2005,202,7.619999999999999,7.874,6.095999999999999
2005,203,6.35,6.858,5.08
2005,204,9.906,9.652,7.365999999999999
2005,205,9.398,8.889999999999999,7.112
2005,206,11.176,10.921999999999999,7.874
2005,207,8.889999999999999,8.382,6.604
2005,208,8.382,7.874,6.35
2005,209,8.889999999999999,9.398,7.112
2005,210,5.842,6.35,4.826
2005,211,5.842,5.842,4.571999999999999
2005,212,7.365999999999999,7.112,6.095999999999999
2005,213,7.619999999999999,7.619999999999999,5.842
2005,214,7.619999999999999,7.365999999999999,5.842
2005,215,8.128,7.619999999999999,6.095999999999999
2005,216,8.889999999999999,8.636000000000001,6.604
2005,217,8.636000000000001,8.889999999999999,6.858
2005,218,8.636000000000001,8.636000000000001,6.858
2005,219,8.382,8.889999999999999,6.604
2005,220,7.112,7.112,5.334
2005,221,8.382,8.382,6.35
2005,222,8.636000000000001,8.636000000000001,6.604
2005,223,9.143999999999998,9.143999999999998,6.858
2005,224,8.382,8.382,6.095999999999999
2005,225,7.619999999999999,7.112,5.588
2005,226,7.365999999999999,7.112,5.334
2005,227,6.604,6.858,5.334
2005,228,2.794,3.556,2.2859999999999996
2005,229,4.571999999999999,4.571999999999999,3.556
2005,230,5.842,5.842,4.571999999999999
2005,231,6.095999999999999,6.095999999999999,5.08
2005,232,7.112,7.365999999999999,5.842
2005,233,7.619999999999999,8.128,6.095999999999999
2005,234,5.842,6.35,4.571999999999999
2005,235,7.112,6.858,5.334
2005,236,8.128,8.128,5.842
2005,237,6.858,6.604,5.08
2005,238,6.604,6.858,5.334
2005,239,7.112,7.619999999999999,5.842
2005,240,7.112,7.874,5.842
2005,241,8.636000000000001,9.652,6.858
2005,242,8.889999999999999,7.619999999999999,5.334
2005,243,5.842,5.588,4.3180000000000005
2005,244,6.35,6.604,5.08
2005,245,6.858,8.128,5.842
2005,246,6.095999999999999,7.112,5.334
2005,247,6.604,6.858,5.08
2005,248,6.095999999999999,6.095999999999999,4.571999999999999
2005,249,6.095999999999999,6.35,4.571999999999999
2005,250,5.842,6.35,4.826
2005,251,6.35,7.365999999999999,5.334
2005,252,8.128,8.889999999999999,6.095999999999999
2005,253,4.571999999999999,3.8099999999999996,2.794
2005,254,4.3180000000000005,3.8099999999999996,3.0479999999999996
2005,255,5.334,5.334,4.064
2005,256,4.3180000000000005,4.571999999999999,3.556
2005,257,5.08,5.334,4.064
2005,258,5.08,5.842,4.3180000000000005
2005,259,5.08,5.842,4.064
2005,260,4.064,3.8099999999999996,3.0479999999999996
2005,261,4.3180000000000005,3.8099999999999996,3.0479999999999996
2005,262,4.826,5.334,4.064
2005,263,4.3180000000000005,5.588,3.8099999999999996
2005,264,2.794,3.0479999999999996,2.54
2005,265,4.064,4.3180000000000005,3.302
2005,266,5.334,5.588,4.064
2005,267,3.556,2.794,2.2859999999999996
2005,268,4.064,3.8099999999999996,2.794
2005,269,4.826,5.588,4.064
2005,270,2.2859999999999996,2.794,2.032
2005,271,3.8099999999999996,4.3180000000000005,3.302
2005,272,4.826,5.588,3.8099999999999996
2005,273,4.571999999999999,5.588,4.064
2005,274,5.334,7.112,4.571999999999999
2005,275,3.0479999999999996,2.54,1.778
2005,276,2.54,2.2859999999999996,1.778
2005,277,3.556,3.0479999999999996,2.2859999999999996
2005,278,2.794,3.0479999999999996,2.2859999999999996
2005,279,3.556,4.3180000000000005,3.0479999999999996
2005,280,3.0479999999999996,3.8099999999999996,2.794
2005,281,2.794,3.302,2.2859999999999996
2005,282,2.54,2.794,2.032
2005,283,3.0479999999999996,3.0479999999999996,2.2859999999999996
2005,284,2.794,3.0479999999999996,2.2859999999999996
2005,285,2.032,2.2859999999999996,1.778
2005,286,3.0479999999999996,3.8099999999999996,2.794
2005,287,4.064,5.842,3.8099999999999996
2005,288,4.3180000000000005,6.604,4.064
2005,289,4.064,4.3180000000000005,2.794
2005,290,2.54,2.794,2.032
2005,291,3.0479999999999996,3.8099999999999996,2.54
2005,292,3.302,4.3180000000000005,2.794
2005,293,2.794,3.0479999999999996,2.2859999999999996
2005,294,2.794,2.794,2.032
2005,295,2.794,3.302,2.2859999999999996
2005,296,3.0479999999999996,4.064,2.794
2005,297,3.8099999999999996,5.334,3.556
2005,298,3.0479999999999996,4.826,3.0479999999999996
2005,299,2.032,2.794,2.032
2005,300,1.016,0.7619999999999999,0.7619999999999999
2005,301,1.5239999999999998,1.5239999999999998,1.016
2005,302,1.27,1.5239999999999998,1.016
2005,303,2.2859999999999996,2.2859999999999996,1.5239999999999998
2005,304,1.5239999999999998,2.032,1.27
2005,305,2.54,4.3180000000000005,2.794
2005,306,2.032,3.0479999999999996,2.032
2005,307,1.27,1.27,1.016
2005,308,1.27,1.27,0.7619999999999999
2005,309,1.5239999999999998,1.778,1.27
2005,310,0.254,0.7619999999999999,0.508
2005,311,1.016,2.032,1.27
2005,312,1.016,1.016,0.7619999999999999
2005,313,1.5239999999999998,1.27,1.016
2005,314,1.5239999999999998,2.2859999999999996,1.5239999999999998
2005,315,1.27,1.778,1.27
2005,316,1.778,2.032,1.27
2005,317,0.7619999999999999,0.7619999999999999,0.508
2005,318,1.27,1.27,0.7619999999999999
2005,319,1.27,1.27,0.7619999999999999
2005,320,1.016,1.27,1.016
2005,321,1.016,1.27,0.7619999999999999
2005,322,0.7619999999999999,1.27,0.7619999999999999
2005,323,1.016,1.27,1.016
2005,324,1.016,1.5239999999999998,1.016
2005,325,1.016,1.5239999999999998,1.016
2005,326,1.016,1.27,0.7619999999999999
2005,327,1.016,1.27,0.7619999999999999
2005,328,1.016,1.27,0.7619999999999999
2005,329,0.508,1.016,0.7619999999999999
2005,330,1.27,1.27,1.016
2005,331,1.5239999999999998,1.5239999999999998,1.016
2005,332,0.7619999999999999,1.016,0.508
2005,333,0.254,0.508,0.508
2005,334,0.7619999999999999,1.016,0.7619999999999999
2005,335,1.27,1.778,1.27
2005,336,1.27,1.778,1.016
2005,337,0.7619999999999999,0.7619999999999999,0.508
2005,338,1.016,0.7619999999999999,0.508
2005,339,0.7619999999999999,1.016,0.508
2005,340,1.016,1.27,0.7619999999999999
2005,341,1.27,1.016,0.508
2005,342,1.016,1.016,0.508
2005,343,0.508,0.508,0.254
2005,344,0.0,0.254,0.254
2005,345,0.254,0.508,0.254
2005,346,0.254,0.508,0.254
2005,347,0.254,0.508,0.254
2005,348,0.254,0.508,0.254
2005,349,0.508,0.508,0.254
2005,350,0.254,0.254,0.254
2005,351,0.254,0.254,0.254
2005,352,0.508,0.7619999999999999,0.508
2005,353,0.0,0.254,0.254
2005,354,0.0,0.254,0.254
2005,355,0.254,0.7619999999999999,0.508
2005,356,0.0,0.508,0.508
2005,357,0.508,1.016,0.508
2005,358,0.7619999999999999,0.7619999999999999,0.508
2005,359,0.508,0.7619999999999999,0.508
2005,360,0.254,0.7619999999999999,0.508
2005,361,0.254,0.7619999999999999,0.508
2005,362,0.508,1.27,1.016
2005,363,1.016,1.016,0.7619999999999999
2005,364,0.508,1.016,0.7619999999999999
2005,365,0.508,1.27,1.016
2006,1,1.016,2.032,1.27
2006,2,0.508,1.016,0.7619999999999999
2006,3,1.27,1.5239999999999998,1.016
2006,4,0.7619999999999999,0.7619999999999999,0.508
2006,5,1.016,1.016,0.7619999999999999
2006,6,0.7619999999999999,1.016,0.7619999999999999
2006,7,0.508,1.016,0.7619999999999999
2006,8,1.016,1.27,0.7619999999999999
2006,9,0.7619999999999999,0.7619999999999999,0.508
2006,10,0.508,0.7619999999999999,0.508
2006,11,0.508,1.778,1.27
2006,12,1.016,1.27,0.7619999999999999
2006,13,1.016,1.27,1.016
2006,14,1.27,2.54,1.5239999999999998
2006,15,1.778,2.032,1.27
2006,16,1.016,1.27,0.7619999999999999
2006,17,0.508,0.7619999999999999,0.508
2006,18,0.508,1.016,0.7619999999999999
2006,19,0.508,0.7619999999999999,0.508
2006,20,1.016,1.27,0.7619999999999999
2006,21,0.7619999999999999,0.7619999999999999,0.508
2006,22,0.508,0.254,0.254
2006,23,0.7619999999999999,0.508,0.508
2006,24,1.016,1.016,0.7619999999999999
2006,25,1.016,1.5239999999999998,1.016
2006,26,0.508,0.7619999999999999,0.508
2006,27,0.508,0.7619999999999999,0.508
2006,28,0.508,1.016,0.7619999999999999
2006,29,0.7619999999999999,1.016,0.7619999999999999
2006,30,0.508,1.27,0.7619999999999999
2006,31,1.27,1.27,1.016
2006,32,0.508,1.016,0.7619999999999999
2006,33,1.016,1.016,0.7619999999999999
2006,34,1.27,1.778,1.27
2006,35,1.5239999999999998,2.2859999999999996,1.5239999999999998
2006,36,1.5239999999999998,1.5239999999999998,1.016
2006,37,1.27,1.27,1.016
2006,38,1.27,1.27,1.016
2006,39,1.27,1.5239999999999998,1.016
2006,40,1.27,1.27,1.016
2006,41,2.032,2.032,1.27
2006,42,1.5239999999999998,1.778,1.27
2006,43,1.5239999999999998,2.032,1.27
2006,44,1.27,1.5239999999999998,1.016
2006,45,1.5239999999999998,1.778,1.27
2006,46,1.016,1.016,0.7619999999999999
2006,47,1.5239999999999998,1.5239999999999998,1.016
2006,48,1.778,1.5239999999999998,1.016
2006,49,1.016,1.016,0.7619999999999999
2006,50,0.7619999999999999,0.7619999999999999,0.508
2006,51,1.016,1.27,1.016
2006,52,1.016,1.778,1.27
2006,53,1.5239999999999998,2.794,1.778
2006,54,1.778,2.794,2.032
2006,55,2.2859999999999996,2.794,2.032
2006,56,2.2859999999999996,2.794,2.032
2006,57,2.54,3.556,2.2859999999999996
2006,58,1.27,2.2859999999999996,1.5239999999999998
2006,59,2.032,3.556,2.2859999999999996
2006,60,2.54,2.794,2.032
2006,61,3.556,4.064,2.794
2006,62,2.794,3.556,2.2859999999999996
2006,63,2.54,2.794,2.032
2006,64,2.794,3.556,2.2859999999999996
2006,65,1.27,2.2859999999999996,1.5239999999999998
2006,66,1.5239999999999998,1.5239999999999998,1.27
2006,67,2.2859999999999996,2.2859999999999996,1.778
2006,68,2.54,2.032,1.5239999999999998
2006,69,2.032,1.778,1.27
2006,70,2.2859999999999996,2.2859999999999996,1.778
2006,71,1.778,1.778,1.5239999999999998
2006,72,2.2859999999999996,2.794,2.032
2006,73,1.016,1.778,1.27
2006,74,2.032,2.032,1.5239999999999998
2006,75,2.2859999999999996,2.794,2.2859999999999996
2006,76,1.778,2.032,1.778
2006,77,1.27,1.5239999999999998,1.27
2006,78,2.032,2.032,1.5239999999999998
2006,79,2.54,2.54,2.032
2006,80,2.032,2.2859999999999996,1.778
2006,81,2.2859999999999996,2.54,2.032
2006,82,3.0479999999999996,4.064,2.794
2006,83,3.556,5.08,3.556
2006,84,3.302,5.334,3.556
2006,85,3.556,2.794,2.032
2006,86,4.3180000000000005,4.826,3.302
2006,87,1.778,2.2859999999999996,1.778
2006,88,1.27,1.27,1.016
2006,89,2.54,2.794,2.2859999999999996
2006,90,1.27,1.5239999999999998,1.27
2006,91,2.54,2.794,2.032
2006,92,3.302,3.556,2.794
2006,93,4.826,6.858,4.571999999999999
2006,94,1.778,2.54,2.032
2006,95,1.27,1.27,1.016
2006,96,3.556,2.794,2.032
2006,97,4.3180000000000005,4.571999999999999,3.302
2006,98,3.0479999999999996,3.556,2.794
2006,99,2.794,3.0479999999999996,2.2859999999999996
2006,100,3.556,3.556,2.794
2006,101,2.54,2.54,2.2859999999999996
2006,102,3.8099999999999996,4.826,3.556
2006,103,4.064,4.571999999999999,3.556
2006,104,2.794,3.8099999999999996,2.794
2006,105,4.064,5.08,3.556
2006,106,2.032,2.032,1.5239999999999998
2006,107,4.064,3.302,2.2859999999999996
2006,108,4.571999999999999,4.3180000000000005,3.302
2006,109,4.3180000000000005,4.826,3.8099999999999996
2006,110,5.334,6.35,4.826
2006,111,5.334,7.112,5.08
2006,112,4.826,4.571999999999999,3.8099999999999996
2006,113,4.064,4.064,3.302
2006,114,3.556,3.302,2.54
2006,115,4.826,4.571999999999999,4.064
2006,116,5.334,5.334,4.3180000000000005
2006,117,6.095999999999999,6.604,4.826
2006,118,5.842,6.095999999999999,4.826
2006,119,6.35,6.858,5.334
2006,120,7.619999999999999,7.619999999999999,5.334
2006,121,6.858,7.619999999999999,5.588
2006,122,7.619999999999999,7.112,5.08
2006,123,5.842,5.842,4.3180000000000005
2006,124,5.842,6.095999999999999,4.826
2006,125,5.842,6.35,4.826
2006,126,6.604,7.619999999999999,5.588
2006,127,4.571999999999999,4.826,3.556
2006,128,5.588,5.08,3.8099999999999996
2006,129,7.112,6.604,4.826
2006,130,6.095999999999999,6.095999999999999,4.826
2006,131,6.35,7.365999999999999,5.588
2006,132,6.858,7.619999999999999,5.588
2006,133,7.112,7.874,6.095999999999999
2006,134,7.112,7.365999999999999,5.842
2006,135,9.143999999999998,10.413999999999998,7.619999999999999
2006,136,8.636000000000001,9.143999999999998,7.112
2006,137,8.128,8.636000000000001,6.604
2006,138,7.874,8.889999999999999,6.35
2006,139,7.619999999999999,7.619999999999999,6.095999999999999
2006,140,7.365999999999999,7.112,5.842
2006,141,7.619999999999999,8.382,5.842
2006,142,6.604,6.604,4.826
2006,143,7.112,6.858,5.334
2006,144,7.619999999999999,7.619999999999999,6.095999999999999
2006,145,7.874,7.874,6.095999999999999
2006,146,5.842,5.588,4.064
2006,147,2.2859999999999996,1.5239999999999998,1.27
2006,148,5.08,4.064,3.0479999999999996
2006,149,4.571999999999999,4.064,3.302
2006,150,5.842,5.588,4.826
2006,151,7.112,7.112,5.588
2006,152,8.889999999999999,9.906,7.365999999999999
2006,153,6.858,7.874,5.842
2006,154,7.365999999999999,6.858,5.588
2006,155,8.889999999999999,9.652,7.112
2006,156,8.382,7.874,6.35
2006,157,8.382,8.636000000000001,6.858
2006,158,7.112,7.365999999999999,5.588
2006,159,5.588,5.08,4.064
2006,160,4.064,3.302,2.794
2006,161,6.604,5.842,5.08
2006,162,6.095999999999999,6.095999999999999,5.08
2006,163,9.398,10.668,7.619999999999999
2006,164,9.398,9.906,7.112
2006,165,6.095999999999999,5.08,3.8099999999999996
2006,166,7.112,6.095999999999999,4.826
2006,167,8.889999999999999,8.382,6.35
2006,168,8.128,8.128,6.35
2006,169,8.382,8.128,6.35
2006,170,9.906,9.906,7.365999999999999
2006,171,9.906,9.398,7.112
2006,172,9.652,9.398,7.112
2006,173,9.398,9.143999999999998,7.112
2006,174,8.889999999999999,8.636000000000001,6.858
2006,175,9.398,9.398,7.365999999999999
2006,176,9.398,8.889999999999999,7.112
2006,177,9.143999999999998,8.889999999999999,7.112
2006,178,9.143999999999998,8.889999999999999,7.112
2006,179,8.636000000000001,8.382,6.604
2006,180,7.619999999999999,7.619999999999999,6.095999999999999
2006,181,8.636000000000001,8.128,6.604
2006,182,8.382,7.874,6.604
2006,183,7.112,6.858,5.588
2006,184,8.128,7.365999999999999,6.35
2006,185,8.889999999999999,8.889999999999999,6.858
2006,186,5.334,4.571999999999999,3.8099999999999996
2006,187,6.35,6.095999999999999,4.826
2006,188,8.636000000000001,8.128,6.604
2006,189,8.889999999999999,8.382,6.604
2006,190,8.636000000000001,8.382,6.858
2006,191,8.382,8.128,6.604
2006,192,7.112,7.112,5.334
2006,193,8.128,8.128,6.095999999999999
2006,194,9.143999999999998,8.636000000000001,6.858
2006,195,8.889999999999999,8.382,6.858
2006,196,9.398,9.143999999999998,7.112
2006,197,9.143999999999998,9.143999999999998,7.112
2006,198,9.143999999999998,8.636000000000001,7.112
2006,199,10.413999999999998,10.413999999999998,7.874
2006,200,9.398,8.889999999999999,6.858
2006,201,8.636000000000001,8.382,6.858
2006,202,8.889999999999999,8.636000000000001,6.858
2006,203,10.413999999999998,10.921999999999999,8.128
2006,204,8.128,7.874,6.095999999999999
2006,205,7.365999999999999,7.365999999999999,5.588
2006,206,9.398,8.889999999999999,6.858
2006,207,9.143999999999998,8.889999999999999,6.858
2006,208,9.143999999999998,8.889999999999999,7.112
2006,209,8.889999999999999,8.889999999999999,6.858
2006,210,8.636000000000001,8.889999999999999,6.858
2006,211,9.398,9.398,6.858
2006,212,5.842,5.334,4.064
2006,213,8.382,7.874,6.095999999999999
2006,214,7.619999999999999,7.365999999999999,5.842
2006,215,7.112,7.365999999999999,5.588
2006,216,7.365999999999999,7.874,5.842
2006,217,6.858,7.112,5.588
2006,218,8.128,8.382,6.604
2006,219,9.143999999999998,10.16,7.365999999999999
2006,220,9.143999999999998,9.398,7.112
2006,221,9.143999999999998,8.382,6.35
2006,222,9.143999999999998,9.143999999999998,6.858
2006,223,8.889999999999999,8.636000000000001,6.604
2006,224,8.889999999999999,8.889999999999999,6.35
2006,225,7.112,6.604,5.334
2006,226,7.112,7.365999999999999,5.588
2006,227,6.35,7.112,5.334
2006,228,7.112,7.365999999999999,5.588
2006,229,8.128,7.874,5.842
2006,230,6.858,6.35,5.08
2006,231,6.858,7.112,5.334
2006,232,7.112,7.365999999999999,5.842
2006,233,8.382,9.652,6.858
2006,234,7.619999999999999,8.382,6.35
2006,235,7.365999999999999,7.874,5.588
2006,236,6.604,6.35,4.826
2006,237,6.858,6.604,4.826
2006,238,5.588,5.334,4.3180000000000005
2006,239,6.095999999999999,6.095999999999999,4.826
2006,240,7.619999999999999,8.636000000000001,6.095999999999999
2006,241,6.095999999999999,7.112,5.334
2006,242,7.619999999999999,7.112,5.08
2006,243,5.842,5.08,4.064
2006,244,7.619999999999999,7.619999999999999,5.334
2006,245,8.128,9.398,6.35
2006,246,7.112,8.636000000000001,6.095999999999999
2006,247,6.35,7.874,5.334
2006,248,6.095999999999999,6.604,5.08
2006,249,5.842,6.604,4.826
2006,250,5.588,5.588,4.3180000000000005
2006,251,5.842,6.095999999999999,4.571999999999999
2006,252,5.588,6.095999999999999,4.3180000000000005
2006,253,5.588,5.588,4.3180000000000005
2006,254,5.588,5.842,4.571999999999999
2006,255,5.842,6.35,4.571999999999999
2006,256,6.35,7.365999999999999,5.334
2006,257,4.571999999999999,4.3180000000000005,3.0479999999999996
2006,258,3.302,2.794,2.2859999999999996
2006,259,5.08,4.064,2.794
2006,260,4.571999999999999,4.3180000000000005,3.302
2006,261,4.3180000000000005,5.08,3.8099999999999996
2006,262,4.064,5.334,3.556
2006,263,2.794,3.0479999999999996,2.032
2006,264,4.064,3.8099999999999996,2.794
2006,265,4.826,4.3180000000000005,3.0479999999999996
2006,266,3.302,3.302,2.54
2006,267,3.8099999999999996,4.064,3.0479999999999996
2006,268,4.064,4.826,3.556
2006,269,4.064,4.571999999999999,3.302
2006,270,4.571999999999999,5.334,3.8099999999999996
2006,271,5.08,6.35,4.3180000000000005
2006,272,4.826,5.842,4.064
2006,273,5.08,6.35,4.3180000000000005
2006,274,3.8099999999999996,4.571999999999999,3.302
2006,275,2.2859999999999996,2.54,1.778
2006,276,4.571999999999999,4.571999999999999,3.302
2006,277,6.35,7.619999999999999,4.826
2006,278,4.3180000000000005,5.588,3.8099999999999996
2006,279,2.2859999999999996,2.794,2.032
2006,280,3.302,3.0479999999999996,2.032
2006,281,3.0479999999999996,2.794,2.032
2006,282,1.778,1.5239999999999998,1.27
2006,283,3.0479999999999996,3.0479999999999996,2.2859999999999996
2006,284,3.302,3.8099999999999996,2.54
2006,285,3.0479999999999996,3.556,2.54
2006,286,3.302,4.064,2.794
2006,287,2.794,3.0479999999999996,2.2859999999999996
2006,288,3.0479999999999996,3.8099999999999996,2.54
2006,289,2.794,2.2859999999999996,1.778
2006,290,1.778,1.5239999999999998,1.016
2006,291,2.54,2.2859999999999996,1.778
2006,292,2.2859999999999996,3.556,2.2859999999999996
2006,293,3.302,3.302,2.2859999999999996
2006,294,2.2859999999999996,2.2859999999999996,1.5239999999999998
2006,295,2.794,3.0479999999999996,2.032
2006,296,2.2859999999999996,2.794,2.032
2006,297,2.2859999999999996,2.794,2.032
2006,298,2.54,2.54,1.5239999999999998
2006,299,2.794,3.0479999999999996,2.032
2006,300,2.2859999999999996,2.794,2.032
2006,301,2.032,2.794,1.778
2006,302,2.2859999999999996,3.0479999999999996,2.032
2006,303,3.302,3.0479999999999996,2.032
2006,304,2.2859999999999996,2.032,1.27
2006,305,2.54,3.0479999999999996,1.778
2006,306,2.032,3.302,2.032
2006,307,0.508,1.5239999999999998,1.016
2006,308,1.27,1.778,1.27
2006,309,1.016,1.5239999999999998,1.016
2006,310,1.27,2.2859999999999996,1.5239999999999998
2006,311,2.2859999999999996,3.8099999999999996,2.54
2006,312,2.54,3.302,2.032
2006,313,1.5239999999999998,1.27,0.7619999999999999
2006,314,2.032,2.032,1.27
2006,315,1.778,2.54,1.5239999999999998
2006,316,2.032,2.54,1.5239999999999998
2006,317,1.27,2.2859999999999996,1.5239999999999998
2006,318,1.778,1.5239999999999998,1.016
2006,319,1.27,1.27,1.016
2006,320,0.254,0.7619999999999999,0.508
2006,321,0.508,0.7619999999999999,0.508
2006,322,0.7619999999999999,1.016,0.7619999999999999
2006,323,1.27,1.5239999999999998,1.016
2006,324,0.7619999999999999,1.27,0.7619999999999999
2006,325,1.5239999999999998,3.556,2.032
2006,326,1.27,1.5239999999999998,1.016
2006,327,1.778,2.032,1.27
2006,328,1.27,1.27,0.7619999999999999
2006,329,1.016,1.27,0.7619999999999999
2006,330,1.27,2.2859999999999996,1.27
2006,331,0.7619999999999999,1.016,0.508
2006,332,1.016,0.508,0.508
2006,333,1.016,0.7619999999999999,0.508
2006,334,0.508,0.508,0.508
2006,335,0.508,1.016,0.508
2006,336,0.254,0.254,0.254
2006,337,0.508,0.7619999999999999,0.508
2006,338,0.7619999999999999,1.016,0.508
2006,339,0.508,0.7619999999999999,0.508
2006,340,0.508,1.27,0.7619999999999999
2006,341,1.016,2.032,1.27
2006,342,1.27,2.54,1.5239999999999998
2006,343,0.7619999999999999,1.5239999999999998,1.016
2006,344,0.7619999999999999,1.27,0.7619999999999999
2006,345,1.016,1.5239999999999998,1.016
2006,346,0.254,0.7619999999999999,0.508
2006,347,0.0,0.7619999999999999,0.508
2006,348,0.254,0.7619999999999999,0.508
2006,349,2.032,2.794,1.778
2006,350,1.27,1.016,0.7619999999999999
2006,351,0.7619999999999999,0.7619999999999999,0.508
2006,352,0.7619999999999999,0.7619999999999999,0.508
2006,353,0.508,0.508,0.254
2006,354,0.254,0.7619999999999999,0.508
2006,355,0.254,0.7619999999999999,0.508
2006,356,0.0,0.254,0.254
2006,357,0.508,0.7619999999999999,0.508
2006,358,0.508,0.7619999999999999,0.508
2006,359,0.508,1.27,0.7619999999999999
2006,360,0.254,1.778,1.27
2006,361,0.508,0.7619999999999999,0.508
2006,362,1.016,1.016,0.7619999999999999
2006,363,0.7619999999999999,0.508,0.254
2006,364,0.508,0.508,0.508
2006,365,0.254,0.508,0.254
2007,1,0.254,0.254,0.254
2007,2,0.254,0.7619999999999999,0.508
2007,3,0.254,1.5239999999999998,1.016
2007,4,0.508,1.016,0.508
2007,5,1.5239999999999998,1.5239999999999998,1.016
2007,6,1.27,1.778,1.27
2007,7,0.7619999999999999,1.27,0.7619999999999999
2007,8,0.7619999999999999,1.778,1.016
2007,9,0.7619999999999999,1.016,0.7619999999999999
2007,10,0.7619999999999999,1.27,0.7619999999999999
2007,11,1.016,0.508,0.508
2007,12,1.016,1.016,0.508
2007,13,0.7619999999999999,0.7619999999999999,0.508
2007,14,0.508,0.508,0.254
2007,15,0.254,0.508,0.508
2007,16,0.7619999999999999,1.016,0.7619999999999999
2007,17,0.508,0.7619999999999999,0.508
2007,18,0.508,0.7619999999999999,0.508
2007,19,0.7619999999999999,1.27,0.7619999999999999
2007,20,0.7619999999999999,1.016,0.7619999999999999
2007,21,0.7619999999999999,1.27,0.7619999999999999
2007,22,0.7619999999999999,1.27,0.7619999999999999
2007,23,0.7619999999999999,1.27,0.7619999999999999
2007,24,1.27,1.5239999999999998,1.016
2007,25,1.016,1.5239999999999998,1.016
2007,26,0.7619999999999999,1.016,0.7619999999999999
2007,27,1.5239999999999998,1.778,1.27
2007,28,1.27,1.5239999999999998,1.016
2007,29,1.016,1.016,0.7619999999999999
2007,30,1.27,2.032,1.27
2007,31,0.7619999999999999,0.7619999999999999,0.7619999999999999
2007,32,0.508,0.508,0.508
2007,33,1.5239999999999998,2.032,1.27
2007,34,1.5239999999999998,3.302,2.032
2007,35,1.5239999999999998,2.794,1.778
2007,36,1.27,1.778,1.27
2007,37,1.5239999999999998,2.032,1.27
2007,38,1.5239999999999998,2.032,1.27
2007,39,1.27,1.778,1.27
2007,40,1.27,1.27,1.016
2007,41,1.27,1.27,1.016
2007,42,0.7619999999999999,0.7619999999999999,0.7619999999999999
2007,43,1.778,2.032,1.27
2007,44,1.5239999999999998,1.5239999999999998,1.016
2007,45,1.778,1.778,1.27
2007,46,0.7619999999999999,1.5239999999999998,1.016
2007,47,2.032,2.54,1.778
2007,48,1.778,2.2859999999999996,1.5239999999999998
2007,49,1.27,1.5239999999999998,1.016
2007,50,2.2859999999999996,2.032,1.5239999999999998
2007,51,2.032,2.794,2.032
2007,52,1.5239999999999998,1.778,1.27
2007,53,2.54,4.3180000000000005,2.794
2007,54,2.2859999999999996,2.032,1.27
2007,55,2.032,2.032,1.5239999999999998
2007,56,1.016,1.016,0.7619999999999999
2007,57,1.5239999999999998,1.5239999999999998,1.016
2007,58,2.032,1.5239999999999998,1.27
2007,59,1.27,1.016,1.016
2007,60,1.016,0.7619999999999999,0.7619999999999999
2007,61,1.27,1.27,1.016
2007,62,1.27,1.27,1.016
2007,63,1.778,2.032,1.5239999999999998
2007,64,1.27,1.778,1.27
2007,65,2.032,2.54,2.032
2007,66,2.54,3.556,2.54
2007,67,2.2859999999999996,2.54,1.778
2007,68,2.032,2.2859999999999996,1.778
2007,69,2.2859999999999996,2.2859999999999996,1.778
2007,70,2.54,3.0479999999999996,2.2859999999999996
2007,71,3.0479999999999996,4.3180000000000005,3.0479999999999996
2007,72,3.0479999999999996,3.556,2.794
2007,73,3.8099999999999996,4.826,3.302
2007,74,4.571999999999999,5.588,3.8099999999999996
2007,75,3.8099999999999996,4.826,3.556
2007,76,3.8099999999999996,5.08,3.8099999999999996
2007,77,3.8099999999999996,4.826,3.302
2007,78,4.064,4.826,3.556
2007,79,2.794,4.064,2.794
2007,80,4.3180000000000005,3.8099999999999996,2.794
2007,81,3.556,3.8099999999999996,2.794
2007,82,3.556,4.3180000000000005,3.302
2007,83,3.556,4.3180000000000005,3.302
2007,84,4.064,6.35,4.3180000000000005
2007,85,5.334,7.112,4.826
2007,86,3.556,4.064,2.54
2007,87,4.064,4.571999999999999,3.0479999999999996
2007,88,3.8099999999999996,3.8099999999999996,3.0479999999999996
2007,89,3.556,4.826,3.302
2007,90,4.064,5.588,4.064
2007,91,2.2859999999999996,3.0479999999999996,2.2859999999999996
2007,92,3.556,2.794,2.2859999999999996
2007,93,3.8099999999999996,4.064,3.0479999999999996
2007,94,3.8099999999999996,5.334,3.8099999999999996
2007,95,4.3180000000000005,5.08,3.8099999999999996
2007,96,4.826,5.588,4.3180000000000005
2007,97,5.588,7.112,5.08
2007,98,3.8099999999999996,3.556,2.794
2007,99,3.0479999999999996,3.0479999999999996,2.032
2007,100,5.588,4.826,3.302
2007,101,3.8099999999999996,3.8099999999999996,2.794
2007,102,3.556,4.064,3.0479999999999996
2007,103,4.571999999999999,4.826,3.8099999999999996
2007,104,5.08,6.858,4.826
2007,105,4.3180000000000005,4.571999999999999,3.302
2007,106,5.08,5.334,4.064
2007,107,4.571999999999999,5.588,4.064
2007,108,1.5239999999999998,1.016,1.016
2007,109,4.826,4.064,3.0479999999999996
2007,110,3.556,3.556,2.794
2007,111,3.8099999999999996,4.3180000000000005,3.556
2007,112,1.5239999999999998,1.778,1.5239999999999998
2007,113,3.0479999999999996,3.302,2.54
2007,114,4.826,5.334,4.064
2007,115,4.571999999999999,5.08,4.064
2007,116,6.095999999999999,6.095999999999999,4.571999999999999
2007,117,5.588,6.095999999999999,4.826
2007,118,5.588,6.604,5.334
2007,119,5.842,6.604,5.334
2007,120,6.604,6.858,5.334
2007,121,6.604,7.365999999999999,5.588
2007,122,6.095999999999999,6.095999999999999,4.571999999999999
2007,123,6.095999999999999,4.3180000000000005,3.302
2007,124,5.334,4.571999999999999,3.556
2007,125,6.858,6.35,4.571999999999999
2007,126,6.858,7.112,5.08
2007,127,6.35,7.112,5.334
2007,128,6.095999999999999,6.858,5.588
2007,129,6.858,7.619999999999999,6.095999999999999
2007,130,6.604,6.858,5.588
2007,131,7.619999999999999,7.874,6.095999999999999
2007,132,7.619999999999999,7.874,6.35
2007,133,9.398,9.398,6.604
2007,134,7.619999999999999,7.112,5.588
2007,135,8.128,8.636000000000001,6.35
2007,136,8.128,9.143999999999998,6.604
2007,137,7.112,7.874,6.095999999999999
2007,138,8.128,8.636000000000001,6.604
2007,139,7.874,8.128,6.095999999999999
2007,140,6.35,6.095999999999999,4.571999999999999
2007,141,6.858,5.588,4.064
2007,142,5.588,4.826,3.556
2007,143,6.095999999999999,5.334,4.571999999999999
2007,144,5.588,6.095999999999999,4.826
2007,145,7.112,7.619999999999999,5.842
2007,146,6.858,7.365999999999999,5.842
2007,147,6.604,7.365999999999999,5.588
2007,148,9.652,8.636000000000001,6.35
2007,149,7.365999999999999,6.604,5.334
2007,150,7.874,7.619999999999999,6.095999999999999
2007,151,8.128,8.128,6.35
2007,152,8.128,8.382,6.604
2007,153,8.636000000000001,8.889999999999999,6.858
2007,154,9.652,10.413999999999998,7.874
2007,155,8.128,8.636000000000001,6.35
2007,156,6.35,6.095999999999999,4.3180000000000005
2007,157,4.826,3.0479999999999996,2.2859999999999996
2007,158,5.588,4.571999999999999,3.556
2007,159,5.588,5.08,4.571999999999999
2007,160,6.604,6.858,5.588
2007,161,5.334,5.842,4.3180000000000005
2007,162,6.604,6.095999999999999,5.08
2007,163,7.874,7.365999999999999,6.095999999999999
2007,164,7.365999999999999,7.365999999999999,6.095999999999999
2007,165,8.382,8.382,6.35
2007,166,8.128,7.619999999999999,6.35
2007,167,8.889999999999999,8.889999999999999,7.112
2007,168,10.16,8.889999999999999,6.35
2007,169,8.382,7.365999999999999,6.095999999999999
2007,170,9.143999999999998,9.143999999999998,7.112
2007,171,8.636000000000001,8.889999999999999,7.112
2007,172,9.398,9.143999999999998,7.112
2007,173,9.652,9.143999999999998,7.365999999999999
2007,174,9.652,9.398,7.112
2007,175,9.906,9.398,7.112
2007,176,10.413999999999998,9.398,6.858
2007,177,10.16,9.652,7.365999999999999
2007,178,8.636000000000001,8.382,6.858
2007,179,9.652,9.906,7.619999999999999
2007,180,9.398,9.398,7.365999999999999
2007,181,9.906,9.398,7.112
2007,182,9.398,8.636000000000001,6.858
2007,183,8.889999999999999,8.636000000000001,6.858
2007,184,9.398,9.143999999999998,7.112
2007,185,9.652,9.143999999999998,7.365999999999999
2007,186,9.906,9.398,7.619999999999999
2007,187,10.413999999999998,11.43,7.874
2007,188,9.143999999999998,9.143999999999998,6.858
2007,189,10.16,9.906,7.365999999999999
2007,190,10.16,10.413999999999998,7.874
2007,191,9.652,9.143999999999998,7.112
2007,192,8.636000000000001,8.128,6.604
2007,193,9.143999999999998,9.652,7.365999999999999
2007,194,9.652,9.906,7.365999999999999
2007,195,9.652,9.398,7.365999999999999
2007,196,7.619999999999999,7.112,5.588
2007,197,8.128,8.128,5.842
2007,198,6.604,6.604,4.826
2007,199,10.668,10.921999999999999,8.128
2007,200,9.143999999999998,8.889999999999999,6.858
2007,201,8.636000000000001,8.382,6.604
2007,202,8.889999999999999,8.636000000000001,6.858
2007,203,8.128,7.619999999999999,6.095999999999999
2007,204,8.128,8.128,6.35
2007,205,3.8099999999999996,3.556,3.0479999999999996
2007,206,6.35,5.842,5.08
2007,207,6.35,6.095999999999999,5.08
2007,208,9.143999999999998,9.398,7.365999999999999
2007,209,8.382,8.382,6.35
2007,210,8.382,8.382,6.604
2007,211,7.365999999999999,7.365999999999999,5.588
2007,212,8.636000000000001,8.889999999999999,6.604
2007,213,9.398,9.652,7.365999999999999
2007,214,4.064,4.064,3.0479999999999996
2007,215,7.365999999999999,7.112,5.588
2007,216,7.112,6.858,5.588
2007,217,7.365999999999999,7.112,5.588
2007,218,8.636000000000001,8.636000000000001,6.35
2007,219,7.874,7.874,5.842
2007,220,8.128,8.128,6.095999999999999
2007,221,7.874,8.128,6.35
2007,222,8.889999999999999,9.398,6.858
2007,223,8.889999999999999,9.143999999999998,6.858
2007,224,8.636000000000001,9.143999999999998,6.858
2007,225,8.128,8.128,6.095999999999999
2007,226,8.382,8.889999999999999,6.604
2007,227,8.128,8.889999999999999,6.35
2007,228,7.874,9.143999999999998,6.604
2007,229,7.365999999999999,7.365999999999999,5.842
2007,230,6.858,6.858,5.334
2007,231,7.365999999999999,7.365999999999999,5.334
2007,232,6.604,6.35,5.08
2007,233,6.858,6.858,5.08
2007,234,5.588,5.842,4.3180000000000005
2007,235,7.874,7.874,5.842
2007,236,6.858,7.112,5.334
2007,237,7.365999999999999,8.128,6.095999999999999
2007,238,7.874,8.636000000000001,6.35
2007,239,7.112,7.365999999999999,5.334
2007,240,6.858,6.858,5.334
2007,241,6.858,7.112,5.334
2007,242,5.842,6.858,5.08
2007,243,6.604,7.112,5.588
2007,244,6.35,6.35,5.08
2007,245,6.35,6.604,5.08
2007,246,6.858,7.365999999999999,5.588
2007,247,5.08,5.842,4.064
2007,248,4.571999999999999,3.8099999999999996,3.0479999999999996
2007,249,6.604,6.35,4.826
2007,250,5.842,6.095999999999999,4.571999999999999
2007,251,5.842,6.095999999999999,4.3180000000000005
2007,252,5.588,5.588,4.064
2007,253,6.35,6.858,4.826
2007,254,5.588,6.095999999999999,4.571999999999999
2007,255,5.842,6.858,5.08
2007,256,7.112,8.636000000000001,5.842
2007,257,6.095999999999999,7.365999999999999,5.08
2007,258,5.842,6.095999999999999,4.3180000000000005
2007,259,5.842,6.35,4.3180000000000005
2007,260,6.095999999999999,5.588,4.064
2007,261,3.556,3.556,2.54
2007,262,4.3180000000000005,4.571999999999999,3.302
2007,263,4.064,4.3180000000000005,3.302
2007,264,4.571999999999999,5.08,3.8099999999999996
2007,265,4.3180000000000005,5.842,3.8099999999999996
2007,266,4.3180000000000005,4.064,2.794
2007,267,3.8099999999999996,3.556,2.54
2007,268,3.8099999999999996,3.8099999999999996,2.794
2007,269,4.571999999999999,5.334,3.8099999999999996
2007,270,4.826,6.095999999999999,4.064
2007,271,3.0479999999999996,4.3180000000000005,3.0479999999999996
2007,272,4.064,3.302,2.2859999999999996
2007,273,4.064,4.3180000000000005,3.0479999999999996
2007,274,2.032,2.2859999999999996,1.5239999999999998
2007,275,2.794,3.302,2.2859999999999996
2007,276,2.794,3.302,2.2859999999999996
2007,277,3.0479999999999996,3.302,2.2859999999999996
2007,278,1.016,0.7619999999999999,0.7619999999999999
2007,279,4.064,3.8099999999999996,2.54
2007,280,3.302,3.556,2.54
2007,281,3.0479999999999996,3.8099999999999996,2.794
2007,282,6.095999999999999,7.874,5.08
2007,283,4.3180000000000005,5.588,3.556
2007,284,3.302,3.0479999999999996,2.2859999999999996
2007,285,2.2859999999999996,2.54,1.778
2007,286,2.54,3.0479999999999996,2.032
2007,287,2.54,2.794,2.2859999999999996
2007,288,3.302,4.3180000000000005,2.794
2007,289,2.032,2.2859999999999996,1.778
2007,290,2.54,2.032,1.5239999999999998
2007,291,1.5239999999999998,1.27,1.016
2007,292,1.016,2.032,1.5239999999999998
2007,293,1.778,1.5239999999999998,1.016
2007,294,2.2859999999999996,2.032,1.5239999999999998
2007,295,2.2859999999999996,2.54,1.778
2007,296,2.54,3.302,2.2859999999999996
2007,297,2.794,3.8099999999999996,2.54
2007,298,2.032,2.032,1.5239999999999998
2007,299,2.2859999999999996,2.2859999999999996,1.5239999999999998
2007,300,2.2859999999999996,2.2859999999999996,1.5239999999999998
2007,301,2.032,2.54,1.778
2007,302,1.27,2.032,1.5239999999999998
2007,303,0.7619999999999999,1.27,0.7619999999999999
2007,304,2.032,2.032,1.27
2007,305,2.2859999999999996,2.2859999999999996,1.5239999999999998
2007,306,1.778,2.032,1.27
2007,307,1.5239999999999998,2.032,1.27
2007,308,1.778,2.54,1.5239999999999998
2007,309,1.778,2.2859999999999996,1.5239999999999998
2007,310,2.032,2.2859999999999996,1.5239999999999998
2007,311,2.032,2.54,1.778
2007,312,2.032,2.794,1.778
2007,313,1.016,2.032,1.27
2007,314,1.5239999999999998,2.2859999999999996,1.5239999999999998
2007,315,0.7619999999999999,0.508,0.508
2007,316,1.27,1.27,1.016
2007,317,2.2859999999999996,3.302,2.032
2007,318,2.032,2.032,1.27
2007,319,2.032,2.794,1.778
2007,320,0.7619999999999999,1.5239999999999998,1.016
2007,321,0.508,1.5239999999999998,1.016
2007,322,1.016,1.778,1.27
2007,323,3.556,5.08,3.0479999999999996
2007,324,1.016,0.508,0.508
2007,325,1.016,0.508,0.508
2007,326,1.27,1.5239999999999998,1.016
2007,327,1.016,1.27,0.7619999999999999
2007,328,0.7619999999999999,1.016,0.7619999999999999
2007,329,0.508,1.016,0.7619999999999999
2007,330,0.7619999999999999,1.5239999999999998,1.016
2007,331,1.27,2.032,1.27
2007,332,1.016,1.27,0.7619999999999999
2007,333,1.016,1.5239999999999998,1.016
2007,334,0.7619999999999999,1.016,0.508
2007,335,0.7619999999999999,1.016,0.508
2007,336,1.5239999999999998,2.794,1.778
2007,337,0.7619999999999999,2.2859999999999996,1.5239999999999998
2007,338,0.254,1.27,1.016
2007,339,0.7619999999999999,1.016,0.7619999999999999
2007,340,0.7619999999999999,0.7619999999999999,0.508
2007,341,0.508,0.508,0.254
2007,342,0.508,0.254,0.254
2007,343,0.7619999999999999,0.508,0.254
2007,344,0.254,0.254,0.254
2007,345,0.508,0.254,0.254
2007,346,0.508,0.508,0.254
2007,347,0.254,0.254,0.254
2007,348,0.254,0.254,0.254
2007,349,0.0,0.254,0.254
2007,350,0.254,0.7619999999999999,0.508
2007,351,0.254,0.7619999999999999,0.508
2007,352,0.254,0.7619999999999999,0.508
2007,353,0.254,0.7619999999999999,0.508
2007,354,1.016,1.5239999999999998,1.016
2007,355,1.27,1.27,0.7619999999999999
2007,356,0.7619999999999999,0.7619999999999999,0.508
2007,357,0.254,0.254,0.254
2007,358,1.016,1.778,1.016
2007,359,0.7619999999999999,0.7619999999999999,0.508
2007,360,0.508,0.254,0.254
2007,361,0.7619999999999999,0.7619999999999999,0.508
2007,362,0.254,0.254,0.254
2007,363,0.254,0.7619999999999999,0.508
2007,364,0.508,0.7619999999999999,0.508
2007,365,1.016,0.7619999999999999,0.508
2008,1,1.016,1.016,0.508
2008,2,1.016,1.5239999999999998,1.016
2008,3,0.254,1.016,0.7619999999999999
2008,4,0.7619999999999999,2.2859999999999996,1.5239999999999998
2008,5,1.27,2.032,1.27
2008,6,0.508,0.7619999999999999,0.508
2008,7,0.7619999999999999,0.7619999999999999,0.508
2008,8,0.254,0.254,0.254
2008,9,0.508,0.508,0.254
2008,10,0.254,0.7619999999999999,0.508
2008,11,0.254,0.7619999999999999,0.508
2008,12,0.508,0.508,0.254
2008,13,0.254,0.254,0.254
2008,14,0.508,0.254,0.254
2008,15,1.778,2.032,1.27
2008,16,0.7619999999999999,0.508,0.254
2008,17,0.508,0.508,0.508
2008,18,0.508,0.254,0.254
2008,19,0.254,0.508,0.508
2008,20,0.0,0.254,0.254
2008,21,1.27,1.27,0.7619999999999999
2008,22,1.016,0.7619999999999999,0.508
2008,23,0.7619999999999999,0.7619999999999999,0.508
2008,24,1.016,1.5239999999999998,1.016
2008,25,0.254,0.7619999999999999,0.508
2008,26,0.508,1.27,1.016
2008,27,0.508,1.27,1.016
2008,28,2.2859999999999996,2.2859999999999996,1.5239999999999998
2008,29,1.016,1.27,0.7619999999999999
2008,30,1.27,1.27,0.7619999999999999
2008,31,1.016,1.5239999999999998,1.016
2008,32,1.27,1.27,1.016
2008,33,1.27,1.27,1.016
2008,34,0.7619999999999999,0.7619999999999999,0.508
2008,35,1.27,1.016,0.7619999999999999
2008,36,1.016,1.016,0.7619999999999999
2008,37,1.016,1.016,0.7619999999999999
2008,38,1.016,1.5239999999999998,1.016
2008,39,1.27,1.5239999999999998,1.016
2008,40,1.27,1.778,1.27
2008,41,1.27,1.5239999999999998,1.016
2008,42,1.778,2.032,1.27
2008,43,1.5239999999999998,2.032,1.27
2008,44,1.778,1.778,1.016
2008,45,1.5239999999999998,1.27,1.016
2008,46,1.27,1.27,1.016
2008,47,1.27,1.27,1.016
2008,48,1.016,0.7619999999999999,0.7619999999999999
2008,49,1.27,1.016,0.7619999999999999
2008,50,1.778,1.5239999999999998,1.016
2008,51,1.016,1.27,1.016
2008,52,1.27,1.27,1.016
2008,53,1.016,1.27,0.7619999999999999
2008,54,1.27,1.27,1.016
2008,55,0.7619999999999999,1.27,1.016
2008,56,1.016,1.27,1.016
2008,57,1.778,1.5239999999999998,1.27
2008,58,1.5239999999999998,1.27,1.016
2008,59,1.778,1.778,1.27
2008,60,2.032,1.778,1.27
2008,61,2.032,2.794,1.778
2008,62,2.54,2.2859999999999996,1.5239999999999998
2008,63,2.032,2.2859999999999996,1.778
2008,64,2.794,2.794,1.778
2008,65,2.2859999999999996,2.2859999999999996,1.778
2008,66,2.2859999999999996,2.54,1.778
2008,67,2.032,2.2859999999999996,1.778
2008,68,1.5239999999999998,1.778,1.27
2008,69,2.2859999999999996,2.2859999999999996,1.778
2008,70,2.794,3.0479999999999996,2.032
2008,71,2.794,3.302,2.2859999999999996
2008,72,3.302,4.571999999999999,3.0479999999999996
2008,73,2.032,2.54,1.778
2008,74,1.778,1.778,1.27
2008,75,1.778,1.5239999999999998,1.27
2008,76,2.2859999999999996,2.2859999999999996,1.778
2008,77,2.794,3.302,2.2859999999999996
2008,78,2.032,2.794,2.032
2008,79,2.032,2.794,2.032
2008,80,2.2859999999999996,2.032,1.5239999999999998
2008,81,2.794,2.794,2.032
2008,82,3.0479999999999996,3.0479999999999996,2.2859999999999996
2008,83,3.556,4.3180000000000005,3.0479999999999996
2008,84,2.2859999999999996,3.0479999999999996,2.2859999999999996
2008,85,1.016,1.27,1.016
2008,86,1.016,0.7619999999999999,0.7619999999999999
2008,87,3.302,2.54,2.032
2008,88,2.54,3.0479999999999996,2.2859999999999996
2008,89,3.556,3.302,2.2859999999999996
2008,90,2.032,2.2859999999999996,1.778
2008,91,3.8099999999999996,3.556,2.54
2008,92,3.0479999999999996,3.302,2.54
2008,93,3.8099999999999996,4.571999999999999,3.302
2008,94,3.8099999999999996,4.3180000000000005,3.302
2008,95,3.8099999999999996,5.334,3.556
2008,96,4.064,4.3180000000000005,3.0479999999999996
2008,97,3.0479999999999996,3.302,2.54
2008,98,3.8099999999999996,3.302,2.54
2008,99,2.54,2.794,2.032
2008,100,2.2859999999999996,2.2859999999999996,1.778
2008,101,4.571999999999999,4.571999999999999,3.0479999999999996
2008,102,4.064,4.3180000000000005,3.302
2008,103,4.3180000000000005,5.08,3.8099999999999996
2008,104,5.334,7.112,5.08
2008,105,6.095999999999999,9.906,6.35
2008,106,6.35,5.08,3.556
2008,107,5.08,4.571999999999999,3.302
2008,108,5.08,5.588,4.064
2008,109,4.3180000000000005,5.334,4.064
2008,110,3.8099999999999996,4.3180000000000005,3.0479999999999996
2008,111,3.556,3.0479999999999996,2.032
2008,112,4.3180000000000005,4.064,3.0479999999999996
2008,113,4.571999999999999,5.334,4.064
2008,114,3.8099999999999996,4.571999999999999,3.302
2008,115,4.571999999999999,4.064,3.0479999999999996
2008,116,5.842,5.588,4.064
2008,117,4.826,4.826,3.8099999999999996
2008,118,6.095999999999999,7.365999999999999,5.334
2008,119,5.588,7.112,5.334
2008,120,7.365999999999999,9.398,6.35
2008,121,6.35,5.334,3.556
2008,122,6.858,6.095999999999999,4.3180000000000005
2008,123,5.588,5.588,4.3180000000000005
2008,124,4.3180000000000005,4.826,3.8099999999999996
2008,125,5.588,6.095999999999999,4.826
2008,126,6.095999999999999,6.858,5.334
2008,127,6.858,7.619999999999999,5.842
2008,128,6.35,6.35,4.826
2008,129,6.35,6.095999999999999,4.571999999999999
2008,130,7.112,6.604,4.826
2008,131,6.095999999999999,5.842,4.571999999999999
2008,132,6.858,7.365999999999999,5.334
2008,133,6.858,6.095999999999999,4.3180000000000005
2008,134,6.858,6.858,5.08
2008,135,6.858,7.365999999999999,5.334
2008,136,6.35,6.858,5.334
2008,137,7.112,7.619999999999999,6.095999999999999
2008,138,8.382,9.143999999999998,6.858
2008,139,8.382,9.906,7.112
2008,140,8.382,9.143999999999998,6.858
2008,141,8.889999999999999,10.16,6.858
2008,142,8.382,6.095999999999999,4.3180000000000005
2008,143,3.302,2.54,2.032
2008,144,4.3180000000000005,4.064,3.302
2008,145,4.3180000000000005,4.3180000000000005,3.556
2008,146,5.842,5.842,4.826
2008,147,3.302,3.0479999999999996,2.54
2008,148,3.8099999999999996,3.302,3.0479999999999996
2008,149,4.064,3.8099999999999996,3.302
2008,150,5.08,4.826,4.064
2008,151,6.35,5.842,5.08
2008,152,5.08,5.08,4.064
2008,153,4.571999999999999,4.3180000000000005,3.556
2008,154,5.842,5.334,4.571999999999999
2008,155,3.302,3.0479999999999996,2.54
2008,156,4.3180000000000005,3.8099999999999996,2.794
2008,157,7.365999999999999,6.604,5.334
2008,158,6.604,6.095999999999999,4.571999999999999
2008,159,7.365999999999999,6.35,4.826
2008,160,7.619999999999999,7.112,5.588
2008,161,7.619999999999999,7.874,6.095999999999999
2008,162,7.365999999999999,6.095999999999999,4.826
2008,163,6.604,5.08,3.8099999999999996
2008,164,8.128,7.365999999999999,5.588
2008,165,7.365999999999999,7.365999999999999,6.095999999999999
2008,166,8.636000000000001,8.889999999999999,6.858
2008,167,8.382,8.128,6.604
2008,168,8.889999999999999,8.636000000000001,6.858
2008,169,9.398,9.143999999999998,7.112
2008,170,9.652,9.143999999999998,7.112
2008,171,9.143999999999998,8.636000000000001,6.604
2008,172,8.889999999999999,8.636000000000001,6.858
2008,173,9.143999999999998,9.652,7.112
2008,174,8.382,8.382,6.858
2008,175,9.143999999999998,8.382,6.858
2008,176,9.398,8.889999999999999,6.858
2008,177,8.382,7.874,6.095999999999999
2008,178,9.906,9.906,7.365999999999999
2008,179,9.906,9.652,7.365999999999999
2008,180,8.889999999999999,8.382,6.858
2008,181,9.143999999999998,9.143999999999998,7.112
2008,182,7.874,7.874,6.095999999999999
2008,183,9.143999999999998,9.143999999999998,7.112
2008,184,9.398,8.889999999999999,7.112
2008,185,10.16,10.16,7.619999999999999
2008,186,8.889999999999999,9.143999999999998,6.858
2008,187,9.143999999999998,8.636000000000001,6.604
2008,188,8.636000000000001,8.382,6.35
2008,189,10.16,9.906,7.365999999999999
2008,190,9.906,9.398,7.365999999999999
2008,191,9.906,9.652,7.365999999999999
2008,192,9.906,9.906,7.619999999999999
2008,193,10.921999999999999,10.413999999999998,7.619999999999999
2008,194,9.143999999999998,8.128,6.35
2008,195,10.413999999999998,10.16,7.619999999999999
2008,196,9.652,9.652,7.365999999999999
2008,197,7.619999999999999,7.874,6.095999999999999
2008,198,8.889999999999999,8.889999999999999,6.858
2008,199,8.889999999999999,8.636000000000001,6.604
2008,200,9.398,9.398,7.112
2008,201,8.889999999999999,8.382,6.604
2008,202,8.889999999999999,8.889999999999999,7.112
2008,203,6.35,6.604,4.826
2008,204,6.35,5.842,4.826
2008,205,7.365999999999999,6.858,5.842
2008,206,8.128,7.619999999999999,6.35
2008,207,8.382,8.128,6.604
2008,208,8.889999999999999,8.889999999999999,6.858
2008,209,8.382,8.128,6.35
2008,210,8.889999999999999,8.382,6.604
2008,211,8.382,8.382,6.35
2008,212,8.889999999999999,8.636000000000001,6.604
2008,213,9.143999999999998,9.143999999999998,7.112
2008,214,8.889999999999999,9.143999999999998,6.858
2008,215,8.128,8.128,6.35
2008,216,8.128,7.874,6.095999999999999
2008,217,8.128,7.874,6.35
2008,218,7.619999999999999,7.619999999999999,6.095999999999999
2008,219,8.382,8.636000000000001,6.858
2008,220,8.889999999999999,9.398,7.112
2008,221,6.35,6.095999999999999,4.826
2008,222,9.143999999999998,9.143999999999998,6.858
2008,223,8.889999999999999,8.382,6.35
2008,224,8.382,8.128,6.095999999999999
2008,225,7.619999999999999,7.365999999999999,5.842
2008,226,7.619999999999999,7.874,6.095999999999999
2008,227,6.858,6.858,5.588
2008,228,10.413999999999998,10.921999999999999,7.619999999999999
2008,229,7.619999999999999,7.365999999999999,5.842
2008,230,7.874,8.128,6.095999999999999
2008,231,8.636000000000001,9.906,7.112
2008,232,7.112,7.619999999999999,5.588
2008,233,7.112,7.112,5.588
2008,234,7.874,7.874,5.842
2008,235,7.112,6.604,5.08
2008,236,6.35,6.604,5.08
2008,237,7.112,7.874,5.842
2008,238,6.858,8.128,5.842
2008,239,7.874,6.858,4.826
2008,240,7.365999999999999,7.112,5.334
2008,241,7.619999999999999,7.874,5.842
2008,242,5.842,6.095999999999999,4.826
2008,243,4.826,5.588,4.064
2008,244,6.858,6.604,4.826
2008,245,7.619999999999999,6.604,4.571999999999999
2008,246,5.588,5.334,4.064
2008,247,5.588,6.095999999999999,4.571999999999999
2008,248,6.604,7.112,5.08
2008,249,5.588,5.842,4.3180000000000005
2008,250,6.095999999999999,6.35,4.826
2008,251,5.588,5.842,4.571999999999999
2008,252,7.112,7.619999999999999,5.334
2008,253,5.842,6.604,4.826
2008,254,7.874,8.128,5.588
2008,255,6.35,6.095999999999999,4.3180000000000005
2008,256,5.588,5.588,4.3180000000000005
2008,257,6.095999999999999,7.112,5.08
2008,258,5.588,5.842,4.3180000000000005
2008,259,5.842,6.604,4.826
2008,260,5.588,6.35,4.571999999999999
2008,261,5.08,5.588,4.064
2008,262,5.334,6.095999999999999,4.3180000000000005
2008,263,5.334,6.858,4.571999999999999
2008,264,3.302,3.0479999999999996,2.2859999999999996
2008,265,3.302,2.794,2.2859999999999996
2008,266,4.571999999999999,4.3180000000000005,3.0479999999999996
2008,267,3.556,3.556,2.794
2008,268,5.334,6.35,4.571999999999999
2008,269,3.8099999999999996,5.08,3.556
2008,270,4.3180000000000005,5.08,3.556
2008,271,4.571999999999999,4.826,3.556
2008,272,4.571999999999999,5.08,3.556
2008,273,6.35,7.619999999999999,5.08
2008,274,4.3180000000000005,5.588,3.8099999999999996
2008,275,4.3180000000000005,5.08,3.556
2008,276,4.826,5.588,3.8099999999999996
2008,277,3.302,3.302,2.54
2008,278,2.032,1.778,1.5239999999999998
2008,279,2.54,2.2859999999999996,1.778
2008,280,3.0479999999999996,2.794,2.2859999999999996
2008,281,3.0479999999999996,3.556,2.54
2008,282,4.3180000000000005,4.571999999999999,3.0479999999999996
2008,283,4.064,3.8099999999999996,2.54
2008,284,1.5239999999999998,1.27,1.016
2008,285,1.016,0.508,0.508
2008,286,1.5239999999999998,1.27,1.016
2008,287,1.778,1.5239999999999998,1.27
2008,288,2.032,2.54,1.778
2008,289,2.2859999999999996,3.0479999999999996,2.032
2008,290,2.2859999999999996,3.302,2.2859999999999996
2008,291,2.794,3.8099999999999996,2.54
2008,292,2.794,3.8099999999999996,2.54
2008,293,2.2859999999999996,2.794,2.032
2008,294,3.0479999999999996,3.8099999999999996,2.54
2008,295,4.826,4.571999999999999,2.794
2008,296,2.794,2.794,1.778
2008,297,2.794,3.302,2.2859999999999996
2008,298,2.032,2.794,1.778
2008,299,3.0479999999999996,4.826,3.0479999999999996
2008,300,3.556,4.826,3.0479999999999996
2008,301,5.334,7.365999999999999,4.571999999999999
2008,302,3.556,4.826,3.0479999999999996
2008,303,2.794,3.8099999999999996,2.54
2008,304,3.302,4.571999999999999,2.794
2008,305,2.54,4.3180000000000005,2.794
2008,306,1.27,2.032,1.5239999999999998
2008,307,1.5239999999999998,1.778,1.27
2008,308,1.27,1.27,1.016
2008,309,1.27,1.016,0.7619999999999999
2008,310,1.778,1.5239999999999998,1.016
2008,311,0.7619999999999999,1.016,0.7619999999999999
2008,312,0.7619999999999999,1.27,1.016
2008,313,1.27,1.778,1.27
2008,314,0.508,0.7619999999999999,0.508
2008,315,1.778,1.778,1.27
2008,316,0.7619999999999999,0.7619999999999999,0.7619999999999999
2008,317,0.7619999999999999,1.778,1.27
2008,318,1.778,2.2859999999999996,1.5239999999999998
2008,319,1.778,1.778,1.016
2008,320,1.5239999999999998,1.5239999999999998,1.016
2008,321,1.5239999999999998,1.778,1.27
2008,322,1.778,2.794,1.778
2008,323,1.27,2.2859999999999996,1.27
2008,324,1.27,1.778,1.016
2008,325,4.571999999999999,6.604,4.064
2008,326,1.778,1.778,1.27
2008,327,1.27,1.5239999999999998,1.016
2008,328,1.016,0.7619999999999999,0.508
2008,329,1.778,2.2859999999999996,1.5239999999999998
2008,330,1.5239999999999998,2.2859999999999996,1.5239999999999998
2008,331,0.508,0.7619999999999999,0.508
2008,332,0.508,1.016,0.7619999999999999
2008,333,1.5239999999999998,2.2859999999999996,1.27
2008,334,2.032,3.0479999999999996,2.032
2008,335,1.27,2.032,1.27
2008,336,1.27,1.27,1.016
2008,337,1.5239999999999998,2.032,1.27
2008,338,1.27,1.778,1.016
2008,339,0.7619999999999999,0.7619999999999999,0.508
2008,340,1.016,1.016,0.508
2008,341,0.7619999999999999,1.27,0.7619999999999999
2008,342,0.7619999999999999,1.27,0.7619999999999999
2008,343,0.508,0.7619999999999999,0.508
2008,344,1.016,1.27,0.7619999999999999
2008,345,0.508,1.016,0.508
2008,346,0.508,1.016,0.508
2008,347,0.254,0.7619999999999999,0.508
2008,348,1.778,2.2859999999999996,1.27
2008,349,0.7619999999999999,0.7619999999999999,0.508
2008,350,1.016,1.016,0.508
2008,351,0.254,0.0,0.0
2008,352,0.508,0.254,0.254
2008,353,0.7619999999999999,1.27,0.7619999999999999
2008,354,0.7619999999999999,1.27,0.7619999999999999
2008,355,0.254,0.508,0.254
2008,356,0.508,0.7619999999999999,0.508
2008,357,0.254,0.7619999999999999,0.508
2008,358,0.254,0.254,0.254
2008,359,1.016,1.27,0.7619999999999999
2008,360,1.016,1.27,0.7619999999999999
2008,361,0.7619999999999999,0.7619999999999999,0.508
2008,362,0.254,0.508,0.254
2008,363,0.0,0.7619999999999999,0.508
2008,364,0.508,2.2859999999999996,1.27
2008,365,0.7619999999999999,1.016,0.7619999999999999
2008,366,1.016,1.016,0.508
2009,1,0.7619999999999999,1.5239999999999998,1.016
2009,2,1.27,2.54,1.5239999999999998
2009,3,1.016,1.016,0.508
2009,4,1.016,0.508,0.254
2009,5,0.254,0.254,0.254
2009,6,0.0,0.508,0.254
2009,7,0.0,1.5239999999999998,1.016
2009,8,1.016,2.2859999999999996,1.5239999999999998
2009,9,1.27,1.27,0.7619999999999999
2009,10,1.27,1.5239999999999998,1.016
2009,11,1.016,1.778,1.016
2009,12,1.016,1.5239999999999998,1.016
2009,13,1.27,2.032,1.27
2009,14,1.016,0.7619999999999999,0.508
2009,15,0.7619999999999999,0.254,0.254
2009,16,0.508,0.254,0.254
2009,17,0.254,0.254,0.254
2009,18,0.254,0.254,0.254
2009,19,0.254,0.254,0.254
2009,20,0.7619999999999999,1.016,0.508
2009,21,0.254,0.508,0.254
2009,22,0.254,0.508,0.508
2009,23,0.0,0.254,0.254
2009,24,0.0,0.254,0.254
2009,25,0.254,0.254,0.254
2009,26,0.7619999999999999,0.254,0.254
2009,27,0.7619999999999999,0.508,0.508
2009,28,0.508,0.7619999999999999,0.508
2009,29,0.7619999999999999,1.27,1.016
2009,30,0.7619999999999999,0.7619999999999999,0.508
2009,31,0.7619999999999999,0.7619999999999999,0.508
2009,32,0.7619999999999999,0.7619999999999999,0.508
2009,33,1.016,1.27,0.7619999999999999
2009,34,1.27,1.5239999999999998,1.016
2009,35,1.778,2.032,1.27
2009,36,0.7619999999999999,1.5239999999999998,1.016
2009,37,1.016,1.27,1.016
2009,38,0.7619999999999999,0.508,0.508
2009,39,0.7619999999999999,0.7619999999999999,0.508
2009,40,0.7619999999999999,0.7619999999999999,0.7619999999999999
2009,41,1.778,2.032,1.27
2009,42,0.7619999999999999,0.7619999999999999,0.7619999999999999
2009,43,0.7619999999999999,0.7619999999999999,0.7619999999999999
2009,44,1.27,1.016,0.7619999999999999
2009,45,1.016,1.016,0.7619999999999999
2009,46,1.27,1.27,1.016
2009,47,0.7619999999999999,1.27,0.7619999999999999
2009,48,0.7619999999999999,1.27,0.7619999999999999
2009,49,2.032,2.2859999999999996,1.5239999999999998
2009,50,1.5239999999999998,1.778,1.27
2009,51,1.778,2.032,1.5239999999999998
2009,52,1.778,1.5239999999999998,1.27
2009,53,1.016,1.27,1.016
2009,54,1.016,1.5239999999999998,1.27
2009,55,1.5239999999999998,2.2859999999999996,1.5239999999999998
2009,56,1.5239999999999998,1.778,1.27
2009,57,2.032,2.54,1.5239999999999998
2009,58,2.2859999999999996,1.778,1.27
2009,59,2.2859999999999996,1.778,1.27
2009,60,1.778,2.54,1.5239999999999998
2009,61,1.016,2.2859999999999996,1.5239999999999998
2009,62,2.032,2.794,2.032
2009,63,1.5239999999999998,1.5239999999999998,1.27
2009,64,2.794,3.0479999999999996,2.032
2009,65,1.778,1.5239999999999998,1.016
2009,66,2.2859999999999996,2.2859999999999996,1.5239999999999998
2009,67,1.27,1.778,1.27
2009,68,1.27,1.5239999999999998,1.016
2009,69,1.27,1.5239999999999998,1.016
2009,70,2.032,2.032,1.5239999999999998
2009,71,2.032,2.032,1.778
2009,72,2.2859999999999996,2.54,2.032
2009,73,2.54,3.8099999999999996,2.54
2009,74,1.778,3.0479999999999996,2.032
2009,75,2.032,4.3180000000000005,2.794
2009,76,2.54,2.54,2.032
2009,77,3.302,3.302,2.54
2009,78,3.556,4.3180000000000005,3.0479999999999996
2009,79,3.8099999999999996,4.826,3.556
2009,80,3.0479999999999996,4.064,3.0479999999999996
2009,81,2.032,1.778,1.27
2009,82,4.571999999999999,3.8099999999999996,2.54
2009,83,3.302,3.556,2.2859999999999996
2009,84,1.778,1.778,1.27
2009,85,3.302,3.0479999999999996,2.2859999999999996
2009,86,3.0479999999999996,3.556,2.54
2009,87,3.0479999999999996,4.064,3.0479999999999996
2009,88,4.3180000000000005,4.3180000000000005,2.794
2009,89,4.3180000000000005,4.3180000000000005,3.0479999999999996
2009,90,2.794,3.302,2.2859999999999996
2009,91,3.8099999999999996,3.556,2.54
2009,92,1.5239999999999998,2.032,1.5239999999999998
2009,93,3.302,2.54,2.032
2009,94,3.8099999999999996,4.064,3.0479999999999996
2009,95,4.571999999999999,5.08,3.8099999999999996
2009,96,4.826,5.842,4.3180000000000005
2009,97,5.588,7.619999999999999,5.08
2009,98,2.2859999999999996,3.556,2.2859999999999996
2009,99,4.064,3.8099999999999996,2.794
2009,100,3.0479999999999996,3.0479999999999996,2.54
2009,101,2.794,2.794,2.2859999999999996
2009,102,5.08,5.334,3.8099999999999996
2009,103,4.064,4.3180000000000005,3.556
2009,104,2.794,2.794,2.032
2009,105,2.032,1.27,1.016
2009,106,2.54,2.54,2.032
2009,107,4.064,4.826,3.8099999999999996
2009,108,4.826,5.334,4.064
2009,109,5.334,6.095999999999999,4.571999999999999
2009,110,5.588,6.604,5.08
2009,111,5.842,6.858,5.334
2009,112,5.588,6.604,5.08
2009,113,5.588,5.842,4.3180000000000005
2009,114,5.334,5.08,3.556
2009,115,6.35,5.842,4.3180000000000005
2009,116,4.826,4.826,3.556
2009,117,4.3180000000000005,5.08,3.556
2009,118,3.302,3.0479999999999996,2.54
2009,119,4.064,3.8099999999999996,3.0479999999999996
2009,120,4.571999999999999,4.3180000000000005,3.302
2009,121,2.794,3.0479999999999996,2.2859999999999996
2009,122,3.556,3.556,2.794
2009,123,2.794,3.0479999999999996,2.54
2009,124,3.556,3.302,2.794
2009,125,5.08,5.588,4.3180000000000005
2009,126,3.8099999999999996,4.064,3.302
2009,127,5.08,4.826,3.556
2009,128,5.842,5.08,4.064
2009,129,6.095999999999999,5.842,4.571999999999999
2009,130,5.842,6.095999999999999,4.826
2009,131,6.35,6.858,5.334
2009,132,6.858,6.35,4.571999999999999
2009,133,5.842,5.334,4.064
2009,134,4.571999999999999,4.826,3.556
2009,135,5.842,5.842,4.571999999999999
2009,136,6.35,6.604,5.334
2009,137,7.112,7.619999999999999,6.095999999999999
2009,138,8.128,9.652,7.365999999999999
2009,139,7.365999999999999,9.652,6.604
2009,140,8.889999999999999,7.874,5.842
2009,141,7.619999999999999,6.858,5.588
2009,142,7.365999999999999,7.365999999999999,5.842
2009,143,6.35,7.112,5.08
2009,144,7.619999999999999,7.874,5.842
2009,145,6.604,6.095999999999999,5.08
2009,146,7.112,6.858,5.588
2009,147,8.128,8.382,6.35
2009,148,7.874,7.874,6.35
2009,149,8.128,8.636000000000001,6.604
2009,150,7.112,7.112,5.588
2009,151,6.604,6.35,5.08
2009,152,4.826,4.3180000000000005,3.556
2009,153,5.08,4.571999999999999,3.556
2009,154,6.095999999999999,5.842,4.826
2009,155,6.858,7.365999999999999,5.588
2009,156,4.826,4.826,3.556
2009,157,3.556,2.794,2.2859999999999996
2009,158,5.842,5.08,4.064
2009,159,6.35,5.842,4.826
2009,160,5.842,5.842,4.826
2009,161,5.588,5.588,4.3180000000000005
2009,162,3.556,3.0479999999999996,2.794
2009,163,5.842,5.334,4.571999999999999
2009,164,3.556,3.302,3.0479999999999996
2009,165,3.8099999999999996,3.556,3.0479999999999996
2009,166,4.3180000000000005,3.8099999999999996,3.302
2009,167,6.35,6.095999999999999,5.334
2009,168,6.35,5.842,4.826
2009,169,8.382,8.128,6.095999999999999
2009,170,7.112,7.112,5.334
2009,171,3.0479999999999996,2.54,2.2859999999999996
2009,172,3.302,2.54,2.2859999999999996
2009,173,6.604,5.588,4.826
2009,174,6.604,6.35,5.334
2009,175,7.365999999999999,7.619999999999999,6.35
2009,176,7.874,8.382,6.35
2009,177,9.143999999999998,9.143999999999998,6.858
2009,178,9.398,8.636000000000001,6.858
2009,179,8.636000000000001,7.874,6.604
2009,180,8.382,7.874,6.604
2009,181,7.874,7.874,6.095999999999999
2009,182,8.889999999999999,8.636000000000001,6.858
2009,183,7.874,7.619999999999999,5.842
2009,184,7.619999999999999,7.112,5.842
2009,185,7.874,7.365999999999999,6.35
2009,186,8.128,7.874,6.095999999999999
2009,187,9.143999999999998,8.636000000000001,6.858
2009,188,8.382,7.619999999999999,6.095999999999999
2009,189,8.889999999999999,8.128,6.35
2009,190,7.874,7.365999999999999,5.842
2009,191,8.636000000000001,8.382,6.604
2009,192,7.112,7.365999999999999,5.842
2009,193,8.636000000000001,9.143999999999998,7.112
2009,194,8.889999999999999,7.874,6.095999999999999
2009,195,8.128,7.365999999999999,5.842
2009,196,8.382,7.874,6.35
2009,197,8.382,8.382,6.858
2009,198,8.382,8.128,6.604
2009,199,8.889999999999999,8.889999999999999,7.112
2009,200,9.906,10.413999999999998,7.874
2009,201,10.668,10.413999999999998,7.619999999999999
2009,202,9.143999999999998,8.636000000000001,6.858
2009,203,8.889999999999999,8.636000000000001,6.858
2009,204,8.636000000000001,8.889999999999999,6.604
2009,205,7.874,7.619999999999999,6.095999999999999
2009,206,7.365999999999999,6.858,5.588
2009,207,9.143999999999998,8.889999999999999,7.112
2009,208,9.143999999999998,8.636000000000001,6.604
2009,209,8.889999999999999,8.636000000000001,6.604
2009,210,8.889999999999999,8.636000000000001,6.604
2009,211,8.128,7.874,6.095999999999999
2009,212,8.889999999999999,9.398,7.112
2009,213,8.128,7.874,6.35
2009,214,7.874,8.128,6.35
2009,215,8.128,8.382,6.35
2009,216,7.365999999999999,7.112,5.842
2009,217,7.112,7.112,5.334
2009,218,7.112,6.35,4.826
2009,219,5.334,4.064,3.556
2009,220,4.571999999999999,3.8099999999999996,3.0479999999999996
2009,221,5.842,5.588,4.826
2009,222,6.604,7.112,5.588
2009,223,7.365999999999999,7.874,6.095999999999999
2009,224,7.365999999999999,7.619999999999999,5.842
2009,225,6.604,6.604,5.08
2009,226,7.619999999999999,7.112,5.334
2009,227,8.128,7.112,5.334
2009,228,6.858,6.604,5.08
2009,229,6.095999999999999,6.095999999999999,4.826
2009,230,6.604,6.858,5.08
2009,231,6.35,6.858,5.588
2009,232,7.619999999999999,8.382,6.35
2009,233,7.365999999999999,7.874,6.095999999999999
2009,234,6.095999999999999,6.35,4.826
2009,235,3.0479999999999996,3.302,2.2859999999999996
2009,236,5.842,5.588,4.571999999999999
2009,237,6.35,6.35,5.08
2009,238,6.858,7.365999999999999,5.588
2009,239,7.112,7.874,5.842
2009,240,7.112,7.874,5.842
2009,241,4.826,5.334,3.8099999999999996
2009,242,5.588,5.08,4.064
2009,243,5.842,5.588,4.571999999999999
2009,244,6.35,6.858,5.08
2009,245,5.842,6.35,4.826
2009,246,6.095999999999999,6.604,5.08
2009,247,5.588,6.095999999999999,4.571999999999999
2009,248,5.842,6.858,4.826
2009,249,6.35,6.604,4.826
2009,250,5.842,5.588,4.064
2009,251,5.588,5.08,3.8099999999999996
2009,252,5.842,6.095999999999999,4.571999999999999
2009,253,5.588,6.35,4.571999999999999
2009,254,5.08,5.842,4.3180000000000005
2009,255,6.604,7.619999999999999,5.334
2009,256,5.334,6.35,4.571999999999999
2009,257,4.3180000000000005,4.826,3.302
2009,258,4.3180000000000005,4.064,3.556
2009,259,6.095999999999999,6.604,4.826
2009,260,6.095999999999999,7.112,5.08
2009,261,5.334,5.842,4.3180000000000005
2009,262,5.334,6.095999999999999,4.3180000000000005
2009,263,7.112,6.604,4.571999999999999
2009,264,5.588,5.334,3.8099999999999996
2009,265,4.571999999999999,4.826,3.556
2009,266,5.08,6.095999999999999,4.3180000000000005
2009,267,5.08,6.35,4.571999999999999
2009,268,5.334,6.095999999999999,4.3180000000000005
2009,269,6.095999999999999,7.619999999999999,5.08
2009,270,6.35,7.365999999999999,5.08
2009,271,8.128,9.906,6.35
2009,272,3.8099999999999996,5.334,3.302
2009,273,5.842,4.3180000000000005,2.794
2009,274,4.3180000000000005,3.556,2.54
2009,275,3.302,3.302,2.54
2009,276,3.8099999999999996,4.571999999999999,3.0479999999999996
2009,277,1.016,0.7619999999999999,0.7619999999999999
2009,278,1.016,1.016,0.7619999999999999
2009,279,2.032,1.778,1.5239999999999998
2009,280,2.2859999999999996,2.794,2.032
2009,281,2.032,2.54,1.778
2009,282,3.556,3.8099999999999996,2.54
2009,283,2.54,2.54,1.778
2009,284,2.2859999999999996,2.2859999999999996,1.778
2009,285,3.0479999999999996,3.556,2.54
2009,286,3.0479999999999996,4.826,3.0479999999999996
2009,287,3.302,4.826,3.302
2009,288,2.54,2.794,2.032
2009,289,2.794,3.0479999999999996,2.2859999999999996
2009,290,4.3180000000000005,5.334,3.556
2009,291,2.2859999999999996,2.794,2.2859999999999996
2009,292,1.778,1.778,1.27
2009,293,2.032,1.778,1.27
2009,294,1.778,1.5239999999999998,1.27
2009,295,2.2859999999999996,2.2859999999999996,1.5239999999999998
2009,296,2.032,2.54,1.778
2009,297,2.2859999999999996,2.2859999999999996,1.5239999999999998
2009,298,2.54,2.2859999999999996,1.5239999999999998
2009,299,3.302,4.3180000000000005,2.794
2009,300,2.54,2.032,1.27
2009,301,2.54,2.2859999999999996,1.5239999999999998
2009,302,2.032,1.778,1.27
2009,303,2.032,2.54,1.778
2009,304,1.5239999999999998,2.54,1.778
2009,305,1.778,2.2859999999999996,1.5239999999999998
2009,306,1.778,1.778,1.27
2009,307,1.778,2.032,1.27
2009,308,3.8099999999999996,5.08,3.0479999999999996
2009,309,2.2859999999999996,4.064,2.54
2009,310,2.2859999999999996,3.556,2.2859999999999996
2009,311,1.27,1.27,0.7619999999999999
2009,312,1.778,1.778,1.27
2009,313,2.794,3.8099999999999996,2.2859999999999996
2009,314,1.27,2.2859999999999996,1.5239999999999998
2009,315,1.016,1.778,1.27
2009,316,1.016,0.7619999999999999,0.508
2009,317,1.27,1.27,0.7619999999999999
2009,318,1.27,1.016,0.7619999999999999
2009,319,1.27,1.5239999999999998,1.016
2009,320,2.2859999999999996,3.0479999999999996,2.032
2009,321,2.54,4.571999999999999,2.54
2009,322,1.27,1.778,1.016
2009,323,1.5239999999999998,2.2859999999999996,1.27
2009,324,2.2859999999999996,3.556,2.2859999999999996
2009,325,1.27,1.5239999999999998,1.016
2009,326,0.7619999999999999,1.016,0.7619999999999999
2009,327,1.27,1.27,1.016
2009,328,0.7619999999999999,1.016,0.7619999999999999
2009,329,1.016,1.5239999999999998,1.016
2009,330,1.5239999999999998,2.2859999999999996,1.5239999999999998
2009,331,0.508,1.016,0.7619999999999999
2009,332,0.508,0.254,0.254
2009,333,0.7619999999999999,1.016,0.508
2009,334,1.016,1.27,0.7619999999999999
2009,335,0.7619999999999999,1.27,0.7619999999999999
2009,336,1.016,1.5239999999999998,1.016
2009,337,1.016,1.27,0.7619999999999999
2009,338,1.016,1.27,0.7619999999999999
2009,339,0.254,0.254,0.254
2009,340,0.508,0.508,0.254
2009,341,0.508,0.508,0.254
2009,342,0.508,0.508,0.254
2009,343,0.508,0.508,0.254
2009,344,0.508,0.508,0.254
2009,345,0.254,0.7619999999999999,0.508
2009,346,0.0,0.7619999999999999,0.508
2009,347,0.0,0.254,0.254
2009,348,0.254,1.016,0.508
2009,349,0.254,0.254,0.254
2009,350,0.0,0.254,0.254
2009,351,0.254,0.7619999999999999,0.508
2009,352,0.508,0.508,0.254
2009,353,0.508,0.254,0.254
2009,354,0.508,0.508,0.254
2009,355,0.254,0.508,0.508
2009,356,0.7619999999999999,1.016,0.7619999999999999
2009,357,1.27,1.5239999999999998,1.016
2009,358,0.508,0.508,0.254
2009,359,0.254,0.254,0.254
2009,360,0.508,0.508,0.254
2009,361,0.508,0.7619999999999999,0.508
2009,362,0.508,0.7619999999999999,0.508
2009,363,0.254,0.508,0.254
2009,364,0.0,0.508,0.254
2009,365,0.508,1.016,0.7619999999999999
2010,1,0.0,0.7619999999999999,0.508
2010,2,0.508,1.016,0.508
2010,3,0.508,0.254,0.254
2010,4,0.7619999999999999,0.508,0.508
2010,5,0.0,0.7619999999999999,0.508
2010,6,0.7619999999999999,1.27,1.016
2010,7,1.27,1.27,0.7619999999999999
2010,8,1.27,1.27,0.7619999999999999
2010,9,0.254,0.7619999999999999,0.508
2010,10,0.508,1.016,0.7619999999999999
2010,11,0.7619999999999999,1.016,0.7619999999999999
2010,12,0.7619999999999999,1.778,1.27
2010,13,0.508,0.7619999999999999,0.508
2010,14,0.7619999999999999,1.27,0.7619999999999999
2010,15,0.7619999999999999,0.7619999999999999,0.508
2010,16,0.7619999999999999,1.016,0.508
2010,17,1.016,1.27,0.7619999999999999
2010,18,0.7619999999999999,1.5239999999999998,1.016
2010,19,1.016,1.778,1.27
2010,20,1.016,1.27,0.7619999999999999
2010,21,1.016,1.5239999999999998,1.016
2010,22,0.7619999999999999,1.016,0.7619999999999999
2010,23,1.016,1.27,1.016
2010,24,1.27,1.778,1.27
2010,25,0.7619999999999999,1.016,0.7619999999999999
2010,26,0.508,0.508,0.508
2010,27,0.254,0.508,0.254
2010,28,0.508,0.508,0.508
2010,29,1.016,0.7619999999999999,0.508
2010,30,0.7619999999999999,0.7619999999999999,0.508
2010,31,0.508,0.508,0.508
2010,32,1.016,0.7619999999999999,0.7619999999999999
2010,33,0.7619999999999999,0.7619999999999999,0.508
2010,34,0.7619999999999999,1.016,0.7619999999999999
2010,35,0.7619999999999999,0.7619999999999999,0.508
2010,36,0.508,0.7619999999999999,0.508
2010,37,1.016,0.7619999999999999,0.7619999999999999
2010,38,1.016,1.016,0.7619999999999999
2010,39,0.7619999999999999,0.7619999999999999,0.508
2010,40,1.27,1.016,0.7619999999999999
2010,41,0.7619999999999999,1.016,0.7619999999999999
2010,42,1.016,1.016,0.7619999999999999
2010,43,1.016,1.5239999999999998,1.27
2010,44,1.016,1.5239999999999998,1.016
2010,45,1.27,1.016,0.7619999999999999
2010,46,0.508,0.7619999999999999,0.508
2010,47,0.7619999999999999,0.7619999999999999,0.7619999999999999
2010,48,0.7619999999999999,1.016,0.7619999999999999
2010,49,1.5239999999999998,1.5239999999999998,1.016
2010,50,2.032,1.778,1.27
2010,51,2.032,1.778,1.27
2010,52,1.778,1.5239999999999998,1.016
2010,53,1.5239999999999998,1.778,1.27
2010,54,1.778,2.032,1.5239999999999998
2010,55,0.508,0.7619999999999999,0.7619999999999999
2010,56,1.27,1.778,1.27
2010,57,1.778,1.778,1.27
2010,58,1.27,1.778,1.27
2010,59,0.7619999999999999,1.27,1.016
2010,60,2.032,2.032,1.5239999999999998
2010,61,2.2859999999999996,2.2859999999999996,1.5239999999999998
2010,62,2.032,2.54,1.778
2010,63,1.27,1.778,1.27
2010,64,2.032,2.032,1.5239999999999998
2010,65,2.2859999999999996,2.2859999999999996,1.5239999999999998
2010,66,2.032,2.54,2.032
2010,67,2.2859999999999996,2.54,2.032
2010,68,2.54,2.2859999999999996,1.5239999999999998
2010,69,2.54,2.794,1.778
2010,70,3.0479999999999996,3.556,2.54
2010,71,2.032,2.794,2.032
2010,72,1.778,2.032,1.27
2010,73,2.54,2.794,2.032
2010,74,2.794,3.302,2.2859999999999996
2010,75,3.302,4.3180000000000005,3.0479999999999996
2010,76,2.2859999999999996,3.0479999999999996,2.2859999999999996
2010,77,3.8099999999999996,4.064,2.794
2010,78,3.556,3.8099999999999996,2.794
2010,79,3.556,4.3180000000000005,3.0479999999999996
2010,80,3.302,5.08,3.302
2010,81,2.54,2.54,1.778
2010,82,3.556,3.556,2.54
2010,83,3.302,4.064,3.0479999999999996
2010,84,2.54,3.302,2.2859999999999996
2010,85,3.302,3.302,2.2859999999999996
2010,86,3.556,3.8099999999999996,2.794
2010,87,4.064,5.842,4.064
2010,88,1.778,4.571999999999999,3.0479999999999996
2010,89,2.032,2.2859999999999996,1.5239999999999998
2010,90,2.2859999999999996,2.032,1.5239999999999998
2010,91,3.302,2.794,2.032
2010,92,3.0479999999999996,3.302,2.2859999999999996
2010,93,3.0479999999999996,2.54,2.032
2010,94,2.794,3.0479999999999996,2.2859999999999996
2010,95,1.27,1.5239999999999998,1.27
2010,96,4.571999999999999,4.3180000000000005,3.0479999999999996
2010,97,3.8099999999999996,3.8099999999999996,3.0479999999999996
2010,98,4.3180000000000005,5.588,3.8099999999999996
2010,99,4.3180000000000005,4.3180000000000005,3.0479999999999996
2010,100,4.826,5.842,4.064
2010,101,2.54,4.826,3.302
2010,102,2.032,2.54,2.032
2010,103,3.556,3.556,2.54
2010,104,4.064,4.571999999999999,3.556
2010,105,5.842,7.619999999999999,5.334
2010,106,4.826,7.365999999999999,4.826
2010,107,4.826,5.588,4.3180000000000005
2010,108,5.588,5.842,4.571999999999999
2010,109,6.35,7.619999999999999,5.588
2010,110,6.858,9.398,6.35
2010,111,2.032,1.5239999999999998,1.27
2010,112,1.5239999999999998,1.016,1.016
2010,113,5.842,5.08,3.8099999999999996
2010,114,5.334,5.588,4.3180000000000005
2010,115,6.095999999999999,5.842,4.064
2010,116,5.08,5.842,4.3180000000000005
2010,117,2.54,4.3180000000000005,3.0479999999999996
2010,118,3.556,2.54,2.032
2010,119,4.826,3.556,2.54
2010,120,5.588,4.826,3.302
2010,121,4.3180000000000005,4.064,3.0479999999999996
2010,122,5.842,5.588,4.064
2010,123,5.588,7.112,4.826
2010,124,6.35,5.334,3.8099999999999996
2010,125,5.334,4.826,3.556
2010,126,5.842,4.826,3.556
2010,127,5.08,4.826,3.8099999999999996
2010,128,4.826,5.334,3.8099999999999996
2010,129,4.826,4.826,4.064
2010,130,3.556,3.556,2.794
2010,131,2.2859999999999996,2.2859999999999996,1.778
2010,132,4.3180000000000005,4.064,3.302
2010,133,5.08,5.08,4.3180000000000005
2010,134,5.842,5.842,4.826
2010,135,6.095999999999999,6.35,5.08
2010,136,6.35,7.112,5.588
2010,137,7.619999999999999,9.398,6.35
2010,138,4.3180000000000005,4.064,3.302
2010,139,7.112,6.604,5.334
2010,140,6.095999999999999,5.08,4.064
2010,141,4.3180000000000005,4.064,3.0479999999999996
2010,142,4.064,2.794,2.2859999999999996
2010,143,4.3180000000000005,3.556,3.0479999999999996
2010,144,6.095999999999999,5.334,4.064
2010,145,5.08,5.334,4.064
2010,146,4.826,5.08,3.8099999999999996
2010,147,3.302,3.0479999999999996,2.794
2010,148,2.032,1.5239999999999998,1.27
2010,149,6.35,5.334,4.064
2010,150,5.588,5.334,4.571999999999999
2010,151,4.571999999999999,4.571999999999999,3.8099999999999996
2010,152,3.8099999999999996,3.8099999999999996,3.302
2010,153,4.064,4.064,3.556
2010,154,3.556,3.302,2.794
2010,155,2.2859999999999996,2.2859999999999996,2.032
2010,156,4.3180000000000005,4.064,3.556
2010,157,4.3180000000000005,4.064,3.556
2010,158,4.3180000000000005,4.064,3.302
2010,159,6.095999999999999,5.842,4.826
2010,160,5.334,5.334,4.3180000000000005
2010,161,7.112,5.842,4.571999999999999
2010,162,6.095999999999999,5.08,4.3180000000000005
2010,163,3.8099999999999996,3.556,2.794
2010,164,6.35,6.095999999999999,5.08
2010,165,7.874,7.874,6.35
2010,166,6.604,6.604,5.08
2010,167,6.095999999999999,5.334,3.8099999999999996
2010,168,7.619999999999999,6.35,5.08
2010,169,7.874,7.619999999999999,5.842
2010,170,6.858,7.365999999999999,5.842
2010,171,6.858,6.604,5.08
2010,172,7.112,6.095999999999999,5.08
2010,173,8.636000000000001,8.382,6.35
2010,174,8.636000000000001,8.889999999999999,6.604
2010,175,6.858,7.112,5.588
2010,176,7.365999999999999,7.365999999999999,5.588
2010,177,9.398,9.143999999999998,7.112
2010,178,9.652,9.652,7.365999999999999
2010,179,9.906,10.16,7.874
2010,180,7.619999999999999,7.619999999999999,5.588
2010,181,9.143999999999998,8.636000000000001,6.858
2010,182,8.889999999999999,8.128,6.604
2010,183,9.398,8.636000000000001,6.604
2010,184,9.652,8.128,6.095999999999999
2010,185,9.652,9.143999999999998,6.858
2010,186,9.398,9.143999999999998,6.858
2010,187,7.874,7.112,5.842
2010,188,9.143999999999998,8.889999999999999,6.858
2010,189,8.889999999999999,9.143999999999998,7.112
2010,190,6.858,6.858,5.334
2010,191,8.128,7.874,6.35
2010,192,9.398,9.398,7.112
2010,193,9.652,9.398,7.365999999999999
2010,194,10.668,10.16,7.619999999999999
2010,195,8.889999999999999,7.619999999999999,6.095999999999999
2010,196,9.143999999999998,8.636000000000001,6.858
2010,197,8.636000000000001,8.889999999999999,7.112
2010,198,8.889999999999999,9.398,7.365999999999999
2010,199,9.398,9.398,7.365999999999999
2010,200,11.176,10.921999999999999,8.128
2010,201,8.889999999999999,8.128,6.604
2010,202,7.619999999999999,7.365999999999999,5.588
2010,203,9.398,9.398,7.112
2010,204,10.16,10.16,7.619999999999999
2010,205,9.143999999999998,8.889999999999999,6.858
2010,206,7.874,7.619999999999999,6.095999999999999
2010,207,6.35,6.604,4.826
2010,208,7.112,6.858,5.334
2010,209,6.604,6.35,5.08
2010,210,5.842,5.334,4.3180000000000005
2010,211,6.858,6.858,5.334
2010,212,9.652,10.413999999999998,7.619999999999999
2010,213,8.636000000000001,8.636000000000001,6.604
2010,214,8.128,7.619999999999999,6.095999999999999
2010,215,8.889999999999999,9.143999999999998,6.858
2010,216,8.636000000000001,8.382,6.604
2010,217,7.112,7.365999999999999,5.334
2010,218,7.365999999999999,7.874,5.588
2010,219,7.112,6.858,5.334
2010,220,6.604,6.35,5.08
2010,221,5.588,5.588,4.3180000000000005
2010,222,7.619999999999999,7.619999999999999,6.095999999999999
2010,223,6.35,6.35,4.571999999999999
2010,224,7.112,6.604,5.08
2010,225,7.112,7.112,5.588
2010,226,8.636000000000001,8.889999999999999,6.35
2010,227,8.128,8.889999999999999,6.604
2010,228,6.858,7.112,5.842
2010,229,7.365999999999999,7.619999999999999,5.842
2010,230,8.382,8.889999999999999,6.604
2010,231,7.365999999999999,7.365999999999999,5.842
2010,232,7.365999999999999,7.365999999999999,5.588
2010,233,6.35,6.604,5.08
2010,234,5.08,5.08,3.8099999999999996
2010,235,6.858,6.095999999999999,4.826
2010,236,6.858,6.858,5.08
2010,237,7.112,7.874,5.842
2010,238,7.365999999999999,8.636000000000001,6.35
2010,239,8.636000000000001,8.889999999999999,6.35
2010,240,5.842,5.334,4.064
2010,241,5.334,4.571999999999999,3.556
2010,242,5.08,4.826,3.8099999999999996
2010,243,4.826,4.826,3.8099999999999996
2010,244,5.588,6.095999999999999,4.571999999999999
2010,245,5.842,6.35,4.826
2010,246,6.35,7.112,5.334
2010,247,6.35,6.858,5.334
2010,248,7.874,7.365999999999999,5.08
2010,249,5.334,4.826,3.8099999999999996
2010,250,6.35,6.858,4.826
2010,251,4.571999999999999,5.334,3.8099999999999996
2010,252,3.302,3.0479999999999996,2.2859999999999996
2010,253,5.08,4.826,3.8099999999999996
2010,254,4.826,5.08,4.064
2010,255,5.334,6.35,4.571999999999999
2010,256,4.826,5.334,4.064
2010,257,4.571999999999999,5.08,3.556
2010,258,5.334,5.588,4.3180000000000005
2010,259,4.826,5.588,4.064
2010,260,5.334,6.095999999999999,4.571999999999999
2010,261,5.334,6.095999999999999,4.3180000000000005
2010,262,5.588,6.095999999999999,4.3180000000000005
2010,263,5.08,4.826,3.556
2010,264,4.826,4.826,3.556
2010,265,4.571999999999999,4.826,3.302
2010,266,4.826,5.334,3.8099999999999996
2010,267,4.571999999999999,4.826,3.556
2010,268,4.826,5.842,4.064
2010,269,4.826,5.588,4.064
2010,270,4.826,5.588,4.064
2010,271,5.08,6.095999999999999,4.3180000000000005
2010,272,4.826,5.588,3.8099999999999996
2010,273,5.842,7.112,4.826
2010,274,5.334,6.604,4.571999999999999
2010,275,5.08,6.095999999999999,4.064
2010,276,4.3180000000000005,5.842,3.8099999999999996
2010,277,2.2859999999999996,2.032,1.778
2010,278,2.032,1.5239999999999998,1.27
2010,279,3.302,3.8099999999999996,2.794
2010,280,2.2859999999999996,3.0479999999999996,2.032
2010,281,2.794,2.794,2.032
2010,282,2.54,2.54,2.032
2010,283,2.794,3.302,2.54
2010,284,3.8099999999999996,3.8099999999999996,2.794
2010,285,3.302,3.0479999999999996,2.2859999999999996
2010,286,4.064,4.571999999999999,3.0479999999999996
2010,287,3.8099999999999996,5.08,3.302
2010,288,2.794,3.8099999999999996,2.54
2010,289,2.54,3.302,2.2859999999999996
2010,290,2.54,3.0479999999999996,2.032
2010,291,3.302,3.302,2.2859999999999996
2010,292,3.302,3.556,2.2859999999999996
2010,293,3.8099999999999996,4.826,3.0479999999999996
2010,294,2.794,3.302,2.2859999999999996
2010,295,3.0479999999999996,4.3180000000000005,2.794
2010,296,1.27,1.778,1.27
2010,297,1.27,2.032,1.27
2010,298,3.0479999999999996,2.794,1.778
2010,299,1.778,1.778,1.27
2010,300,2.2859999999999996,2.54,1.778
2010,301,2.54,3.556,2.2859999999999996
2010,302,1.5239999999999998,2.2859999999999996,1.5239999999999998
2010,303,1.016,1.5239999999999998,1.016
2010,304,1.5239999999999998,2.032,1.5239999999999998
2010,305,2.032,2.2859999999999996,1.5239999999999998
2010,306,1.778,2.032,1.5239999999999998
2010,307,3.302,4.3180000000000005,2.794
2010,308,3.0479999999999996,4.571999999999999,2.794
2010,309,2.2859999999999996,3.0479999999999996,2.032
2010,310,2.54,3.8099999999999996,2.2859999999999996
2010,311,2.2859999999999996,3.556,2.2859999999999996
2010,312,2.032,1.5239999999999998,1.016
2010,313,2.2859999999999996,2.032,1.27
2010,314,0.7619999999999999,0.508,0.508
2010,315,0.7619999999999999,1.016,0.7619999999999999
2010,316,1.016,1.27,1.016
2010,317,1.016,1.27,1.016
2010,318,0.508,1.016,0.7619999999999999
2010,319,1.778,2.54,1.5239999999999998
2010,320,2.032,2.2859999999999996,1.5239999999999998
2010,321,1.5239999999999998,2.032,1.27
2010,322,3.556,5.588,3.556
2010,323,1.016,1.016,0.7619999999999999
2010,324,0.7619999999999999,0.7619999999999999,0.508
2010,325,0.7619999999999999,0.7619999999999999,0.508
2010,326,1.016,1.27,0.7619999999999999
2010,327,1.778,1.5239999999999998,1.016
2010,328,1.016,0.7619999999999999,0.508
2010,329,0.7619999999999999,0.7619999999999999,0.508
2010,330,0.7619999999999999,1.016,0.508
2010,331,0.254,0.7619999999999999,0.508
2010,332,1.016,1.27,1.016
2010,333,0.7619999999999999,0.7619999999999999,0.508
2010,334,0.508,0.508,0.254
2010,335,0.0,0.254,0.254
2010,336,0.254,1.016,0.7619999999999999
2010,337,0.254,0.508,0.508
2010,338,0.254,0.254,0.254
2010,339,0.508,0.7619999999999999,0.508
2010,340,0.508,1.016,0.7619999999999999
2010,341,0.508,0.508,0.508
2010,342,0.7619999999999999,1.27,0.7619999999999999
2010,343,0.254,0.7619999999999999,0.508
2010,344,0.7619999999999999,1.27,0.7619999999999999
2010,345,0.508,0.508,0.508
2010,346,0.508,1.016,0.508
2010,347,0.508,1.016,0.508
2010,348,0.7619999999999999,1.5239999999999998,1.016
2010,349,1.016,1.016,0.508
2010,350,1.016,0.7619999999999999,0.508
2010,351,1.016,1.27,0.7619999999999999
2010,352,0.508,1.016,0.7619999999999999
2010,353,0.254,1.27,0.7619999999999999
2010,354,0.254,0.7619999999999999,0.508
2010,355,0.7619999999999999,1.016,0.7619999999999999
2010,356,0.508,0.508,0.508
2010,357,0.254,0.508,0.254
2010,358,0.508,0.7619999999999999,0.508
2010,359,0.7619999999999999,1.016,0.7619999999999999
2010,360,0.7619999999999999,1.27,0.7619999999999999
2010,361,0.7619999999999999,1.27,0.7619999999999999
2010,362,0.508,0.7619999999999999,0.508
2010,363,1.016,1.27,1.016
2010,364,1.016,0.7619999999999999,0.508
2010,365,0.7619999999999999,0.508,0.254
2011,1,0.508,0.508,0.254
2011,2,0.508,0.7619999999999999,0.508
2011,3,0.254,0.508,0.254
2011,4,0.254,0.508,0.254
2011,5,0.0,0.508,0.254
2011,6,0.508,1.016,0.508
2011,7,0.508,0.7619999999999999,0.508
2011,8,0.508,1.016,0.7619999999999999
2011,9,0.7619999999999999,1.016,0.7619999999999999
2011,10,0.508,0.7619999999999999,0.508
2011,11,0.7619999999999999,0.7619999999999999,0.508
2011,12,0.254,1.016,0.508
2011,13,0.0,0.508,0.508
2011,14,0.0,1.016,0.7619999999999999
2011,15,0.254,1.016,0.7619999999999999
2011,16,0.0,0.7619999999999999,0.508
2011,17,1.5239999999999998,2.2859999999999996,1.5239999999999998
2011,18,1.27,1.27,1.016
2011,19,1.016,0.7619999999999999,0.508
2011,20,1.27,1.016,0.7619999999999999
2011,21,0.508,1.016,0.7619999999999999
2011,22,1.016,1.27,1.016
2011,23,1.27,2.032,1.27
2011,24,0.7619999999999999,0.7619999999999999,0.508
2011,25,0.254,0.254,0.254
2011,26,0.508,0.508,0.508
2011,27,0.7619999999999999,0.7619999999999999,0.508
2011,28,1.016,1.016,0.7619999999999999
2011,29,1.016,0.7619999999999999,0.7619999999999999
2011,30,0.254,0.254,0.254
2011,31,1.27,1.5239999999999998,1.016
2011,32,1.5239999999999998,1.5239999999999998,1.016
2011,33,1.016,1.016,0.7619999999999999
2011,34,1.016,1.27,0.7619999999999999
2011,35,0.508,1.27,0.7619999999999999
2011,36,1.5239999999999998,3.0479999999999996,1.778
2011,37,0.7619999999999999,1.27,0.7619999999999999
2011,38,1.778,2.2859999999999996,1.5239999999999998
2011,39,1.016,1.016,0.7619999999999999
2011,40,1.5239999999999998,1.778,1.27
2011,41,1.5239999999999998,1.5239999999999998,1.27
2011,42,1.27,1.5239999999999998,1.27
2011,43,1.778,2.794,1.778
2011,44,1.5239999999999998,2.794,2.032
2011,45,2.2859999999999996,4.064,2.54
2011,46,3.556,5.842,3.556
2011,47,2.794,4.064,2.54
2011,48,2.032,2.2859999999999996,1.5239999999999998
2011,49,1.27,1.5239999999999998,1.016
2011,50,1.5239999999999998,2.2859999999999996,1.5239999999999998
2011,51,1.016,1.016,0.7619999999999999
2011,52,1.27,1.27,1.016
2011,53,1.778,2.032,1.27
2011,54,1.27,1.778,1.27
2011,55,1.016,1.27,1.016
2011,56,0.7619999999999999,0.508,0.508
2011,57,1.27,0.7619999999999999,0.7619999999999999
2011,58,1.778,1.778,1.27
2011,59,1.27,2.032,1.27
2011,60,1.5239999999999998,2.032,1.5239999999999998
2011,61,0.7619999999999999,1.5239999999999998,1.27
2011,62,1.27,1.778,1.27
2011,63,1.778,2.032,1.5239999999999998
2011,64,1.27,1.778,1.27
2011,65,1.016,1.016,1.016
2011,66,1.016,0.7619999999999999,0.508
2011,67,1.5239999999999998,1.5239999999999998,1.016
2011,68,1.778,2.032,1.5239999999999998
2011,69,1.5239999999999998,3.0479999999999996,2.032
2011,70,2.2859999999999996,2.54,1.778
2011,71,1.778,1.778,1.5239999999999998
2011,72,2.794,3.556,2.54
2011,73,2.032,2.032,1.778
2011,74,1.27,1.778,1.27
2011,75,1.016,1.016,0.7619999999999999
2011,76,2.794,2.794,2.032
2011,77,2.032,2.794,2.032
2011,78,1.778,2.032,1.5239999999999998
2011,79,1.778,2.794,1.778
2011,80,1.5239999999999998,2.54,1.778
2011,81,2.54,2.2859999999999996,1.778
2011,82,2.794,3.0479999999999996,2.2859999999999996
2011,83,2.794,3.556,2.54
2011,84,2.54,3.302,2.2859999999999996
2011,85,2.54,2.794,2.032
2011,86,1.778,1.778,1.27
2011,87,2.54,2.2859999999999996,1.778
2011,88,2.2859999999999996,2.794,2.032
2011,89,2.54,3.556,2.54
2011,90,4.571999999999999,5.842,4.3180000000000005
2011,91,4.3180000000000005,5.588,4.064
2011,92,3.556,4.826,3.302
2011,93,5.08,4.571999999999999,3.0479999999999996
2011,94,3.556,4.3180000000000005,3.0479999999999996
2011,95,2.54,3.556,2.2859999999999996
2011,96,2.794,2.794,2.2859999999999996
2011,97,2.032,1.5239999999999998,1.27
2011,98,2.032,1.5239999999999998,1.27
2011,99,2.032,2.032,1.5239999999999998
2011,100,3.8099999999999996,4.3180000000000005,3.0479999999999996
2011,101,2.54,3.8099999999999996,2.794
2011,102,3.302,3.302,2.794
2011,103,1.778,2.2859999999999996,1.5239999999999998
2011,104,4.571999999999999,4.3180000000000005,3.0479999999999996
2011,105,3.556,3.8099999999999996,3.0479999999999996
2011,106,4.3180000000000005,5.334,3.8099999999999996
2011,107,2.794,2.794,2.2859999999999996
2011,108,2.032,1.5239999999999998,1.5239999999999998
2011,109,5.08,4.571999999999999,3.302
2011,110,3.302,3.302,2.54
2011,111,2.54,2.2859999999999996,1.778
2011,112,4.3180000000000005,4.3180000000000005,3.302
2011,113,4.3180000000000005,4.3180000000000005,3.556
2011,114,2.794,3.302,2.54
2011,115,2.2859999999999996,2.54,2.032
2011,116,5.334,4.571999999999999,3.302
2011,117,5.08,5.08,4.064
2011,118,4.826,5.588,4.064
2011,119,3.8099999999999996,3.302,2.2859999999999996
2011,120,4.826,4.3180000000000005,3.556
2011,121,5.588,5.842,4.3180000000000005
2011,122,5.334,6.095999999999999,4.571999999999999
2011,123,6.095999999999999,6.095999999999999,4.3180000000000005
2011,124,5.842,5.588,4.3180000000000005
2011,125,5.842,6.604,5.08
2011,126,5.588,6.35,4.826
2011,127,2.032,2.032,2.032
2011,128,2.54,2.032,1.778
2011,129,3.0479999999999996,2.54,2.032
2011,130,3.556,3.302,2.794
2011,131,5.334,5.334,4.571999999999999
2011,132,5.588,6.35,5.08
2011,133,6.095999999999999,6.858,5.334
2011,134,6.858,7.619999999999999,5.588
2011,135,7.874,8.382,5.588
2011,136,4.571999999999999,3.556,3.0479999999999996
2011,137,3.0479999999999996,2.2859999999999996,2.032
2011,138,1.778,1.5239999999999998,1.27
2011,139,5.334,5.842,4.571999999999999
2011,140,6.604,7.365999999999999,5.588
2011,141,6.604,6.858,5.334
2011,142,4.826,4.3180000000000005,3.556
2011,143,2.794,2.2859999999999996,2.032
2011,144,7.874,6.858,5.08
2011,145,6.095999999999999,6.35,4.826
2011,146,5.08,4.064,3.302
2011,147,3.8099999999999996,3.302,2.794
2011,148,3.556,3.0479999999999996,2.54
2011,149,3.302,3.0479999999999996,2.2859999999999996
2011,150,5.334,5.08,3.8099999999999996
2011,151,6.604,7.365999999999999,5.334
2011,152,5.842,5.842,4.571999999999999
2011,153,5.842,4.826,3.8099999999999996
2011,154,6.35,5.588,4.571999999999999
2011,155,8.889999999999999,9.652,6.858
2011,156,7.874,8.889999999999999,6.604
2011,157,7.874,7.874,5.842
2011,158,4.3180000000000005,3.8099999999999996,3.0479999999999996
2011,159,4.571999999999999,4.064,3.302
2011,160,7.619999999999999,6.858,5.08
2011,161,6.35,6.095999999999999,4.826
2011,162,4.826,4.826,4.064
2011,163,6.095999999999999,5.842,4.826
2011,164,5.588,5.334,4.3180000000000005
2011,165,7.365999999999999,7.112,5.842
2011,166,8.128,7.619999999999999,5.842
2011,167,8.636000000000001,7.619999999999999,5.588
2011,168,7.365999999999999,6.858,5.588
2011,169,5.842,5.842,4.3180000000000005
2011,170,6.858,6.095999999999999,4.826
2011,171,8.382,8.128,6.35
2011,172,7.874,7.874,6.35
2011,173,8.128,8.636000000000001,6.35
2011,174,9.398,9.652,7.365999999999999
2011,175,9.652,8.889999999999999,6.604
2011,176,8.128,7.365999999999999,5.842
2011,177,8.636000000000001,8.128,6.35
2011,178,9.652,9.906,7.619999999999999
2011,179,8.636000000000001,8.889999999999999,7.112
2011,180,9.398,9.143999999999998,6.858
2011,181,8.128,7.112,5.842
2011,182,8.382,7.365999999999999,6.095999999999999
2011,183,8.636000000000001,8.128,6.604
2011,184,8.382,8.382,6.858
2011,185,8.382,7.874,6.35
2011,186,8.889999999999999,8.382,6.858
2011,187,9.143999999999998,8.636000000000001,6.858
2011,188,8.889999999999999,8.382,6.604
2011,189,9.143999999999998,8.382,6.604
2011,190,7.365999999999999,6.604,5.334
2011,191,8.382,8.128,6.604
2011,192,7.365999999999999,7.365999999999999,6.095999999999999
2011,193,7.874,7.619999999999999,6.095999999999999
2011,194,9.143999999999998,8.636000000000001,6.858
2011,195,7.874,7.112,5.588
2011,196,7.874,7.112,5.842
2011,197,9.143999999999998,9.143999999999998,7.112
2011,198,9.398,9.398,7.365999999999999
2011,199,9.652,9.652,7.365999999999999
2011,200,10.668,10.668,7.874
2011,201,8.636000000000001,7.619999999999999,6.095999999999999
2011,202,8.382,7.619999999999999,6.095999999999999
2011,203,8.636000000000001,8.128,6.35
2011,204,7.874,7.365999999999999,6.095999999999999
2011,205,8.889999999999999,9.143999999999998,7.112
2011,206,9.143999999999998,9.906,7.619999999999999
2011,207,9.652,9.398,7.112
2011,208,8.382,7.619999999999999,6.095999999999999
2011,209,8.382,7.874,6.095999999999999
2011,210,8.382,8.382,6.604
2011,211,7.874,8.382,6.35
2011,212,4.571999999999999,4.571999999999999,3.302
2011,213,7.112,6.858,5.588
2011,214,6.604,6.35,4.826
2011,215,7.619999999999999,7.619999999999999,5.842
2011,216,6.35,6.35,4.826
2011,217,7.365999999999999,7.112,5.842
2011,218,7.874,8.382,6.095999999999999
2011,219,7.619999999999999,7.874,6.095999999999999
2011,220,7.365999999999999,7.112,5.842
2011,221,8.128,8.128,6.35
2011,222,7.874,7.619999999999999,6.095999999999999
2011,223,8.382,8.382,6.35
2011,224,7.874,7.874,6.095999999999999
2011,225,7.874,8.382,6.095999999999999
2011,226,7.619999999999999,8.128,6.095999999999999
2011,227,8.382,8.636000000000001,6.095999999999999
2011,228,7.365999999999999,6.858,5.334
2011,229,7.365999999999999,7.112,5.588
2011,230,7.365999999999999,7.874,5.842
2011,231,7.365999999999999,7.619999999999999,5.842
2011,232,7.619999999999999,8.128,6.095999999999999
2011,233,6.858,7.365999999999999,5.842
2011,234,7.874,8.382,6.095999999999999
2011,235,8.128,8.636000000000001,6.35
2011,236,7.365999999999999,7.619999999999999,5.842
2011,237,7.365999999999999,7.874,5.842
2011,238,7.112,7.365999999999999,5.588
2011,239,6.604,7.112,5.08
2011,240,6.604,6.858,5.08
2011,241,7.112,7.365999999999999,5.588
2011,242,7.112,7.619999999999999,5.588
2011,243,7.619999999999999,7.874,5.588
2011,244,7.112,7.112,5.08
2011,245,7.365999999999999,7.619999999999999,5.588
2011,246,5.842,5.842,4.571999999999999
2011,247,6.858,7.619999999999999,5.334
2011,248,6.095999999999999,7.112,4.826
2011,249,5.334,5.842,4.3180000000000005
2011,250,7.619999999999999,8.382,5.842
2011,251,7.112,8.128,5.588
2011,252,5.842,6.35,4.826
2011,253,7.619999999999999,8.636000000000001,6.095999999999999
2011,254,5.08,5.588,4.064
2011,255,5.334,5.842,4.3180000000000005
2011,256,5.08,5.334,4.064
2011,257,5.08,5.334,4.064
2011,258,5.588,6.095999999999999,4.571999999999999
2011,259,3.556,3.556,2.794
2011,260,5.08,4.826,3.556
2011,261,5.08,5.334,4.064
2011,262,5.588,6.095999999999999,4.3180000000000005
2011,263,4.571999999999999,4.826,3.8099999999999996
2011,264,5.08,5.588,4.064
2011,265,5.588,6.35,4.571999999999999
2011,266,5.842,7.112,5.08
2011,267,7.619999999999999,9.652,6.35
2011,268,4.826,5.842,4.064
2011,269,5.08,5.334,3.8099999999999996
2011,270,5.08,5.588,4.064
2011,271,5.08,5.588,3.8099999999999996
2011,272,5.334,6.35,4.3180000000000005
2011,273,5.334,7.112,4.826
2011,274,4.571999999999999,7.112,4.571999999999999
2011,275,4.826,5.842,4.064
2011,276,6.858,8.636000000000001,5.588
2011,277,4.064,4.571999999999999,3.0479999999999996
2011,278,1.778,1.778,1.27
2011,279,2.032,1.27,1.016
2011,280,1.778,1.778,1.27
2011,281,2.54,2.794,2.032
2011,282,2.54,2.794,2.032
2011,283,1.5239999999999998,2.032,1.5239999999999998
2011,284,2.2859999999999996,2.794,2.032
2011,285,2.54,2.794,2.032
2011,286,2.794,3.302,2.2859999999999996
2011,287,2.794,3.556,2.54
2011,288,2.032,2.794,2.032
2011,289,2.54,2.794,2.032
2011,290,3.0479999999999996,2.794,2.032
2011,291,3.302,3.556,2.54
2011,292,2.2859999999999996,2.794,2.032
2011,293,2.032,2.2859999999999996,1.778
2011,294,2.2859999999999996,2.794,2.032
2011,295,2.54,3.302,2.2859999999999996
2011,296,2.54,3.0479999999999996,2.032
2011,297,2.794,3.302,2.2859999999999996
2011,298,2.54,2.2859999999999996,1.5239999999999998
2011,299,2.2859999999999996,2.032,1.27
2011,300,2.2859999999999996,2.794,1.778
2011,301,2.2859999999999996,3.0479999999999996,2.032
2011,302,2.2859999999999996,3.8099999999999996,2.54
2011,303,2.032,3.0479999999999996,2.032
2011,304,2.032,2.794,2.032
2011,305,2.794,2.794,1.778
2011,306,2.54,2.794,1.778
2011,307,2.032,3.0479999999999996,2.032
2011,308,2.2859999999999996,3.302,2.032
2011,309,2.032,2.032,1.27
2011,310,0.7619999999999999,1.016,0.7619999999999999
2011,311,0.7619999999999999,1.016,0.7619999999999999
2011,312,1.27,1.5239999999999998,1.016
2011,313,2.032,2.54,1.5239999999999998
2011,314,1.778,2.54,1.5239999999999998
2011,315,1.5239999999999998,2.2859999999999996,1.5239999999999998
2011,316,2.2859999999999996,3.0479999999999996,1.778
2011,317,1.5239999999999998,2.2859999999999996,1.5239999999999998
2011,318,2.032,2.794,1.778
2011,319,1.778,2.2859999999999996,1.5239999999999998
2011,320,1.27,1.5239999999999998,1.016
2011,321,2.2859999999999996,3.8099999999999996,2.2859999999999996
2011,322,1.27,1.27,1.016
2011,323,1.27,1.27,0.7619999999999999
2011,324,1.016,0.7619999999999999,0.508
2011,325,0.7619999999999999,1.27,0.7619999999999999
2011,326,0.508,1.27,0.7619999999999999
2011,327,0.254,1.016,0.7619999999999999
2011,328,1.27,2.54,1.5239999999999998
2011,329,2.032,2.54,1.5239999999999998
2011,330,1.5239999999999998,1.778,1.27
2011,331,2.032,2.794,1.778
2011,332,0.7619999999999999,1.27,0.7619999999999999
2011,333,0.7619999999999999,1.016,0.7619999999999999
2011,334,0.7619999999999999,1.016,0.7619999999999999
2011,335,1.016,1.016,0.7619999999999999
2011,336,1.016,1.27,0.7619999999999999
2011,337,1.016,1.27,0.7619999999999999
2011,338,0.508,0.7619999999999999,0.508
2011,339,1.016,1.27,0.7619999999999999
2011,340,0.508,0.7619999999999999,0.508
2011,341,0.7619999999999999,1.27,0.7619999999999999
2011,342,0.508,0.7619999999999999,0.508
2011,343,0.508,1.016,0.508
2011,344,1.016,2.032,1.27
2011,345,0.7619999999999999,1.5239999999999998,1.016
2011,346,0.508,0.508,0.254
2011,347,0.508,0.7619999999999999,0.508
2011,348,0.508,1.27,0.7619999999999999
2011,349,0.508,1.016,0.508
2011,350,0.254,0.508,0.254
2011,351,1.016,1.5239999999999998,1.016
2011,352,0.7619999999999999,1.27,0.7619999999999999
2011,353,0.508,0.7619999999999999,0.508
2011,354,0.7619999999999999,1.016,0.508
2011,355,1.27,2.032,1.27
2011,356,1.016,1.27,0.7619999999999999
2011,357,0.7619999999999999,1.27,0.7619999999999999
2011,358,1.016,1.5239999999999998,1.016
2011,359,1.5239999999999998,3.0479999999999996,1.778
2011,360,0.508,1.5239999999999998,1.016
2011,361,0.7619999999999999,1.5239999999999998,1.016
2011,362,0.0,1.016,0.7619999999999999
2011,363,0.254,1.27,0.7619999999999999
2011,364,1.016,2.032,1.27
2011,365,1.27,1.27,0.7619999999999999
2012,1,1.016,1.27,0.7619999999999999
2012,2,1.27,2.2859999999999996,1.27
2012,3,0.7619999999999999,1.5239999999999998,1.016
2012,4,1.27,2.2859999999999996,1.27
2012,5,1.016,2.032,1.27
2012,6,0.7619999999999999,1.016,0.7619999999999999
2012,7,0.7619999999999999,0.7619999999999999,0.508
2012,8,1.016,1.5239999999999998,1.016
2012,9,1.016,1.27,0.7619999999999999
2012,10,1.016,1.5239999999999998,1.016
2012,11,0.7619999999999999,0.7619999999999999,0.508
2012,12,0.7619999999999999,1.016,0.7619999999999999
2012,13,0.7619999999999999,1.016,0.508
2012,14,1.016,2.2859999999999996,1.27
2012,15,1.778,3.556,2.2859999999999996
2012,16,1.27,1.5239999999999998,1.016
2012,17,1.5239999999999998,2.2859999999999996,1.27
2012,18,0.7619999999999999,1.5239999999999998,1.016
2012,19,0.0,0.7619999999999999,0.508
2012,20,0.0,0.7619999999999999,0.508
2012,21,0.508,1.016,0.7619999999999999
2012,22,1.016,1.27,0.7619999999999999
2012,23,0.508,0.254,0.254
2012,24,0.7619999999999999,0.254,0.254
2012,25,0.508,0.7619999999999999,0.508
2012,26,0.254,0.7619999999999999,0.508
2012,27,1.27,1.27,0.7619999999999999
2012,28,1.27,1.27,0.7619999999999999
2012,29,0.7619999999999999,1.016,0.7619999999999999
2012,30,1.016,1.27,1.016
2012,31,1.016,1.27,0.7619999999999999
2012,32,0.508,1.016,0.7619999999999999
2012,33,1.016,0.7619999999999999,0.508
2012,34,1.016,0.7619999999999999,0.508
2012,35,1.016,1.27,0.7619999999999999
2012,36,1.016,1.27,0.7619999999999999
2012,37,1.27,1.27,1.016
2012,38,1.5239999999999998,2.032,1.27
2012,39,0.254,0.508,0.508
2012,40,0.254,0.508,0.508
2012,41,1.016,1.27,1.016
2012,42,0.7619999999999999,0.508,0.508
2012,43,0.508,0.7619999999999999,0.508
2012,44,1.27,1.5239999999999998,1.016
2012,45,1.27,1.27,1.016
2012,46,0.7619999999999999,0.254,0.254
2012,47,1.27,1.27,1.016
2012,48,1.27,1.778,1.27
2012,49,1.016,1.5239999999999998,1.016
2012,50,1.778,2.032,1.27
2012,51,1.016,1.27,1.016
2012,52,0.254,0.7619999999999999,0.508
2012,53,2.2859999999999996,3.556,2.2859999999999996
2012,54,3.0479999999999996,3.0479999999999996,2.032
2012,55,2.54,2.794,2.032
2012,56,3.0479999999999996,3.556,2.2859999999999996
2012,57,2.2859999999999996,2.54,1.778
2012,58,1.778,2.2859999999999996,1.5239999999999998
2012,59,2.2859999999999996,3.0479999999999996,2.032
2012,60,1.5239999999999998,2.2859999999999996,1.5239999999999998
2012,61,1.27,1.27,1.016
2012,62,2.2859999999999996,2.032,1.5239999999999998
2012,63,2.032,3.302,2.2859999999999996
2012,64,2.2859999999999996,3.556,2.54
2012,65,3.0479999999999996,4.571999999999999,3.0479999999999996
2012,66,4.064,4.571999999999999,2.794
2012,67,3.0479999999999996,3.0479999999999996,2.032
2012,68,2.54,3.0479999999999996,2.2859999999999996
2012,69,3.0479999999999996,4.3180000000000005,3.0479999999999996
2012,70,2.794,4.3180000000000005,3.0479999999999996
2012,71,2.2859999999999996,4.064,2.794
2012,72,3.0479999999999996,3.556,2.54
2012,73,3.0479999999999996,5.588,3.556
2012,74,1.778,2.2859999999999996,1.778
2012,75,1.5239999999999998,2.032,1.5239999999999998
2012,76,1.27,1.778,1.27
2012,77,1.016,0.7619999999999999,0.508
2012,78,1.5239999999999998,1.5239999999999998,1.27
2012,79,2.794,2.54,1.778
2012,80,2.032,2.54,1.778
2012,81,2.794,3.8099999999999996,2.794
2012,82,2.2859999999999996,4.064,2.794
2012,83,3.0479999999999996,3.8099999999999996,2.794
2012,84,5.588,7.619999999999999,5.08
2012,85,5.334,8.128,5.334
2012,86,2.54,2.2859999999999996,1.778
2012,87,4.064,4.571999999999999,3.302
2012,88,2.2859999999999996,2.794,2.032
2012,89,1.5239999999999998,1.27,1.016
2012,90,0.7619999999999999,1.016,1.016
2012,91,4.064,5.842,4.3180000000000005
2012,92,4.826,4.571999999999999,3.302
2012,93,4.064,3.8099999999999996,2.794
2012,94,4.571999999999999,5.334,3.8099999999999996
2012,95,4.826,5.842,4.064
2012,96,3.8099999999999996,3.8099999999999996,2.794
2012,97,4.826,4.571999999999999,3.0479999999999996
2012,98,4.3180000000000005,5.08,3.8099999999999996
2012,99,5.588,7.874,5.334
2012,100,5.588,8.128,5.588
2012,101,6.858,10.413999999999998,6.858
2012,102,6.858,9.652,6.35
2012,103,5.588,5.842,4.064
2012,104,4.3180000000000005,4.571999999999999,3.302
2012,105,5.08,5.08,3.8099999999999996
2012,106,6.604,7.112,5.08
2012,107,3.8099999999999996,4.3180000000000005,3.302
2012,108,4.064,4.571999999999999,3.556
2012,109,4.571999999999999,5.08,3.8099999999999996
2012,110,3.8099999999999996,4.064,3.302
2012,111,5.08,5.842,4.571999999999999
2012,112,5.842,6.858,5.334
2012,113,6.35,8.382,6.095999999999999
2012,114,7.112,9.652,6.858
2012,115,6.095999999999999,7.112,5.08
2012,116,4.826,5.334,3.8099999999999996
2012,117,3.8099999999999996,4.064,2.794
2012,118,5.588,4.3180000000000005,3.0479999999999996
2012,119,5.588,5.08,3.8099999999999996
2012,120,5.842,5.842,4.3180000000000005
2012,121,3.556,4.571999999999999,3.302
2012,122,5.08,5.08,3.8099999999999996
2012,123,5.334,5.08,4.064
2012,124,3.8099999999999996,4.3180000000000005,3.302
2012,125,5.842,6.35,4.571999999999999
2012,126,6.095999999999999,5.334,3.8099999999999996
2012,127,5.842,5.588,4.3180000000000005
2012,128,5.588,5.842,4.571999999999999
2012,129,6.095999999999999,6.858,5.334
2012,130,6.858,8.128,6.095999999999999
2012,131,8.889999999999999,8.636000000000001,6.095999999999999
2012,132,7.365999999999999,7.365999999999999,5.334
2012,133,6.858,6.858,5.334
2012,134,6.858,7.365999999999999,5.842
2012,135,8.128,9.398,6.858
2012,136,7.365999999999999,8.636000000000001,6.095999999999999
2012,137,8.382,9.652,7.112
2012,138,7.619999999999999,8.128,5.842
2012,139,9.398,8.889999999999999,6.35
2012,140,7.619999999999999,7.619999999999999,5.588
2012,141,6.604,6.858,5.334
2012,142,7.619999999999999,9.398,6.858
2012,143,7.874,7.874,5.842
2012,144,8.128,7.112,5.08
2012,145,6.095999999999999,5.08,4.064
2012,146,5.334,4.826,3.8099999999999996
2012,147,1.5239999999999998,1.5239999999999998,1.27
2012,148,5.842,5.334,4.064
2012,149,5.842,5.588,4.826
2012,150,6.604,7.112,5.588
2012,151,8.128,8.889999999999999,6.604
2012,152,8.889999999999999,9.398,7.112
2012,153,7.874,8.128,6.604
2012,154,7.874,8.128,6.35
2012,155,8.382,8.382,6.604
2012,156,11.176,12.191999999999998,8.636000000000001
2012,157,3.8099999999999996,2.794,2.032
2012,158,7.112,5.842,4.571999999999999
2012,159,8.889999999999999,8.889999999999999,6.604
2012,160,7.619999999999999,8.128,6.095999999999999
2012,161,5.588,4.571999999999999,3.556
2012,162,7.874,7.365999999999999,5.588
2012,163,7.365999999999999,7.112,5.842
2012,164,7.874,8.636000000000001,6.604
2012,165,9.906,10.413999999999998,7.619999999999999
2012,166,8.382,7.874,6.095999999999999
2012,167,9.143999999999998,9.143999999999998,6.604
2012,168,9.143999999999998,9.143999999999998,6.858
2012,169,9.652,10.16,7.619999999999999
2012,170,9.143999999999998,9.398,6.604
2012,171,9.906,8.636000000000001,6.35
2012,172,8.382,7.365999999999999,5.842
2012,173,10.16,10.668,7.874
2012,174,10.16,11.684,8.382
2012,175,9.652,9.652,7.365999999999999
2012,176,9.143999999999998,8.636000000000001,6.858
2012,177,10.16,9.906,7.619999999999999
2012,178,9.143999999999998,8.382,6.35
2012,179,8.889999999999999,7.874,6.095999999999999
2012,180,9.652,9.652,7.365999999999999
2012,181,8.889999999999999,9.398,7.112
2012,182,9.143999999999998,8.889999999999999,7.112
2012,183,9.906,9.906,7.365999999999999
2012,184,8.889999999999999,8.636000000000001,6.858
2012,185,10.16,10.16,7.619999999999999
2012,186,9.143999999999998,8.128,6.604
2012,187,7.365999999999999,7.112,5.334
2012,188,6.604,6.35,4.826
2012,189,8.636000000000001,8.636000000000001,6.604
2012,190,8.636000000000001,9.398,6.858
2012,191,9.398,10.16,7.365999999999999
2012,192,9.398,9.652,7.365999999999999
2012,193,8.128,7.874,6.35
2012,194,10.413999999999998,10.668,7.874
2012,195,5.334,5.334,3.8099999999999996
2012,196,4.064,3.556,2.794
2012,197,7.874,7.112,6.095999999999999
2012,198,4.826,4.826,3.8099999999999996
2012,199,8.889999999999999,8.636000000000001,6.858
2012,200,9.652,10.16,7.619999999999999
2012,201,8.889999999999999,8.889999999999999,6.858
2012,202,8.636000000000001,8.889999999999999,6.858
2012,203,8.889999999999999,8.636000000000001,6.604
2012,204,7.112,6.858,5.08
2012,205,7.365999999999999,7.112,5.334
2012,206,6.858,6.604,5.08
2012,207,7.619999999999999,7.112,6.095999999999999
2012,208,9.652,10.16,7.619999999999999
2012,209,8.636000000000001,8.636000000000001,6.858
2012,210,8.889999999999999,8.382,6.604
2012,211,8.889999999999999,8.636000000000001,6.858
2012,212,8.889999999999999,8.382,6.604
2012,213,10.16,10.413999999999998,7.619999999999999
2012,214,9.906,10.16,7.365999999999999
2012,215,9.652,9.652,7.112
2012,216,10.16,9.906,7.112
2012,217,8.889999999999999,8.889999999999999,6.604
2012,218,9.398,10.413999999999998,7.365999999999999
2012,219,8.889999999999999,9.398,7.112
2012,220,9.398,10.16,7.365999999999999
2012,221,6.35,7.112,5.08
2012,222,7.619999999999999,7.365999999999999,5.842
2012,223,7.365999999999999,7.874,5.588
2012,224,7.365999999999999,7.112,5.588
2012,225,7.112,7.112,5.588
2012,226,6.35,6.604,5.08
2012,227,7.619999999999999,8.128,6.095999999999999
2012,228,7.619999999999999,8.128,5.842
2012,229,7.112,7.365999999999999,5.588
2012,230,8.889999999999999,9.652,6.858
2012,231,6.604,6.604,4.826
2012,232,6.604,7.619999999999999,5.334
2012,233,7.112,7.112,5.334
2012,234,4.3180000000000005,4.826,3.302
2012,235,6.604,6.604,5.08
2012,236,7.112,7.365999999999999,5.588
2012,237,8.889999999999999,9.143999999999998,6.35
2012,238,7.365999999999999,7.619999999999999,5.588
2012,239,6.35,7.619999999999999,5.334
2012,240,9.143999999999998,10.413999999999998,7.365999999999999
2012,241,7.619999999999999,8.128,6.095999999999999
2012,242,7.874,8.128,5.842
2012,243,6.604,6.858,5.08
2012,244,5.588,6.604,4.826
2012,245,5.334,5.588,4.064
2012,246,6.35,6.35,4.826
2012,247,6.35,6.858,5.08
2012,248,7.619999999999999,8.382,5.842
2012,249,6.35,7.112,5.08
2012,250,4.064,4.571999999999999,3.302
2012,251,5.588,5.588,4.3180000000000005
2012,252,6.858,7.874,5.588
2012,253,6.858,8.636000000000001,5.842
2012,254,7.112,8.128,5.588
2012,255,7.619999999999999,7.619999999999999,5.08
2012,256,7.365999999999999,7.619999999999999,5.08
2012,257,6.858,7.619999999999999,5.334
2012,258,7.365999999999999,9.398,6.095999999999999
2012,259,5.08,6.604,4.571999999999999
2012,260,6.604,7.619999999999999,5.08
2012,261,5.842,6.35,4.3180000000000005
2012,262,5.842,6.35,4.571999999999999
2012,263,6.095999999999999,7.112,4.826
2012,264,5.08,5.842,4.064
2012,265,5.842,6.858,4.826
2012,266,5.842,7.365999999999999,4.826
2012,267,4.826,6.604,4.3180000000000005
2012,268,4.064,3.8099999999999996,3.0479999999999996
2012,269,3.0479999999999996,3.556,2.54
2012,270,3.8099999999999996,3.8099999999999996,3.0479999999999996
2012,271,4.3180000000000005,5.08,3.556
2012,272,4.3180000000000005,5.08,3.556
2012,273,4.571999999999999,5.588,3.8099999999999996
2012,274,5.588,6.604,4.571999999999999
2012,275,5.08,5.842,4.064
2012,276,5.588,6.858,4.571999999999999
2012,277,5.842,5.842,3.8099999999999996
2012,278,4.826,5.08,3.302
2012,279,3.8099999999999996,4.064,2.794
2012,280,4.3180000000000005,4.826,3.0479999999999996
2012,281,3.556,4.3180000000000005,3.0479999999999996
2012,282,3.302,4.3180000000000005,3.0479999999999996
2012,283,3.302,4.571999999999999,3.0479999999999996
2012,284,3.302,4.3180000000000005,3.0479999999999996
2012,285,3.556,4.571999999999999,3.0479999999999996
2012,286,3.302,4.571999999999999,3.0479999999999996
2012,287,5.334,6.095999999999999,4.064
2012,288,3.556,4.571999999999999,3.0479999999999996
2012,289,3.8099999999999996,5.08,3.302
2012,290,4.064,4.826,3.0479999999999996
2012,291,5.334,5.08,3.302
2012,292,3.0479999999999996,3.302,2.2859999999999996
2012,293,2.54,3.302,2.2859999999999996
2012,294,3.302,4.826,3.0479999999999996
2012,295,2.2859999999999996,2.54,1.778
2012,296,1.27,1.27,1.016
2012,297,1.27,1.27,1.016
2012,298,1.5239999999999998,1.27,1.016
2012,299,1.778,1.778,1.27
2012,300,1.5239999999999998,2.032,1.27
2012,301,1.27,2.2859999999999996,1.5239999999999998
2012,302,1.016,2.54,1.778
2012,303,2.54,4.064,2.54
2012,304,2.794,3.8099999999999996,2.54
2012,305,3.556,5.334,3.302
2012,306,2.794,4.064,2.54
2012,307,2.2859999999999996,2.54,1.778
2012,308,2.2859999999999996,2.794,1.778
2012,309,2.54,3.302,2.2859999999999996
2012,310,2.032,2.794,1.778
2012,311,2.2859999999999996,3.302,2.032
2012,312,2.2859999999999996,3.302,2.032
2012,313,2.2859999999999996,3.0479999999999996,2.032
2012,314,1.27,0.7619999999999999,0.508
2012,315,2.2859999999999996,2.032,1.27
2012,316,2.032,2.032,1.27
2012,317,1.016,1.27,0.7619999999999999
2012,318,1.016,1.5239999999999998,1.016
2012,319,0.254,0.508,0.508
2012,320,1.5239999999999998,1.778,1.27
2012,321,1.016,2.032,1.27
2012,322,1.778,3.556,2.2859999999999996
2012,323,0.7619999999999999,1.016,0.7619999999999999
2012,324,1.016,1.778,1.016
2012,325,0.508,1.016,0.7619999999999999
2012,326,2.2859999999999996,3.556,2.2859999999999996
2012,327,1.5239999999999998,1.5239999999999998,1.016
2012,328,1.5239999999999998,1.778,1.27
2012,329,1.27,1.778,1.016
2012,330,0.508,0.7619999999999999,0.508
2012,331,0.7619999999999999,0.7619999999999999,0.508
2012,332,1.016,1.016,0.7619999999999999
2012,333,1.27,2.54,1.5239999999999998
2012,334,0.508,1.27,0.7619999999999999
2012,335,0.7619999999999999,2.2859999999999996,1.5239999999999998
2012,336,1.016,1.778,1.27
2012,337,2.2859999999999996,3.302,2.032
2012,338,1.27,1.5239999999999998,1.016
2012,339,0.508,0.254,0.254
2012,340,0.254,0.7619999999999999,0.508
2012,341,0.508,0.7619999999999999,0.508
2012,342,1.27,1.27,0.7619999999999999
2012,343,1.5239999999999998,1.778,1.016
2012,344,1.016,1.016,0.7619999999999999
2012,345,0.508,0.7619999999999999,0.508
2012,346,0.7619999999999999,2.032,1.27
2012,347,0.254,0.7619999999999999,0.508
2012,348,0.508,0.508,0.508
2012,349,0.254,0.254,0.254
2012,350,0.7619999999999999,0.7619999999999999,0.508
2012,351,0.508,0.7619999999999999,0.508
2012,352,0.7619999999999999,1.778,1.016
2012,353,0.7619999999999999,1.016,0.508
2012,354,1.016,1.27,0.7619999999999999
2012,355,1.016,1.5239999999999998,1.016
2012,356,0.7619999999999999,1.5239999999999998,1.016
2012,357,1.016,2.2859999999999996,1.5239999999999998
2012,358,0.508,1.27,0.7619999999999999
2012,359,0.7619999999999999,0.7619999999999999,0.508
2012,360,1.016,1.016,0.7619999999999999
2012,361,0.254,0.254,0.254
2012,362,0.254,0.0,0.254
2012,363,0.7619999999999999,1.016,0.508
2012,364,0.254,0.0,0.0
2012,365,0.254,0.0,0.0
2012,366,0.254,0.0,0.0
2013,1,0.508,0.254,0.254
2013,2,0.254,0.0,0.0
2013,3,0.254,0.508,0.254
2013,4,0.254,0.508,0.254
2013,5,0.254,0.508,0.254
2013,6,0.0,0.254,0.254
2013,7,0.254,0.508,0.508
2013,8,0.0,0.254,0.254
2013,9,0.0,0.254,0.254
2013,10,1.27,1.5239999999999998,1.016
2013,11,0.254,-0.254,0.0
2013,12,0.508,0.0,0.0
2013,13,0.508,0.254,0.254
2013,14,0.254,0.254,0.254
2013,15,0.0,0.254,0.254
2013,16,0.254,0.254,0.254
2013,17,0.508,0.254,0.254
2013,18,0.508,0.508,0.254
2013,19,0.254,0.254,0.254
2013,20,0.254,0.508,0.254
2013,21,0.254,0.254,0.254
2013,22,0.7619999999999999,1.27,0.7619999999999999
2013,23,1.016,2.032,1.27
2013,24,0.0,0.508,0.508
2013,25,0.0,0.508,0.508
2013,26,0.254,0.508,0.508
2013,27,0.7619999999999999,0.254,0.254
2013,28,1.016,0.7619999999999999,0.508
2013,29,0.7619999999999999,0.254,0.254
2013,30,0.508,0.7619999999999999,0.508
2013,31,0.7619999999999999,1.016,0.7619999999999999
2013,32,1.016,0.7619999999999999,0.508
2013,33,1.016,0.7619999999999999,0.508
2013,34,0.508,0.254,0.254
2013,35,1.016,0.7619999999999999,0.7619999999999999
2013,36,1.5239999999999998,2.794,1.778
2013,37,1.5239999999999998,1.778,1.27
2013,38,1.778,2.54,1.778
2013,39,0.508,0.508,0.508
2013,40,1.016,0.508,0.508
2013,41,0.7619999999999999,0.254,0.254
2013,42,1.778,2.54,1.5239999999999998
2013,43,1.016,1.27,1.016
2013,44,1.778,2.54,1.778
2013,45,2.032,2.54,1.5239999999999998
2013,46,1.778,2.2859999999999996,1.5239999999999998
2013,47,1.5239999999999998,1.778,1.27
2013,48,2.794,3.302,2.032
2013,49,2.032,2.2859999999999996,1.5239999999999998
2013,50,2.032,3.0479999999999996,2.032
2013,51,1.778,1.5239999999999998,1.27
2013,52,2.032,2.032,1.27
2013,53,1.27,1.5239999999999998,1.27
2013,54,2.54,2.54,1.778
2013,55,1.778,2.032,1.27
2013,56,1.27,1.27,1.016
2013,57,1.778,1.778,1.27
2013,58,1.5239999999999998,1.778,1.27
2013,59,1.27,2.032,1.5239999999999998
2013,60,1.27,2.032,1.5239999999999998
2013,61,2.032,2.54,1.778
2013,62,2.032,2.794,1.778
2013,63,2.54,2.794,1.778
2013,64,3.302,3.556,2.2859999999999996
2013,65,3.556,5.08,3.302
2013,66,2.032,2.54,1.778
2013,67,0.7619999999999999,1.016,0.7619999999999999
2013,68,4.571999999999999,5.588,3.556
2013,69,4.571999999999999,6.35,4.064
2013,70,3.0479999999999996,5.08,3.302
2013,71,2.2859999999999996,3.8099999999999996,2.54
2013,72,2.54,4.3180000000000005,3.0479999999999996
2013,73,3.556,5.588,3.556
2013,74,4.064,5.842,3.8099999999999996
2013,75,3.8099999999999996,4.826,3.302
2013,76,4.826,4.571999999999999,3.0479999999999996
2013,77,3.8099999999999996,4.064,2.794
2013,78,3.556,4.571999999999999,3.0479999999999996
2013,79,1.778,3.0479999999999996,2.032
2013,80,3.0479999999999996,2.794,2.032
2013,81,3.556,3.0479999999999996,2.2859999999999996
2013,82,3.0479999999999996,3.0479999999999996,2.032
2013,83,2.54,2.794,2.032
2013,84,2.794,3.8099999999999996,2.54
2013,85,1.5239999999999998,2.54,1.778
2013,86,2.794,3.8099999999999996,3.0479999999999996
2013,87,3.8099999999999996,5.08,3.556
2013,88,4.064,5.334,3.8099999999999996
2013,89,4.064,5.08,3.556
2013,90,4.826,6.35,4.571999999999999
2013,91,2.2859999999999996,2.54,2.032
2013,92,5.08,6.35,4.3180000000000005
2013,93,4.571999999999999,5.842,4.064
2013,94,4.826,7.365999999999999,4.826
2013,95,4.826,5.334,3.8099999999999996
2013,96,3.302,3.302,2.54
2013,97,2.794,3.302,2.2859999999999996
2013,98,2.54,2.54,1.778
2013,99,3.556,3.556,2.794
2013,100,4.064,4.826,3.302
2013,101,5.588,6.35,4.3180000000000005
2013,102,4.3180000000000005,4.826,3.556
2013,103,4.826,5.842,3.8099999999999996
2013,104,3.556,3.556,2.54
2013,105,3.556,3.8099999999999996,2.794
2013,106,1.778,1.778,1.27
2013,107,2.54,2.54,2.032
2013,108,4.826,5.334,3.8099999999999996
2013,109,2.54,3.556,2.54
2013,110,5.08,5.334,3.8099999999999996
2013,111,5.08,6.095999999999999,4.3180000000000005
2013,112,5.08,4.826,3.302
2013,113,4.3180000000000005,4.3180000000000005,3.302
2013,114,4.571999999999999,5.08,3.8099999999999996
2013,115,5.334,6.604,4.571999999999999
2013,116,5.842,7.619999999999999,5.334
2013,117,5.842,7.619999999999999,5.334
2013,118,7.112,8.636000000000001,5.842
2013,119,7.365999999999999,8.382,5.588
2013,120,8.128,7.365999999999999,4.826
2013,121,5.588,5.08,3.8099999999999996
2013,122,5.842,6.35,4.826
2013,123,5.334,6.604,4.826
2013,124,6.858,8.128,5.588
2013,125,5.588,6.858,4.826
2013,126,6.604,7.874,5.588
2013,127,3.8099999999999996,3.8099999999999996,3.0479999999999996
2013,128,5.334,5.842,4.3180000000000005
2013,129,6.095999999999999,6.858,5.08
2013,130,5.842,6.35,5.08
2013,131,6.858,7.874,5.842
2013,132,6.858,8.128,6.095999999999999
2013,133,7.365999999999999,9.143999999999998,6.604
2013,134,8.382,9.143999999999998,6.604
2013,135,7.112,7.365999999999999,5.588
2013,136,4.826,4.826,3.556
2013,137,4.826,4.571999999999999,3.556
2013,138,7.365999999999999,7.365999999999999,5.334
2013,139,7.619999999999999,7.365999999999999,5.334
2013,140,6.604,6.604,5.08
2013,141,6.604,8.128,5.588
2013,142,6.858,6.35,4.3180000000000005
2013,143,5.842,5.334,4.064
2013,144,7.112,7.365999999999999,5.588
2013,145,6.095999999999999,6.858,4.826
2013,146,5.842,6.35,4.571999999999999
2013,147,5.588,5.334,4.064
2013,148,4.571999999999999,4.3180000000000005,3.302
2013,149,4.826,4.826,3.556
2013,150,7.619999999999999,7.365999999999999,5.334
2013,151,8.636000000000001,8.889999999999999,6.35
2013,152,7.112,7.112,5.588
2013,153,8.636000000000001,9.398,6.604
2013,154,9.143999999999998,9.398,6.604
2013,155,7.365999999999999,7.365999999999999,5.842
2013,156,8.128,8.128,6.095999999999999
2013,157,7.365999999999999,7.874,6.095999999999999
2013,158,9.398,10.413999999999998,7.619999999999999
2013,159,11.684,12.953999999999999,8.889999999999999
2013,160,9.143999999999998,9.398,7.112
2013,161,8.889999999999999,9.143999999999998,6.604
2013,162,8.636000000000001,8.889999999999999,6.604
2013,163,6.35,6.095999999999999,4.3180000000000005
2013,164,9.143999999999998,8.636000000000001,6.095999999999999
2013,165,7.874,6.858,5.334
2013,166,8.889999999999999,8.889999999999999,6.604
2013,167,8.128,8.382,6.35
2013,168,8.128,8.636000000000001,6.604
2013,169,9.398,10.16,7.365999999999999
2013,170,5.842,5.08,3.556
2013,171,6.604,5.588,4.571999999999999
2013,172,7.365999999999999,6.858,5.08
2013,173,7.365999999999999,7.112,5.334
2013,174,7.874,8.382,6.35
2013,175,4.3180000000000005,4.571999999999999,3.556
2013,176,5.08,4.826,3.8099999999999996
2013,177,6.604,6.35,5.588
2013,178,7.619999999999999,7.619999999999999,6.35
2013,179,8.128,8.382,6.604
2013,180,9.906,10.921999999999999,7.874
2013,181,9.652,9.398,7.365999999999999
2013,182,10.16,10.413999999999998,7.874
2013,183,9.906,10.16,7.619999999999999
2013,184,7.874,8.382,6.095999999999999
2013,185,10.16,10.413999999999998,7.619999999999999
2013,186,8.128,7.619999999999999,5.842
2013,187,7.619999999999999,6.858,5.588
2013,188,7.619999999999999,7.365999999999999,5.842
2013,189,8.636000000000001,8.889999999999999,6.604
2013,190,8.636000000000001,8.382,6.604
2013,191,9.398,9.652,7.112
2013,192,6.095999999999999,6.604,4.3180000000000005
2013,193,7.365999999999999,6.858,5.334
2013,194,9.143999999999998,9.143999999999998,6.604
2013,195,8.382,8.128,6.35
2013,196,8.382,8.889999999999999,6.604
2013,197,7.365999999999999,8.128,5.842
2013,198,8.889999999999999,9.398,6.858
2013,199,9.652,9.652,7.112
2013,200,9.143999999999998,9.143999999999998,6.858
2013,201,9.398,9.652,7.112
2013,202,10.921999999999999,11.684,8.128
2013,203,10.16,10.668,7.619999999999999
2013,204,8.382,8.128,6.095999999999999
2013,205,7.874,8.128,5.842
2013,206,8.128,8.128,6.095999999999999
2013,207,8.382,8.636000000000001,6.604
2013,208,7.874,8.128,6.095999999999999
2013,209,7.365999999999999,6.858,5.334
2013,210,7.619999999999999,7.365999999999999,5.588
2013,211,7.874,8.382,6.35
2013,212,8.889999999999999,9.652,6.858
2013,213,8.636000000000001,9.143999999999998,6.604
2013,214,8.128,7.619999999999999,5.842
2013,215,8.382,8.128,6.095999999999999
2013,216,8.382,8.636000000000001,6.35
2013,217,8.128,8.636000000000001,6.35
2013,218,8.382,9.143999999999998,6.604
2013,219,7.619999999999999,7.874,5.842
2013,220,8.636000000000001,9.652,6.604
2013,221,9.652,10.668,7.365999999999999
2013,222,8.128,8.636000000000001,6.35
2013,223,7.874,8.128,6.095999999999999
2013,224,7.619999999999999,7.874,5.842
2013,225,7.619999999999999,7.874,5.842
2013,226,9.143999999999998,9.906,7.112
2013,227,8.889999999999999,9.906,7.112
2013,228,8.128,8.889999999999999,6.35
2013,229,8.382,8.889999999999999,6.35
2013,230,7.619999999999999,8.128,6.095999999999999
2013,231,6.604,6.858,5.08
2013,232,7.619999999999999,8.382,5.842
2013,233,5.08,5.588,4.3180000000000005
2013,234,6.858,7.112,5.334
2013,235,5.588,5.334,4.064
2013,236,6.604,7.365999999999999,5.08
2013,237,9.143999999999998,10.413999999999998,6.858
2013,238,6.095999999999999,6.858,4.826
2013,239,7.112,8.128,5.842
2013,240,6.35,6.858,5.08
2013,241,6.35,6.858,5.08
2013,242,7.365999999999999,7.619999999999999,5.588
2013,243,6.604,7.112,5.334
2013,244,6.095999999999999,6.858,4.826
2013,245,5.334,5.842,4.3180000000000005
2013,246,3.556,3.556,2.794
2013,247,5.842,6.35,4.826
2013,248,4.064,4.3180000000000005,3.302
2013,249,5.08,5.334,4.064
2013,250,4.826,4.826,3.556
2013,251,5.334,5.588,4.064
2013,252,5.842,5.842,4.3180000000000005
2013,253,5.08,5.842,4.3180000000000005
2013,254,5.334,6.095999999999999,4.3180000000000005
2013,255,5.334,6.095999999999999,4.3180000000000005
2013,256,2.54,2.54,2.2859999999999996
2013,257,4.3180000000000005,4.571999999999999,3.556
2013,258,5.588,6.095999999999999,4.571999999999999
2013,259,5.08,5.842,4.3180000000000005
2013,260,5.08,5.588,4.064
2013,261,6.35,5.588,3.8099999999999996
2013,262,4.571999999999999,4.571999999999999,3.302
2013,263,8.382,10.16,6.604
2013,264,6.35,8.382,5.588
2013,265,5.588,5.588,3.8099999999999996
2013,266,4.571999999999999,4.826,3.556
2013,267,3.556,4.064,2.794
2013,268,2.54,2.2859999999999996,1.778
2013,269,2.032,1.778,1.27
2013,270,3.556,3.556,2.54
2013,271,3.556,4.826,3.302
2013,272,4.3180000000000005,7.112,4.571999999999999
2013,273,4.826,5.588,3.8099999999999996
2013,274,4.571999999999999,4.571999999999999,3.302
2013,275,3.0479999999999996,2.794,2.032
2013,276,2.794,2.54,1.778
2013,277,2.794,3.0479999999999996,2.032
2013,278,2.794,3.302,2.2859999999999996
2013,279,4.3180000000000005,5.588,3.556
2013,280,3.302,4.571999999999999,3.0479999999999996
2013,281,3.556,3.8099999999999996,2.54
2013,282,2.2859999999999996,2.2859999999999996,1.778
2013,283,3.302,3.8099999999999996,2.54
2013,284,3.556,4.064,2.794
2013,285,2.794,3.8099999999999996,2.54
2013,286,2.032,2.54,1.778
2013,287,3.302,3.556,2.2859999999999996
2013,288,2.794,3.0479999999999996,2.032
2013,289,2.54,2.794,2.032
2013,290,3.0479999999999996,3.8099999999999996,2.54
2013,291,2.2859999999999996,2.794,2.032
2013,292,3.302,4.3180000000000005,2.794
2013,293,3.302,4.571999999999999,3.0479999999999996
2013,294,2.794,3.556,2.2859999999999996
2013,295,2.794,3.556,2.54
2013,296,3.302,4.3180000000000005,2.794
2013,297,3.0479999999999996,4.064,2.54
2013,298,2.794,3.556,2.2859999999999996
2013,299,2.794,3.556,2.2859999999999996
2013,300,3.0479999999999996,4.826,3.0479999999999996
2013,301,2.032,2.54,1.5239999999999998
2013,302,1.778,1.5239999999999998,1.016
2013,303,2.2859999999999996,2.54,1.778
2013,304,2.794,3.556,2.2859999999999996
2013,305,1.5239999999999998,2.2859999999999996,1.5239999999999998
2013,306,3.556,4.826,3.0479999999999996
2013,307,2.2859999999999996,2.032,1.27
2013,308,1.778,1.778,1.27
2013,309,1.27,1.5239999999999998,1.016
2013,310,0.7619999999999999,1.778,1.27
2013,311,1.778,4.064,2.54
2013,312,1.778,2.794,1.778
2013,313,2.032,2.54,1.5239999999999998
2013,314,2.2859999999999996,3.556,2.2859999999999996
2013,315,2.032,3.0479999999999996,2.032
2013,316,3.8099999999999996,5.842,3.556
2013,317,2.032,2.794,1.778
2013,318,1.5239999999999998,1.778,1.27
2013,319,2.2859999999999996,2.54,1.5239999999999998
2013,320,1.778,2.032,1.27
2013,321,1.27,1.5239999999999998,1.016
2013,322,1.5239999999999998,2.2859999999999996,1.27
2013,323,0.508,1.27,1.016
2013,324,1.016,1.5239999999999998,1.016
2013,325,1.27,1.016,0.508
2013,326,1.5239999999999998,1.5239999999999998,1.016
2013,327,1.27,1.5239999999999998,1.016
2013,328,0.7619999999999999,1.27,0.7619999999999999
2013,329,0.7619999999999999,1.5239999999999998,1.016
2013,330,1.5239999999999998,2.794,1.5239999999999998
2013,331,1.016,1.778,1.016
2013,332,1.016,1.5239999999999998,1.016
2013,333,1.016,1.5239999999999998,1.016
2013,334,0.508,1.27,0.7619999999999999
2013,335,1.5239999999999998,3.302,2.032
2013,336,3.0479999999999996,4.571999999999999,2.794
2013,337,1.5239999999999998,1.016,0.7619999999999999
2013,338,1.5239999999999998,1.016,0.7619999999999999
2013,339,0.508,0.508,0.254
2013,340,0.7619999999999999,1.016,0.508
2013,341,0.508,0.7619999999999999,0.508
2013,342,0.7619999999999999,0.508,0.508
2013,343,0.254,0.508,0.254
2013,344,0.254,0.508,0.254
2013,345,0.508,0.7619999999999999,0.508
2013,346,0.7619999999999999,1.27,0.7619999999999999
2013,347,0.254,0.508,0.254
2013,348,0.0,0.508,0.254
2013,349,0.254,0.7619999999999999,0.508
2013,350,0.508,0.7619999999999999,0.508
2013,351,0.7619999999999999,1.27,0.7619999999999999
2013,352,0.7619999999999999,1.016,0.508
2013,353,0.508,0.7619999999999999,0.508
2013,354,0.7619999999999999,1.27,0.7619999999999999
2013,355,0.0,0.254,0.254
2013,356,0.0,0.508,0.254
2013,357,0.0,1.016,0.7619999999999999
2013,358,1.778,2.54,1.5239999999999998
2013,359,0.7619999999999999,0.7619999999999999,0.508
2013,360,1.016,1.27,0.7619999999999999
2013,361,1.27,2.032,1.27
2013,362,0.508,1.016,0.508
2013,363,0.508,1.016,0.508
2013,364,0.508,1.016,0.7619999999999999
2013,365,0.508,1.016,0.7619999999999999
2014,1,0.508,0.7619999999999999,0.508
2014,2,1.016,1.5239999999999998,0.7619999999999999
2014,3,1.27,2.032,1.27
2014,4,1.5239999999999998,2.032,1.27
2014,5,1.778,2.794,1.778
2014,6,1.27,1.778,1.016
2014,7,0.508,1.27,0.7619999999999999
2014,8,0.0,0.508,0.508
2014,9,1.016,1.778,1.27
2014,10,1.27,2.2859999999999996,1.5239999999999998
2014,11,1.27,2.794,1.778
2014,12,2.2859999999999996,3.0479999999999996,1.778
2014,13,2.032,3.0479999999999996,1.778
2014,14,1.778,2.54,1.5239999999999998
2014,15,1.27,1.778,1.27
2014,16,1.016,1.016,0.7619999999999999
2014,17,1.27,1.5239999999999998,1.016
2014,18,1.27,1.778,1.016
2014,19,1.016,1.778,1.016
2014,20,1.016,1.5239999999999998,1.016
2014,21,1.016,1.5239999999999998,1.016
2014,22,0.254,0.254,0.254
2014,23,0.7619999999999999,1.016,0.7619999999999999
2014,24,0.254,0.254,0.254
2014,25,0.254,0.254,0.254
2014,26,0.254,0.254,0.254
2014,27,0.254,0.254,0.254
2014,28,0.254,0.7619999999999999,0.508
2014,29,0.0,0.7619999999999999,0.508
2014,30,0.508,1.27,1.016
2014,31,1.5239999999999998,1.778,1.016
2014,32,1.5239999999999998,1.778,1.27
2014,33,1.27,1.778,1.27
2014,34,0.7619999999999999,1.27,0.7619999999999999
2014,35,0.7619999999999999,0.7619999999999999,0.508
2014,36,1.016,0.7619999999999999,0.508
2014,37,1.016,0.7619999999999999,0.508
2014,38,0.254,0.508,0.508
2014,39,0.0,1.016,0.7619999999999999
2014,40,0.508,1.5239999999999998,1.016
2014,41,1.016,1.5239999999999998,1.016
2014,42,1.27,1.778,1.27
2014,43,0.508,1.016,0.7619999999999999
2014,44,1.5239999999999998,2.2859999999999996,1.5239999999999998
2014,45,0.508,0.7619999999999999,0.508
2014,46,0.508,1.016,0.508
2014,47,2.032,3.0479999999999996,2.032
2014,48,1.778,2.54,1.778
2014,49,2.032,3.0479999999999996,2.032
2014,50,3.302,3.8099999999999996,2.2859999999999996
2014,51,2.2859999999999996,2.54,1.778
2014,52,2.794,3.302,2.2859999999999996
2014,53,2.032,2.794,1.778
2014,54,1.778,2.794,2.032
2014,55,2.032,3.302,2.2859999999999996
2014,56,2.794,3.8099999999999996,2.54
2014,57,3.8099999999999996,5.08,3.302
2014,58,1.5239999999999998,2.032,1.27
2014,59,1.778,2.794,1.778
2014,60,1.5239999999999998,2.032,1.27
2014,61,1.27,1.778,1.27
2014,62,1.27,2.2859999999999996,1.5239999999999998
2014,63,2.2859999999999996,2.794,2.032
2014,64,2.794,3.8099999999999996,2.54
2014,65,1.778,2.794,2.032
2014,66,3.302,3.556,2.54
2014,67,2.54,3.302,2.2859999999999996
2014,68,1.5239999999999998,2.032,1.5239999999999998
2014,69,1.5239999999999998,2.2859999999999996,1.5239999999999998
2014,70,3.0479999999999996,3.302,2.2859999999999996
2014,71,2.54,2.794,2.032
2014,72,3.0479999999999996,3.8099999999999996,2.794
2014,73,2.54,3.556,2.54
2014,74,4.3180000000000005,5.588,3.8099999999999996
2014,75,3.302,4.826,3.302
2014,76,7.112,7.619999999999999,4.826
2014,77,3.8099999999999996,3.8099999999999996,2.54
2014,78,3.0479999999999996,3.556,2.54
2014,79,4.064,5.08,3.556
2014,80,2.794,3.302,2.2859999999999996
2014,81,3.556,4.3180000000000005,3.0479999999999996
2014,82,4.064,5.334,3.556
2014,83,3.302,4.571999999999999,3.302
2014,84,4.826,7.874,5.08
2014,85,2.794,3.556,2.54
2014,86,3.556,3.302,2.2859999999999996
2014,87,3.302,3.8099999999999996,2.794
2014,88,1.016,1.778,1.27
2014,89,3.0479999999999996,3.0479999999999996,2.032
2014,90,2.794,3.302,2.2859999999999996
2014,91,1.5239999999999998,1.5239999999999998,1.016
2014,92,2.032,2.032,1.5239999999999998
2014,93,2.794,3.302,2.54
2014,94,3.0479999999999996,3.556,2.794
2014,95,3.556,4.064,2.794
2014,96,4.571999999999999,5.334,3.8099999999999996
2014,97,4.571999999999999,5.842,4.064
2014,98,4.3180000000000005,5.588,4.064
2014,99,5.588,7.365999999999999,5.08
2014,100,5.842,6.604,4.571999999999999
2014,101,5.588,6.35,4.571999999999999
2014,102,6.35,7.365999999999999,5.08
2014,103,4.3180000000000005,4.571999999999999,3.302
2014,104,5.334,6.095999999999999,4.3180000000000005
2014,105,5.334,6.35,4.3180000000000005
2014,106,5.334,6.095999999999999,4.3180000000000005
2014,107,5.588,7.112,5.08
2014,108,5.334,6.095999999999999,4.3180000000000005
2014,109,5.08,5.842,4.3180000000000005
2014,110,7.112,8.128,5.588
2014,111,5.842,7.365999999999999,5.08
2014,112,3.556,4.064,2.794
2014,113,5.334,4.826,3.556
2014,114,3.302,3.8099999999999996,2.794
2014,115,2.032,2.2859999999999996,1.778
2014,116,4.826,4.571999999999999,3.302
2014,117,4.064,3.8099999999999996,2.794
2014,118,5.588,5.334,3.8099999999999996
2014,119,4.571999999999999,4.826,3.8099999999999996
2014,120,5.08,5.842,4.3180000000000005
2014,121,5.842,7.112,5.08
2014,122,6.604,8.382,6.095999999999999
2014,123,7.874,10.16,7.112
2014,124,6.858,7.874,5.588
2014,125,5.588,5.842,4.064
2014,126,2.794,2.2859999999999996,1.778
2014,127,4.3180000000000005,4.064,3.0479999999999996
2014,128,4.826,5.08,4.064
2014,129,4.571999999999999,4.3180000000000005,3.302
2014,130,5.334,4.826,3.556
2014,131,5.842,6.095999999999999,4.3180000000000005
2014,132,5.334,5.588,4.3180000000000005
2014,133,6.095999999999999,6.35,4.826
2014,134,6.604,7.112,5.334
2014,135,6.604,7.619999999999999,5.588
2014,136,6.095999999999999,7.112,5.334
2014,137,6.858,6.858,5.334
2014,138,6.35,5.842,4.3180000000000005
2014,139,6.095999999999999,5.588,4.3180000000000005
2014,140,3.0479999999999996,2.794,2.032
2014,141,5.08,4.826,3.8099999999999996
2014,142,6.095999999999999,6.095999999999999,4.826
2014,143,7.365999999999999,7.874,6.095999999999999
2014,144,8.382,9.143999999999998,6.604
2014,145,8.382,9.143999999999998,6.604
2014,146,7.874,8.128,6.095999999999999
2014,147,7.619999999999999,7.619999999999999,6.095999999999999
2014,148,8.636000000000001,8.636000000000001,6.35
2014,149,8.636000000000001,8.128,5.842
2014,150,7.619999999999999,7.365999999999999,5.334
2014,151,5.842,6.35,4.571999999999999
2014,152,8.128,8.382,6.095999999999999
2014,153,7.874,8.382,6.095999999999999
2014,154,8.889999999999999,9.652,6.858
2014,155,9.906,10.16,7.112
2014,156,9.652,9.906,7.112
2014,157,9.652,9.906,7.112
2014,158,9.143999999999998,9.143999999999998,6.604
2014,159,7.874,7.619999999999999,5.842
2014,160,8.382,8.128,6.35
2014,161,10.668,10.921999999999999,7.619999999999999
2014,162,8.889999999999999,8.382,6.35
2014,163,8.128,7.874,6.095999999999999
2014,164,10.668,10.413999999999998,7.112
2014,165,8.636000000000001,7.365999999999999,5.334
2014,166,6.858,6.35,4.826
2014,167,4.3180000000000005,3.8099999999999996,2.794
2014,168,7.619999999999999,6.604,4.826
2014,169,4.064,3.556,2.794
2014,170,6.35,6.35,5.334
2014,171,7.112,7.619999999999999,5.842
2014,172,8.382,8.636000000000001,6.35
2014,173,8.128,8.128,6.095999999999999
2014,174,7.874,7.365999999999999,5.842
2014,175,8.889999999999999,8.889999999999999,6.604
2014,176,8.128,7.874,6.095999999999999
2014,177,5.08,4.571999999999999,3.556
2014,178,7.619999999999999,6.858,5.08
2014,179,8.128,7.365999999999999,5.842
2014,180,8.889999999999999,8.636000000000001,6.35
2014,181,8.636000000000001,8.128,6.095999999999999
2014,182,8.382,8.128,6.35
2014,183,9.143999999999998,9.652,7.112
2014,184,7.365999999999999,7.365999999999999,5.588
2014,185,8.889999999999999,8.382,6.604
2014,186,10.16,10.16,7.619999999999999
2014,187,9.652,9.143999999999998,7.112
2014,188,10.668,10.668,7.874
2014,189,9.398,9.143999999999998,6.858
2014,190,9.652,9.906,7.112
2014,191,9.398,9.398,7.112
2014,192,9.143999999999998,8.636000000000001,6.604
2014,193,9.143999999999998,8.889999999999999,6.858
2014,194,9.143999999999998,8.636000000000001,6.858
2014,195,9.652,9.906,7.112
2014,196,11.937999999999999,12.191999999999998,8.636000000000001
2014,197,8.636000000000001,7.874,6.35
2014,198,8.128,7.619999999999999,5.588
2014,199,9.906,9.906,7.112
2014,200,10.16,10.16,7.365999999999999
2014,201,7.112,6.858,5.08
2014,202,6.35,5.842,4.571999999999999
2014,203,7.619999999999999,7.365999999999999,5.842
2014,204,9.143999999999998,9.143999999999998,6.858
2014,205,9.143999999999998,8.128,6.095999999999999
2014,206,8.889999999999999,8.128,6.095999999999999
2014,207,8.128,7.874,6.095999999999999
2014,208,7.874,8.128,6.095999999999999
2014,209,5.842,6.095999999999999,4.571999999999999
2014,210,7.874,7.619999999999999,5.842
2014,211,7.365999999999999,6.858,5.588
2014,212,6.604,6.35,5.08
2014,213,7.365999999999999,6.858,5.588
2014,214,8.128,8.636000000000001,6.35
2014,215,7.874,8.128,6.095999999999999
2014,216,5.08,5.08,3.556
2014,217,2.54,2.032,1.5239999999999998
2014,218,1.27,0.7619999999999999,0.508
2014,219,4.3180000000000005,4.064,3.556
2014,220,5.08,5.08,4.064
2014,221,5.08,5.08,4.064
2014,222,7.112,7.365999999999999,5.588
2014,223,7.112,7.365999999999999,5.588
2014,224,6.35,6.604,4.826
2014,225,5.334,5.334,3.8099999999999996
2014,226,5.842,5.588,4.571999999999999
2014,227,6.095999999999999,5.842,4.826
2014,228,6.095999999999999,5.842,4.826
2014,229,5.842,5.842,4.571999999999999
2014,230,5.588,5.588,4.3180000000000005
2014,231,5.842,6.095999999999999,4.3180000000000005
2014,232,5.334,5.08,4.064
2014,233,4.571999999999999,4.3180000000000005,3.556
2014,234,3.556,3.302,2.54
2014,235,5.842,5.334,4.064
2014,236,4.826,4.571999999999999,3.8099999999999996
2014,237,3.8099999999999996,3.8099999999999996,3.0479999999999996
2014,238,4.571999999999999,4.571999999999999,3.8099999999999996
2014,239,4.826,5.08,4.064
2014,240,5.588,6.095999999999999,4.826
2014,241,5.334,5.334,4.3180000000000005
2014,242,5.588,5.588,4.064
2014,243,6.604,5.842,4.3180000000000005
2014,244,5.588,5.334,4.064
2014,245,5.334,5.588,4.3180000000000005
2014,246,6.858,6.604,4.571999999999999
2014,247,5.334,5.08,3.8099999999999996
2014,248,5.842,5.842,4.3180000000000005
2014,249,5.842,6.858,4.826
2014,250,4.826,5.588,4.3180000000000005
2014,251,5.08,5.842,4.064
2014,252,7.365999999999999,7.874,5.334
2014,253,7.619999999999999,7.619999999999999,5.08
2014,254,5.842,5.334,3.8099999999999996
2014,255,6.35,6.095999999999999,4.3180000000000005
2014,256,5.08,5.842,4.064
2014,257,4.064,4.826,3.556
2014,258,4.571999999999999,5.588,4.064
2014,259,4.826,5.842,4.3180000000000005
2014,260,4.3180000000000005,5.08,3.8099999999999996
2014,261,4.064,4.826,3.556
2014,262,5.842,5.842,4.3180000000000005
2014,263,4.826,4.826,3.8099999999999996
2014,264,1.5239999999999998,1.27,0.7619999999999999
2014,265,3.0479999999999996,3.0479999999999996,2.54
2014,266,4.064,4.571999999999999,3.302
2014,267,6.095999999999999,7.874,5.334
2014,268,8.128,10.413999999999998,6.604
2014,269,5.08,5.08,3.556
2014,270,2.54,2.032,1.5239999999999998
2014,271,2.794,2.794,2.032
2014,272,1.016,0.7619999999999999,0.7619999999999999
2014,273,3.302,3.0479999999999996,2.2859999999999996
2014,274,4.064,3.8099999999999996,2.54
2014,275,4.3180000000000005,5.08,3.302
2014,276,3.302,3.8099999999999996,2.794
2014,277,4.064,4.826,3.302
2014,278,4.3180000000000005,5.588,3.8099999999999996
2014,279,4.571999999999999,5.842,4.064
2014,280,3.8099999999999996,4.571999999999999,3.302
2014,281,4.571999999999999,5.334,3.556
2014,282,4.064,4.3180000000000005,3.0479999999999996
2014,283,4.064,4.571999999999999,3.0479999999999996
2014,284,4.064,5.08,3.302
2014,285,5.08,4.826,3.0479999999999996
2014,286,3.556,4.064,2.794
2014,287,3.8099999999999996,5.334,3.556
2014,288,4.826,6.35,4.064
2014,289,3.302,3.302,2.2859999999999996
2014,290,4.064,4.826,3.0479999999999996
2014,291,3.0479999999999996,3.8099999999999996,2.54
2014,292,4.3180000000000005,5.588,3.556
2014,293,5.08,7.112,4.571999999999999
2014,294,4.571999999999999,4.826,3.0479999999999996
2014,295,2.54,2.54,1.778
2014,296,1.778,2.032,1.5239999999999998
2014,297,2.2859999999999996,3.302,2.2859999999999996
2014,298,3.8099999999999996,6.095999999999999,3.8099999999999996
2014,299,3.8099999999999996,4.064,2.54
2014,300,2.794,2.54,1.778
2014,301,2.2859999999999996,2.032,1.5239999999999998
2014,302,1.778,2.2859999999999996,1.5239999999999998
2014,303,3.0479999999999996,4.571999999999999,3.0479999999999996
2014,304,2.032,3.8099999999999996,2.54
2014,305,2.54,3.302,2.032
2014,306,2.54,2.2859999999999996,1.5239999999999998
2014,307,2.2859999999999996,2.032,1.5239999999999998
2014,308,1.27,1.5239999999999998,1.016
2014,309,1.016,2.032,1.27
2014,310,2.2859999999999996,3.302,2.032
2014,311,2.032,2.54,1.778
2014,312,1.778,1.778,1.27
2014,313,2.2859999999999996,3.302,2.032
2014,314,3.0479999999999996,3.0479999999999996,2.032
2014,315,2.54,2.2859999999999996,1.27
2014,316,3.0479999999999996,2.794,1.778
2014,317,1.27,1.27,0.7619999999999999
2014,318,0.0,0.7619999999999999,0.508
2014,319,1.016,1.016,0.7619999999999999
2014,320,0.7619999999999999,0.7619999999999999,0.508
2014,321,0.7619999999999999,0.7619999999999999,0.508
2014,322,0.7619999999999999,0.7619999999999999,0.508
2014,323,0.254,0.508,0.508
2014,324,0.254,0.7619999999999999,0.508
2014,325,0.508,1.016,0.7619999999999999
2014,326,0.254,1.016,0.7619999999999999
2014,327,1.778,2.032,1.27
2014,328,1.5239999999999998,2.032,1.27
2014,329,1.016,2.2859999999999996,1.5239999999999998
2014,330,1.27,2.54,1.5239999999999998
2014,331,1.27,2.2859999999999996,1.5239999999999998
2014,332,1.778,3.302,2.032
2014,333,2.794,3.8099999999999996,2.2859999999999996
2014,334,1.5239999999999998,1.27,0.7619999999999999
2014,335,1.016,1.016,0.7619999999999999
2014,336,0.7619999999999999,1.016,0.7619999999999999
2014,337,1.016,2.032,1.27
2014,338,0.7619999999999999,1.5239999999999998,1.016
2014,339,0.7619999999999999,1.27,0.7619999999999999
2014,340,1.27,1.778,1.27
2014,341,1.016,1.27,0.7619999999999999
2014,342,1.27,1.5239999999999998,1.016
2014,343,1.016,1.27,0.7619999999999999
2014,344,1.27,1.778,1.016
2014,345,1.27,2.794,1.778
2014,346,2.2859999999999996,4.3180000000000005,2.54
2014,347,1.5239999999999998,1.5239999999999998,1.016
2014,348,1.27,1.27,0.7619999999999999
2014,349,1.5239999999999998,1.778,1.016
2014,350,0.508,0.7619999999999999,0.508
2014,351,0.508,0.7619999999999999,0.508
2014,352,0.508,1.016,0.7619999999999999
2014,353,0.254,0.7619999999999999,0.508
2014,354,0.0,0.508,0.254
2014,355,0.7619999999999999,1.5239999999999998,1.016
2014,356,1.016,1.27,0.7619999999999999
2014,357,0.7619999999999999,0.7619999999999999,0.508
2014,358,1.016,1.27,0.7619999999999999
2014,359,0.7619999999999999,0.508,0.508
2014,360,0.7619999999999999,0.508,0.508
2014,361,0.508,0.7619999999999999,0.508
2014,362,0.508,0.7619999999999999,0.508
2014,363,0.508,0.254,0.254
2014,364,1.016,0.7619999999999999,0.508
2014,365,0.508,0.508,0.254
2015,1,0.254,0.508,0.254
2015,2,0.254,0.508,0.254
2015,3,0.254,0.508,0.254
2015,4,0.0,0.508,0.508
2015,5,0.0,1.016,0.7619999999999999
2015,6,0.254,0.7619999999999999,0.508
2015,7,0.7619999999999999,1.016,0.7619999999999999
2015,8,0.508,0.254,0.254
2015,9,0.508,0.254,0.254
2015,10,0.254,0.254,0.254
2015,11,0.254,0.508,0.254
2015,12,0.254,0.254,0.254
2015,13,0.508,0.254,0.254
2015,14,0.508,0.254,0.254
2015,15,0.508,0.254,0.254
2015,16,0.0,0.254,0.254
2015,17,0.254,0.254,0.254
2015,18,0.254,1.016,0.7619999999999999
2015,19,0.7619999999999999,1.016,0.7619999999999999
2015,20,0.508,0.508,0.254
2015,21,0.7619999999999999,0.508,0.508
2015,22,0.7619999999999999,0.7619999999999999,0.508
2015,23,0.254,0.254,0.254
2015,24,0.254,0.7619999999999999,0.508
2015,25,0.508,1.016,0.7619999999999999
2015,26,1.016,1.778,1.016
2015,27,0.508,1.016,0.7619999999999999
2015,28,0.508,0.7619999999999999,0.508
2015,29,0.7619999999999999,0.7619999999999999,0.508
2015,30,0.508,0.508,0.508
2015,31,1.016,1.27,0.7619999999999999
2015,32,0.508,0.7619999999999999,0.508
2015,33,0.0,0.508,0.508
2015,34,0.0,0.508,0.508
2015,35,0.508,1.016,0.7619999999999999
2015,36,1.27,2.032,1.27
2015,37,2.032,4.571999999999999,2.794
2015,38,3.0479999999999996,5.334,3.302
2015,39,2.032,3.0479999999999996,2.032
2015,40,2.54,4.064,2.54
2015,41,1.778,2.032,1.27
2015,42,2.032,2.54,1.5239999999999998
2015,43,1.778,2.2859999999999996,1.5239999999999998
2015,44,2.032,3.0479999999999996,2.032
2015,45,1.5239999999999998,2.032,1.5239999999999998
2015,46,2.54,3.0479999999999996,2.032
2015,47,2.032,2.54,1.778
2015,48,2.032,2.2859999999999996,1.5239999999999998
2015,49,2.032,2.794,2.032
2015,50,2.032,3.302,2.2859999999999996
2015,51,2.794,3.556,2.2859999999999996
2015,52,2.2859999999999996,2.54,1.778
2015,53,3.556,3.8099999999999996,2.2859999999999996
2015,54,2.2859999999999996,2.794,1.778
2015,55,2.794,4.3180000000000005,2.794
2015,56,3.556,5.334,3.556
2015,57,1.27,1.778,1.27
2015,58,1.778,2.2859999999999996,1.5239999999999998
2015,59,2.54,3.0479999999999996,2.032
2015,60,3.302,4.3180000000000005,2.794
2015,61,2.54,3.302,2.2859999999999996
2015,62,2.794,3.302,2.032
2015,63,2.54,2.794,2.032
2015,64,2.2859999999999996,3.302,2.2859999999999996
2015,65,2.54,3.8099999999999996,2.54
2015,66,3.0479999999999996,4.826,3.302
2015,67,3.0479999999999996,4.3180000000000005,3.0479999999999996
2015,68,3.556,5.08,3.556
2015,69,3.556,5.588,3.556
2015,70,2.794,4.571999999999999,3.0479999999999996
2015,71,3.556,4.571999999999999,3.0479999999999996
2015,72,3.556,4.826,3.302
2015,73,4.064,6.35,4.064
2015,74,2.794,5.334,3.302
2015,75,3.0479999999999996,4.826,3.302
2015,76,2.794,3.302,2.2859999999999996
2015,77,4.571999999999999,5.08,3.302
2015,78,4.064,4.826,3.302
2015,79,3.8099999999999996,5.334,3.8099999999999996
2015,80,3.556,5.334,3.8099999999999996
2015,81,3.8099999999999996,5.08,3.302
2015,82,2.54,2.54,1.778
2015,83,2.2859999999999996,2.2859999999999996,1.5239999999999998
2015,84,3.302,3.8099999999999996,2.794
2015,85,3.302,4.064,3.0479999999999996
2015,86,3.556,4.826,3.556
2015,87,5.08,6.35,4.3180000000000005
2015,88,4.064,4.826,3.556
2015,89,4.826,6.095999999999999,4.3180000000000005
2015,90,5.334,7.365999999999999,4.826
2015,91,5.334,5.334,3.556
2015,92,4.826,5.08,3.556
2015,93,4.064,5.08,3.556
2015,94,4.064,5.334,3.8099999999999996
2015,95,2.032,3.0479999999999996,2.2859999999999996
2015,96,4.064,4.571999999999999,3.302
2015,97,4.064,4.826,3.302
2015,98,1.778,1.778,1.27
2015,99,3.302,4.064,3.0479999999999996
2015,100,4.064,4.826,3.556
2015,101,4.571999999999999,5.842,4.064
2015,102,5.08,4.826,3.556
2015,103,5.588,7.112,5.08
2015,104,5.842,7.112,4.571999999999999
2015,105,5.588,5.588,3.8099999999999996
2015,106,4.826,5.08,3.8099999999999996
2015,107,5.08,6.35,4.571999999999999
2015,108,6.095999999999999,7.874,5.334
2015,109,4.826,5.842,4.3180000000000005
2015,110,5.588,6.35,4.571999999999999
2015,111,5.842,6.858,5.08
2015,112,5.588,6.604,4.571999999999999
2015,113,6.858,8.128,5.588
2015,114,3.556,3.556,2.54
2015,115,2.794,2.794,2.032
2015,116,6.858,6.604,4.571999999999999
2015,117,5.08,5.588,4.064
2015,118,5.842,7.112,5.08
2015,119,5.588,6.858,5.08
2015,120,6.858,7.365999999999999,5.334
2015,121,6.604,7.112,5.334
2015,122,6.858,8.128,5.842
2015,123,5.842,6.858,5.08
2015,124,5.588,6.35,4.571999999999999
2015,125,7.112,7.874,5.588
2015,126,6.095999999999999,6.095999999999999,4.3180000000000005
2015,127,4.064,3.8099999999999996,2.794
2015,128,4.3180000000000005,4.3180000000000005,3.302
2015,129,4.826,5.08,4.064
2015,130,7.112,7.619999999999999,5.588
2015,131,6.604,7.619999999999999,5.334
2015,132,6.858,7.619999999999999,5.334
2015,133,5.334,5.334,4.064
2015,134,3.556,3.556,2.794
2015,135,3.556,3.302,2.794
2015,136,3.0479999999999996,3.0479999999999996,2.032
2015,137,4.3180000000000005,4.064,3.302
2015,138,3.556,3.556,2.794
2015,139,2.032,2.032,1.778
2015,140,3.0479999999999996,2.794,2.2859999999999996
2015,141,4.571999999999999,4.571999999999999,3.8099999999999996
2015,142,3.556,3.556,3.0479999999999996
2015,143,4.064,3.8099999999999996,3.0479999999999996
2015,144,4.571999999999999,4.064,3.556
2015,145,5.334,5.334,4.3180000000000005
2015,146,5.588,5.588,4.571999999999999
2015,147,5.08,4.826,3.8099999999999996
2015,148,6.35,6.095999999999999,4.826
2015,149,6.858,6.858,5.334
2015,150,6.095999999999999,6.095999999999999,5.08
2015,151,6.604,6.604,5.334
2015,152,6.095999999999999,5.842,4.571999999999999
2015,153,6.858,6.35,5.08
2015,154,5.588,4.826,3.8099999999999996
2015,155,5.08,4.826,3.8099999999999996
2015,156,4.064,3.8099999999999996,3.0479999999999996
2015,157,5.842,5.588,4.571999999999999
2015,158,6.604,6.35,5.334
2015,159,7.619999999999999,7.874,6.35
2015,160,8.382,8.889999999999999,6.858
2015,161,8.128,8.128,6.095999999999999
2015,162,8.382,8.128,6.35
2015,163,11.176,11.43,8.128
2015,164,10.16,9.906,7.112
2015,165,8.636000000000001,8.128,6.095999999999999
2015,166,8.636000000000001,8.636000000000001,6.604
2015,167,8.128,7.874,6.35
2015,168,8.382,8.382,6.604
2015,169,8.636000000000001,8.382,6.604
2015,170,10.413999999999998,10.413999999999998,7.619999999999999
2015,171,7.874,7.365999999999999,5.588
2015,172,8.889999999999999,8.889999999999999,6.604
2015,173,8.889999999999999,8.382,6.35
2015,174,8.128,7.619999999999999,6.095999999999999
2015,175,8.636000000000001,8.382,6.604
2015,176,9.906,10.16,7.365999999999999
2015,177,8.636000000000001,8.128,6.604
2015,178,8.382,7.619999999999999,6.095999999999999
2015,179,8.636000000000001,8.382,6.604
2015,180,7.874,7.365999999999999,5.842
2015,181,8.889999999999999,8.889999999999999,6.858
2015,182,9.652,9.906,7.365999999999999
2015,183,9.652,9.143999999999998,7.112
2015,184,9.398,9.398,7.112
2015,185,9.652,9.398,7.112
2015,186,6.604,6.604,4.826
2015,187,7.619999999999999,6.858,5.588
2015,188,8.382,7.874,6.095999999999999
2015,189,5.334,4.826,3.8099999999999996
2015,190,7.365999999999999,6.858,5.334
2015,191,6.35,5.588,4.3180000000000005
2015,192,5.588,5.08,4.064
2015,193,6.35,5.588,4.571999999999999
2015,194,6.095999999999999,5.588,4.571999999999999
2015,195,6.604,6.095999999999999,4.571999999999999
2015,196,7.365999999999999,7.365999999999999,5.842
2015,197,8.636000000000001,8.636000000000001,6.35
2015,198,8.636000000000001,8.382,6.095999999999999
2015,199,6.095999999999999,5.588,4.3180000000000005
2015,200,7.365999999999999,6.858,5.588
2015,201,7.874,7.874,6.095999999999999
2015,202,8.128,8.128,6.095999999999999
2015,203,5.842,5.842,4.3180000000000005
2015,204,5.08,4.571999999999999,3.8099999999999996
2015,205,6.35,6.095999999999999,4.3180000000000005
2015,206,7.619999999999999,7.365999999999999,5.842
2015,207,8.382,8.636000000000001,6.35
2015,208,8.636000000000001,7.619999999999999,5.334
2015,209,7.112,6.095999999999999,4.826
2015,210,7.874,7.619999999999999,5.842
2015,211,8.382,8.636000000000001,6.604
2015,212,7.619999999999999,7.874,6.095999999999999
2015,213,8.889999999999999,9.143999999999998,6.858
2015,214,7.365999999999999,7.365999999999999,5.588
2015,215,5.334,5.588,4.064
2015,216,6.858,6.35,5.08
2015,217,4.826,4.3180000000000005,3.556
2015,218,6.604,6.095999999999999,4.826
2015,219,4.826,4.571999999999999,3.556
2015,220,5.334,5.08,4.064
2015,221,6.095999999999999,6.095999999999999,4.571999999999999
2015,222,5.588,5.842,4.064
2015,223,7.365999999999999,8.128,5.842
2015,224,6.095999999999999,6.604,5.08
2015,225,6.604,7.112,5.588
2015,226,8.382,9.143999999999998,6.35
2015,227,7.874,7.619999999999999,5.588
2015,228,7.365999999999999,6.858,5.334
2015,229,8.889999999999999,8.636000000000001,6.095999999999999
2015,230,7.619999999999999,7.619999999999999,5.588
2015,231,6.858,6.858,5.08
2015,232,6.095999999999999,6.35,4.826
2015,233,7.619999999999999,8.128,5.842
2015,234,7.112,7.112,5.08
2015,235,7.365999999999999,7.365999999999999,5.334
2015,236,6.35,6.858,5.08
2015,237,7.112,7.619999999999999,5.588
2015,238,6.095999999999999,6.858,5.08
2015,239,6.858,7.112,5.334
2015,240,5.842,6.095999999999999,4.571999999999999
2015,241,6.095999999999999,6.604,5.08
2015,242,6.858,6.858,5.08
2015,243,6.35,6.095999999999999,4.571999999999999
2015,244,6.095999999999999,6.35,4.826
2015,245,6.095999999999999,6.858,5.08
2015,246,6.604,6.604,4.826
2015,247,5.334,5.08,3.8099999999999996
2015,248,5.842,5.08,3.8099999999999996
2015,249,4.571999999999999,4.3180000000000005,3.302
2015,250,5.588,5.842,4.3180000000000005
2015,251,5.334,5.842,4.3180000000000005
2015,252,5.588,6.35,4.571999999999999
2015,253,5.842,6.858,4.826
2015,254,5.842,6.604,4.826
2015,255,6.604,7.365999999999999,5.334
2015,256,5.334,6.35,4.3180000000000005
2015,257,4.064,4.571999999999999,3.302
2015,258,2.794,2.032,1.778
2015,259,3.8099999999999996,3.302,2.54
2015,260,3.302,3.302,2.2859999999999996
2015,261,3.556,3.302,2.794
2015,262,3.8099999999999996,4.064,3.0479999999999996
2015,263,4.571999999999999,5.588,4.064
2015,264,4.571999999999999,5.334,3.8099999999999996
2015,265,5.08,6.095999999999999,4.3180000000000005
2015,266,5.334,6.095999999999999,4.3180000000000005
2015,267,5.588,6.604,4.3180000000000005
2015,268,6.35,8.128,5.334
2015,269,5.588,7.112,4.571999999999999
2015,270,4.571999999999999,4.571999999999999,3.302
2015,271,4.3180000000000005,4.3180000000000005,3.302
2015,272,4.826,5.334,3.8099999999999996
2015,273,3.556,4.826,3.302
2015,274,4.3180000000000005,4.826,3.302
2015,275,1.5239999999999998,1.016,0.7619999999999999
2015,276,3.8099999999999996,3.8099999999999996,2.794
2015,277,4.571999999999999,4.826,3.302
2015,278,3.302,3.8099999999999996,2.794
2015,279,2.794,3.302,2.2859999999999996
2015,280,3.302,4.064,3.0479999999999996
2015,281,3.556,4.571999999999999,3.0479999999999996
2015,282,3.8099999999999996,4.826,3.302
2015,283,5.334,6.858,4.571999999999999
2015,284,6.35,7.112,4.571999999999999
2015,285,4.826,5.588,3.8099999999999996
2015,286,4.3180000000000005,5.334,3.556
2015,287,3.8099999999999996,4.826,3.302
2015,288,3.8099999999999996,4.571999999999999,3.0479999999999996
2015,289,5.08,6.35,4.064
2015,290,3.556,4.571999999999999,3.0479999999999996
2015,291,1.5239999999999998,1.5239999999999998,1.27
2015,292,1.5239999999999998,1.5239999999999998,1.27
2015,293,1.27,1.27,1.016
2015,294,2.032,1.778,1.5239999999999998
2015,295,2.2859999999999996,2.2859999999999996,1.778
2015,296,2.794,3.302,2.2859999999999996
2015,297,2.032,2.794,1.778
2015,298,1.778,2.54,1.778
2015,299,2.54,3.0479999999999996,2.032
2015,300,2.794,3.0479999999999996,2.032
2015,301,1.778,2.032,1.27
2015,302,2.2859999999999996,2.54,1.5239999999999998
2015,303,1.27,1.778,1.27
2015,304,2.54,4.064,2.54
2015,305,1.778,3.0479999999999996,1.778
2015,306,0.7619999999999999,0.508,0.254
2015,307,1.27,0.7619999999999999,0.508
2015,308,1.016,1.016,0.7619999999999999
2015,309,2.032,2.2859999999999996,1.5239999999999998
2015,310,1.778,2.2859999999999996,1.5239999999999998
2015,311,1.5239999999999998,2.032,1.27
2015,312,2.032,2.794,1.778
2015,313,0.7619999999999999,1.27,0.7619999999999999
2015,314,1.016,1.016,0.7619999999999999
2015,315,2.2859999999999996,2.794,1.778
2015,316,1.016,1.5239999999999998,1.016
2015,317,1.27,1.778,1.27
2015,318,2.032,2.794,1.778
2015,319,2.032,3.302,2.032
2015,320,2.2859999999999996,2.032,1.27
2015,321,1.778,2.54,1.5239999999999998
2015,322,3.302,3.8099999999999996,2.2859999999999996
2015,323,0.508,1.016,0.508
2015,324,1.5239999999999998,1.5239999999999998,1.016
2015,325,1.27,1.27,0.7619999999999999
2015,326,1.5239999999999998,1.778,1.27
2015,327,1.016,1.778,1.016
2015,328,0.7619999999999999,1.778,1.016
2015,329,0.508,0.508,0.508
2015,330,0.508,0.254,0.254
2015,331,0.7619999999999999,0.254,0.254
2015,332,0.508,0.254,0.254
2015,333,0.508,0.254,0.254
2015,334,0.254,0.254,0.254
2015,335,0.254,0.508,0.254
2015,336,0.254,1.016,0.508
2015,337,0.7619999999999999,1.5239999999999998,1.016
2015,338,0.0,1.016,0.7619999999999999
2015,339,0.508,0.7619999999999999,0.508
2015,340,0.508,1.016,0.7619999999999999
2015,341,0.508,1.016,0.508
2015,342,0.254,1.27,0.7619999999999999
2015,343,1.27,2.032,1.27
2015,344,1.778,2.794,1.778
2015,345,0.7619999999999999,0.7619999999999999,0.508
2015,346,0.508,0.7619999999999999,0.508
2015,347,1.016,1.778,1.016
2015,348,1.016,0.7619999999999999,0.508
2015,349,1.016,1.016,0.7619999999999999
2015,350,1.016,1.27,0.7619999999999999
2015,351,0.508,0.508,0.508
2015,352,0.254,0.508,0.254
2015,353,0.254,1.016,0.508
2015,354,0.254,0.508,0.254
2015,355,0.508,1.016,0.7619999999999999
2015,356,0.254,0.254,0.254
2015,357,1.016,1.016,0.508
2015,358,0.508,0.508,0.508
2015,359,0.508,0.254,0.254
2015,360,0.254,0.0,0.0
2015,361,0.7619999999999999,0.508,0.254
2015,362,0.254,0.254,0.254
2015,363,0.0,0.254,0.254
2015,364,0.254,0.254,0.254
2015,365,0.508,0.508,0.254
2016,1,0.508,0.508,0.254
2016,2,0.508,0.7619999999999999,0.508
2016,3,0.254,1.27,0.7619999999999999
2016,4,0.0,1.016,0.508
2016,5,0.0,0.508,0.508
2016,6,0.0,0.254,0.254
2016,7,0.254,0.0,0.0
2016,8,0.254,0.254,0.254
2016,9,0.508,0.7619999999999999,0.508
2016,10,0.254,0.254,0.254
2016,11,0.508,0.508,0.254
2016,12,0.7619999999999999,1.016,0.508
2016,13,0.508,1.27,0.7619999999999999
2016,14,0.508,1.016,0.7619999999999999
2016,15,0.254,0.254,0.254
2016,16,0.254,0.508,0.254
2016,17,0.254,0.508,0.254
2016,18,0.254,0.508,0.508
2016,19,0.508,0.7619999999999999,0.508
2016,20,1.016,1.27,0.7619999999999999
2016,21,1.016,0.7619999999999999,0.508
2016,22,0.7619999999999999,1.016,0.7619999999999999
2016,23,0.254,0.508,0.254
2016,24,0.7619999999999999,1.016,0.7619999999999999
2016,25,0.7619999999999999,0.7619999999999999,0.508
2016,26,0.508,0.508,0.508
2016,27,0.7619999999999999,0.7619999999999999,0.508
2016,28,0.7619999999999999,0.7619999999999999,0.508
2016,29,0.0,0.508,0.508
2016,30,0.7619999999999999,0.7619999999999999,0.508
2016,31,0.7619999999999999,0.508,0.508
2016,32,0.7619999999999999,0.7619999999999999,0.508
2016,33,0.7619999999999999,1.016,0.7619999999999999
2016,34,0.7619999999999999,0.7619999999999999,0.508
2016,35,0.254,0.508,0.508
2016,36,0.508,0.508,0.508
2016,37,0.7619999999999999,1.27,0.7619999999999999
2016,38,0.7619999999999999,0.7619999999999999,0.7619999999999999
2016,39,0.7619999999999999,0.254,0.254
2016,40,1.016,0.7619999999999999,0.508
2016,41,0.7619999999999999,0.7619999999999999,0.508
2016,42,0.7619999999999999,0.508,0.508
2016,43,0.7619999999999999,0.7619999999999999,0.7619999999999999
2016,44,1.016,1.5239999999999998,1.016
2016,45,0.254,0.508,0.508
2016,46,1.778,3.0479999999999996,2.032
2016,47,1.5239999999999998,2.2859999999999996,1.778
2016,48,1.5239999999999998,2.2859999999999996,1.5239999999999998
2016,49,3.302,4.3180000000000005,2.794
2016,50,3.0479999999999996,4.3180000000000005,2.794
2016,51,2.2859999999999996,2.54,1.778
2016,52,1.778,2.032,1.5239999999999998
2016,53,2.2859999999999996,2.54,1.778
2016,54,2.032,2.2859999999999996,1.5239999999999998
2016,55,1.778,2.2859999999999996,1.5239999999999998
2016,56,2.2859999999999996,3.0479999999999996,2.032
2016,57,2.2859999999999996,3.302,2.2859999999999996
2016,58,2.032,2.794,2.032
2016,59,2.032,3.0479999999999996,2.032
2016,60,3.302,4.3180000000000005,2.794
2016,61,2.2859999999999996,3.302,2.2859999999999996
2016,62,3.0479999999999996,4.3180000000000005,3.0479999999999996
2016,63,2.54,3.8099999999999996,2.54
2016,64,3.0479999999999996,4.064,2.794
2016,65,2.794,4.3180000000000005,2.794
2016,66,2.032,2.794,1.778
2016,67,2.2859999999999996,2.2859999999999996,1.778
2016,68,2.2859999999999996,2.2859999999999996,1.778
2016,69,1.778,2.2859999999999996,1.778
2016,70,1.5239999999999998,3.302,2.032
2016,71,1.5239999999999998,2.2859999999999996,1.778
2016,72,3.0479999999999996,4.064,2.794
2016,73,1.016,1.016,0.7619999999999999
2016,74,2.54,2.54,1.778
2016,75,2.2859999999999996,2.032,1.5239999999999998
2016,76,2.032,2.032,1.778
2016,77,2.794,3.0479999999999996,2.2859999999999996
2016,78,3.302,3.556,2.54
2016,79,4.826,5.588,3.8099999999999996
2016,80,5.334,7.619999999999999,4.826
2016,81,1.5239999999999998,2.032,1.5239999999999998
2016,82,3.556,3.302,2.2859999999999996
2016,83,4.3180000000000005,4.3180000000000005,3.0479999999999996
2016,84,3.0479999999999996,4.064,2.794
2016,85,3.8099999999999996,3.8099999999999996,2.794
2016,86,2.794,2.794,2.032
2016,87,2.54,3.556,2.54
2016,88,2.2859999999999996,2.54,2.032
2016,89,1.5239999999999998,1.27,1.016
2016,90,2.794,3.0479999999999996,2.2859999999999996
2016,91,3.0479999999999996,3.8099999999999996,2.794
2016,92,3.8099999999999996,4.826,3.556
2016,93,3.556,4.3180000000000005,3.302
2016,94,3.8099999999999996,5.08,3.8099999999999996
2016,95,3.302,4.3180000000000005,3.0479999999999996
2016,96,5.334,5.334,3.556
2016,97,5.588,6.858,4.826
2016,98,4.826,6.095999999999999,4.3180000000000005
2016,99,5.842,8.128,5.588
2016,100,4.826,6.604,4.571999999999999
2016,101,4.3180000000000005,4.826,3.8099999999999996
2016,102,4.826,5.588,4.3180000000000005
2016,103,3.8099999999999996,4.571999999999999,3.302
2016,104,3.8099999999999996,3.556,2.794
2016,105,4.826,4.826,3.556
2016,106,4.826,4.571999999999999,3.302
2016,107,4.3180000000000005,4.571999999999999,3.556
2016,108,5.08,5.842,4.3180000000000005
2016,109,4.826,5.588,4.3180000000000005
2016,110,5.08,6.095999999999999,4.571999999999999
2016,111,5.334,6.35,4.826
2016,112,7.365999999999999,9.906,6.858
2016,113,6.858,9.906,6.35
2016,114,2.2859999999999996,1.5239999999999998,1.016
2016,115,5.334,4.826,3.556
2016,116,1.27,0.7619999999999999,0.508
2016,117,4.3180000000000005,4.571999999999999,3.302
2016,118,3.0479999999999996,3.302,2.54
2016,119,3.8099999999999996,3.8099999999999996,3.0479999999999996
2016,120,4.826,5.08,3.8099999999999996
2016,121,3.8099999999999996,3.8099999999999996,3.0479999999999996
2016,122,5.08,5.334,4.064
2016,123,5.08,5.334,4.3180000000000005
2016,124,5.588,6.095999999999999,4.826
2016,125,5.842,6.858,5.08
2016,126,5.334,6.35,4.571999999999999
2016,127,3.8099999999999996,4.3180000000000005,3.0479999999999996
2016,128,3.302,3.0479999999999996,2.54
2016,129,4.826,5.08,3.8099999999999996
2016,130,7.874,7.365999999999999,5.08
2016,131,5.08,4.826,3.556
2016,132,5.334,4.826,4.064
2016,133,5.842,6.35,5.08
2016,134,6.095999999999999,6.858,5.334
2016,135,6.604,7.619999999999999,5.334
2016,136,6.095999999999999,5.588,4.064
2016,137,5.334,4.826,3.556
2016,138,5.08,5.08,4.064
2016,139,6.35,6.858,5.334
2016,140,4.064,4.3180000000000005,3.0479999999999996
2016,141,1.27,0.508,0.508
2016,142,3.556,3.0479999999999996,2.54
2016,143,4.3180000000000005,3.8099999999999996,3.0479999999999996
2016,144,5.08,4.826,4.064
2016,145,4.826,4.826,3.8099999999999996
2016,146,5.588,5.842,4.571999999999999
2016,147,6.604,6.604,5.08
2016,148,7.112,6.858,5.334
2016,149,7.112,6.858,5.334
2016,150,6.095999999999999,5.842,4.826
2016,151,8.382,8.636000000000001,6.095999999999999
2016,152,7.365999999999999,7.112,5.588
2016,153,7.365999999999999,7.112,5.588
2016,154,8.382,9.398,6.858
2016,155,8.382,8.636000000000001,6.604
2016,156,7.874,7.619999999999999,6.095999999999999
2016,157,8.636000000000001,8.889999999999999,6.858
2016,158,7.874,8.382,6.095999999999999
2016,159,8.128,8.128,6.35
2016,160,7.365999999999999,7.112,5.588
2016,161,8.636000000000001,8.382,6.604
2016,162,7.874,7.365999999999999,5.588
2016,163,7.112,6.35,4.571999999999999
2016,164,6.604,5.588,4.571999999999999
2016,165,6.095999999999999,5.842,4.826
2016,166,6.858,6.35,4.826
2016,167,6.604,6.095999999999999,4.571999999999999
2016,168,7.112,6.095999999999999,4.826
2016,169,7.874,7.365999999999999,5.842
2016,170,8.889999999999999,9.143999999999998,6.858
2016,171,8.636000000000001,8.382,6.35
2016,172,8.128,8.128,6.095999999999999
2016,173,9.652,9.906,7.365999999999999
2016,174,8.636000000000001,7.874,6.35
2016,175,9.652,9.652,7.365999999999999
2016,176,9.652,8.889999999999999,6.604
2016,177,8.382,7.112,5.588
2016,178,8.128,7.365999999999999,5.842
2016,179,8.128,8.128,6.35
2016,180,9.143999999999998,9.143999999999998,7.112
2016,181,7.874,7.619999999999999,6.095999999999999
2016,182,7.874,7.619999999999999,5.588
2016,183,7.874,7.112,5.842
2016,184,9.143999999999998,8.889999999999999,6.858
2016,185,9.143999999999998,9.143999999999998,6.858
2016,186,8.889999999999999,8.382,6.35
2016,187,8.128,7.112,5.334
2016,188,8.382,7.619999999999999,5.842
2016,189,7.874,7.112,5.842
2016,190,7.365999999999999,7.365999999999999,5.842
2016,191,7.874,7.874,6.095999999999999
2016,192,5.588,4.3180000000000005,3.556
2016,193,7.112,6.095999999999999,4.826
2016,194,7.619999999999999,7.112,5.588
2016,195,7.874,7.619999999999999,5.842
2016,196,8.128,8.128,6.35
2016,197,8.636000000000001,8.636000000000001,6.604
2016,198,9.398,9.143999999999998,6.858
2016,199,9.398,9.143999999999998,6.858
2016,200,8.889999999999999,8.636000000000001,6.604
2016,201,8.636000000000001,8.382,6.604
2016,202,9.143999999999998,8.889999999999999,6.604
2016,203,9.143999999999998,8.889999999999999,6.858
2016,204,10.16,10.413999999999998,7.619999999999999
2016,205,9.652,8.889999999999999,6.604
2016,206,8.889999999999999,8.128,6.35
2016,207,9.398,9.143999999999998,6.858
2016,208,9.143999999999998,9.143999999999998,6.858
2016,209,8.382,8.128,6.35
2016,210,8.636000000000001,8.636000000000001,6.604
2016,211,8.889999999999999,8.889999999999999,6.604
2016,212,7.874,8.128,6.095999999999999
2016,213,9.143999999999998,9.143999999999998,6.604
2016,214,8.889999999999999,8.382,6.35
2016,215,8.889999999999999,8.636000000000001,6.35
2016,216,10.668,10.413999999999998,7.112
2016,217,7.619999999999999,7.112,5.588
2016,218,6.858,7.112,5.08
2016,219,6.858,7.112,5.588
2016,220,8.128,8.128,6.095999999999999
2016,221,7.874,7.365999999999999,5.588
2016,222,8.128,7.619999999999999,5.588
2016,223,6.604,6.095999999999999,4.571999999999999
2016,224,7.619999999999999,7.874,5.842
2016,225,7.112,7.365999999999999,5.588
2016,226,7.112,7.365999999999999,5.588
2016,227,7.619999999999999,8.382,6.095999999999999
2016,228,6.858,7.112,5.334
2016,229,7.112,7.365999999999999,5.588
2016,230,6.095999999999999,6.35,4.826
2016,231,6.604,6.858,5.08
2016,232,7.365999999999999,7.112,5.334
2016,233,6.858,6.604,5.08
2016,234,7.365999999999999,7.619999999999999,5.588
2016,235,8.382,8.636000000000001,6.095999999999999
2016,236,8.636000000000001,8.382,5.842
2016,237,7.619999999999999,7.619999999999999,5.334
2016,238,7.112,7.112,5.334
2016,239,6.604,6.858,4.826
2016,240,6.604,7.112,5.08
2016,241,6.858,7.619999999999999,5.588
2016,242,6.095999999999999,6.858,5.08
2016,243,6.604,7.365999999999999,5.334
2016,244,5.588,6.095999999999999,4.571999999999999
2016,245,6.604,6.858,5.08
2016,246,5.334,5.08,3.8099999999999996
2016,247,3.8099999999999996,3.556,2.794
2016,248,3.0479999999999996,2.54,2.032
2016,249,5.08,4.826,3.556
2016,250,4.3180000000000005,4.571999999999999,3.302
2016,251,5.334,5.588,4.064
2016,252,6.095999999999999,6.604,4.571999999999999
2016,253,5.334,5.588,4.064
2016,254,5.334,5.334,4.064
2016,255,5.842,6.604,4.571999999999999
2016,256,3.556,3.556,2.54
2016,257,5.08,5.08,3.556
2016,258,2.794,2.54,2.032
2016,259,3.556,3.556,2.794
2016,260,4.064,4.3180000000000005,3.302
2016,261,4.3180000000000005,5.334,3.8099999999999996
2016,262,5.08,6.35,4.571999999999999
2016,263,4.826,5.588,4.064
2016,264,5.08,5.588,4.064
2016,265,3.0479999999999996,3.0479999999999996,2.032
2016,266,1.27,0.7619999999999999,0.508
2016,267,2.2859999999999996,2.032,1.27
2016,268,5.334,5.08,3.556
2016,269,3.556,3.8099999999999996,2.794
2016,270,4.064,4.826,3.556
2016,271,4.571999999999999,5.334,3.8099999999999996
2016,272,5.08,6.095999999999999,4.3180000000000005
2016,273,4.3180000000000005,5.588,3.8099999999999996
2016,274,4.064,4.571999999999999,3.302
2016,275,3.8099999999999996,4.064,3.0479999999999996
2016,276,5.588,5.842,4.064
2016,277,5.842,5.334,3.556
2016,278,4.3180000000000005,4.064,2.794
2016,279,3.0479999999999996,3.0479999999999996,2.032
2016,280,2.54,2.794,2.032
2016,281,2.794,3.302,2.54
2016,282,3.8099999999999996,4.826,3.302
2016,283,3.302,4.3180000000000005,3.0479999999999996
2016,284,3.302,4.571999999999999,3.0479999999999996
2016,285,3.556,3.556,2.54
2016,286,3.302,3.0479999999999996,2.2859999999999996
2016,287,2.54,3.0479999999999996,2.032
2016,288,2.54,4.3180000000000005,2.54
2016,289,2.032,2.54,1.778
2016,290,2.2859999999999996,3.0479999999999996,2.032
2016,291,5.588,7.112,4.3180000000000005
2016,292,1.5239999999999998,1.27,1.016
2016,293,2.2859999999999996,2.2859999999999996,1.778
2016,294,2.032,2.2859999999999996,1.778
2016,295,2.2859999999999996,2.794,2.032
2016,296,1.5239999999999998,2.032,1.5239999999999998
2016,297,2.2859999999999996,2.794,2.032
2016,298,1.5239999999999998,2.794,1.778
2016,299,1.778,2.032,1.5239999999999998
2016,300,2.2859999999999996,2.794,2.032
2016,301,1.5239999999999998,2.032,1.5239999999999998
2016,302,0.7619999999999999,0.7619999999999999,0.508
2016,303,2.032,2.032,1.5239999999999998
2016,304,1.5239999999999998,2.2859999999999996,1.5239999999999998
2016,305,1.778,2.032,1.27
2016,306,1.778,1.778,1.27
2016,307,2.032,2.032,1.5239999999999998
2016,308,2.54,2.794,1.778
2016,309,2.032,2.54,1.778
2016,310,1.778,2.54,1.5239999999999998
2016,311,1.5239999999999998,2.032,1.5239999999999998
2016,312,1.5239999999999998,1.778,1.27
2016,313,2.54,3.302,2.032
2016,314,2.032,2.54,1.778
2016,315,1.778,2.54,1.5239999999999998
2016,316,2.032,2.54,1.778
2016,317,1.27,1.778,1.27
2016,318,1.5239999999999998,2.032,1.27
2016,319,1.778,2.2859999999999996,1.5239999999999998
2016,320,2.54,4.064,2.54
2016,321,2.54,2.54,1.5239999999999998
2016,322,2.032,1.778,1.27
2016,323,2.032,2.54,1.5239999999999998
2016,324,1.5239999999999998,2.794,1.778
2016,325,1.016,2.2859999999999996,1.5239999999999998
2016,326,0.7619999999999999,1.27,0.7619999999999999
2016,327,1.27,1.5239999999999998,1.016
2016,328,0.7619999999999999,0.7619999999999999,0.508
2016,329,1.016,1.27,0.7619999999999999
2016,330,0.7619999999999999,1.016,0.7619999999999999
2016,331,1.016,2.032,1.27
2016,332,2.032,2.794,1.778
2016,333,1.27,1.5239999999999998,1.016
2016,334,1.016,1.27,0.7619999999999999
2016,335,0.7619999999999999,1.016,0.7619999999999999
2016,336,1.016,1.27,0.7619999999999999
2016,337,0.7619999999999999,0.7619999999999999,0.508
2016,338,0.7619999999999999,1.778,1.016
2016,339,1.27,2.54,1.5239999999999998
2016,340,1.016,1.016,0.508
2016,341,0.7619999999999999,0.508,0.254
2016,342,0.508,0.508,0.254
2016,343,0.508,0.508,0.254
2016,344,0.0,0.254,0.254
2016,345,0.0,0.254,0.254
2016,346,0.508,1.016,0.7619999999999999
2016,347,1.016,1.27,0.7619999999999999
2016,348,0.508,0.508,0.254
2016,349,0.254,0.254,0.254
2016,350,0.508,1.27,0.7619999999999999
2016,351,0.7619999999999999,0.508,0.254
2016,352,1.016,0.7619999999999999,0.508
2016,353,0.7619999999999999,0.508,0.254
2016,354,0.508,0.7619999999999999,0.508
2016,355,0.0,1.016,0.7619999999999999
2016,356,0.254,0.508,0.508
2016,357,0.508,0.508,0.254
2016,358,0.508,0.508,0.508
2016,359,0.254,0.508,0.508
2016,360,1.27,1.5239999999999998,1.016
2016,361,0.7619999999999999,0.7619999999999999,0.508
2016,362,0.508,0.7619999999999999,0.508
2016,363,0.254,0.508,0.508
2016,364,0.7619999999999999,0.7619999999999999,0.508
2016,365,0.7619999999999999,0.7619999999999999,0.508
2016,366,0.254,0.254,0.254
2017,1,0.254,0.254,0.254
2017,2,0.254,0.254,0.254
2017,3,0.254,0.254,0.254
2017,4,0.254,0.254,0.254
2017,5,1.016,0.7619999999999999,0.508
2017,6,0.508,0.508,0.254
2017,7,0.7619999999999999,1.016,0.508
2017,8,0.0,1.27,0.7619999999999999
2017,9,0.0,1.27,0.7619999999999999
2017,10,0.254,1.016,0.7619999999999999
2017,11,0.7619999999999999,1.27,1.016
2017,12,0.7619999999999999,0.508,0.254
2017,13,0.7619999999999999,0.7619999999999999,0.508
2017,14,0.7619999999999999,0.508,0.254
2017,15,0.508,0.254,0.254
2017,16,0.508,0.508,0.254
2017,17,0.7619999999999999,0.7619999999999999,0.508
2017,18,0.254,1.016,0.508
2017,19,0.0,0.254,0.254
2017,20,0.254,0.7619999999999999,0.508
2017,21,0.508,0.7619999999999999,0.508
2017,22,0.7619999999999999,1.5239999999999998,1.016
2017,23,0.508,0.508,0.508
2017,24,0.508,0.254,0.254
2017,25,0.508,0.254,0.254
2017,26,0.508,0.508,0.254
2017,27,0.508,0.254,0.254
2017,28,0.508,0.508,0.254
2017,29,0.7619999999999999,0.7619999999999999,0.508
2017,30,0.508,0.508,0.254
2017,31,0.254,0.508,0.508
2017,32,0.254,0.7619999999999999,0.508
2017,33,0.508,1.016,0.7619999999999999
2017,34,1.5239999999999998,2.032,1.27
2017,35,0.508,2.032,1.27
2017,36,0.508,1.5239999999999998,1.016
2017,37,1.27,2.2859999999999996,1.5239999999999998
2017,38,0.7619999999999999,0.7619999999999999,0.508
2017,39,0.7619999999999999,1.016,0.7619999999999999
2017,40,0.254,1.016,0.508
2017,41,0.7619999999999999,1.27,1.016
2017,42,1.778,1.27,1.016
2017,43,1.016,0.508,0.508
2017,44,1.016,1.016,0.7619999999999999
2017,45,1.016,1.27,1.016
2017,46,1.27,1.5239999999999998,1.016
2017,47,1.27,2.794,1.778
2017,48,1.27,1.778,1.27
2017,49,0.508,1.27,0.7619999999999999
2017,50,1.016,1.5239999999999998,1.016
2017,51,1.016,1.5239999999999998,1.016
2017,52,1.778,2.54,1.778
2017,53,1.5239999999999998,1.5239999999999998,1.016
2017,54,1.27,0.508,0.508
2017,55,2.032,1.27,1.016
2017,56,1.5239999999999998,1.27,1.016
2017,57,1.5239999999999998,1.778,1.27
2017,58,1.016,1.016,0.7619999999999999
2017,59,1.27,1.5239999999999998,1.016
2017,60,1.5239999999999998,2.032,1.5239999999999998
2017,61,1.5239999999999998,1.778,1.27
2017,62,1.016,1.27,1.016
2017,63,1.27,1.778,1.27
2017,64,1.27,1.778,1.27
2017,65,2.032,2.032,1.5239999999999998
2017,66,0.7619999999999999,1.016,0.7619999999999999
2017,67,1.5239999999999998,2.794,2.032
2017,68,1.778,3.0479999999999996,2.2859999999999996
2017,69,1.27,1.778,1.5239999999999998
2017,70,2.2859999999999996,2.794,2.032
2017,71,3.556,4.3180000000000005,3.0479999999999996
2017,72,3.0479999999999996,4.064,2.794
2017,73,2.794,4.064,3.0479999999999996
2017,74,2.794,3.8099999999999996,2.794
2017,75,3.556,4.064,3.0479999999999996
2017,76,3.556,4.571999999999999,3.302
2017,77,2.794,4.3180000000000005,2.794
2017,78,2.2859999999999996,3.0479999999999996,2.2859999999999996
2017,79,3.0479999999999996,3.8099999999999996,2.794
2017,80,4.064,5.334,3.556
2017,81,2.2859999999999996,2.2859999999999996,1.778
2017,82,4.064,3.8099999999999996,2.794
2017,83,3.302,4.3180000000000005,3.0479999999999996
2017,84,2.794,2.794,2.2859999999999996
2017,85,2.794,3.556,2.54
2017,86,3.0479999999999996,3.0479999999999996,2.2859999999999996
2017,87,3.8099999999999996,3.8099999999999996,2.794
2017,88,2.794,3.556,2.54
2017,89,1.778,2.032,1.5239999999999998
2017,90,3.302,3.302,2.54
2017,91,3.556,4.064,3.0479999999999996
2017,92,4.3180000000000005,4.826,3.302
2017,93,4.571999999999999,4.3180000000000005,3.0479999999999996
2017,94,3.556,3.556,2.794
2017,95,3.556,4.826,3.556
2017,96,2.2859999999999996,4.571999999999999,3.0479999999999996
2017,97,2.2859999999999996,3.8099999999999996,2.54
2017,98,2.032,1.778,1.27
2017,99,4.3180000000000005,3.8099999999999996,2.794
2017,100,3.8099999999999996,4.064,3.0479999999999996
2017,101,2.54,3.0479999999999996,2.2859999999999996
2017,102,4.826,6.35,4.571999999999999
2017,103,3.302,4.571999999999999,3.0479999999999996
2017,104,2.794,2.54,1.778
2017,105,3.8099999999999996,3.556,2.794
2017,106,4.3180000000000005,5.588,4.064
2017,107,2.794,3.556,2.794
2017,108,1.27,1.5239999999999998,1.27
2017,109,3.8099999999999996,4.064,3.0479999999999996
2017,110,3.556,3.556,2.54
2017,111,4.826,4.826,3.556
2017,112,5.08,5.842,4.3180000000000005
2017,113,3.8099999999999996,4.571999999999999,3.556
2017,114,2.794,2.54,2.032
2017,115,5.334,5.08,3.556
2017,116,2.2859999999999996,2.54,2.032
2017,117,5.334,4.3180000000000005,3.0479999999999996
2017,118,5.08,4.826,3.556
2017,119,5.08,5.334,4.064
2017,120,4.064,4.826,3.556
2017,121,6.095999999999999,6.35,4.571999999999999
2017,122,6.095999999999999,6.604,4.826
2017,123,5.842,6.35,4.826
2017,124,6.095999999999999,7.112,5.334
2017,125,6.095999999999999,7.112,5.334
2017,126,2.794,2.54,2.032
2017,127,4.826,4.064,3.0479999999999996
2017,128,5.588,5.334,4.064
2017,129,6.35,6.858,5.08
2017,130,5.842,6.35,5.08
2017,131,6.858,8.128,6.095999999999999
2017,132,6.858,7.112,5.08
2017,133,5.588,4.571999999999999,3.302
2017,134,5.334,4.571999999999999,3.556
2017,135,6.095999999999999,6.35,4.826
2017,136,4.064,4.3180000000000005,3.0479999999999996
2017,137,3.302,2.794,2.032
2017,138,4.571999999999999,4.3180000000000005,3.556
2017,139,4.571999999999999,5.08,4.064
2017,140,5.334,5.842,4.571999999999999
2017,141,4.826,4.826,4.064
2017,142,6.604,6.858,5.334
2017,143,7.112,7.365999999999999,5.588
2017,144,9.143999999999998,9.652,6.858
2017,145,7.365999999999999,6.604,5.08
2017,146,3.8099999999999996,3.302,2.54
2017,147,6.095999999999999,5.588,4.571999999999999
2017,148,6.35,6.604,5.334
2017,149,7.112,7.365999999999999,5.842
2017,150,7.365999999999999,7.874,6.095999999999999
2017,151,8.382,9.398,6.858
2017,152,6.095999999999999,5.842,4.3180000000000005
2017,153,6.858,6.35,5.08
2017,154,7.619999999999999,7.874,5.842
2017,155,8.636000000000001,8.889999999999999,6.604
2017,156,8.128,7.619999999999999,5.842
2017,157,8.636000000000001,8.636000000000001,6.604
2017,158,9.398,10.413999999999998,7.619999999999999
2017,159,9.398,9.906,7.112
2017,160,4.571999999999999,3.8099999999999996,3.0479999999999996
2017,161,6.858,5.588,4.571999999999999
2017,162,6.604,6.095999999999999,4.3180000000000005
2017,163,2.54,2.2859999999999996,1.778
2017,164,6.095999999999999,5.334,4.064
2017,165,6.095999999999999,5.842,4.826
2017,166,6.095999999999999,6.35,5.08
2017,167,7.112,7.365999999999999,5.588
2017,168,8.889999999999999,8.382,6.35
2017,169,8.636000000000001,8.382,6.35
2017,170,8.128,8.128,6.604
2017,171,8.382,8.636000000000001,6.858
2017,172,10.413999999999998,10.668,7.619999999999999
2017,173,11.684,10.921999999999999,7.874
2017,174,8.889999999999999,8.128,6.095999999999999
2017,175,8.889999999999999,8.128,6.35
2017,176,9.143999999999998,8.889999999999999,6.858
2017,177,8.382,8.636000000000001,6.35
2017,178,8.889999999999999,8.636000000000001,6.604
2017,179,8.889999999999999,8.382,6.35
2017,180,9.143999999999998,8.382,6.35
2017,181,7.874,7.365999999999999,5.842
2017,182,7.874,7.874,6.095999999999999
2017,183,8.128,7.874,6.35
2017,184,8.382,8.128,6.604
2017,185,8.636000000000001,8.382,6.604
2017,186,8.128,7.874,6.095999999999999
2017,187,8.889999999999999,8.382,6.604
2017,188,8.889999999999999,8.382,6.604
2017,189,8.636000000000001,8.382,6.604
2017,190,8.382,8.128,5.842
2017,191,8.636000000000001,8.128,6.604
2017,192,9.652,8.889999999999999,6.858
2017,193,8.636000000000001,8.128,6.35
2017,194,9.143999999999998,8.889999999999999,6.858
2017,195,6.858,6.35,5.08
2017,196,8.636000000000001,8.636000000000001,6.35
2017,197,8.636000000000001,8.382,6.095999999999999
2017,198,9.143999999999998,8.382,6.35
2017,199,8.889999999999999,8.128,6.35
2017,200,8.889999999999999,8.636000000000001,6.604
2017,201,8.889999999999999,8.889999999999999,6.604
2017,202,9.143999999999998,8.636000000000001,6.604
2017,203,9.143999999999998,8.889999999999999,6.604
2017,204,8.889999999999999,9.143999999999998,6.858
2017,205,8.128,8.128,6.095999999999999
2017,206,8.128,8.128,6.095999999999999
2017,207,7.365999999999999,7.112,5.334
2017,208,7.365999999999999,7.112,5.588
2017,209,7.112,6.858,5.08
2017,210,8.636000000000001,8.636000000000001,6.35
2017,211,7.874,7.874,6.095999999999999
2017,212,8.636000000000001,8.636000000000001,6.604
2017,213,8.382,8.128,6.35
2017,214,8.128,7.874,6.095999999999999
2017,215,8.636000000000001,8.636000000000001,6.35
2017,216,9.652,9.906,7.112
2017,217,10.668,10.921999999999999,7.619999999999999
2017,218,5.842,5.588,4.3180000000000005
2017,219,7.619999999999999,7.619999999999999,5.842
2017,220,7.112,7.112,5.334
2017,221,6.35,6.095999999999999,4.571999999999999
2017,222,6.604,6.604,5.08
2017,223,7.619999999999999,7.874,5.842
2017,224,7.619999999999999,7.874,5.842
2017,225,8.382,9.143999999999998,6.35
2017,226,3.8099999999999996,3.302,2.54
2017,227,6.35,5.842,4.826
2017,228,6.858,7.112,5.334
2017,229,8.128,8.636000000000001,6.095999999999999
2017,230,8.128,8.382,6.095999999999999
2017,231,7.365999999999999,7.619999999999999,5.588
2017,232,7.619999999999999,7.619999999999999,5.588
2017,233,6.604,6.858,5.08
2017,234,6.35,6.604,5.08
2017,235,4.826,5.334,4.064
2017,236,6.604,6.604,5.08
2017,237,6.35,6.35,4.826
2017,238,6.858,7.112,5.334
2017,239,6.858,7.365999999999999,5.334
2017,240,7.619999999999999,8.382,6.095999999999999
2017,241,6.35,6.858,5.08
2017,242,5.588,6.35,4.571999999999999
2017,243,6.35,6.604,4.826
2017,244,7.365999999999999,7.619999999999999,5.334
2017,245,6.35,6.604,4.826
2017,246,6.604,7.112,5.334
2017,247,5.842,6.35,4.826
2017,248,6.095999999999999,6.35,4.571999999999999
2017,249,5.842,5.842,4.3180000000000005
2017,250,5.842,6.35,4.571999999999999
2017,251,5.842,6.858,4.826
2017,252,5.842,6.604,4.826
2017,253,5.588,5.842,4.3180000000000005
2017,254,5.842,6.095999999999999,4.571999999999999
2017,255,5.08,5.588,4.064
2017,256,5.334,5.842,4.3180000000000005
2017,257,4.826,5.08,3.556
2017,258,7.365999999999999,6.35,4.3180000000000005
2017,259,4.571999999999999,4.3180000000000005,3.0479999999999996
2017,260,4.826,5.334,3.8099999999999996
2017,261,3.556,4.571999999999999,3.0479999999999996
2017,262,3.302,2.794,2.032
2017,263,4.3180000000000005,4.571999999999999,3.0479999999999996
2017,264,1.27,1.016,0.7619999999999999
2017,265,3.0479999999999996,2.54,2.032
2017,266,2.794,2.54,2.032
2017,267,3.8099999999999996,4.064,2.794
2017,268,3.302,3.556,2.794
2017,269,3.556,3.8099999999999996,2.794
2017,270,4.571999999999999,5.08,3.556
2017,271,4.3180000000000005,4.826,3.302
2017,272,4.064,4.571999999999999,3.302
2017,273,3.0479999999999996,3.556,2.54
2017,274,5.08,4.571999999999999,3.0479999999999996
2017,275,2.54,2.2859999999999996,1.778
2017,276,4.064,3.8099999999999996,2.54
2017,277,1.778,2.032,1.5239999999999998
2017,278,2.794,2.794,2.032
2017,279,3.8099999999999996,4.571999999999999,3.0479999999999996
2017,280,3.8099999999999996,4.826,3.302
2017,281,4.064,3.8099999999999996,2.54
2017,282,3.0479999999999996,2.794,2.032
2017,283,3.556,4.064,2.794
2017,284,3.0479999999999996,3.8099999999999996,2.54
2017,285,3.302,3.0479999999999996,2.2859999999999996
2017,286,3.556,3.556,2.54
2017,287,3.0479999999999996,2.794,1.778
2017,288,3.302,3.8099999999999996,2.54
2017,289,2.54,3.0479999999999996,2.032
2017,290,3.302,4.571999999999999,3.0479999999999996
2017,291,3.0479999999999996,4.3180000000000005,2.794
2017,292,3.556,4.826,3.302
2017,293,3.302,3.8099999999999996,2.54
2017,294,2.54,2.2859999999999996,1.5239999999999998
2017,295,2.032,2.54,1.778
2017,296,2.2859999999999996,2.54,1.778
2017,297,2.54,2.794,2.032
2017,298,3.556,4.064,2.794
2017,299,2.54,3.302,2.2859999999999996
2017,300,2.2859999999999996,2.2859999999999996,1.5239999999999998
2017,301,2.54,2.794,2.032
2017,302,2.2859999999999996,2.794,2.032
2017,303,4.571999999999999,4.826,3.0479999999999996
2017,304,3.0479999999999996,3.556,2.2859999999999996
2017,305,4.064,5.842,3.556
2017,306,1.778,2.794,1.778
2017,307,1.27,1.778,1.27
2017,308,1.016,0.508,0.508
2017,309,1.016,1.016,0.7619999999999999
2017,310,0.508,0.508,0.508
2017,311,1.27,1.016,0.7619999999999999
2017,312,1.27,1.5239999999999998,1.016
2017,313,2.54,4.064,2.54
2017,314,1.016,1.778,1.27
2017,315,1.27,1.5239999999999998,1.016
2017,316,2.032,2.54,1.5239999999999998
2017,317,1.27,1.778,1.27
2017,318,2.032,2.794,1.778
2017,319,1.016,1.27,0.7619999999999999
2017,320,0.7619999999999999,1.27,0.7619999999999999
2017,321,1.27,1.27,0.7619999999999999
2017,322,1.27,1.27,1.016
2017,323,1.27,1.27,0.7619999999999999
2017,324,0.0,0.508,0.508
2017,325,0.254,1.27,0.7619999999999999
2017,326,0.7619999999999999,1.778,1.27
2017,327,1.5239999999999998,2.54,1.778
2017,328,1.27,1.27,0.7619999999999999
2017,329,1.27,1.27,0.7619999999999999
2017,330,1.27,2.032,1.27
2017,331,1.5239999999999998,1.5239999999999998,1.016
2017,332,1.5239999999999998,1.27,0.7619999999999999
2017,333,1.27,1.27,0.7619999999999999
2017,334,0.7619999999999999,0.508,0.508
2017,335,0.508,0.7619999999999999,0.508
2017,336,0.508,0.7619999999999999,0.508
2017,337,2.032,2.794,1.5239999999999998
2017,338,1.5239999999999998,1.5239999999999998,1.016
2017,339,1.016,1.016,0.508
2017,340,0.7619999999999999,0.7619999999999999,0.508
2017,341,0.508,0.508,0.254
2017,342,0.254,0.254,0.254
2017,343,0.254,0.254,0.254
2017,344,0.254,0.254,0.254
2017,345,0.254,0.254,0.254
2017,346,0.0,0.254,0.254
2017,347,0.0,0.0,0.0
2017,348,0.0,0.254,0.254
2017,349,0.254,0.254,0.254
2017,350,0.0,0.254,0.254
2017,351,0.508,0.7619999999999999,0.508
2017,352,0.508,1.27,0.7619999999999999
2017,353,0.7619999999999999,1.778,1.016
2017,354,3.302,4.3180000000000005,2.794
2017,355,1.27,1.016,0.7619999999999999
2017,356,0.7619999999999999,1.016,0.7619999999999999
2017,357,0.254,0.0,0.0
2017,358,0.508,0.254,0.254
2017,359,0.254,0.508,0.254
2017,360,0.254,0.254,0.254
2017,361,0.254,0.508,0.508
2017,362,0.254,0.508,0.508
2017,363,0.508,1.778,1.016
2017,364,1.27,2.794,1.778
2017,365,1.016,0.7619999999999999,0.508
2018,1,0.7619999999999999,0.508,0.254
2018,2,0.7619999999999999,0.508,0.508
2018,3,0.7619999999999999,1.27,0.7619999999999999
2018,4,0.7619999999999999,1.27,0.7619999999999999
2018,5,0.254,0.7619999999999999,0.508
2018,6,0.0,0.508,0.254
2018,7,0.508,0.7619999999999999,0.508
2018,8,0.508,0.7619999999999999,0.508
2018,9,0.0,0.508,0.508
2018,10,1.27,1.778,1.016
2018,11,0.508,1.016,0.7619999999999999
2018,12,1.016,1.5239999999999998,1.016
2018,13,1.016,1.778,1.016
2018,14,1.016,1.016,0.508
2018,15,1.5239999999999998,1.5239999999999998,1.016
2018,16,1.016,1.27,0.7619999999999999
2018,17,0.7619999999999999,0.7619999999999999,0.508
2018,18,0.7619999999999999,1.778,1.27
2018,19,0.508,0.508,0.508
2018,20,1.016,1.016,0.7619999999999999
2018,21,1.016,1.016,0.7619999999999999
2018,22,0.508,0.7619999999999999,0.508
2018,23,0.7619999999999999,0.7619999999999999,0.508
2018,24,0.7619999999999999,1.27,1.016
2018,25,1.27,2.2859999999999996,1.5239999999999998
2018,26,1.016,1.27,0.7619999999999999
2018,27,0.508,0.7619999999999999,0.508
2018,28,1.016,2.032,1.27
2018,29,0.7619999999999999,1.016,0.7619999999999999
2018,30,2.032,3.8099999999999996,2.2859999999999996
2018,31,2.032,2.54,1.5239999999999998
2018,32,1.27,1.5239999999999998,1.016
2018,33,1.5239999999999998,2.2859999999999996,1.5239999999999998
2018,34,2.54,3.556,2.2859999999999996
2018,35,2.54,4.064,2.54
2018,36,2.2859999999999996,3.0479999999999996,2.032
2018,37,2.794,3.0479999999999996,2.032
2018,38,2.54,3.302,2.2859999999999996
2018,39,2.032,3.556,2.2859999999999996
2018,40,2.794,3.8099999999999996,2.54
2018,41,2.54,2.794,1.778
2018,42,2.2859999999999996,3.0479999999999996,2.032
2018,43,0.7619999999999999,0.508,0.508
2018,44,1.27,1.016,0.7619999999999999
2018,45,1.27,1.778,1.27
2018,46,1.778,2.032,1.27
2018,47,1.27,1.778,1.27
2018,48,2.2859999999999996,3.8099999999999996,2.54
2018,49,1.5239999999999998,2.032,1.27
2018,50,1.778,1.5239999999999998,1.016
2018,51,2.032,1.5239999999999998,1.016
2018,52,1.27,1.5239999999999998,1.016
2018,53,0.508,0.7619999999999999,0.7619999999999999
2018,54,1.27,1.27,1.016
2018,55,1.016,1.27,1.016
2018,56,1.5239999999999998,1.778,1.27
2018,57,1.016,1.27,1.016
2018,58,1.5239999999999998,1.5239999999999998,1.016
2018,59,1.778,1.778,1.27
2018,60,1.016,2.032,1.27
2018,61,2.2859999999999996,3.302,2.032
2018,62,1.016,0.7619999999999999,0.7619999999999999
2018,63,2.032,1.778,1.27
2018,64,1.778,2.2859999999999996,1.5239999999999998
2018,65,2.032,2.032,1.5239999999999998
2018,66,2.2859999999999996,2.2859999999999996,1.778
2018,67,1.778,2.54,1.778
2018,68,2.2859999999999996,3.302,2.2859999999999996
2018,69,2.2859999999999996,2.794,2.032
2018,70,2.2859999999999996,3.0479999999999996,2.032
2018,71,3.302,3.8099999999999996,2.794
2018,72,5.334,6.858,4.571999999999999
2018,73,1.27,2.032,1.27
2018,74,1.5239999999999998,1.27,1.016
2018,75,1.778,2.2859999999999996,1.5239999999999998
2018,76,2.032,1.778,1.5239999999999998
2018,77,2.2859999999999996,2.2859999999999996,1.778
2018,78,2.032,2.54,1.778
2018,79,1.5239999999999998,1.778,1.5239999999999998
2018,80,2.032,3.0479999999999996,2.2859999999999996
2018,81,1.27,2.2859999999999996,1.5239999999999998
2018,82,2.54,3.0479999999999996,2.2859999999999996
2018,83,3.556,3.556,2.54
2018,84,2.794,2.2859999999999996,1.778
2018,85,3.8099999999999996,3.556,2.54
2018,86,4.064,4.3180000000000005,3.0479999999999996
2018,87,5.08,5.842,4.064
2018,88,4.571999999999999,5.334,3.8099999999999996
2018,89,4.826,6.095999999999999,4.3180000000000005
2018,90,3.556,4.571999999999999,3.302
2018,91,4.064,4.571999999999999,3.302
2018,92,4.064,3.8099999999999996,2.54
2018,93,3.8099999999999996,4.064,3.0479999999999996
2018,94,3.302,4.064,3.0479999999999996
2018,95,1.778,2.54,2.032
2018,96,1.778,2.032,1.778
2018,97,3.0479999999999996,4.3180000000000005,3.0479999999999996
2018,98,4.064,4.064,2.794
2018,99,4.571999999999999,4.571999999999999,3.556
2018,100,3.8099999999999996,5.334,3.8099999999999996
2018,101,4.3180000000000005,5.334,3.8099999999999996
2018,102,6.35,6.095999999999999,4.064
2018,103,5.842,5.08,3.556
2018,104,3.302,3.8099999999999996,2.794
2018,105,4.571999999999999,6.604,4.571999999999999
2018,106,3.302,4.3180000000000005,2.794
2018,107,4.826,4.064,3.0479999999999996
2018,108,5.08,5.588,4.064
2018,109,4.826,6.095999999999999,4.3180000000000005
2018,110,6.095999999999999,6.858,4.826
2018,111,6.35,7.619999999999999,5.588
2018,112,5.334,5.588,4.3180000000000005
2018,113,6.604,6.604,4.826
2018,114,7.365999999999999,7.874,5.588
2018,115,6.35,7.365999999999999,5.334
2018,116,7.619999999999999,9.398,6.604
2018,117,8.889999999999999,11.43,7.874
2018,118,7.874,8.636000000000001,6.095999999999999
2018,119,4.826,4.571999999999999,3.302
2018,120,5.588,5.08,3.556
2018,121,3.556,3.556,2.794
2018,122,4.826,4.826,3.8099999999999996
2018,123,6.604,7.365999999999999,5.588
2018,124,5.588,6.604,5.08
2018,125,4.826,5.588,4.3180000000000005
2018,126,9.652,12.446,8.382
2018,127,8.382,9.143999999999998,6.604
2018,128,6.858,6.858,5.588
2018,129,7.112,7.874,5.842
2018,130,6.858,6.604,5.08
2018,131,5.334,4.571999999999999,3.302
2018,132,1.27,0.508,0.508
2018,133,2.794,2.794,2.2859999999999996
2018,134,5.842,5.842,4.826
2018,135,4.3180000000000005,4.571999999999999,3.8099999999999996
2018,136,4.571999999999999,4.571999999999999,3.8099999999999996
2018,137,5.842,5.334,4.3180000000000005
2018,138,5.08,4.826,4.064
2018,139,6.35,6.095999999999999,5.08
2018,140,4.571999999999999,4.571999999999999,3.556
2018,141,4.826,4.3180000000000005,4.064
2018,142,4.571999999999999,4.571999999999999,3.8099999999999996
2018,143,5.334,5.334,4.3180000000000005
2018,144,6.35,6.35,5.334
2018,145,8.382,8.889999999999999,6.604
2018,146,5.334,5.08,3.8099999999999996
2018,147,4.3180000000000005,3.8099999999999996,3.0479999999999996
2018,148,5.334,4.826,4.064
2018,149,8.128,8.382,6.604
2018,150,5.08,5.08,3.8099999999999996
2018,151,1.778,1.27,1.016
2018,152,7.365999999999999,6.35,4.826
2018,153,6.604,6.095999999999999,5.08
2018,154,7.619999999999999,7.619999999999999,6.095999999999999
2018,155,8.128,8.636000000000001,6.858
2018,156,7.112,6.858,5.588
2018,157,7.619999999999999,7.112,5.842
2018,158,6.858,6.35,5.08
2018,159,7.619999999999999,7.112,5.842
2018,160,8.636000000000001,8.636000000000001,6.35
2018,161,7.874,6.35,4.826
2018,162,7.874,6.858,5.334
2018,163,7.874,7.112,5.842
2018,164,8.128,8.382,6.604
2018,165,9.398,9.398,6.858
2018,166,5.588,5.334,3.8099999999999996
2018,167,6.35,5.588,4.826
2018,168,4.064,3.556,2.794
2018,169,4.3180000000000005,3.302,3.0479999999999996
2018,170,5.08,4.826,4.064
2018,171,6.604,6.35,5.588
2018,172,8.636000000000001,8.382,6.604
2018,173,8.382,8.382,6.604
2018,174,10.16,9.652,7.112
2018,175,8.128,7.365999999999999,6.095999999999999
2018,176,8.889999999999999,8.382,6.858
2018,177,10.413999999999998,10.16,7.619999999999999
2018,178,8.889999999999999,8.128,6.604
2018,179,8.889999999999999,8.636000000000001,6.35
2018,180,10.413999999999998,9.398,6.858
2018,181,8.889999999999999,8.128,6.35
2018,182,8.636000000000001,8.128,6.35
2018,183,9.143999999999998,8.636000000000001,6.604
2018,184,9.398,8.382,6.35
2018,185,9.906,9.398,7.112
2018,186,9.398,9.652,7.365999999999999
2018,187,9.143999999999998,9.652,7.365999999999999
2018,188,8.889999999999999,8.382,6.604
2018,189,8.889999999999999,8.128,6.604
2018,190,9.143999999999998,8.636000000000001,6.858
2018,191,9.652,9.398,7.112
2018,192,9.906,9.143999999999998,7.112
2018,193,10.16,9.906,7.365999999999999
2018,194,9.906,9.398,7.365999999999999
2018,195,9.652,9.398,7.365999999999999
2018,196,9.906,9.652,7.365999999999999
2018,197,8.382,7.874,6.35
2018,198,9.143999999999998,8.382,6.604
2018,199,9.906,9.652,7.365999999999999
2018,200,9.906,9.652,7.365999999999999
2018,201,9.398,8.889999999999999,6.858
2018,202,8.128,7.874,6.095999999999999
2018,203,9.143999999999998,8.889999999999999,6.604
2018,204,8.889999999999999,8.382,6.604
2018,205,8.382,8.128,6.604
2018,206,9.143999999999998,9.398,7.112
2018,207,9.143999999999998,8.889999999999999,6.604
2018,208,9.143999999999998,8.636000000000001,6.604
2018,209,9.906,9.906,7.365999999999999
2018,210,9.652,9.143999999999998,6.858
2018,211,8.636000000000001,8.382,6.35
2018,212,8.128,8.128,6.095999999999999
2018,213,7.619999999999999,7.874,6.095999999999999
2018,214,8.382,8.382,6.35
2018,215,8.636000000000001,8.382,6.095999999999999
2018,216,8.636000000000001,7.874,6.095999999999999
2018,217,8.636000000000001,8.382,6.35
2018,218,8.382,8.128,6.095999999999999
2018,219,8.382,8.382,6.35
2018,220,8.382,8.382,6.35
2018,221,8.889999999999999,9.398,6.858
2018,222,8.889999999999999,9.143999999999998,6.858
2018,223,8.636000000000001,8.889999999999999,6.604
2018,224,7.365999999999999,7.619999999999999,5.334
2018,225,7.365999999999999,7.112,5.334
2018,226,8.128,7.874,6.095999999999999
2018,227,7.365999999999999,7.365999999999999,5.842
2018,228,5.08,5.334,4.064
2018,229,6.095999999999999,6.095999999999999,4.571999999999999
2018,230,7.365999999999999,7.112,5.334
2018,231,8.128,8.128,5.842
2018,232,5.842,6.35,4.571999999999999
2018,233,5.334,5.08,4.064
2018,234,5.842,5.588,4.3180000000000005
2018,235,6.604,6.604,5.08
2018,236,7.112,7.112,5.334
2018,237,6.095999999999999,5.842,4.571999999999999
2018,238,5.588,6.095999999999999,4.3180000000000005
2018,239,5.842,5.334,3.8099999999999996
2018,240,5.588,5.08,4.064
2018,241,6.095999999999999,6.35,4.826
2018,242,6.604,7.112,5.334
2018,243,7.112,7.365999999999999,5.334
2018,244,7.365999999999999,7.365999999999999,5.334
2018,245,6.858,7.112,5.08
2018,246,7.112,7.365999999999999,5.334
2018,247,6.35,6.604,4.826
2018,248,6.35,7.112,5.08
2018,249,6.858,7.874,5.588
2018,250,6.095999999999999,6.604,5.08
2018,251,6.858,7.365999999999999,5.334
2018,252,6.604,6.35,4.826
2018,253,5.842,6.095999999999999,4.3180000000000005
2018,254,6.095999999999999,5.842,4.3180000000000005
2018,255,6.095999999999999,6.35,4.571999999999999
2018,256,4.3180000000000005,4.826,3.302
2018,257,5.08,5.842,4.064
2018,258,5.334,6.35,4.3180000000000005
2018,259,6.095999999999999,6.35,4.571999999999999
2018,260,5.842,6.095999999999999,4.3180000000000005
2018,261,5.842,6.095999999999999,4.3180000000000005
2018,262,6.35,7.112,4.826
2018,263,6.604,6.858,4.571999999999999
2018,264,5.334,5.842,4.064
2018,265,5.334,6.35,4.3180000000000005
2018,266,5.08,5.842,3.8099999999999996
2018,267,6.604,6.604,4.3180000000000005
2018,268,4.3180000000000005,4.3180000000000005,3.0479999999999996
2018,269,5.08,5.588,3.8099999999999996
2018,270,5.08,6.35,4.3180000000000005
2018,271,4.571999999999999,5.588,3.8099999999999996
2018,272,3.8099999999999996,4.571999999999999,3.0479999999999996
2018,273,4.571999999999999,5.08,3.556
2018,274,4.826,5.334,3.556
2018,275,3.8099999999999996,4.571999999999999,3.302
2018,276,4.064,5.08,3.556
2018,277,2.032,2.032,1.27
2018,278,3.8099999999999996,3.302,2.54
2018,279,2.032,1.778,1.5239999999999998
2018,280,3.556,3.302,2.2859999999999996
2018,281,3.302,3.302,2.2859999999999996
2018,282,1.016,1.016,0.7619999999999999
2018,283,1.016,1.016,0.7619999999999999
2018,284,1.5239999999999998,1.5239999999999998,1.27
2018,285,2.54,2.794,2.032
2018,286,4.064,3.8099999999999996,2.54
2018,287,2.54,2.2859999999999996,1.778
2018,288,2.54,2.54,1.778
2018,289,2.54,3.0479999999999996,2.032
2018,290,2.2859999999999996,3.0479999999999996,2.032
2018,291,2.54,3.0479999999999996,2.032
2018,292,2.54,3.0479999999999996,2.2859999999999996
2018,293,3.302,4.3180000000000005,2.794
2018,294,2.54,3.556,2.54
2018,295,2.794,3.8099999999999996,2.54
2018,296,1.5239999999999998,1.5239999999999998,1.27
2018,297,2.2859999999999996,2.2859999999999996,1.778
2018,298,2.794,3.0479999999999996,2.032
2018,299,2.54,3.0479999999999996,2.032
2018,300,2.032,2.794,1.778
2018,301,2.032,2.794,1.778
2018,302,2.794,2.794,1.778
2018,303,2.2859999999999996,2.032,1.5239999999999998
2018,304,2.032,2.2859999999999996,1.5239999999999998
2018,305,1.5239999999999998,2.032,1.27
2018,306,2.54,3.556,2.2859999999999996
2018,307,2.794,3.0479999999999996,2.032
2018,308,2.2859999999999996,3.302,2.2859999999999996
2018,309,3.302,3.302,2.032
2018,310,2.54,2.794,1.778
2018,311,1.778,1.778,1.27
2018,312,2.032,2.032,1.27
2018,313,1.5239999999999998,1.5239999999999998,1.016
2018,314,2.2859999999999996,2.794,1.778
2018,315,1.5239999999999998,1.778,1.016
2018,316,1.5239999999999998,1.5239999999999998,1.016
2018,317,1.778,2.2859999999999996,1.5239999999999998
2018,318,1.5239999999999998,2.54,1.5239999999999998
2018,319,1.27,1.778,1.27
2018,320,1.5239999999999998,2.2859999999999996,1.5239999999999998
2018,321,1.016,1.27,0.7619999999999999
2018,322,1.27,1.27,0.7619999999999999
2018,323,1.5239999999999998,1.778,1.27
2018,324,1.778,2.54,1.5239999999999998
2018,325,1.5239999999999998,2.54,1.5239999999999998
2018,326,0.254,1.016,0.7619999999999999
2018,327,0.508,1.016,0.7619999999999999
2018,328,2.2859999999999996,2.2859999999999996,1.27
2018,329,1.016,0.7619999999999999,0.508
2018,330,1.016,0.7619999999999999,0.508
2018,331,0.254,0.7619999999999999,0.508
2018,332,0.254,0.7619999999999999,0.508
2018,333,0.508,0.508,0.508
2018,334,0.508,0.508,0.254
2018,335,0.508,0.508,0.254
2018,336,0.508,0.254,0.254
2018,337,0.7619999999999999,0.508,0.254
2018,338,0.7619999999999999,0.508,0.254
2018,339,0.508,0.508,0.254
2018,340,0.254,0.508,0.254
2018,341,0.254,0.254,0.254
2018,342,0.254,0.254,0.254
2018,343,0.254,0.508,0.508
2018,344,0.254,0.508,0.254
2018,345,0.254,0.508,0.254
2018,346,0.508,0.508,0.254
2018,347,0.7619999999999999,0.7619999999999999,0.508
2018,348,1.016,1.016,0.7619999999999999
2018,349,0.508,1.016,0.7619999999999999
2018,350,0.7619999999999999,1.016,0.7619999999999999
2018,351,0.254,0.508,0.508
2018,352,0.254,1.016,0.7619999999999999
2018,353,0.7619999999999999,1.016,0.7619999999999999
2018,354,0.7619999999999999,0.7619999999999999,0.508
2018,355,1.27,1.778,1.016
2018,356,1.27,1.5239999999999998,0.7619999999999999
2018,357,0.508,0.508,0.508
2018,358,0.254,0.508,0.254
2018,359,0.0,0.0,0.0
2018,360,0.7619999999999999,0.7619999999999999,0.508
2018,361,0.254,0.254,0.254
2018,362,0.508,0.508,0.254
2018,363,0.254,0.7619999999999999,0.508
2018,364,0.508,0.7619999999999999,0.508
2018,365,0.508,0.508,0.254
2019,1,0.7619999999999999,0.508,0.254
2019,2,0.508,0.508,0.254
2019,3,0.508,0.7619999999999999,0.508
2019,4,0.508,1.016,0.508
2019,5,1.016,2.2859999999999996,1.27
2019,6,0.7619999999999999,2.032,1.27
2019,7,0.7619999999999999,1.27,0.7619999999999999
2019,8,1.016,0.7619999999999999,0.508
2019,9,0.508,0.7619999999999999,0.508
2019,10,0.254,0.7619999999999999,0.508
2019,11,0.508,0.508,0.254
2019,12,0.508,0.254,0.254
2019,13,0.508,0.254,0.254
2019,14,0.7619999999999999,0.508,0.508
2019,15,0.7619999999999999,1.27,0.7619999999999999
2019,16,0.254,0.7619999999999999,0.508
2019,17,0.0,0.7619999999999999,0.508
2019,18,0.7619999999999999,1.27,0.7619999999999999
2019,19,0.508,0.508,0.508
2019,20,0.7619999999999999,1.27,0.7619999999999999
2019,21,1.27,1.016,0.7619999999999999
2019,22,1.27,1.5239999999999998,1.016
2019,23,1.016,1.778,1.016
2019,24,1.27,1.778,1.27
2019,25,1.016,1.778,1.016
2019,26,1.016,1.27,0.7619999999999999
2019,27,1.27,1.778,1.27
2019,28,1.016,1.016,0.7619999999999999
2019,29,1.27,1.5239999999999998,1.016
2019,30,1.016,1.016,0.7619999999999999
2019,31,1.27,1.5239999999999998,1.016
2019,32,1.5239999999999998,2.2859999999999996,1.5239999999999998
2019,33,0.0,0.7619999999999999,0.508
2019,34,1.016,1.778,1.27
2019,35,1.016,1.778,1.016
2019,36,1.016,0.7619999999999999,0.508
2019,37,1.27,1.016,0.7619999999999999
2019,38,1.27,1.27,0.7619999999999999
2019,39,0.7619999999999999,0.7619999999999999,0.508
2019,40,0.7619999999999999,1.27,0.7619999999999999
2019,41,0.7619999999999999,1.016,0.7619999999999999
2019,42,1.27,1.5239999999999998,1.016
2019,43,0.7619999999999999,0.7619999999999999,0.7619999999999999
2019,44,0.254,0.508,0.508
2019,45,0.508,1.5239999999999998,1.016
2019,46,1.27,2.2859999999999996,1.5239999999999998
2019,47,1.016,1.016,0.7619999999999999
2019,48,0.7619999999999999,0.254,0.508
2019,49,0.7619999999999999,0.508,0.508
2019,50,1.016,0.508,0.508
2019,51,1.016,0.7619999999999999,0.7619999999999999
2019,52,1.27,0.7619999999999999,0.7619999999999999
2019,53,1.016,1.016,0.7619999999999999
2019,54,1.016,1.5239999999999998,1.016
2019,55,1.27,2.032,1.5239999999999998
2019,56,1.016,2.2859999999999996,1.5239999999999998
2019,57,0.7619999999999999,1.27,1.016
2019,58,1.016,1.5239999999999998,1.27
2019,59,1.016,1.27,1.016
2019,60,2.032,2.032,1.5239999999999998
2019,61,1.5239999999999998,1.5239999999999998,1.27
2019,62,1.778,1.5239999999999998,1.27
2019,63,2.2859999999999996,2.032,1.5239999999999998
2019,64,1.778,1.778,1.27
2019,65,0.254,0.7619999999999999,0.7619999999999999
2019,66,1.016,1.5239999999999998,1.27
2019,67,1.778,2.032,1.5239999999999998
2019,68,2.032,2.032,1.5239999999999998
2019,69,1.778,1.778,1.5239999999999998
2019,70,2.032,2.032,1.778
2019,71,2.794,3.556,2.54
2019,72,3.556,3.302,2.2859999999999996
2019,73,3.0479999999999996,3.302,2.2859999999999996
2019,74,2.54,2.794,2.2859999999999996
2019,75,2.794,3.556,2.54
2019,76,2.794,3.8099999999999996,2.794
2019,77,3.302,4.3180000000000005,3.0479999999999996
2019,78,4.826,6.095999999999999,4.064
2019,79,5.588,7.365999999999999,4.826
2019,80,2.032,3.302,2.032
2019,81,2.032,2.54,1.778
2019,82,2.2859999999999996,2.794,2.2859999999999996
2019,83,1.778,1.5239999999999998,1.27
2019,84,3.0479999999999996,3.556,2.54
2019,85,3.556,4.3180000000000005,3.302
2019,86,3.0479999999999996,3.8099999999999996,2.794
2019,87,3.302,3.302,2.54
2019,88,3.556,3.556,2.54
2019,89,3.0479999999999996,3.0479999999999996,2.54
2019,90,3.0479999999999996,3.302,2.54
2019,91,2.794,3.302,2.54
2019,92,1.016,1.27,1.016
2019,93,1.778,2.2859999999999996,1.778
2019,94,3.0479999999999996,3.8099999999999996,3.0479999999999996
2019,95,2.54,2.794,2.2859999999999996
2019,96,3.0479999999999996,3.302,2.54
2019,97,2.54,3.302,2.54
2019,98,4.064,5.08,3.8099999999999996
2019,99,3.302,2.54,2.032
2019,100,6.095999999999999,4.571999999999999,3.302
2019,101,4.064,3.8099999999999996,2.54
2019,102,3.302,3.302,2.54
2019,103,3.8099999999999996,4.3180000000000005,3.302
2019,104,2.2859999999999996,2.794,2.032
2019,105,3.0479999999999996,2.794,2.54
2019,106,4.064,3.556,2.794
2019,107,5.08,5.334,3.8099999999999996
2019,108,5.334,6.35,4.826
2019,109,5.08,6.35,4.826
2019,110,4.064,5.334,3.8099999999999996
2019,111,3.0479999999999996,2.794,2.032
2019,112,4.571999999999999,4.3180000000000005,3.556
2019,113,6.35,7.112,5.08
2019,114,5.842,6.35,4.826
2019,115,5.588,5.588,4.571999999999999
2019,116,6.095999999999999,6.604,4.826
2019,117,6.35,6.35,4.826
2019,118,7.112,6.095999999999999,4.3180000000000005
2019,119,6.35,6.35,4.3180000000000005
2019,120,6.35,2.794,4.064
2019,121,6.35,5.08,3.8099999999999996
2019,122,6.35,6.604,4.826
2019,123,6.35,5.842,4.571999999999999
2019,124,6.35,7.112,5.334
2019,125,6.095999999999999,6.858,5.08
2019,126,6.604,7.112,5.334
2019,127,7.112,7.619999999999999,5.334
2019,128,4.826,4.571999999999999,3.556
2019,129,6.35,6.35,4.571999999999999
2019,130,5.842,5.588,4.571999999999999
2019,131,6.604,7.112,5.588
2019,132,7.365999999999999,8.382,6.35
2019,133,6.35,7.365999999999999,5.588
2019,134,5.842,6.604,4.826
2019,135,5.588,5.588,4.3180000000000005
2019,136,4.571999999999999,4.571999999999999,3.302
2019,137,2.2859999999999996,1.27,1.016
2019,138,4.826,4.3180000000000005,3.302
2019,139,2.2859999999999996,2.2859999999999996,1.778
2019,140,3.302,3.0479999999999996,2.794
2019,141,3.302,2.794,2.2859999999999996
2019,142,3.302,3.0479999999999996,2.2859999999999996
2019,143,2.54,2.54,2.032
2019,144,5.588,5.334,4.3180000000000005
2019,145,2.2859999999999996,2.032,2.032
2019,146,4.064,4.064,3.302
2019,147,1.778,1.778,1.5239999999999998
2019,148,3.556,3.556,3.0479999999999996
2019,149,5.588,5.334,4.826
2019,150,3.556,3.302,2.794
2019,151,4.064,3.8099999999999996,3.302
2019,152,6.095999999999999,5.588,4.826
2019,153,6.858,6.35,5.588
2019,154,6.604,6.35,5.334
2019,155,7.619999999999999,7.365999999999999,6.095999999999999
2019,156,8.128,8.128,6.604
2019,157,9.143999999999998,9.143999999999998,6.858
2019,158,4.826,3.556,2.54
2019,159,8.128,6.604,5.08
2019,160,7.112,6.095999999999999,5.08
2019,161,7.365999999999999,7.365999999999999,5.842
2019,162,8.128,8.636000000000001,6.604
2019,163,7.365999999999999,7.365999999999999,6.095999999999999
2019,164,7.365999999999999,7.619999999999999,5.842
2019,165,8.889999999999999,8.382,6.604
2019,166,9.652,9.143999999999998,6.858
2019,167,8.889999999999999,8.382,6.604
2019,168,8.636000000000001,8.382,6.604
2019,169,9.652,9.398,7.112
2019,170,10.668,10.16,7.365999999999999
2019,171,9.143999999999998,7.365999999999999,5.334
2019,172,7.619999999999999,6.35,4.826
2019,173,7.619999999999999,6.858,5.334
2019,174,8.128,8.128,6.35
2019,175,7.874,7.619999999999999,6.095999999999999
2019,176,7.365999999999999,7.112,5.842
2019,177,6.604,6.095999999999999,4.826
2019,178,7.619999999999999,7.112,5.588
2019,179,8.889999999999999,8.128,6.35
2019,180,8.128,7.619999999999999,6.095999999999999
2019,181,7.619999999999999,7.112,5.842
2019,182,8.382,7.874,6.35
2019,183,8.889999999999999,8.636000000000001,6.604
2019,184,6.604,6.095999999999999,4.571999999999999
2019,185,6.35,5.588,4.571999999999999
2019,186,7.874,7.365999999999999,6.095999999999999
2019,187,7.874,7.874,5.842
2019,188,6.858,6.604,5.08
2019,189,4.064,3.556,2.794
2019,190,7.365999999999999,6.604,5.588
2019,191,8.128,8.128,6.35
2019,192,8.636000000000001,8.636000000000001,6.858
2019,193,7.112,6.858,5.334
2019,194,8.382,8.128,6.095999999999999
2019,195,8.128,7.619999999999999,6.35
2019,196,9.143999999999998,8.889999999999999,6.858
2019,197,6.35,5.842,4.571999999999999
2019,198,7.874,7.112,5.842
2019,199,8.382,7.874,6.35
2019,200,8.889999999999999,8.382,6.35
2019,201,8.382,7.874,6.095999999999999
2019,202,8.382,8.128,6.35
2019,203,8.889999999999999,9.143999999999998,7.112
2019,204,5.08,5.334,4.064
2019,205,9.143999999999998,8.889999999999999,6.858
2019,206,8.889999999999999,7.874,6.35
2019,207,4.064,3.8099999999999996,2.794
2019,208,8.636000000000001,8.636000000000001,6.858
2019,209,8.636000000000001,8.382,6.604
2019,210,6.35,6.35,4.571999999999999
2019,211,9.143999999999998,8.889999999999999,6.858
2019,212,7.619999999999999,7.112,5.842
2019,213,7.874,7.874,5.842
2019,214,10.668,10.921999999999999,7.619999999999999
2019,215,8.382,7.874,6.35
2019,216,7.874,7.619999999999999,6.095999999999999
2019,217,8.128,7.874,6.095999999999999
2019,218,8.128,7.874,6.095999999999999
2019,219,4.064,4.064,3.0479999999999996
2019,220,4.571999999999999,4.064,3.0479999999999996
2019,221,6.35,5.842,5.08
2019,222,8.636000000000001,8.382,6.35
2019,223,7.619999999999999,7.112,5.588
2019,224,7.112,6.604,5.334
2019,225,6.858,6.604,5.334
2019,226,7.619999999999999,7.619999999999999,5.842
2019,227,8.382,8.636000000000001,6.35
2019,228,8.382,8.128,6.095999999999999
2019,229,8.382,8.128,6.095999999999999
2019,230,7.112,7.112,5.588
2019,231,7.365999999999999,7.619999999999999,5.842
2019,232,7.365999999999999,7.365999999999999,5.842
2019,233,7.365999999999999,7.365999999999999,5.588
2019,234,8.128,7.874,5.588
2019,235,7.365999999999999,6.858,5.334
2019,236,7.365999999999999,7.619999999999999,5.842
2019,237,8.889999999999999,9.143999999999998,6.604
2019,238,7.365999999999999,7.112,5.334
2019,239,6.858,6.35,5.08
2019,240,6.604,6.604,5.08
2019,241,5.842,6.604,5.08
2019,242,7.112,7.619999999999999,5.588
2019,243,6.858,6.858,5.334
2019,244,7.112,7.365999999999999,5.588
2019,245,7.112,7.365999999999999,5.588
2019,246,6.095999999999999,6.35,4.826
2019,247,6.35,6.604,5.08
2019,248,5.588,6.095999999999999,4.571999999999999
2019,249,4.3180000000000005,4.064,3.302
2019,250,5.08,4.826,3.8099999999999996
2019,251,3.556,2.794,2.2859999999999996
2019,252,4.3180000000000005,3.556,3.0479999999999996
2019,253,2.54,2.032,1.778
2019,254,5.08,4.571999999999999,3.556
2019,255,4.3180000000000005,4.064,3.556
2019,256,4.571999999999999,4.826,3.8099999999999996
2019,257,5.334,6.095999999999999,4.571999999999999
2019,258,5.588,6.604,4.826
2019,259,6.095999999999999,6.858,4.571999999999999
2019,260,5.334,4.571999999999999,3.302
2019,261,6.095999999999999,6.35,4.3180000000000005
2019,262,1.5239999999999998,1.27,1.016
2019,263,3.0479999999999996,3.302,2.2859999999999996
2019,264,4.3180000000000005,4.3180000000000005,3.302
2019,265,4.826,5.334,3.8099999999999996
2019,266,4.571999999999999,5.08,3.8099999999999996
2019,267,6.604,7.112,4.826
2019,268,6.35,6.604,4.571999999999999
2019,269,5.842,6.35,4.3180000000000005
2019,270,5.588,5.588,4.064
2019,271,3.302,3.302,2.2859999999999996
2019,272,3.0479999999999996,2.2859999999999996,1.5239999999999998
2019,273,3.0479999999999996,2.54,2.032
2019,274,2.032,2.032,1.5239999999999998
2019,275,3.0479999999999996,3.302,2.54
2019,276,4.3180000000000005,5.334,3.556
2019,277,2.54,2.794,1.778
2019,278,3.302,3.302,2.2859999999999996
2019,279,3.0479999999999996,3.302,2.2859999999999996
2019,280,3.556,4.064,2.794
2019,281,3.0479999999999996,3.8099999999999996,2.794
2019,282,4.826,3.8099999999999996,2.54
2019,283,2.2859999999999996,1.778,1.27
2019,284,3.556,3.556,2.54
2019,285,3.8099999999999996,4.571999999999999,3.0479999999999996
2019,286,3.556,4.571999999999999,3.0479999999999996
2019,287,3.302,4.064,2.794
2019,288,3.0479999999999996,3.8099999999999996,2.794
2019,289,3.8099999999999996,5.334,3.556
2019,290,3.302,4.064,2.794
2019,291,3.556,3.556,2.2859999999999996
2019,292,2.794,3.0479999999999996,2.032
2019,293,3.0479999999999996,2.794,1.778
2019,294,2.794,3.0479999999999996,2.032
2019,295,2.54,3.302,2.2859999999999996
2019,296,4.064,4.3180000000000005,2.794
2019,297,2.794,2.794,1.778
2019,298,3.302,4.064,2.54
2019,299,3.8099999999999996,4.064,2.54
2019,300,2.2859999999999996,2.2859999999999996,1.5239999999999998
2019,301,1.778,1.778,1.27
2019,302,2.032,1.778,1.27
2019,303,1.5239999999999998,1.5239999999999998,1.016
2019,304,1.5239999999999998,2.032,1.27
2019,305,1.5239999999999998,2.032,1.27
2019,306,1.778,2.2859999999999996,1.5239999999999998
2019,307,1.5239999999999998,2.54,1.5239999999999998
2019,308,1.5239999999999998,2.54,1.5239999999999998
2019,309,1.778,2.54,1.5239999999999998
2019,310,1.778,2.54,1.5239999999999998
2019,311,2.032,2.794,1.778
2019,312,2.54,3.556,2.2859999999999996
2019,313,2.032,2.794,1.778
2019,314,2.2859999999999996,3.556,2.2859999999999996
2019,315,2.54,3.302,2.032
2019,316,2.032,2.54,1.5239999999999998
2019,317,1.5239999999999998,2.032,1.27
2019,318,1.778,2.54,1.5239999999999998
2019,319,1.5239999999999998,2.2859999999999996,1.5239999999999998
2019,320,2.2859999999999996,2.794,1.778
2019,321,1.5239999999999998,2.032,1.27
2019,322,1.778,2.54,1.5239999999999998
2019,323,1.5239999999999998,2.2859999999999996,1.5239999999999998
2019,324,1.016,1.27,0.7619999999999999
2019,325,1.778,2.2859999999999996,1.5239999999999998
2019,326,1.5239999999999998,1.5239999999999998,1.016
2019,327,1.27,1.5239999999999998,1.016
2019,328,1.27,2.2859999999999996,1.27
2019,329,1.5239999999999998,1.778,1.27
2019,330,1.5239999999999998,1.778,1.27
2019,331,1.27,2.032,1.27
2019,332,0.7619999999999999,0.7619999999999999,0.508
2019,333,0.254,0.254,0.254
2019,334,0.7619999999999999,0.7619999999999999,0.508
2019,335,0.7619999999999999,0.7619999999999999,0.508
2019,336,0.0,0.254,0.254
2019,337,0.0,0.508,0.254
2019,338,0.508,0.508,0.508
2019,339,0.254,0.254,0.254
2019,340,1.016,1.27,0.7619999999999999
2019,341,0.508,1.27,0.7619999999999999
2019,342,0.7619999999999999,1.27,1.016
2019,343,1.27,1.5239999999999998,1.016
2019,344,1.016,1.016,0.508
2019,345,0.508,0.508,0.254
2019,346,0.0,0.254,0.254
2019,347,0.508,0.508,0.508
2019,348,0.508,0.0,0.0
2019,349,0.7619999999999999,0.254,0.254
2019,350,0.7619999999999999,0.508,0.254
2019,351,0.7619999999999999,0.508,0.254
2019,352,0.7619999999999999,0.7619999999999999,0.508
2019,353,0.0,0.508,0.254
2019,354,0.0,0.508,0.254
2019,355,0.254,0.508,0.508
2019,356,0.508,1.27,0.7619999999999999
2019,357,0.508,1.27,0.7619999999999999
2019,358,0.254,0.254,0.254
2019,359,0.508,0.254,0.254
2019,360,0.254,0.254,0.254
2019,361,0.254,0.254,0.254
2019,362,0.254,0.254,0.254
2019,363,0.254,0.254,0.254
2019,364,0.254,0.254,0.254
2019,365,0.254,0.508,0.254
2020,1,0.254,1.016,0.7619999999999999
2020,2,0.7619999999999999,1.27,0.7619999999999999
2020,3,0.7619999999999999,1.27,0.7619999999999999
2020,4,0.7619999999999999,1.27,0.7619999999999999
2020,5,0.508,0.254,0.254
2020,6,0.7619999999999999,1.016,0.508
2020,7,0.508,1.016,0.508
2020,8,0.508,1.016,0.7619999999999999
2020,9,0.508,0.508,0.254
2020,10,0.7619999999999999,0.508,0.254
2020,11,0.254,0.508,0.508
2020,12,1.016,1.5239999999999998,1.016
2020,13,0.7619999999999999,1.016,0.7619999999999999
2020,14,0.7619999999999999,0.7619999999999999,0.508
2020,15,1.016,0.7619999999999999,0.508
2020,16,1.778,2.794,1.778
2020,17,0.7619999999999999,1.016,0.7619999999999999
2020,18,0.7619999999999999,0.7619999999999999,0.508
2020,19,1.016,1.016,0.508
2020,20,0.7619999999999999,1.016,0.508
2020,21,0.254,0.7619999999999999,0.508
2020,22,0.508,1.016,0.7619999999999999
2020,23,0.508,1.016,0.7619999999999999
2020,24,0.508,0.7619999999999999,0.508
2020,25,0.508,0.7619999999999999,0.508
2020,26,0.508,1.016,0.7619999999999999
2020,27,1.016,1.27,0.7619999999999999
2020,28,0.508,0.508,0.508
2020,29,0.508,0.508,0.508
2020,30,0.508,0.508,0.508
2020,31,0.508,1.016,0.7619999999999999
2020,32,0.7619999999999999,1.27,1.016
2020,33,2.032,2.794,1.778
2020,34,1.5239999999999998,1.5239999999999998,1.016
2020,35,1.27,1.016,0.7619999999999999
2020,36,0.508,0.7619999999999999,0.508
2020,37,0.254,1.27,1.016
2020,38,1.5239999999999998,2.794,1.778
2020,39,2.032,2.2859999999999996,1.5239999999999998
2020,40,1.5239999999999998,1.27,1.016
2020,41,1.5239999999999998,1.5239999999999998,1.016
2020,42,1.5239999999999998,2.032,1.5239999999999998
2020,43,1.016,1.5239999999999998,1.016
2020,44,1.5239999999999998,2.032,1.5239999999999998
2020,45,1.5239999999999998,2.032,1.27
2020,46,1.016,1.5239999999999998,1.27
2020,47,0.508,0.508,0.508
2020,48,1.778,1.778,1.27
2020,49,1.5239999999999998,1.5239999999999998,1.016
2020,50,1.778,1.5239999999999998,1.27
2020,51,2.54,2.794,1.778
2020,52,2.2859999999999996,3.0479999999999996,2.032
2020,53,2.032,3.302,2.032
2020,54,2.54,3.556,2.2859999999999996
2020,55,3.0479999999999996,3.302,2.2859999999999996
2020,56,2.032,2.2859999999999996,1.5239999999999998
2020,57,2.032,2.794,2.032
2020,58,2.032,3.0479999999999996,2.032
2020,59,3.0479999999999996,4.3180000000000005,2.794
2020,60,2.2859999999999996,3.0479999999999996,2.032
2020,61,2.032,2.2859999999999996,1.5239999999999998
2020,62,3.0479999999999996,3.556,2.2859999999999996
2020,63,2.54,3.556,2.2859999999999996
2020,64,3.0479999999999996,4.3180000000000005,2.794
2020,65,4.3180000000000005,6.35,4.064
2020,66,3.302,5.334,3.556
2020,67,3.0479999999999996,4.826,3.0479999999999996
2020,68,2.2859999999999996,2.2859999999999996,1.778
2020,69,1.778,1.5239999999999998,1.27
2020,70,2.54,2.54,2.032
2020,71,3.302,4.064,2.794
2020,72,4.3180000000000005,4.826,3.302
2020,73,3.302,3.8099999999999996,2.54
2020,74,1.778,2.54,1.778
2020,75,2.032,2.032,1.5239999999999998
2020,76,3.302,3.556,2.54
2020,77,2.54,3.0479999999999996,2.2859999999999996
2020,78,2.2859999999999996,2.2859999999999996,1.778
2020,79,2.2859999999999996,2.2859999999999996,1.778
2020,80,2.54,2.794,2.2859999999999996
2020,81,3.0479999999999996,3.556,2.54
2020,82,3.8099999999999996,4.826,3.302
2020,83,2.032,2.54,2.032
2020,84,2.54,2.794,2.032
2020,85,3.0479999999999996,2.794,2.032
2020,86,3.8099999999999996,3.556,2.54
2020,87,3.302,3.556,2.54
2020,88,3.302,4.064,3.0479999999999996
2020,89,2.032,2.54,2.032
2020,90,2.54,3.0479999999999996,2.2859999999999996
2020,91,3.0479999999999996,3.8099999999999996,2.794
2020,92,2.2859999999999996,1.778,1.5239999999999998
2020,93,3.8099999999999996,3.302,2.54
2020,94,3.302,3.556,2.54
2020,95,3.556,4.3180000000000005,3.302
2020,96,2.54,3.0479999999999996,2.54
2020,97,1.778,2.2859999999999996,1.778
2020,98,3.8099999999999996,4.064,3.302
2020,99,4.064,4.571999999999999,3.8099999999999996
2020,100,5.588,6.604,4.826
2020,101,5.334,6.35,4.571999999999999
2020,102,6.604,7.112,4.826
2020,103,5.08,4.826,3.302
2020,104,4.3180000000000005,4.3180000000000005,3.0479999999999996
2020,105,5.588,6.095999999999999,4.3180000000000005
2020,106,4.571999999999999,5.334,3.8099999999999996
2020,107,3.302,3.302,2.54
2020,108,4.571999999999999,4.826,3.8099999999999996
2020,109,5.08,5.842,4.3180000000000005
2020,110,5.08,6.095999999999999,4.571999999999999
2020,111,5.334,5.842,4.571999999999999
2020,112,6.858,7.874,5.588
2020,113,6.604,7.365999999999999,5.08
2020,114,5.588,5.334,3.8099999999999996
2020,115,5.588,5.588,4.3180000000000005
2020,116,4.064,4.3180000000000005,3.556
2020,117,5.842,6.35,5.08
2020,118,5.588,5.842,4.3180000000000005
2020,119,6.604,7.112,5.334
2020,120,7.619999999999999,9.652,6.604
2020,121,6.858,8.128,5.842
2020,122,6.35,6.095999999999999,4.826
2020,123,6.35,6.604,5.08
2020,124,7.365999999999999,7.365999999999999,5.334
2020,125,6.604,6.604,5.08
2020,126,6.604,7.365999999999999,5.334
2020,127,8.382,8.889999999999999,6.095999999999999
2020,128,6.604,6.095999999999999,4.826
2020,129,6.604,6.35,5.08
2020,130,8.636000000000001,9.398,6.604
2020,131,7.874,9.143999999999998,6.604
2020,132,7.619999999999999,8.889999999999999,6.35
2020,133,6.35,6.604,4.826
2020,134,5.08,4.3180000000000005,3.302
2020,135,4.064,3.556,2.794
2020,136,6.095999999999999,5.588,4.3180000000000005
2020,137,5.334,5.334,4.3180000000000005
2020,138,5.588,6.604,5.08
2020,139,5.842,6.35,4.571999999999999
2020,140,3.0479999999999996,2.2859999999999996,2.032
2020,141,2.794,2.2859999999999996,1.778
2020,142,5.08,4.571999999999999,3.8099999999999996
2020,143,1.5239999999999998,1.27,1.016
2020,144,6.35,5.588,4.3180000000000005
2020,145,5.842,5.588,4.571999999999999
2020,146,6.095999999999999,6.35,5.08
2020,147,6.095999999999999,6.35,5.334
2020,148,8.128,8.636000000000001,6.604
2020,149,7.365999999999999,7.365999999999999,6.095999999999999
2020,150,8.382,8.636000000000001,6.858
2020,151,8.889999999999999,10.16,7.112
2020,152,8.636000000000001,8.128,6.35
2020,153,7.112,6.35,5.08
2020,154,7.365999999999999,6.858,5.588
2020,155,7.874,7.874,6.095999999999999
2020,156,8.128,7.874,6.35
2020,157,7.365999999999999,7.112,5.588
2020,158,6.095999999999999,5.588,4.064
2020,159,3.8099999999999996,2.032,2.032
2020,160,6.858,5.334,3.8099999999999996
2020,161,6.604,6.095999999999999,4.826
2020,162,6.604,6.858,5.842
2020,163,9.652,10.921999999999999,7.874
2020,164,9.906,11.43,8.128
2020,165,8.636000000000001,7.619999999999999,5.588
2020,166,7.874,6.604,5.08
2020,167,8.382,7.874,5.588
2020,168,4.064,3.302,2.794
2020,169,5.588,4.826,3.556
2020,170,6.604,5.842,5.08
2020,171,6.858,6.604,5.588
2020,172,6.858,6.858,5.588
2020,173,8.636000000000001,8.636000000000001,6.604
2020,174,9.652,9.652,7.365999999999999
2020,175,8.636000000000001,8.128,6.604
2020,176,8.382,8.382,6.35
2020,177,9.398,9.143999999999998,7.112
2020,178,9.143999999999998,8.382,6.604
2020,179,7.874,7.619999999999999,6.095999999999999
2020,180,3.556,2.54,1.5239999999999998
2020,181,3.556,2.2859999999999996,2.032
2020,182,5.334,4.826,4.064
2020,183,6.604,6.35,5.334
2020,184,6.858,6.604,5.588
2020,185,7.112,7.365999999999999,5.842
2020,186,8.382,8.128,6.604
2020,187,8.636000000000001,8.128,6.604
2020,188,8.636000000000001,7.874,6.604
2020,189,9.652,9.143999999999998,7.112
2020,190,8.889999999999999,7.874,6.35
2020,191,8.382,7.365999999999999,6.095999999999999
2020,192,8.889999999999999,8.382,6.604
2020,193,8.889999999999999,8.636000000000001,6.858
2020,194,9.906,9.652,7.365999999999999
2020,195,10.921999999999999,10.16,7.365999999999999
2020,196,9.398,8.636000000000001,6.604
2020,197,9.906,9.143999999999998,7.112
2020,198,8.889999999999999,8.382,6.604
2020,199,8.889999999999999,8.636000000000001,6.858
2020,200,9.652,9.398,7.112
2020,201,10.16,9.906,7.365999999999999
2020,202,10.16,9.906,7.619999999999999
2020,203,8.889999999999999,8.636000000000001,6.858
2020,204,5.842,5.588,4.064
2020,205,8.636000000000001,8.382,6.35
2020,206,6.858,6.35,5.08
2020,207,8.128,7.619999999999999,6.095999999999999
2020,208,8.128,7.874,6.095999999999999
2020,209,7.619999999999999,7.365999999999999,5.842
2020,210,7.619999999999999,7.619999999999999,5.842
2020,211,8.382,8.128,6.604
2020,212,11.684,12.191999999999998,8.636000000000001
2020,213,10.16,10.413999999999998,7.874
2020,214,8.636000000000001,8.128,6.604
2020,215,8.889999999999999,8.128,6.604
2020,216,11.176,11.176,7.874
2020,217,9.398,8.889999999999999,6.858
2020,218,8.889999999999999,8.636000000000001,6.604
2020,219,8.128,8.128,6.095999999999999
2020,220,9.398,8.889999999999999,6.35
2020,221,8.382,7.874,6.095999999999999
2020,222,8.636000000000001,8.382,6.35
2020,223,8.382,8.382,6.35
2020,224,6.858,6.858,5.334
2020,225,7.619999999999999,7.874,6.095999999999999
2020,226,7.874,7.619999999999999,5.842
2020,227,8.382,8.128,6.095999999999999
2020,228,7.874,7.619999999999999,5.842
2020,229,8.636000000000001,9.143999999999998,6.604
2020,230,6.604,7.112,5.588
2020,231,6.858,7.365999999999999,5.588
2020,232,6.858,7.112,5.588
2020,233,5.842,5.334,4.064
2020,234,7.112,6.858,5.08
2020,235,5.842,5.334,4.3180000000000005
2020,236,5.334,5.588,4.3180000000000005
2020,237,5.334,5.842,4.3180000000000005
2020,238,6.604,7.112,5.08
2020,239,7.365999999999999,7.365999999999999,5.588
2020,240,5.08,4.826,4.064
2020,241,6.095999999999999,6.095999999999999,4.826
2020,242,7.112,7.365999999999999,5.588
2020,243,9.398,9.143999999999998,6.35
2020,244,6.604,6.858,4.571999999999999
2020,245,5.842,5.334,4.3180000000000005
2020,246,6.604,7.112,5.334
2020,247,6.604,7.619999999999999,5.588
2020,248,6.35,6.604,5.08
2020,249,6.858,7.365999999999999,5.588
2020,250,7.365999999999999,8.128,5.842
2020,251,11.176,10.921999999999999,7.365999999999999
2020,252,6.095999999999999,5.08,3.8099999999999996
2020,253,6.604,6.095999999999999,4.3180000000000005
2020,254,5.334,5.588,4.064
2020,255,5.588,6.604,4.826
2020,256,4.3180000000000005,5.08,3.8099999999999996
2020,257,6.095999999999999,7.112,4.826
2020,258,6.604,7.619999999999999,5.334
2020,259,5.334,5.842,4.064
2020,260,5.842,6.604,4.571999999999999
2020,261,6.095999999999999,7.112,4.826
2020,262,4.064,5.334,3.556
2020,263,5.334,4.826,3.556
2020,264,4.571999999999999,4.3180000000000005,3.302
2020,265,5.588,5.842,4.3180000000000005
2020,266,4.3180000000000005,5.08,3.556
2020,267,3.8099999999999996,4.571999999999999,3.302
2020,268,5.334,6.095999999999999,4.3180000000000005
2020,269,4.3180000000000005,4.571999999999999,3.302
2020,270,3.8099999999999996,3.8099999999999996,2.54
2020,271,4.826,4.571999999999999,3.302
2020,272,4.064,4.064,3.0479999999999996
2020,273,4.571999999999999,5.334,3.8099999999999996
2020,274,4.3180000000000005,5.08,3.556
2020,275,4.826,5.588,3.8099999999999996
2020,276,3.8099999999999996,4.571999999999999,3.0479999999999996
2020,277,4.3180000000000005,4.826,3.302
2020,278,4.826,5.842,4.064
2020,279,4.826,5.842,3.8099999999999996
2020,280,4.064,4.826,3.302
2020,281,4.3180000000000005,5.334,3.556
2020,282,3.8099999999999996,4.571999999999999,3.0479999999999996
2020,283,3.8099999999999996,4.571999999999999,3.0479999999999996
2020,284,3.8099999999999996,4.3180000000000005,2.794
2020,285,3.556,2.794,2.032
2020,286,3.302,3.556,2.54
2020,287,2.54,3.302,2.2859999999999996
2020,288,4.826,5.08,3.302
2020,289,4.064,4.064,2.794
2020,290,4.064,5.08,3.302
2020,291,4.571999999999999,5.588,3.556
2020,292,4.3180000000000005,5.588,3.556
2020,293,4.3180000000000005,4.826,3.302
2020,294,4.3180000000000005,4.826,3.302
2020,295,3.556,3.8099999999999996,2.54
2020,296,3.302,2.794,2.032
2020,297,2.794,2.794,2.032
2020,298,3.0479999999999996,4.064,2.54
2020,299,2.032,1.778,1.27
2020,300,2.54,2.54,1.5239999999999998
2020,301,2.2859999999999996,3.0479999999999996,2.032
2020,302,1.778,3.0479999999999996,2.032
2020,303,2.2859999999999996,3.556,2.2859999999999996
2020,304,2.794,4.064,2.54
2020,305,2.54,3.0479999999999996,2.032
2020,306,3.302,4.064,2.54
2020,307,3.0479999999999996,4.571999999999999,2.794
2020,308,2.794,4.064,2.54
2020,309,2.794,4.064,2.54
2020,310,2.2859999999999996,3.302,2.032
2020,311,3.0479999999999996,5.588,3.556
2020,312,1.5239999999999998,1.016,0.7619999999999999
2020,313,1.27,0.508,0.254
2020,314,1.016,0.7619999999999999,0.508
2020,315,0.7619999999999999,1.016,0.7619999999999999
2020,316,0.7619999999999999,1.016,0.7619999999999999
2020,317,1.27,1.27,0.7619999999999999
2020,318,1.016,1.5239999999999998,1.016
2020,319,1.778,2.2859999999999996,1.5239999999999998
2020,320,0.254,0.508,0.508
2020,321,1.016,1.778,1.27
2020,322,2.54,4.571999999999999,2.794
2020,323,0.508,0.7619999999999999,0.508
2020,324,1.27,1.27,0.7619999999999999
2020,325,1.27,0.7619999999999999,0.508
2020,326,1.016,0.508,0.508
2020,327,1.27,1.27,0.7619999999999999
2020,328,0.508,0.7619999999999999,0.508
2020,329,0.508,0.508,0.508
2020,330,0.508,0.508,0.508
2020,331,1.016,1.27,0.7619999999999999
2020,332,0.7619999999999999,1.016,0.508
2020,333,1.016,1.27,0.7619999999999999
2020,334,1.016,1.016,0.7619999999999999
2020,335,1.5239999999999998,2.54,1.5239999999999998
2020,336,0.7619999999999999,1.016,0.508
2020,337,1.016,1.016,0.508
2020,338,1.27,1.5239999999999998,1.016
2020,339,0.7619999999999999,1.016,0.508
2020,340,1.27,2.032,1.016
2020,341,1.016,1.5239999999999998,1.016
2020,342,0.7619999999999999,1.27,0.7619999999999999
2020,343,1.27,1.778,1.016
2020,344,1.016,1.778,1.016
2020,345,0.254,0.508,0.254
2020,346,0.7619999999999999,1.016,0.508
2020,347,0.7619999999999999,0.7619999999999999,0.508
2020,348,0.508,0.7619999999999999,0.508
2020,349,0.0,0.254,0.254
2020,350,0.0,0.0,0.0
2020,351,0.254,1.016,0.508
2020,352,0.0,0.508,0.254
2020,353,0.508,0.7619999999999999,0.508
2020,354,0.7619999999999999,1.016,0.508
2020,355,0.254,0.7619999999999999,0.508
2020,356,0.7619999999999999,1.778,1.016
2020,357,3.0479999999999996,3.556,2.032
2020,358,1.27,1.016,0.508
2020,359,1.27,1.5239999999999998,0.7619999999999999
2020,360,1.27,1.778,1.016
2020,361,0.508,1.27,0.7619999999999999
2020,362,0.508,0.7619999999999999,0.508
2020,363,0.7619999999999999,0.7619999999999999,0.508
2020,364,0.508,0.254,0.254
2020,365,0.254,0.508,0.254
2020,366,0.0,0.254,0.254
2021,1,0.254,1.016,0.508
2021,2,0.254,0.7619999999999999,0.508
2021,3,0.508,1.27,0.7619999999999999
2021,4,0.508,0.7619999999999999,0.508
2021,5,0.7619999999999999,1.016,0.508
2021,6,0.7619999999999999,0.7619999999999999,0.508
2021,7,0.508,0.7619999999999999,0.508
2021,8,0.508,0.508,0.254
2021,9,0.254,0.254,0.254
2021,10,0.508,0.508,0.508
2021,11,0.7619999999999999,1.016,0.508
2021,12,0.7619999999999999,1.27,0.7619999999999999
2021,13,1.016,2.2859999999999996,1.27
2021,14,1.016,1.778,1.016
2021,15,0.7619999999999999,1.016,0.508
2021,16,0.7619999999999999,0.508,0.508
2021,17,0.7619999999999999,1.016,0.7619999999999999
2021,18,0.508,0.508,0.508
2021,19,0.7619999999999999,0.7619999999999999,0.508
2021,20,0.7619999999999999,1.016,0.7619999999999999
2021,21,0.508,0.7619999999999999,0.508
2021,22,0.254,0.7619999999999999,0.508
2021,23,0.508,0.254,0.254
2021,24,1.016,0.7619999999999999,0.508
2021,25,1.016,1.27,0.7619999999999999
2021,26,0.508,0.7619999999999999,0.508
2021,27,0.7619999999999999,1.5239999999999998,1.016
2021,28,0.7619999999999999,2.2859999999999996,1.5239999999999998
2021,29,0.7619999999999999,1.27,0.7619999999999999
2021,30,1.27,1.5239999999999998,1.016
2021,31,1.5239999999999998,1.5239999999999998,1.016
2021,32,1.5239999999999998,2.032,1.27
2021,33,1.5239999999999998,2.54,1.5239999999999998
2021,34,1.016,0.7619999999999999,0.508
2021,35,1.27,1.27,0.7619999999999999
2021,36,1.778,2.2859999999999996,1.5239999999999998
2021,37,2.2859999999999996,3.302,2.032
2021,38,2.2859999999999996,2.794,1.778
2021,39,1.778,2.032,1.27
2021,40,1.27,1.778,1.27
2021,41,2.032,2.794,1.778
2021,42,1.016,1.5239999999999998,1.016
2021,43,0.508,0.254,0.254
2021,44,1.016,0.508,0.508
2021,45,1.016,0.508,0.508
2021,46,0.7619999999999999,0.7619999999999999,0.7619999999999999
2021,47,1.016,1.016,0.7619999999999999
2021,48,1.27,1.27,1.016
2021,49,1.27,1.5239999999999998,1.016
2021,50,0.7619999999999999,1.27,1.016
2021,51,1.5239999999999998,1.5239999999999998,1.016
2021,52,2.2859999999999996,2.54,1.5239999999999998
2021,53,2.032,3.0479999999999996,2.032
2021,54,2.54,3.0479999999999996,2.032
2021,55,1.27,1.5239999999999998,1.016
2021,56,1.5239999999999998,1.778,1.27
2021,57,1.5239999999999998,2.032,1.27
2021,58,1.778,1.778,1.27
2021,59,2.032,2.2859999999999996,1.778
2021,60,2.2859999999999996,3.0479999999999996,2.032
2021,61,2.2859999999999996,3.0479999999999996,2.032
2021,62,3.302,4.571999999999999,3.0479999999999996
2021,63,2.54,3.556,2.54
2021,64,4.064,5.842,3.8099999999999996
2021,65,4.3180000000000005,5.588,3.556
2021,66,2.794,3.0479999999999996,2.2859999999999996
2021,67,2.2859999999999996,2.54,1.778
2021,68,2.2859999999999996,2.54,1.778
2021,69,2.794,3.556,2.54
2021,70,3.302,4.064,2.794
2021,71,2.794,3.302,2.2859999999999996
2021,72,3.302,4.3180000000000005,3.0479999999999996
2021,73,3.0479999999999996,4.571999999999999,3.0479999999999996
2021,74,3.8099999999999996,5.842,3.8099999999999996
2021,75,3.556,3.8099999999999996,2.794
2021,76,3.0479999999999996,3.8099999999999996,2.54
2021,77,3.556,5.334,3.556
2021,78,2.794,4.571999999999999,3.0479999999999996
2021,79,2.794,2.54,2.032
2021,80,3.556,3.556,2.54
2021,81,2.54,2.54,1.778
2021,82,2.2859999999999996,2.2859999999999996,1.778
2021,83,3.0479999999999996,3.556,2.54
2021,84,1.5239999999999998,1.5239999999999998,1.27
2021,85,3.556,4.064,2.794
2021,86,3.8099999999999996,4.571999999999999,3.302
2021,87,5.588,7.874,5.334
2021,88,9.143999999999998,9.398,6.095999999999999
2021,89,4.571999999999999,4.3180000000000005,3.0479999999999996
2021,90,3.8099999999999996,4.064,3.0479999999999996
2021,91,5.08,7.365999999999999,5.08
2021,92,4.064,6.095999999999999,4.571999999999999
2021,93,4.571999999999999,6.095999999999999,4.3180000000000005
2021,94,5.334,6.858,4.826
2021,95,3.8099999999999996,3.8099999999999996,2.54
2021,96,6.35,6.35,4.3180000000000005
2021,97,4.826,5.588,4.064
2021,98,6.095999999999999,6.35,4.3180000000000005
2021,99,4.571999999999999,4.826,3.556
2021,100,6.35,7.365999999999999,5.08
2021,101,5.842,5.588,3.8099999999999996
2021,102,4.826,5.08,3.8099999999999996
2021,103,8.382,8.636000000000001,5.588
2021,104,4.064,4.571999999999999,3.0479999999999996
2021,105,2.032,2.032,1.778
2021,106,4.064,4.571999999999999,3.302
2021,107,5.588,6.604,4.826
2021,108,5.842,7.112,5.08
2021,109,7.619999999999999,8.382,5.588
2021,110,8.128,7.874,5.334
2021,111,6.858,7.365999999999999,5.334
2021,112,6.604,7.619999999999999,5.334
2021,113,6.095999999999999,6.858,5.08
2021,114,3.302,3.8099999999999996,2.794
2021,115,2.794,2.794,2.032
2021,116,2.032,1.778,1.5239999999999998
2021,117,3.556,3.302,2.794
2021,118,6.858,8.128,5.588
2021,119,6.095999999999999,7.365999999999999,5.588
2021,120,6.604,8.382,6.095999999999999
2021,121,7.365999999999999,8.636000000000001,5.842
2021,122,6.095999999999999,5.588,4.064
2021,123,6.35,5.842,4.571999999999999
2021,124,7.112,7.619999999999999,5.334
2021,125,6.35,6.604,5.08
2021,126,7.619999999999999,9.398,6.604
2021,127,6.604,7.365999999999999,5.08
2021,128,8.636000000000001,7.619999999999999,5.334
2021,129,6.35,5.842,4.3180000000000005
2021,130,5.842,5.842,4.3180000000000005
2021,131,5.588,5.588,4.571999999999999
2021,132,6.095999999999999,6.604,5.334
2021,133,6.858,7.874,5.842
2021,134,6.095999999999999,6.858,5.08
2021,135,3.302,3.302,2.794
2021,136,6.604,7.112,5.334
2021,137,6.604,6.604,5.334
2021,138,7.619999999999999,8.128,5.842
2021,139,7.619999999999999,7.112,5.334
2021,140,6.35,5.588,4.064
2021,141,3.556,3.0479999999999996,2.2859999999999996
2021,142,6.858,6.604,4.826
2021,143,4.064,3.556,2.794
2021,144,5.842,6.095999999999999,4.3180000000000005
2021,145,4.064,4.064,3.302
2021,146,5.334,5.334,4.064
2021,147,6.858,6.858,5.588
2021,148,8.128,8.128,5.842
2021,149,6.858,6.858,5.08
2021,150,7.112,6.858,5.334
2021,151,7.619999999999999,8.128,6.095999999999999
2021,152,7.874,8.382,6.35
2021,153,8.128,8.382,6.604
2021,154,9.143999999999998,9.398,7.112
2021,155,9.398,10.16,7.619999999999999
2021,156,10.668,11.176,7.874
2021,157,10.16,9.398,6.858
2021,158,8.889999999999999,8.382,6.35
2021,159,8.382,8.128,6.095999999999999
2021,160,8.382,8.636000000000001,6.35
2021,161,6.604,5.334,3.8099999999999996
2021,162,7.874,7.365999999999999,5.588
2021,163,7.619999999999999,7.619999999999999,6.095999999999999
2021,164,10.668,12.191999999999998,8.636000000000001
2021,165,9.398,10.16,7.619999999999999
2021,166,9.652,9.906,7.365999999999999
2021,167,9.652,8.889999999999999,6.604
2021,168,9.398,8.889999999999999,6.858
2021,169,8.636000000000001,8.128,6.35
2021,170,10.16,10.413999999999998,7.874
2021,171,10.921999999999999,10.921999999999999,7.874
2021,172,10.16,9.906,7.365999999999999
2021,173,10.16,10.668,7.874
2021,174,9.398,9.398,7.112
2021,175,7.874,7.365999999999999,5.842
2021,176,9.143999999999998,8.636000000000001,6.604
2021,177,9.398,9.143999999999998,7.112
2021,178,10.413999999999998,10.668,7.874
2021,179,10.921999999999999,11.176,8.128
2021,180,9.652,9.398,7.365999999999999
2021,181,10.413999999999998,10.668,7.874
2021,182,8.128,7.619999999999999,6.095999999999999
2021,183,8.636000000000001,7.874,6.604
2021,184,8.382,7.619999999999999,5.842
2021,185,6.604,6.35,4.826
2021,186,8.382,7.619999999999999,6.35
2021,187,10.413999999999998,10.413999999999998,7.874
2021,188,8.889999999999999,8.889999999999999,6.858
2021,189,9.906,9.398,7.112
2021,190,10.921999999999999,10.668,7.619999999999999
2021,191,8.889999999999999,8.128,6.35
2021,192,8.636000000000001,8.382,6.35
2021,193,9.143999999999998,8.636000000000001,6.604
2021,194,10.921999999999999,11.43,8.128
2021,195,8.382,7.874,6.095999999999999
2021,196,8.128,7.874,6.095999999999999
2021,197,8.889999999999999,8.382,6.604
2021,198,8.128,7.365999999999999,5.842
2021,199,7.874,7.365999999999999,5.842
2021,200,4.3180000000000005,4.3180000000000005,3.0479999999999996
2021,201,6.095999999999999,5.588,4.571999999999999
2021,202,7.112,6.858,5.588
2021,203,7.112,6.604,5.334
2021,204,9.143999999999998,8.636000000000001,6.604
2021,205,8.382,8.128,6.095999999999999
2021,206,7.619999999999999,7.112,5.588
2021,207,7.874,7.874,6.095999999999999
2021,208,5.588,5.588,4.3180000000000005
2021,209,8.636000000000001,8.889999999999999,6.604
2021,210,6.858,6.604,5.334
2021,211,6.35,6.095999999999999,4.571999999999999
2021,212,5.588,5.334,4.3180000000000005
2021,213,4.064,3.556,3.0479999999999996
2021,214,6.604,6.095999999999999,5.08
2021,215,6.095999999999999,5.842,4.826
2021,216,6.858,7.112,5.334
2021,217,7.112,7.619999999999999,5.588
2021,218,5.842,5.334,4.064
2021,219,7.365999999999999,6.858,5.334
2021,220,6.604,6.604,5.08
2021,221,7.874,7.619999999999999,5.842
2021,222,8.128,7.874,6.095999999999999
2021,223,8.128,8.636000000000001,6.35
2021,224,6.858,7.112,5.588
2021,225,7.112,7.112,5.588
2021,226,8.128,8.889999999999999,6.35
2021,227,7.365999999999999,7.619999999999999,5.588
2021,228,6.35,6.604,4.826
2021,229,7.619999999999999,7.874,5.588
2021,230,7.365999999999999,6.35,4.571999999999999
2021,231,3.8099999999999996,3.302,2.2859999999999996
2021,232,5.588,5.334,4.3180000000000005
2021,233,4.571999999999999,5.08,3.556
2021,234,5.334,5.08,4.064
2021,235,5.334,5.334,4.064
2021,236,5.334,5.588,4.3180000000000005
2021,237,5.588,5.842,4.571999999999999
2021,238,5.842,5.842,4.3180000000000005
2021,239,6.858,6.858,5.08
2021,240,6.095999999999999,6.095999999999999,4.826
2021,241,6.095999999999999,6.35,4.826
2021,242,5.08,5.588,4.3180000000000005
2021,243,5.842,6.35,4.571999999999999
2021,244,6.604,6.604,4.826
2021,245,5.842,5.842,4.3180000000000005
2021,246,6.604,6.858,5.08
2021,247,5.842,6.35,4.571999999999999
2021,248,6.095999999999999,7.112,5.08
2021,249,5.842,6.35,4.571999999999999
2021,250,5.08,5.842,4.3180000000000005
2021,251,7.619999999999999,8.636000000000001,5.842
2021,252,5.842,6.858,4.826
2021,253,6.35,7.874,5.334
2021,254,4.826,4.064,3.556
2021,255,5.334,5.08,4.064
2021,256,5.588,5.842,4.3180000000000005
2021,257,6.095999999999999,6.35,4.571999999999999
2021,258,5.588,6.095999999999999,4.3180000000000005
2021,259,7.112,7.365999999999999,4.826
2021,260,6.095999999999999,6.604,4.571999999999999
2021,261,6.604,8.636000000000001,5.588
2021,262,2.794,2.2859999999999996,1.778
2021,263,4.571999999999999,4.064,3.0479999999999996
2021,264,5.334,5.334,3.8099999999999996
2021,265,4.571999999999999,5.588,4.064
2021,266,4.3180000000000005,5.08,3.556
2021,267,4.3180000000000005,4.826,3.556
2021,268,4.826,5.588,4.064
2021,269,4.571999999999999,5.334,3.8099999999999996
2021,270,4.826,5.588,3.8099999999999996
2021,271,5.08,4.826,3.302
2021,272,4.064,3.556,2.54
2021,273,4.064,4.3180000000000005,3.0479999999999996
2021,274,3.556,4.064,2.794
2021,275,3.8099999999999996,4.826,3.302
2021,276,4.064,5.334,3.556
2021,277,5.08,6.858,4.3180000000000005
2021,278,5.334,7.112,4.571999999999999
2021,279,3.0479999999999996,3.8099999999999996,2.54
2021,280,2.2859999999999996,2.032,1.5239999999999998
2021,281,1.016,0.7619999999999999,0.508
2021,282,2.794,2.54,1.778
2021,283,3.302,3.8099999999999996,2.54
2021,284,1.778,1.778,1.016
2021,285,2.54,2.2859999999999996,1.778
2021,286,2.2859999999999996,2.54,1.778
2021,287,2.794,3.0479999999999996,2.032
2021,288,2.54,3.0479999999999996,2.2859999999999996
2021,289,3.556,4.3180000000000005,2.794
2021,290,4.3180000000000005,6.095999999999999,3.8099999999999996
2021,291,2.032,3.0479999999999996,2.032
2021,292,2.2859999999999996,2.794,1.778
2021,293,2.54,3.0479999999999996,2.2859999999999996
2021,294,2.2859999999999996,3.0479999999999996,2.2859999999999996
2021,295,3.302,4.571999999999999,2.794
2021,296,2.2859999999999996,2.54,1.778
2021,297,0.7619999999999999,0.7619999999999999,0.508
2021,298,1.27,1.27,0.7619999999999999
2021,299,2.032,2.032,1.27
2021,300,2.2859999999999996,2.54,1.778
2021,301,1.778,2.54,1.778
2021,302,2.032,2.54,1.778
2021,303,1.27,1.27,1.016
2021,304,1.27,1.016,0.7619999999999999
2021,305,0.7619999999999999,0.7619999999999999,0.7619999999999999
2021,306,1.27,1.5239999999999998,1.27
2021,307,1.778,1.778,1.27
2021,308,1.778,2.54,1.5239999999999998
2021,309,1.778,2.2859999999999996,1.5239999999999998
2021,310,1.27,1.778,1.27
2021,311,1.5239999999999998,1.27,1.016
2021,312,2.032,1.778,1.27
2021,313,0.7619999999999999,1.016,0.508
2021,314,1.27,1.778,1.27
2021,315,0.508,1.016,0.7619999999999999
2021,316,1.016,1.5239999999999998,1.016
2021,317,1.5239999999999998,2.032,1.27
2021,318,1.5239999999999998,2.032,1.27
2021,319,1.778,2.54,1.5239999999999998
2021,320,5.08,5.334,3.302
2021,321,2.032,1.778,1.27
2021,322,1.778,2.2859999999999996,1.27
2021,323,0.254,0.7619999999999999,0.508
2021,324,1.016,1.27,0.7619999999999999
2021,325,1.016,0.7619999999999999,0.508
2021,326,1.27,1.27,1.016
2021,327,1.27,1.778,1.016
2021,328,1.27,1.5239999999999998,1.016
2021,329,1.016,1.27,0.7619999999999999
2021,330,0.7619999999999999,1.5239999999999998,1.016
2021,331,1.016,1.5239999999999998,1.016
2021,332,0.7619999999999999,1.5239999999999998,1.016
2021,333,1.27,2.032,1.27
2021,334,1.016,1.27,0.7619999999999999
2021,335,0.7619999999999999,1.016,0.7619999999999999
2021,336,1.016,1.5239999999999998,1.016
2021,337,1.016,1.27,0.7619999999999999
2021,338,1.27,2.032,1.27
2021,339,2.54,3.302,2.032
2021,340,1.016,1.27,0.7619999999999999
2021,341,0.508,0.508,0.508
2021,342,0.508,0.508,0.508
2021,343,1.5239999999999998,1.778,1.016
2021,344,1.27,1.27,0.7619999999999999
2021,345,1.27,2.032,1.27
2021,346,1.27,3.0479999999999996,1.778
2021,347,2.54,4.826,3.0479999999999996
2021,348,2.794,3.302,2.032
2021,349,1.5239999999999998,1.5239999999999998,1.016
2021,350,0.7619999999999999,0.508,0.254
2021,351,0.508,0.508,0.254
2021,352,0.508,0.508,0.254
2021,353,0.508,0.508,0.254
2021,354,0.254,0.7619999999999999,0.508
2021,355,0.508,1.016,0.508
2021,356,0.254,0.508,0.508
2021,357,0.508,1.27,0.7619999999999999
2021,358,0.7619999999999999,1.016,0.508
2021,359,0.7619999999999999,0.7619999999999999,0.508
2021,360,2.032,2.032,1.27
2021,361,0.7619999999999999,0.7619999999999999,0.508
2021,362,0.508,0.508,0.254
2021,363,0.254,0.508,0.508
2021,364,0.254,0.254,0.254
2021,365,0.508,0.508,0.254
2022,1,0.7619999999999999,0.508,0.254
2022,2,0.7619999999999999,0.508,0.254
2022,3,1.016,2.032,1.27
2022,4,0.254,1.27,0.7619999999999999
2022,5,0.0,0.508,0.254
2022,6,0.0,0.508,0.254
2022,7,0.7619999999999999,1.5239999999999998,1.016
2022,8,0.7619999999999999,0.7619999999999999,0.508
2022,9,1.016,0.508,0.254
2022,10,0.7619999999999999,0.508,0.508
2022,11,0.508,0.508,0.254
2022,12,0.508,0.7619999999999999,0.508
2022,13,0.508,1.016,0.7619999999999999
2022,14,0.254,0.508,0.254
2022,15,0.508,0.254,0.254
2022,16,0.508,0.254,0.254
2022,17,0.508,0.254,0.254
2022,18,0.254,0.254,0.254
2022,19,0.0,0.254,0.254
2022,20,0.254,0.508,0.254
2022,21,0.254,0.254,0.254
2022,22,0.254,0.254,0.254
2022,23,0.254,0.254,0.254
2022,24,0.254,0.254,0.254
2022,25,0.508,0.254,0.254
2022,26,0.508,0.254,0.254
2022,27,0.254,0.0,0.0
2022,28,0.7619999999999999,0.508,0.508
2022,29,0.7619999999999999,1.016,0.508
2022,30,0.508,0.508,0.508
2022,31,0.508,1.016,0.7619999999999999
2022,32,0.508,0.7619999999999999,0.508
2022,33,0.508,0.254,0.254
2022,34,0.7619999999999999,0.508,0.508
2022,35,0.508,0.508,0.508
2022,36,0.508,0.7619999999999999,0.508
2022,37,0.508,0.508,0.508
2022,38,0.7619999999999999,0.508,0.508
2022,39,0.7619999999999999,0.7619999999999999,0.508
2022,40,0.508,0.7619999999999999,0.508
2022,41,0.508,1.016,0.7619999999999999
2022,42,0.7619999999999999,1.016,0.7619999999999999
2022,43,1.016,0.508,0.508
2022,44,1.27,1.016,0.7619999999999999
2022,45,2.032,2.794,1.778
2022,46,0.508,0.7619999999999999,0.508
2022,47,1.016,1.5239999999999998,1.016
2022,48,1.5239999999999998,1.778,1.27
2022,49,1.778,2.2859999999999996,1.778
2022,50,1.27,1.5239999999999998,1.27
2022,51,1.778,2.54,1.778
2022,52,1.778,1.5239999999999998,1.016
2022,53,2.032,1.5239999999999998,1.016
2022,54,1.016,1.016,0.7619999999999999
2022,55,1.016,1.016,0.7619999999999999
2022,56,1.016,1.016,0.7619999999999999
2022,57,1.27,1.27,0.7619999999999999
2022,58,1.5239999999999998,1.5239999999999998,1.016
2022,59,1.27,2.032,1.5239999999999998
2022,60,1.016,2.032,1.5239999999999998
2022,61,1.778,2.54,1.778
2022,62,2.032,2.794,2.032
2022,63,2.032,2.2859999999999996,1.5239999999999998
2022,64,1.016,0.7619999999999999,0.7619999999999999
2022,65,1.016,1.016,0.7619999999999999
2022,66,2.2859999999999996,2.2859999999999996,1.778
2022,67,1.27,2.032,1.5239999999999998
2022,68,1.778,1.27,1.016
2022,69,2.032,1.778,1.27
2022,70,1.778,2.54,1.778
2022,71,2.032,3.556,2.54
2022,72,2.2859999999999996,3.556,2.2859999999999996
2022,73,2.54,3.302,2.54
2022,74,1.016,1.27,1.016
2022,75,2.2859999999999996,2.2859999999999996,1.778
2022,76,2.54,2.794,2.032
2022,77,2.54,3.302,2.54
2022,78,2.54,4.064,2.794
2022,79,4.3180000000000005,3.8099999999999996,2.54
2022,80,3.8099999999999996,4.3180000000000005,2.794
2022,81,3.0479999999999996,3.556,2.794
2022,82,2.794,3.8099999999999996,3.0479999999999996
2022,83,3.556,4.826,3.556
2022,84,4.064,5.588,3.8099999999999996
2022,85,4.064,5.08,3.8099999999999996
2022,86,3.8099999999999996,5.334,3.8099999999999996
2022,87,3.556,4.3180000000000005,3.0479999999999996
2022,88,4.064,4.826,3.302
2022,89,4.571999999999999,4.826,3.556
2022,90,5.334,5.08,3.556
2022,91,3.8099999999999996,4.3180000000000005,3.0479999999999996
2022,92,4.3180000000000005,4.826,3.302
2022,93,3.8099999999999996,4.826,3.556
2022,94,2.794,3.8099999999999996,2.54
2022,95,4.571999999999999,4.3180000000000005,2.794
2022,96,3.8099999999999996,4.3180000000000005,3.0479999999999996
2022,97,3.8099999999999996,5.08,3.556
2022,98,4.571999999999999,7.365999999999999,5.08
2022,99,6.858,6.858,4.571999999999999
2022,100,4.571999999999999,4.571999999999999,3.0479999999999996
2022,101,2.032,2.032,1.5239999999999998
2022,102,3.0479999999999996,2.54,1.778
2022,103,2.032,1.778,1.5239999999999998
2022,104,1.016,1.27,1.016
2022,105,2.54,2.54,2.032
2022,106,3.0479999999999996,4.3180000000000005,2.794
2022,107,3.556,3.8099999999999996,3.0479999999999996
2022,108,4.571999999999999,5.842,4.3180000000000005
2022,109,4.826,5.588,3.8099999999999996
2022,110,4.3180000000000005,4.826,3.8099999999999996
2022,111,2.794,3.302,2.54
2022,112,4.064,4.571999999999999,3.0479999999999996
2022,113,5.842,6.095999999999999,4.064
2022,114,4.571999999999999,4.826,3.556
2022,115,5.334,6.604,4.571999999999999
2022,116,5.334,6.604,4.571999999999999
2022,117,4.826,5.08,3.8099999999999996
2022,118,4.064,4.3180000000000005,3.0479999999999996
2022,119,6.604,6.095999999999999,4.3180000000000005
2022,120,4.826,5.334,3.8099999999999996
2022,121,1.778,2.032,1.5239999999999998
2022,122,5.08,5.842,4.064
2022,123,1.5239999999999998,1.27,1.016
2022,124,4.064,4.571999999999999,3.556
2022,125,4.571999999999999,6.35,4.3180000000000005
2022,126,4.064,4.826,3.8099999999999996
2022,127,5.588,5.08,3.8099999999999996
2022,128,3.302,2.54,1.778
2022,129,5.334,4.571999999999999,3.302
2022,130,4.064,3.8099999999999996,3.0479999999999996
2022,131,5.08,5.08,3.8099999999999996
2022,132,6.35,6.858,4.826
2022,133,4.826,5.08,4.064
2022,134,5.08,5.334,4.3180000000000005
2022,135,7.619999999999999,8.889999999999999,6.35
2022,136,7.365999999999999,8.636000000000001,6.35
2022,137,7.874,8.128,5.842
2022,138,7.365999999999999,7.365999999999999,5.588
2022,139,8.128,7.619999999999999,5.08
2022,140,6.35,5.588,4.3180000000000005
2022,141,6.095999999999999,5.588,4.3180000000000005
2022,142,5.334,5.08,3.8099999999999996
2022,143,5.842,5.842,4.571999999999999
2022,144,7.112,7.365999999999999,5.334
2022,145,7.112,7.619999999999999,5.842
2022,146,6.858,7.874,5.842
2022,147,6.095999999999999,6.35,4.826
2022,148,4.571999999999999,3.8099999999999996,3.0479999999999996
2022,149,4.571999999999999,3.0479999999999996,2.2859999999999996
2022,150,1.5239999999999998,0.7619999999999999,0.7619999999999999
2022,151,2.2859999999999996,2.2859999999999996,2.032
2022,152,3.8099999999999996,4.3180000000000005,3.556
2022,153,4.571999999999999,5.588,4.064
2022,154,4.571999999999999,5.334,4.064
2022,155,3.556,3.556,2.54
2022,156,3.556,3.0479999999999996,2.54
2022,157,7.112,6.35,5.08
2022,158,6.35,5.842,4.826
2022,159,6.095999999999999,6.095999999999999,4.571999999999999
2022,160,6.35,6.095999999999999,5.08
2022,161,7.112,7.112,5.842
2022,162,7.619999999999999,7.874,6.35
2022,163,3.0479999999999996,2.794,2.032
2022,164,7.874,5.588,4.3180000000000005
2022,165,8.128,6.604,4.826
2022,166,7.365999999999999,6.858,5.334
2022,167,9.906,11.176,7.874
2022,168,10.921999999999999,11.937999999999999,8.128
2022,169,8.382,8.128,5.842
2022,170,8.889999999999999,7.619999999999999,5.588
2022,171,8.382,7.619999999999999,5.588
2022,172,7.365999999999999,6.858,5.588
2022,173,8.128,7.874,6.095999999999999
2022,174,8.128,8.636000000000001,6.35
2022,175,9.652,9.398,6.858
2022,176,9.143999999999998,8.636000000000001,6.604
2022,177,9.143999999999998,8.636000000000001,6.604
2022,178,8.636000000000001,8.636000000000001,6.604
2022,179,8.636000000000001,8.636000000000001,6.604
2022,180,10.668,10.413999999999998,7.619999999999999
2022,181,8.636000000000001,7.619999999999999,6.095999999999999
2022,182,9.143999999999998,8.382,6.604
2022,183,8.382,8.128,6.35
2022,184,7.874,7.874,5.842
2022,185,8.889999999999999,8.128,6.35
2022,186,8.128,7.619999999999999,6.095999999999999
2022,187,8.382,8.128,6.35
2022,188,8.382,8.128,6.35
2022,189,8.889999999999999,8.636000000000001,6.858
2022,190,9.143999999999998,8.889999999999999,6.858
2022,191,9.906,9.398,7.112
2022,192,9.398,8.889999999999999,6.858
2022,193,8.636000000000001,7.874,6.35
2022,194,8.128,8.382,6.35
2022,195,7.619999999999999,7.365999999999999,5.842
2022,196,8.636000000000001,8.382,6.604
2022,197,8.889999999999999,8.128,6.604
2022,198,8.128,7.619999999999999,5.842
2022,199,10.413999999999998,10.668,7.619999999999999
2022,200,8.889999999999999,8.128,6.095999999999999
2022,201,9.398,9.143999999999998,7.112
2022,202,8.889999999999999,8.636000000000001,6.604
2022,203,9.398,9.398,6.858
2022,204,9.652,9.398,6.858
2022,205,10.668,10.413999999999998,7.619999999999999
2022,206,9.398,9.143999999999998,6.858
2022,207,9.906,10.16,7.365999999999999
2022,208,9.906,10.413999999999998,7.619999999999999
2022,209,8.636000000000001,8.382,6.604
2022,210,8.382,8.382,6.35
2022,211,8.889999999999999,8.636000000000001,6.604
2022,212,8.382,8.128,6.35
2022,213,8.636000000000001,8.889999999999999,6.35
2022,214,8.382,8.636000000000001,6.095999999999999
2022,215,8.382,7.874,6.35
2022,216,6.604,6.604,5.08
2022,217,3.302,3.0479999999999996,2.2859999999999996
2022,218,5.588,5.334,4.064
2022,219,7.874,7.365999999999999,5.842
2022,220,8.382,8.382,6.35
2022,221,9.398,10.16,7.112
2022,222,3.8099999999999996,4.064,3.0479999999999996
2022,223,7.112,7.112,5.588
2022,224,8.382,9.143999999999998,6.604
2022,225,7.365999999999999,7.874,5.842
2022,226,7.112,6.858,5.334
2022,227,7.619999999999999,7.112,5.588
2022,228,7.619999999999999,7.112,5.588
2022,229,7.874,7.874,6.095999999999999
2022,230,6.858,7.112,5.08
2022,231,6.095999999999999,6.604,4.826
2022,232,7.365999999999999,7.365999999999999,5.588
2022,233,6.604,6.35,5.334
2022,234,8.128,8.636000000000001,6.095999999999999
2022,235,7.112,7.112,5.588
2022,236,6.095999999999999,6.35,4.826
2022,237,7.112,7.365999999999999,5.588
2022,238,7.874,8.128,6.095999999999999
2022,239,8.128,8.382,5.842
2022,240,8.636000000000001,8.889999999999999,6.095999999999999
2022,241,7.112,7.112,5.334
2022,242,7.365999999999999,8.128,5.842
2022,243,7.619999999999999,8.636000000000001,6.35
2022,244,8.636000000000001,9.906,6.858
2022,245,7.112,7.365999999999999,5.334
2022,246,9.398,10.413999999999998,7.112
2022,247,7.365999999999999,8.382,5.842
2022,248,6.858,7.112,5.334
2022,249,6.858,7.619999999999999,5.334
2022,250,6.095999999999999,7.112,5.08
2022,251,9.143999999999998,9.906,6.604
2022,252,6.095999999999999,5.588,4.064
2022,253,7.619999999999999,7.365999999999999,5.08
2022,254,6.604,7.112,5.08
2022,255,6.35,7.619999999999999,5.08
2022,256,3.556,4.3180000000000005,3.0479999999999996
2022,257,3.8099999999999996,3.556,3.0479999999999996
2022,258,3.8099999999999996,4.3180000000000005,3.0479999999999996
2022,259,5.08,5.08,3.8099999999999996
2022,260,4.3180000000000005,4.3180000000000005,3.0479999999999996
2022,261,7.365999999999999,8.889999999999999,5.588
2022,262,5.588,6.35,4.571999999999999
2022,263,5.588,6.604,4.571999999999999
2022,264,6.095999999999999,6.858,4.571999999999999
2022,265,4.571999999999999,4.3180000000000005,3.0479999999999996
2022,266,4.571999999999999,4.826,3.556
2022,267,4.826,5.588,3.8099999999999996
2022,268,4.826,5.588,4.064
2022,269,5.334,6.095999999999999,4.3180000000000005
2022,270,6.35,7.874,5.334
2022,271,5.08,6.858,4.571999999999999
2022,272,5.842,6.604,4.571999999999999
2022,273,3.556,3.302,2.2859999999999996
2022,274,3.8099999999999996,3.556,2.54
2022,275,4.064,4.571999999999999,3.302
2022,276,3.8099999999999996,4.3180000000000005,3.0479999999999996
2022,277,4.064,4.571999999999999,3.302
2022,278,4.3180000000000005,4.826,3.302
2022,279,4.064,4.826,3.302
2022,280,4.064,4.826,3.302
2022,281,4.064,4.571999999999999,3.302
2022,282,3.8099999999999996,4.3180000000000005,3.0479999999999996
2022,283,4.571999999999999,5.588,3.556
2022,284,6.095999999999999,6.858,4.571999999999999
2022,285,4.826,5.842,3.8099999999999996
2022,286,3.556,4.064,2.794
2022,287,4.064,4.3180000000000005,3.0479999999999996
2022,288,5.334,6.095999999999999,3.8099999999999996
2022,289,5.334,6.604,4.064
2022,290,3.556,4.3180000000000005,3.0479999999999996
2022,291,3.8099999999999996,4.826,3.0479999999999996
2022,292,3.302,4.064,2.794
2022,293,4.064,5.08,3.302
2022,294,3.556,4.826,3.0479999999999996
2022,295,3.556,3.8099999999999996,2.2859999999999996
2022,296,3.302,2.54,1.778
2022,297,3.0479999999999996,3.0479999999999996,2.032
2022,298,2.032,2.032,1.5239999999999998
2022,299,1.778,1.778,1.27
2022,300,1.778,2.032,1.5239999999999998
2022,301,2.54,3.302,2.032
2022,302,1.5239999999999998,1.778,1.27
2022,303,2.032,2.794,1.778
2022,304,1.778,2.794,1.778
2022,305,2.54,5.08,3.0479999999999996
2022,306,2.2859999999999996,2.2859999999999996,1.5239999999999998
2022,307,1.778,1.27,1.016
2022,308,1.5239999999999998,1.778,1.016
2022,309,1.5239999999999998,2.2859999999999996,1.5239999999999998
2022,310,1.5239999999999998,2.032,1.5239999999999998
2022,311,1.778,2.2859999999999996,1.5239999999999998
2022,312,0.7619999999999999,0.254,0.254
2022,313,1.016,1.016,0.7619999999999999
2022,314,1.778,1.5239999999999998,1.016
2022,315,1.016,1.016,0.7619999999999999
2022,316,1.27,1.27,0.7619999999999999
2022,317,0.7619999999999999,0.7619999999999999,0.508
2022,318,0.7619999999999999,0.7619999999999999,0.508
2022,319,0.7619999999999999,0.7619999999999999,0.508
2022,320,0.7619999999999999,0.7619999999999999,0.508
2022,321,1.016,1.016,0.7619999999999999
2022,322,1.27,1.5239999999999998,1.016
2022,323,1.27,1.5239999999999998,1.016
2022,324,1.5239999999999998,2.032,1.27
2022,325,1.016,1.27,0.7619999999999999
2022,326,0.7619999999999999,1.27,0.7619999999999999
2022,327,1.5239999999999998,2.2859999999999996,1.5239999999999998
2022,328,0.7619999999999999,1.27,0.7619999999999999
2022,329,1.5239999999999998,2.2859999999999996,1.27
2022,330,1.016,1.27,0.7619999999999999
2022,331,1.27,2.2859999999999996,1.27
2022,332,1.016,1.27,0.7619999999999999
2022,333,1.27,1.016,0.7619999999999999
2022,334,0.7619999999999999,1.27,0.7619999999999999
2022,335,2.032,3.0479999999999996,1.778
2022,336,1.27,1.27,0.7619999999999999
2022,337,1.27,1.016,0.7619999999999999
2022,338,0.7619999999999999,1.016,0.508
2022,339,0.254,0.7619999999999999,0.508
2022,340,0.254,0.254,0.254
2022,341,0.508,0.254,0.254
2022,342,0.508,0.7619999999999999,0.508
2022,343,0.7619999999999999,1.27,0.7619999999999999
2022,344,1.016,2.2859999999999996,1.27
2022,345,0.508,1.016,0.7619999999999999
2022,346,0.508,0.508,0.508
2022,347,0.508,0.254,0.254
2022,348,0.508,0.7619999999999999,0.508
2022,349,0.508,0.254,0.254
2022,350,0.254,0.254,0.254
2022,351,0.508,0.254,0.254
2022,352,0.508,0.508,0.254
2022,353,0.508,0.7619999999999999,0.508
2022,354,0.254,1.016,0.7619999999999999
2022,355,0.7619999999999999,1.778,1.016
2022,356,1.5239999999999998,1.27,0.7619999999999999
2022,357,0.7619999999999999,0.7619999999999999,0.508
2022,358,0.0,0.254,0.254
2022,359,0.0,0.508,0.254
2022,360,0.254,1.016,0.7619999999999999
2022,361,0.7619999999999999,2.032,1.27
2022,362,0.7619999999999999,1.016,0.7619999999999999
2022,363,0.7619999999999999,1.016,0.508
2022,364,0.254,0.254,0.254
2022,365,0.254,0.508,0.508
2023,1,0.254,0.254,0.254
2023,2,0.508,0.508,0.254
2023,3,0.508,0.508,0.254
2023,4,0.7619999999999999,1.27,0.7619999999999999
2023,5,0.7619999999999999,1.27,0.7619999999999999
2023,6,0.254,0.508,0.508
2023,7,0.7619999999999999,0.7619999999999999,0.508
2023,8,0.7619999999999999,1.27,0.7619999999999999
2023,9,0.254,0.508,0.254
2023,10,0.254,0.508,0.254
2023,11,1.016,1.5239999999999998,1.016
2023,12,1.016,1.27,0.7619999999999999
2023,13,0.7619999999999999,1.5239999999999998,1.016
2023,14,0.7619999999999999,1.27,0.7619999999999999
2023,15,0.7619999999999999,1.016,0.7619999999999999
2023,16,0.7619999999999999,0.7619999999999999,0.508
2023,17,0.508,0.508,0.508
2023,18,1.016,1.016,0.7619999999999999
2023,19,0.254,0.254,0.254
2023,20,0.7619999999999999,0.508,0.254
2023,21,0.7619999999999999,0.508,0.254
2023,22,0.254,0.254,0.254
2023,23,0.508,0.7619999999999999,0.508
2023,24,0.508,0.7619999999999999,0.508
2023,25,0.254,0.254,0.254
2023,26,0.508,0.7619999999999999,0.508
2023,27,0.7619999999999999,1.778,1.016
2023,28,0.508,0.508,0.508
2023,29,1.778,1.27,0.7619999999999999
2023,30,1.016,0.7619999999999999,0.508
2023,31,0.7619999999999999,0.7619999999999999,0.508
2023,32,0.7619999999999999,1.27,0.7619999999999999
2023,33,1.016,1.5239999999999998,1.016
2023,34,0.508,1.27,0.7619999999999999
2023,35,0.7619999999999999,1.27,0.7619999999999999
2023,36,0.508,1.27,1.016
2023,37,1.5239999999999998,1.778,1.27
2023,38,1.5239999999999998,2.032,1.5239999999999998
2023,39,1.5239999999999998,1.778,1.27
2023,40,1.5239999999999998,1.5239999999999998,1.016
2023,41,2.032,2.032,1.27
2023,42,1.27,1.778,1.27
2023,43,1.016,1.5239999999999998,1.016
2023,44,1.27,1.778,1.27
2023,45,1.27,1.016,0.7619999999999999
2023,46,1.5239999999999998,1.5239999999999998,1.016
2023,47,1.5239999999999998,2.032,1.27
2023,48,1.5239999999999998,1.778,1.27
2023,49,1.016,1.5239999999999998,1.016
2023,50,1.27,2.032,1.27
2023,51,2.2859999999999996,4.064,2.54
2023,52,1.778,2.54,1.778
2023,53,1.778,1.5239999999999998,1.016
2023,54,2.2859999999999996,2.032,1.27
2023,55,1.5239999999999998,2.032,1.27
2023,56,1.778,2.032,1.5239999999999998
2023,57,0.508,1.016,0.7619999999999999
2023,58,1.016,1.27,1.016
2023,59,1.778,2.032,1.5239999999999998
2023,60,0.7619999999999999,0.7619999999999999,0.7619999999999999
2023,61,1.778,2.032,1.5239999999999998
2023,62,1.5239999999999998,1.5239999999999998,1.27
2023,63,1.016,0.7619999999999999,0.7619999999999999
2023,64,1.5239999999999998,2.032,1.5239999999999998
2023,65,1.27,1.27,1.016
2023,66,1.5239999999999998,1.27,1.016
2023,67,1.27,1.016,1.016
2023,68,1.778,2.2859999999999996,1.778
2023,69,3.0479999999999996,3.8099999999999996,2.54
2023,70,2.032,2.2859999999999996,1.778
2023,71,1.5239999999999998,1.5239999999999998,1.016
2023,72,1.016,1.5239999999999998,1.016
2023,73,1.778,3.302,2.2859999999999996
2023,74,4.064,4.064,2.54
2023,75,2.54,2.54,1.778
2023,76,2.794,2.54,2.032
2023,77,3.0479999999999996,3.302,2.54
2023,78,2.794,3.556,2.2859999999999996
2023,79,1.778,2.54,1.778
2023,80,2.2859999999999996,2.54,1.778
2023,81,2.032,2.2859999999999996,1.778
2023,82,1.27,1.5239999999999998,1.27
2023,83,2.794,2.2859999999999996,1.778
2023,84,2.54,2.54,1.778
2023,85,2.2859999999999996,2.2859999999999996,1.5239999999999998
2023,86,2.794,3.302,2.2859999999999996
2023,87,4.3180000000000005,5.842,3.8099999999999996
2023,88,1.778,2.2859999999999996,1.5239999999999998
2023,89,1.016,0.7619999999999999,0.508
2023,90,1.5239999999999998,1.778,1.27
2023,91,2.032,3.0479999999999996,2.032
2023,92,1.5239999999999998,1.5239999999999998,1.27
2023,93,2.2859999999999996,2.032,1.5239999999999998
2023,94,3.302,3.0479999999999996,2.032
2023,95,3.556,3.8099999999999996,2.54
2023,96,3.556,4.064,3.0479999999999996
2023,97,4.064,4.826,3.302
2023,98,2.794,3.556,2.794
2023,99,4.3180000000000005,5.842,4.3180000000000005
2023,100,6.35,8.889999999999999,6.095999999999999
2023,101,5.588,8.128,5.334
2023,102,5.334,5.08,3.8099999999999996
2023,103,5.842,5.08,3.556
2023,104,4.571999999999999,4.571999999999999,3.302
2023,105,4.826,5.588,4.064
2023,106,7.112,9.906,6.604
2023,107,4.3180000000000005,5.588,4.064
2023,108,3.556,3.302,2.2859999999999996
2023,109,4.826,4.3180000000000005,3.0479999999999996
2023,110,4.826,4.571999999999999,3.302
2023,111,3.302,4.064,2.794
2023,112,4.3180000000000005,5.08,3.556
2023,113,3.8099999999999996,4.571999999999999,3.302
2023,114,5.334,5.588,3.8099999999999996
2023,115,5.842,6.095999999999999,4.571999999999999
2023,116,5.588,6.604,4.826
2023,117,7.365999999999999,9.143999999999998,6.095999999999999
2023,118,7.365999999999999,8.636000000000001,6.095999999999999
2023,119,6.604,7.619999999999999,5.588
2023,120,7.112,8.889999999999999,6.35
2023,121,9.143999999999998,11.937999999999999,8.128
2023,122,7.112,8.636000000000001,5.842
2023,123,7.619999999999999,8.889999999999999,6.095999999999999
2023,124,4.3180000000000005,4.571999999999999,3.302
2023,125,4.826,4.826,3.556
2023,126,4.064,3.302,2.794
2023,127,3.556,3.302,2.794
2023,128,2.794,2.54,2.2859999999999996
2023,129,4.571999999999999,4.3180000000000005,3.556
2023,130,5.334,5.334,4.3180000000000005
2023,131,6.35,6.858,5.08
2023,132,5.842,6.35,5.08
2023,133,7.112,7.874,5.588
2023,134,5.842,6.35,4.3180000000000005
2023,135,5.842,6.095999999999999,4.826
2023,136,5.588,5.842,4.571999999999999
2023,137,6.095999999999999,5.842,4.826
2023,138,6.095999999999999,5.842,4.826
2023,139,7.112,7.365999999999999,5.588
2023,140,7.365999999999999,7.365999999999999,5.842
2023,141,7.619999999999999,7.619999999999999,6.095999999999999
2023,142,8.128,8.128,6.095999999999999
2023,143,4.826,4.3180000000000005,3.556
2023,144,3.8099999999999996,3.302,2.794
2023,145,4.3180000000000005,3.8099999999999996,3.302
2023,146,4.571999999999999,4.3180000000000005,3.556
2023,147,5.08,4.826,4.064
2023,148,5.588,5.334,4.571999999999999
2023,149,5.842,5.842,4.571999999999999
2023,150,5.588,5.334,4.3180000000000005
2023,151,6.604,6.095999999999999,5.08
2023,152,5.842,5.588,4.571999999999999
2023,153,8.128,7.874,5.842
2023,154,6.858,6.35,5.334
2023,155,6.35,6.095999999999999,4.826
2023,156,6.604,6.095999999999999,5.334
2023,157,6.35,5.842,4.826
2023,158,6.35,5.842,4.826
2023,159,6.095999999999999,5.588,4.571999999999999
2023,160,4.064,3.302,3.0479999999999996
2023,161,5.588,5.08,4.571999999999999
2023,162,6.858,6.604,5.334
2023,163,5.842,5.588,4.826
2023,164,5.08,4.826,4.064
2023,165,6.858,6.35,5.08
2023,166,8.382,7.619999999999999,5.842
2023,167,7.874,7.365999999999999,5.842
2023,168,6.35,6.095999999999999,4.826
2023,169,4.571999999999999,4.3180000000000005,3.302
2023,170,6.858,5.588,4.571999999999999
2023,171,6.095999999999999,5.08,4.064
2023,172,6.858,6.095999999999999,4.826
2023,173,8.382,8.382,6.35
2023,174,6.095999999999999,6.095999999999999,4.571999999999999
2023,175,6.858,6.604,5.334
2023,176,7.619999999999999,7.874,5.842
2023,177,6.604,6.095999999999999,4.826
2023,178,6.095999999999999,5.588,4.3180000000000005
2023,179,7.365999999999999,6.604,5.588
2023,180,7.619999999999999,7.365999999999999,5.842
2023,181,8.128,7.874,6.35
2023,182,8.889999999999999,9.143999999999998,7.112
2023,183,9.143999999999998,8.889999999999999,6.858
2023,184,9.906,9.652,7.365999999999999
2023,185,9.906,9.143999999999998,6.858
2023,186,8.382,7.365999999999999,6.095999999999999
2023,187,8.382,7.619999999999999,6.095999999999999
2023,188,8.382,8.382,6.095999999999999
2023,189,7.874,7.365999999999999,5.842
2023,190,8.128,7.874,6.35
2023,191,9.143999999999998,9.398,7.112
2023,192,9.398,8.889999999999999,6.858
2023,193,8.889999999999999,8.128,6.35
2023,194,9.906,9.398,7.112
2023,195,9.906,9.652,7.112
2023,196,9.143999999999998,8.636000000000001,6.858
2023,197,9.652,9.906,7.365999999999999
2023,198,7.619999999999999,7.619999999999999,5.588
2023,199,9.398,8.889999999999999,6.858
2023,200,8.636000000000001,8.128,6.095999999999999
2023,201,8.128,7.874,6.35
2023,202,9.398,9.398,7.112
2023,203,8.889999999999999,8.382,6.604
2023,204,7.874,7.619999999999999,5.842
2023,205,7.874,7.874,5.588
2023,206,9.398,8.889999999999999,6.858
2023,207,8.889999999999999,8.382,6.35
2023,208,7.874,7.874,6.095999999999999
2023,209,8.889999999999999,8.382,6.35
2023,210,9.652,9.652,7.112
2023,211,9.652,10.16,7.365999999999999
2023,212,8.889999999999999,8.636000000000001,6.604
2023,213,7.112,7.112,5.08
2023,214,7.112,6.604,4.826
2023,215,6.35,5.842,4.571999999999999
2023,216,6.858,6.604,5.334
2023,217,7.365999999999999,7.365999999999999,5.588
2023,218,6.858,6.604,5.334
2023,219,6.35,6.095999999999999,4.571999999999999
2023,220,7.112,6.604,5.08
2023,221,6.604,6.604,5.334
2023,222,8.128,8.382,6.35
2023,223,7.619999999999999,7.619999999999999,5.842
2023,224,9.143999999999998,9.398,6.858
2023,225,7.619999999999999,7.619999999999999,5.842
2023,226,8.889999999999999,9.143999999999998,6.604
2023,227,7.619999999999999,7.874,6.095999999999999
2023,228,8.382,8.636000000000001,6.604
2023,229,5.588,5.842,4.3180000000000005
2023,230,6.604,6.35,5.08
2023,231,4.571999999999999,4.3180000000000005,3.556
2023,232,2.794,2.794,2.032
2023,233,5.842,6.604,4.571999999999999
2023,234,5.842,5.842,4.571999999999999
2023,235,5.588,5.334,4.571999999999999
2023,236,5.588,5.588,4.3180000000000005
2023,237,5.588,6.095999999999999,4.571999999999999
2023,238,5.334,5.334,4.064
2023,239,5.588,5.588,4.571999999999999
2023,240,6.858,7.112,5.334
2023,241,9.652,10.921999999999999,7.365999999999999
2023,242,7.365999999999999,6.858,5.08
2023,243,6.35,6.095999999999999,4.571999999999999
2023,244,5.842,5.842,4.3180000000000005
2023,245,3.0479999999999996,3.302,2.794
2023,246,2.032,1.778,1.5239999999999998
2023,247,6.095999999999999,5.588,4.064
2023,248,5.08,5.08,3.8099999999999996
2023,249,5.08,5.334,4.064
2023,250,4.826,5.334,4.3180000000000005
2023,251,4.571999999999999,5.08,3.8099999999999996
2023,252,5.334,5.588,4.3180000000000005
2023,253,5.842,6.095999999999999,4.571999999999999
2023,254,5.842,6.095999999999999,4.571999999999999
2023,255,5.588,5.842,4.3180000000000005
2023,256,6.35,6.604,4.571999999999999
2023,257,5.08,5.08,3.8099999999999996
2023,258,5.588,5.842,4.3180000000000005
2023,259,5.842,6.35,4.571999999999999
2023,260,5.08,5.842,4.3180000000000005
2023,261,5.334,5.588,4.064
2023,262,5.08,5.588,4.064
2023,263,4.826,4.826,3.556
2023,264,4.826,4.3180000000000005,3.0479999999999996
2023,265,3.302,3.302,2.2859999999999996
2023,266,4.571999999999999,4.826,3.556
2023,267,4.571999999999999,5.334,3.8099999999999996
2023,268,5.588,7.112,4.826
2023,269,4.3180000000000005,5.334,3.8099999999999996
2023,270,5.08,5.334,3.8099999999999996
2023,271,4.571999999999999,4.3180000000000005,3.0479999999999996
2023,272,4.3180000000000005,4.571999999999999,3.302
2023,273,3.302,3.556,2.54
2023,274,1.016,0.7619999999999999,0.7619999999999999
2023,275,1.778,2.2859999999999996,1.5239999999999998
2023,276,2.032,2.54,1.778
2023,277,2.2859999999999996,3.0479999999999996,2.032
2023,278,2.032,2.54,2.032
2023,279,2.2859999999999996,2.794,2.032
2023,280,3.0479999999999996,4.064,2.794
2023,281,3.0479999999999996,4.064,2.794
2023,282,3.556,5.334,3.302
2023,283,2.54,3.302,2.2859999999999996
2023,284,3.0479999999999996,2.794,2.032
2023,285,3.0479999999999996,3.302,2.2859999999999996
2023,286,2.54,3.0479999999999996,2.032
2023,287,2.032,2.794,2.032
2023,288,2.794,4.064,2.54
2023,289,3.8099999999999996,5.588,3.556
2023,290,3.556,4.826,3.0479999999999996
2023,291,2.54,3.556,2.2859999999999996
2023,292,3.0479999999999996,3.8099999999999996,2.54
2023,293,2.2859999999999996,3.0479999999999996,2.032
2023,294,2.2859999999999996,3.0479999999999996,2.032
2023,295,3.0479999999999996,4.3180000000000005,2.794
2023,296,2.2859999999999996,2.794,1.778
2023,297,2.794,3.302,2.032
2023,298,1.778,2.032,1.27
2023,299,2.032,1.5239999999999998,1.016
2023,300,1.778,1.778,1.27
2023,301,1.5239999999999998,1.5239999999999998,1.016
2023,302,1.5239999999999998,1.778,1.27
2023,303,1.27,1.778,1.27
2023,304,1.778,2.794,1.778
2023,305,1.016,1.778,1.27
2023,306,0.7619999999999999,2.032,1.5239999999999998
2023,307,0.7619999999999999,1.5239999999999998,1.27
2023,308,1.016,1.778,1.27
2023,309,1.27,2.032,1.27
2023,310,1.27,1.778,1.016
2023,311,1.778,1.778,1.27
2023,312,2.032,2.032,1.27
2023,313,1.5239999999999998,1.5239999999999998,1.016
2023,314,1.27,1.778,1.27
2023,315,1.27,2.032,1.27
2023,316,2.032,3.556,2.032
2023,317,1.016,2.032,1.27
2023,318,1.5239999999999998,2.2859999999999996,1.5239999999999998
2023,319,1.778,2.794,1.778
2023,320,1.5239999999999998,2.54,1.778
2023,321,1.5239999999999998,2.032,1.27
2023,322,1.5239999999999998,2.2859999999999996,1.5239999999999998
2023,323,2.2859999999999996,2.54,1.5239999999999998
2023,324,1.5239999999999998,1.778,1.016
2023,325,1.5239999999999998,1.5239999999999998,1.016
2023,326,1.016,1.27,0.7619999999999999
2023,327,0.254,0.508,0.254
2023,328,0.508,0.508,0.254
2023,329,0.7619999999999999,0.508,0.254
2023,330,0.508,0.254,0.254
2023,331,0.508,0.508,0.254
2023,332,0.508,0.7619999999999999,0.508
2023,333,0.508,0.7619999999999999,0.508
2023,334,0.254,0.508,0.508
2023,335,0.0,0.7619999999999999,0.508
2023,336,0.254,0.7619999999999999,0.508
2023,337,0.0,0.508,0.508
2023,338,0.508,1.27,0.7619999999999999
2023,339,0.7619999999999999,1.016,0.7619999999999999
2023,340,0.6603999999999999,1.397,0.889
2023,341,0.5588,1.778,1.016
2023,342,0.45719999999999994,1.27,0.7619999999999999
2023,343,0.35559999999999997,1.016,0.508
2023,344,0.254,0.508,0.254
2023,345,0.254,0.254,0.254
2023,346,0.0,0.254,0.254
2023,347,0.254,0.508,0.254
2023,348,0.508,0.508,0.508
2023,349,0.7619999999999999,0.7619999999999999,0.508
2023,350,0.508,0.7619999999999999,0.508
2023,351,0.508,0.7619999999999999,0.508
2023,352,0.7619999999999999,1.27,0.7619999999999999
2023,353,0.508,1.5239999999999998,1.016
2023,354,0.7619999999999999,1.5239999999999998,1.016
2023,355,0.7619999999999999,1.016,0.508
2023,356,0.7619999999999999,1.27,0.7619999999999999
2023,357,1.27,1.016,0.7619999999999999
2023,358,0.7619999999999999,0.7619999999999999,0.508
2023,359,1.016,1.016,0.508
2023,360,0.254,0.508,0.254
2023,361,0.508,1.016,0.7619999999999999
2023,362,0.508,1.016,0.7619999999999999
2023,363,1.27,2.032,1.27
2023,364,0.7619999999999999,1.5239999999999998,1.016
2023,365,0.7619999999999999,1.016,0.508
2024,1,0.7619999999999999,0.7619999999999999,0.508
2024,2,0.7619999999999999,1.016,0.7619999999999999
2024,3,0.7619999999999999,1.27,0.7619999999999999
2024,4,0.7619999999999999,1.016,0.7619999999999999
2024,5,0.7619999999999999,1.016,0.508
2024,6,0.7619999999999999,1.27,0.7619999999999999
2024,7,0.7619999999999999,0.7619999999999999,0.508
2024,8,0.7619999999999999,0.7619999999999999,0.508
2024,9,1.016,2.032,1.27
2024,10,1.016,1.27,0.7619999999999999
2024,11,1.27,1.5239999999999998,1.016
2024,12,1.27,1.27,0.7619999999999999
2024,13,1.016,0.7619999999999999,0.508
2024,14,0.508,0.508,0.508
2024,15,0.508,0.508,0.254
2024,16,0.7619999999999999,0.508,0.254
2024,17,0.254,1.27,0.7619999999999999
2024,18,0.0,1.5239999999999998,1.016
2024,19,0.254,1.016,0.7619999999999999
2024,20,0.7619999999999999,1.016,0.7619999999999999
2024,21,0.508,0.7619999999999999,0.508
2024,22,0.254,0.7619999999999999,0.508
2024,23,0.254,0.254,0.254
2024,24,0.508,0.508,0.508
2024,25,0.508,0.7619999999999999,0.508
2024,26,0.7619999999999999,1.016,0.7619999999999999
2024,27,0.508,1.016,0.7619999999999999
2024,28,0.7619999999999999,1.27,1.016
2024,29,1.5239999999999998,2.032,1.27
2024,30,1.778,2.2859999999999996,1.5239999999999998
2024,31,2.54,4.064,2.54
2024,32,0.7619999999999999,1.778,1.016
2024,33,0.7619999999999999,1.016,0.7619999999999999
2024,34,1.27,1.5239999999999998,1.016
2024,35,1.778,2.2859999999999996,1.5239999999999998
2024,36,1.27,2.54,1.5239999999999998
2024,37,0.508,0.7619999999999999,0.508
2024,38,1.27,1.5239999999999998,1.016
2024,39,1.016,1.27,1.016
2024,40,1.016,1.27,0.7619999999999999
2024,41,1.016,1.016,0.7619999999999999
2024,42,1.016,1.5239999999999998,1.016
2024,43,1.016,1.5239999999999998,1.016
2024,44,1.016,1.5239999999999998,1.016
2024,45,0.7619999999999999,1.27,1.016
2024,46,1.27,2.2859999999999996,1.5239999999999998
2024,47,1.27,1.27,1.016
2024,48,2.2859999999999996,2.032,1.5239999999999998
2024,49,1.016,1.016,0.7619999999999999
2024,50,0.508,0.508,0.508
2024,51,1.016,1.5239999999999998,1.27
2024,52,0.7619999999999999,1.27,1.016
2024,53,1.5239999999999998,1.778,1.5239999999999998
2024,54,1.5239999999999998,1.778,1.27
2024,55,1.778,2.2859999999999996,1.778
2024,56,2.54,4.3180000000000005,2.794
2024,57,2.032,2.54,1.5239999999999998
2024,58,2.032,1.5239999999999998,1.016
2024,59,1.778,2.2859999999999996,1.778
2024,60,2.032,4.064,2.54
2024,61,0.508,0.7619999999999999,0.508
2024,62,1.5239999999999998,1.5239999999999998,1.016
2024,63,1.27,0.7619999999999999,0.7619999999999999
2024,64,1.5239999999999998,1.5239999999999998,1.016
2024,65,0.508,1.27,0.7619999999999999
2024,66,0.7619999999999999,0.7619999999999999,0.7619999999999999
2024,67,0.7619999999999999,0.7619999999999999,0.508
2024,68,1.5239999999999998,1.27,1.016
2024,69,1.778,1.778,1.27
2024,70,1.27,2.2859999999999996,1.5239999999999998
2024,71,1.016,1.778,1.27
2024,72,1.27,1.778,1.5239999999999998
2024,73,1.778,1.778,1.27
2024,74,2.2859999999999996,2.54,1.778
2024,75,2.2859999999999996,2.794,2.032
2024,76,2.2859999999999996,3.302,2.2859999999999996
2024,77,2.794,4.064,2.794
2024,78,2.902857142857143,4.2545,2.9210000000000003
2024,79,3.0117142857142856,4.445,3.048
2024,80,3.1205714285714286,4.6354999999999995,3.175
2024,81,3.2294285714285715,4.826,3.302
2024,82,3.3382857142857145,4.064,2.794
2024,83,3.447142857142857,2.794,2.032
2024,84,3.556,3.556,2.54
2024,85,3.8099999999999996,4.064,2.794
2024,86,3.8099999999999996,3.8099999999999996,2.794
2024,87,2.54,3.556,2.54
2024,88,2.032,2.2859999999999996,1.778
2024,89,2.54,3.0479999999999996,2.2859999999999996
2024,90,2.032,2.54,1.778
2024,91,0.7619999999999999,0.508,0.508
2024,92,3.556,4.064,3.0479999999999996
2024,93,3.302,4.064,3.0479999999999996
2024,94,3.302,5.08,3.556
2024,95,4.571999999999999,5.842,3.8099999999999996
2024,96,1.778,1.27,1.016
2024,97,3.0479999999999996,2.2859999999999996,1.778
2024,98,3.556,3.556,2.54
2024,99,3.302,3.556,2.54
2024,100,3.8099999999999996,5.08,3.556
2024,101,3.556,4.3180000000000005,3.302
2024,102,4.064,5.334,3.8099999999999996
2024,103,4.571999999999999,7.112,4.826
2024,104,5.08,6.858,4.826
2024,105,5.08,6.35,4.3180000000000005
2024,106,6.095999999999999,6.095999999999999,4.3180000000000005
2024,107,5.08,5.334,3.8099999999999996
2024,108,5.334,5.08,3.556
2024,109,4.826,4.826,3.556
2024,110,4.3180000000000005,4.826,3.556
2024,111,4.826,6.35,4.571999999999999
2024,112,5.08,6.095999999999999,4.3180000000000005
2024,113,5.08,5.842,4.064
2024,114,4.571999999999999,4.826,3.8099999999999996
2024,115,3.556,4.064,3.0479999999999996
2024,116,4.3180000000000005,5.334,3.8099999999999996
2024,117,3.8099999999999996,4.064,2.794
2024,118,5.588,5.842,4.3180000000000005
2024,119,5.588,5.842,4.3180000000000005
2024,120,4.826,5.08,3.556
2024,121,4.826,4.826,3.556
2024,122,4.826,4.3180000000000005,3.302
2024,123,2.2859999999999996,2.2859999999999996,1.778
2024,124,3.556,4.064,3.0479999999999996
2024,125,4.571999999999999,6.095999999999999,4.064
2024,126,3.8099999999999996,4.3180000000000005,2.794
2024,127,4.571999999999999,4.3180000000000005,3.0479999999999996
2024,128,5.588,4.571999999999999,3.302
2024,129,5.08,5.08,3.556
2024,130,4.571999999999999,5.08,3.8099999999999996
2024,131,5.08,5.842,4.571999999999999
2024,132,6.095999999999999,7.112,5.334
2024,133,6.858,8.382,6.095999999999999
2024,134,4.826,5.08,3.8099999999999996
2024,135,7.112,7.365999999999999,5.334
2024,136,6.35,6.35,4.826
2024,137,7.112,7.874,5.842
2024,138,7.619999999999999,7.619999999999999,5.334
2024,139,6.35,5.842,4.571999999999999
2024,140,7.112,6.604,4.571999999999999
2024,141,5.842,5.334,4.064
2024,142,6.35,6.095999999999999,4.571999999999999
2024,143,3.302,3.556,2.54
2024,144,6.095999999999999,5.334,3.8099999999999996
2024,145,5.588,5.588,4.571999999999999
2024,146,6.095999999999999,6.095999999999999,4.571999999999999
2024,147,7.874,7.874,5.588
2024,148,6.604,6.35,5.334
2024,149,6.604,7.365999999999999,5.334
2024,150,7.619999999999999,6.858,5.08
2024,151,8.128,7.365999999999999,5.588
2024,152,7.112,6.604,5.334
2024,153,6.604,6.604,5.08
2024,154,6.858,7.365999999999999,5.588
2024,155,4.3180000000000005,4.3180000000000005,3.302
2024,156,8.128,7.874,6.095999999999999
2024,157,8.128,7.874,6.095999999999999
2024,158,7.619999999999999,7.619999999999999,5.842
2024,159,8.382,8.636000000000001,6.604
2024,160,8.382,8.382,6.604
2024,161,5.842,5.842,4.571999999999999
2024,162,9.143999999999998,8.636000000000001,6.604
2024,163,8.636000000000001,8.382,6.604
2024,164,9.652,9.398,7.112
2024,165,8.636000000000001,8.128,6.35
2024,166,9.652,10.16,7.619999999999999
2024,167,8.889999999999999,8.128,5.842
2024,168,7.619999999999999,6.35,5.08
2024,169,6.604,5.08,3.556
2024,170,6.604,5.588,4.571999999999999
2024,171,7.619999999999999,7.619999999999999,5.842
2024,172,8.636000000000001,9.143999999999998,6.604
2024,173,7.874,7.874,6.095999999999999
2024,174,8.889999999999999,8.889999999999999,6.858
2024,175,9.143999999999998,9.398,7.365999999999999
2024,176,10.16,10.16,7.619999999999999
2024,177,8.889999999999999,8.128,6.35
2024,178,7.874,7.619999999999999,5.842
2024,179,9.398,8.382,6.35
2024,180,8.636000000000001,7.619999999999999,5.842
2024,181,8.636000000000001,8.128,6.35
2024,182,8.382,8.636000000000001,6.35
2024,183,9.652,9.143999999999998,6.858
2024,184,8.889999999999999,7.874,6.095999999999999
2024,185,10.921999999999999,10.413999999999998,7.619999999999999
2024,186,8.889999999999999,8.382,6.35
2024,187,9.398,9.143999999999998,6.858
2024,188,10.16,10.413999999999998,7.619999999999999
2024,189,9.143999999999998,8.636000000000001,6.604
2024,190,9.143999999999998,8.636000000000001,6.858
2024,191,8.889999999999999,8.636000000000001,6.858
2024,192,9.398,9.143999999999998,7.112
2024,193,10.16,10.16,7.619999999999999
2024,194,9.906,9.652,7.365999999999999
2024,195,9.143999999999998,8.636000000000001,6.604
2024,196,9.398,9.398,6.858
2024,197,10.16,9.906,7.365999999999999
2024,198,8.889999999999999,8.128,6.35
2024,199,8.382,7.874,5.842
2024,200,9.398,9.398,7.112
2024,201,8.382,8.128,6.35
2024,202,8.889999999999999,8.382,6.604
2024,203,8.889999999999999,8.889999999999999,6.604
2024,204,7.874,7.619999999999999,5.842
2024,205,8.636000000000001,8.128,6.35
2024,206,8.128,8.382,6.095999999999999
2024,207,7.874,7.619999999999999,5.842
2024,208,7.112,6.35,5.08
2024,209,6.858,6.35,5.08
2024,210,6.604,6.095999999999999,5.08
2024,211,7.619999999999999,7.365999999999999,5.842
2024,212,6.35,6.095999999999999,4.571999999999999
2024,213,7.365999999999999,7.112,5.588
2024,214,8.636000000000001,8.889999999999999,6.858
2024,215,8.382,8.636000000000001,6.604
2024,216,6.858,7.112,5.334
2024,217,8.382,8.382,6.35
2024,218,7.619999999999999,7.874,5.588
2024,219,8.636000000000001,8.889999999999999,6.604
2024,220,8.382,8.128,5.842
2024,221,7.365999999999999,7.112,5.334
2024,222,9.398,9.652,6.858
2024,223,8.382,8.636000000000001,6.35
2024,224,8.128,8.128,6.095999999999999
2024,225,8.382,9.143999999999998,6.604
2024,226,7.874,7.874,5.842
2024,227,7.365999999999999,6.858,5.334
2024,228,7.619999999999999,7.112,5.334
2024,229,7.112,6.858,5.334
2024,230,7.874,8.128,5.842
2024,231,6.604,7.112,5.334
2024,232,8.889999999999999,9.398,6.858
2024,233,7.365999999999999,7.112,5.588
2024,234,8.128,7.874,5.588
2024,235,8.636000000000001,8.889999999999999,6.35
2024,236,7.112,7.619999999999999,5.334
2024,237,5.334,5.08,3.556
2024,238,6.095999999999999,5.334,4.064
2024,239,6.604,6.858,5.08
2024,240,5.842,6.35,4.826
2024,241,9.143999999999998,8.889999999999999,6.095999999999999
2024,242,5.08,4.571999999999999,3.556
2024,243,6.095999999999999,6.35,4.571999999999999
2024,244,5.842,6.35,4.826
2024,245,6.35,7.112,5.334
2024,246,4.826,5.588,4.064
2024,247,6.095999999999999,6.35,4.826
2024,248,5.08,5.08,3.8099999999999996
2024,249,6.095999999999999,6.35,4.571999999999999
2024,250,6.095999999999999,6.35,4.826
2024,251,5.588,6.095999999999999,4.571999999999999
2024,252,4.826,5.588,3.8099999999999996
2024,253,6.095999999999999,6.858,4.826
2024,254,5.588,6.095999999999999,4.571999999999999
2024,255,5.588,6.095999999999999,4.064
2024,256,4.571999999999999,3.8099999999999996,2.794
2024,257,4.3180000000000005,3.8099999999999996,3.0479999999999996
2024,258,4.571999999999999,5.08,3.8099999999999996
2024,259,4.571999999999999,5.334,3.8099999999999996
2024,260,3.0479999999999996,3.302,2.54
2024,261,2.2859999999999996,2.2859999999999996,1.778
2024,262,3.556,3.556,2.794
2024,263,3.302,3.8099999999999996,2.794
2024,264,4.3180000000000005,5.334,3.8099999999999996
2024,265,4.826,5.08,3.556
2024,266,4.571999999999999,4.826,3.556
2024,267,5.588,6.604,4.3180000000000005
2024,268,4.826,5.842,4.3180000000000005
2024,269,5.588,6.858,4.826
2024,270,5.08,5.842,4.064
2024,271,4.826,5.08,3.8099999999999996
2024,272,6.35,7.874,5.334
2024,273,6.35,7.619999999999999,5.08
2024,274,6.095999999999999,5.842,3.8099999999999996
2024,275,4.826,5.08,3.556
2024,276,5.08,5.842,3.8099999999999996
2024,277,3.8099999999999996,4.3180000000000005,3.0479999999999996
2024,278,5.842,7.874,5.08
2024,279,5.334,6.095999999999999,4.064
2024,280,4.571999999999999,5.334,3.556
2024,281,4.571999999999999,5.588,3.8099999999999996
2024,282,4.571999999999999,5.588,3.8099999999999996
2024,283,3.8099999999999996,4.571999999999999,3.302
2024,284,3.0479999999999996,3.302,2.2859999999999996
2024,285,3.8099999999999996,4.571999999999999,3.0479999999999996
2024,286,3.8099999999999996,4.571999999999999,3.0479999999999996
2024,287,3.302,4.064,2.794
2024,288,3.302,3.8099999999999996,2.54
2024,289,4.3180000000000005,5.334,3.556
2024,290,4.3180000000000005,5.08,3.302
2024,291,2.032,1.5239999999999998,1.016
2024,292,3.302,2.794,2.032
2024,293,2.54,2.54,1.778
2024,294,2.2859999999999996,3.302,2.2859999999999996
2024,295,2.54,3.8099999999999996,2.54
2024,296,2.2859999999999996,2.794,2.032
2024,297,3.302,4.064,2.54
2024,298,2.794,2.54,1.5239999999999998
2024,299,3.0479999999999996,3.556,2.2859999999999996
2024,300,2.2859999999999996,3.302,2.2859999999999996
2024,301,3.0479999999999996,4.826,3.0479999999999996
2024,302,2.032,2.032,1.5239999999999998
2024,303,3.0479999999999996,2.794,1.778
2024,304,2.2859999999999996,2.54,1.778
2024,305,1.016,1.27,0.7619999999999999
2024,306,1.778,2.2859999999999996,1.5239999999999998
2024,307,0.7619999999999999,1.27,1.016
2024,308,1.778,1.778,1.27
2024,309,1.778,2.032,1.27
2024,310,2.54,2.54,1.5239999999999998
2024,311,1.5239999999999998,1.5239999999999998,1.016
2024,312,1.5239999999999998,1.5239999999999998,1.016
2024,313,1.27,1.778,1.27
2024,314,1.27,2.032,1.27
2024,315,1.27,2.2859999999999996,1.5239999999999998
2024,316,2.54,4.3180000000000005,2.54
2024,317,2.2859999999999996,2.2859999999999996,1.5239999999999998
2024,318,1.778,2.54,1.5239999999999998
2024,319,1.5239999999999998,2.032,1.27
2024,320,1.5239999999999998,1.5239999999999998,1.016
2024,321,1.778,2.032,1.27
2024,322,1.016,1.27,1.016
2024,323,1.27,1.5239999999999998,1.016
2024,324,1.27,1.778,1.016
2024,325,1.016,1.778,1.016
2024,326,1.016,2.54,1.5239999999999998
2024,327,1.016,2.54,1.5239999999999998
2024,328,1.27,2.54,1.5239999999999998
2024,329,1.27,1.27,0.7619999999999999
2024,330,1.778,2.032,1.27
2024,331,0.508,0.7619999999999999,0.508
2024,332,0.7619999999999999,1.016,0.7619999999999999
2024,333,0.7619999999999999,0.7619999999999999,0.508
2024,334,0.7619999999999999,1.016,0.508
2024,335,0.7619999999999999,1.016,0.508
2024,336,0.7619999999999999,1.27,0.7619999999999999
2024,337,1.016,1.778,1.016
2024,338,0.7619999999999999,1.016,0.7619999999999999
2024,339,0.7619999999999999,1.27,0.7619999999999999
2024,340,1.016,1.27,0.7619999999999999
2024,341,0.7619999999999999,0.7619999999999999,0.508
2024,342,0.7619999999999999,1.27,0.7619999999999999
2024,343,1.016,1.778,1.016
2024,344,1.016,1.27,0.7619999999999999
2024,345,1.016,1.27,0.7619999999999999
2024,346,1.016,1.27,0.7619999999999999
2024,347,1.5239999999999998,2.54,1.5239999999999998
2024,348,0.508,1.016,0.7619999999999999
2024,349,0.254,0.7619999999999999,0.508
2024,350,1.016,1.5239999999999998,1.016
2024,351,0.508,0.254,0.254
2024,352,0.508,1.016,0.7619999999999999
2024,353,0.7619999999999999,1.27,0.7619999999999999
2024,354,0.7619999999999999,1.016,0.7619999999999999
2024,355,1.016,1.5239999999999998,1.016
2024,356,1.016,1.5239999999999998,1.016
2024,357,0.254,0.7619999999999999,0.508
2024,358,0.254,0.7619999999999999,0.508
2024,359,0.7619999999999999,1.016,0.508
2024,360,1.27,1.27,0.7619999999999999
2024,361,0.7619999999999999,1.016,0.7619999999999999
2024,362,0.508,1.016,0.7619999999999999
2024,363,0.254,0.508,0.254
2024,364,0.508,0.508,0.254
2024,365,1.016,1.016,0.7619999999999999
2024,366,0.7619999999999999,0.508,0.254
2025,1,0.254,0.254,0.254
2025,2,0.254,0.7619999999999999,0.508
2025,3,0.508,1.27,0.7619999999999999
2025,4,1.016,1.27,0.7619999999999999
2025,5,0.508,1.016,0.7619999999999999
2025,6,0.254,0.508,0.254
2025,7,0.508,0.508,0.254
2025,8,0.7619999999999999,0.7619999999999999,0.508
2025,9,0.508,0.508,0.254
2025,10,0.508,0.7619999999999999,0.508
2025,11,1.016,1.27,0.7619999999999999
2025,12,0.508,0.7619999999999999,0.508
2025,13,0.508,1.016,0.7619999999999999
2025,14,0.508,0.7619999999999999,0.508
2025,15,1.016,1.27,0.7619999999999999
2025,16,0.7619999999999999,1.27,0.7619999999999999
2025,17,1.27,1.5239999999999998,1.016
2025,18,0.7619999999999999,0.7619999999999999,0.508
2025,19,0.7619999999999999,0.7619999999999999,0.508
2025,20,1.016,1.27,0.7619999999999999
2025,21,0.7619999999999999,1.016,0.7619999999999999
2025,22,0.7619999999999999,1.016,0.7619999999999999
2025,23,0.7619999999999999,1.016,0.7619999999999999
2025,24,0.7619999999999999,1.27,0.7619999999999999
2025,25,1.5239999999999998,2.032,1.27
2025,26,1.016,1.27,0.7619999999999999
2025,27,0.7619999999999999,1.016,0.7619999999999999
2025,28,0.7619999999999999,1.27,0.7619999999999999
2025,29,1.016,1.5239999999999998,1.016
2025,30,1.016,1.778,1.016
2025,31,0.508,1.27,0.7619999999999999
2025,32,0.254,1.27,0.7619999999999999
2025,33,0.0,0.508,0.508
2025,34,1.016,1.016,0.7619999999999999
2025,35,1.5239999999999998,2.2859999999999996,1.5239999999999998
2025,36,2.2859999999999996,3.302,2.032
2025,37,1.27,1.5239999999999998,1.016
2025,38,2.032,2.54,1.5239999999999998
2025,39,1.5239999999999998,1.5239999999999998,1.016
2025,40,1.016,1.27,1.016
2025,41,1.016,1.016,0.7619999999999999
2025,42,1.27,1.27,0.7619999999999999
2025,43,1.27,1.016,0.7619999999999999
2025,44,1.27,1.27,0.7619999999999999
2025,45,0.0,0.7619999999999999,0.508
2025,46,1.27,1.5239999999999998,1.016
2025,47,0.254,0.7619999999999999,0.508
2025,48,0.7619999999999999,1.27,0.7619999999999999
2025,49,1.27,1.5239999999999998,1.016
2025,50,0.508,0.7619999999999999,0.508
2025,51,1.27,1.778,1.27
2025,52,1.27,1.5239999999999998,1.27
2025,53,1.5239999999999998,1.778,1.27
2025,54,0.508,1.016,0.7619999999999999
2025,55,1.016,2.032,1.5239999999999998
2025,56,2.032,2.54,1.778
2025,57,2.032,2.032,1.5239999999999998
2025,58,2.2859999999999996,2.54,1.778
2025,59,2.032,2.54,1.778
2025,60,2.54,3.0479999999999996,2.2859999999999996
2025,61,2.794,3.556,2.54
2025,62,1.5239999999999998,2.032,1.5239999999999998
2025,63,1.778,2.2859999999999996,1.778
2025,64,1.778,2.032,1.5239999999999998
2025,65,0.7619999999999999,0.7619999999999999,0.508
2025,66,2.54,2.794,2.032
2025,67,2.54,3.556,2.54
2025,68,2.54,3.302,2.2859999999999996
2025,69,2.2859999999999996,3.0479999999999996,2.2859999999999996
2025,70,2.54,3.302,2.54
2025,71,3.556,4.826,3.0479999999999996
2025,72,2.54,3.302,2.2859999999999996
2025,73,2.032,1.778,1.27
2025,74,2.54,2.794,1.778
2025,75,4.3180000000000005,6.604,4.064
2025,76,2.032,2.794,1.778
2025,77,3.8099999999999996,3.556,2.2859999999999996
2025,78,2.794,3.302,2.2859999999999996
2025,79,2.54,3.302,2.2859999999999996
2025,80,1.778,2.2859999999999996,1.778
2025,81,2.794,3.556,2.2859999999999996
2025,82,2.794,3.8099999999999996,2.794
2025,83,3.8099999999999996,5.334,3.8099999999999996
2025,84,4.064,5.334,3.8099999999999996
2025,85,5.334,7.619999999999999,5.08
2025,86,3.0479999999999996,5.334,3.556
2025,87,4.064,4.3180000000000005,3.0479999999999996
2025,88,2.54,2.2859999999999996,1.778
2025,89,3.0479999999999996,3.0479999999999996,2.2859999999999996
2025,90,1.5239999999999998,1.778,1.27
2025,91,3.556,3.8099999999999996,2.54
2025,92,3.302,3.556,2.54
2025,93,3.302,3.8099999999999996,2.794
2025,94,3.302,3.556,2.794
2025,95,3.556,4.3180000000000005,3.302
2025,96,4.064,5.08,3.8099999999999996
2025,97,3.302,4.571999999999999,3.302
2025,98,3.556,4.064,3.0479999999999996
2025,99,4.3180000000000005,4.826,3.8099999999999996
2025,100,5.842,8.128,5.588
2025,101,3.8099999999999996,4.826,3.556
2025,102,4.826,4.826,3.556
2025,103,5.334,5.08,3.8099999999999996
2025,104,5.334,6.095999999999999,4.3180000000000005
2025,105,5.08,6.604,4.571999999999999
2025,106,5.588,6.858,4.826
2025,107,5.588,5.588,3.8099999999999996
2025,108,3.8099999999999996,3.8099999999999996,2.794
2025,109,5.334,6.095999999999999,4.3180000000000005
2025,110,5.334,6.35,4.571999999999999
2025,111,5.588,6.095999999999999,4.3180000000000005
2025,112,5.08,5.334,4.064
2025,113,4.826,5.334,4.064
2025,114,5.08,5.334,4.3180000000000005
2025,115,6.858,7.874,5.334
2025,116,5.08,5.588,4.3180000000000005
2025,117,3.0479999999999996,3.0479999999999996,2.2859999999999996
2025,118,4.064,4.064,3.302
2025,119,5.588,5.842,4.3180000000000005
2025,120,5.842,6.095999999999999,4.571999999999999
2025,121,5.334,5.588,4.3180000000000005
2025,122,6.095999999999999,6.604,5.08
2025,123,6.858,8.128,5.842
2025,124,3.302,3.0479999999999996,2.2859999999999996
2025,125,5.08,5.334,3.556
2025,126,4.826,4.826,3.8099999999999996
2025,127,5.08,5.334,4.3180000000000005
2025,128,5.842,6.858,5.08
2025,129,6.35,7.112,5.334
2025,130,6.35,7.619999999999999,5.588
2025,131,5.08,6.095999999999999,4.3180000000000005
2025,132,7.365999999999999,7.365999999999999,5.334
2025,133,5.842,5.08,3.8099999999999996
2025,134,6.858,6.095999999999999,4.3180000000000005
2025,135,7.112,6.858,4.826
2025,136,5.08,5.08,3.8099999999999996
2025,137,1.778,1.5239999999999998,1.27
2025,138,5.588,5.08,3.556
2025,139,5.588,5.842,4.064
2025,140,4.3180000000000005,4.826,3.556
2025,141,4.571999999999999,4.826,3.556
2025,142,4.826,5.588,4.064
2025,143,4.571999999999999,4.826,3.556
2025,144,5.334,5.588,4.3180000000000005
2025,145,6.095999999999999,6.35,4.826
2025,146,6.095999999999999,6.604,4.826
2025,147,6.35,6.604,4.826
2025,148,6.095999999999999,6.095999999999999,4.571999999999999
2025,149,6.858,7.112,5.334
2025,150,7.874,8.128,5.842
2025,151,7.365999999999999,7.112,5.588
2025,152,8.636000000000001,9.398,6.35
2025,153,10.16,9.906,6.858
2025,154,7.874,7.365999999999999,5.334
2025,155,6.604,6.095999999999999,4.826
2025,156,6.858,6.604,5.08
2025,157,7.365999999999999,7.365999999999999,5.842
2025,158,8.889999999999999,9.398,7.112
2025,159,8.636000000000001,8.889999999999999,6.858
2025,160,9.143999999999998,9.398,7.112
2025,161,8.382,8.382,6.35
2025,162,6.858,6.604,5.334
2025,163,7.874,7.112,5.588
2025,164,8.382,7.619999999999999,6.095999999999999
2025,165,7.874,7.619999999999999,5.842
2025,166,8.382,7.874,6.095999999999999
2025,167,8.636000000000001,8.128,6.35
2025,168,9.143999999999998,8.889999999999999,6.858
2025,169,8.382,7.874,6.35
2025,170,8.382,7.874,6.095999999999999
2025,171,9.652,9.143999999999998,6.604
2025,172,6.858,5.334,4.064
2025,173,8.128,6.858,5.08
2025,174,6.858,5.842,5.08
2025,175,7.365999999999999,7.365999999999999,5.588
2025,176,7.874,7.874,6.35
2025,177,8.128,8.382,6.35
2025,178,9.143999999999998,8.889999999999999,6.858
2025,179,8.889999999999999,8.636000000000001,6.604
2025,180,9.143999999999998,8.636000000000001,6.858
2025,181,8.636000000000001,8.382,6.604
2025,182,8.128,8.128,6.35
2025,183,7.365999999999999,7.619999999999999,5.588
2025,184,8.382,7.874,6.35
2025,185,7.874,7.112,5.588
2025,186,8.382,7.365999999999999,5.842
2025,187,8.636000000000001,7.874,6.35
2025,188,8.382,8.128,6.35
2025,189,9.143999999999998,8.889999999999999,6.858
2025,190,9.906,10.413999999999998,7.619999999999999
2025,191,10.921999999999999,10.413999999999998,7.619999999999999
2025,192,9.652,9.398,7.112
2025,193,10.413999999999998,10.413999999999998,7.619999999999999
2025,194,10.16,10.413999999999998,7.874
2025,195,10.668,10.921999999999999,7.874
2025,196,9.398,9.398,6.858
2025,197,8.889999999999999,8.128,6.35
2025,198,8.636000000000001,8.128,6.35
2025,199,8.382,8.382,6.35
2025,200,9.143999999999998,9.143999999999998,6.604
2025,201,8.382,7.874,6.095999999999999
2025,202,7.874,7.365999999999999,5.588
2025,203,7.619999999999999,7.112,5.588
2025,204,8.382,8.382,6.35
2025,205,9.143999999999998,8.889999999999999,6.604
2025,206,8.382,8.128,6.35
2025,207,8.128,7.874,5.842
2025,208,8.382,8.128,6.35
2025,209,8.636000000000001,8.128,6.35
2025,210,7.619999999999999,7.619999999999999,5.842
2025,211,7.874,8.128,6.095999999999999
2025,212,7.112,6.858,5.08
2025,213,7.365999999999999,6.858,5.334
2025,214,8.636000000000001,8.889999999999999,6.604
2025,215,7.365999999999999,7.112,5.588
2025,216,7.365999999999999,7.365999999999999,5.588
2025,217,7.619999999999999,7.112,5.588
2025,218,8.128,8.128,6.095999999999999
2025,219,8.382,8.636000000000001,6.35
2025,220,9.398,8.889999999999999,6.35
2025,221,7.619999999999999,7.365999999999999,5.588
2025,222,7.874,7.874,5.842
2025,223,7.365999999999999,7.619999999999999,5.842
2025,224,7.619999999999999,7.874,6.095999999999999
2025,225,8.128,8.382,6.35
2025,226,8.382,8.636000000000001,6.35
2025,227,7.112,6.858,5.08
2025,228,7.112,7.112,5.588
2025,229,6.858,6.858,5.08
2025,230,6.858,6.604,5.334
2025,231,7.365999999999999,7.619999999999999,5.842
2025,232,6.858,7.365999999999999,5.334
2025,233,7.365999999999999,7.619999999999999,5.588
2025,234,7.365999999999999,7.112,5.588
2025,235,6.35,6.604,4.826
2025,236,3.556,3.8099999999999996,2.794
2025,237,4.571999999999999,4.571999999999999,3.556
2025,238,2.794,2.794,2.032
2025,239,3.0479999999999996,2.794,2.2859999999999996
2025,240,6.095999999999999,6.095999999999999,4.826
2025,241,5.334,5.334,4.3180000000000005
2025,242,5.588,5.588,4.3180000000000005
2025,243,7.112,7.365999999999999,5.334
2025,244,6.604,7.112,5.334
2025,245,6.858,7.619999999999999,5.588
2025,246,6.095999999999999,6.35,4.826
2025,247,6.35,6.858,4.826
2025,248,6.604,7.112,5.08
2025,249,4.3180000000000005,4.3180000000000005,3.302
2025,250,5.08,5.334,4.064
2025,251,5.588,5.842,4.3180000000000005
2025,252,4.571999999999999,4.571999999999999,3.556
2025,253,4.826,5.08,3.8099999999999996
2025,254,4.826,5.08,3.8099999999999996
2025,255,5.08,4.826,3.8099999999999996
2025,256,5.08,5.334,4.064
2025,257,5.588,6.35,4.571999999999999
2025,258,5.334,5.334,3.8099999999999996
2025,259,4.826,4.826,3.556
2025,260,6.095999999999999,6.604,4.571999999999999
2025,261,5.588,6.35,4.571999999999999
2025,262,4.826,5.588,4.064
2025,263,5.08,5.842,4.064
2025,264,4.064,4.826,3.302
2025,265,5.588,5.08,3.8099999999999996
2025,266,5.08,5.08,3.8099999999999996
2025,267,5.334,6.095999999999999,4.3180000000000005
2025,268,5.334,6.35,4.571999999999999
2025,269,6.095999999999999,6.858,4.571999999999999
2025,270,5.08,5.588,3.8099999999999996
2025,271,4.064,5.08,3.556
2025,272,3.556,4.3180000000000005,3.0479999999999996
2025,273,2.794,3.0479999999999996,2.2859999999999996
2025,274,3.302,3.302,2.54
2025,275,3.556,3.8099999999999996,2.794
2025,276,2.54,2.2859999999999996,1.778
2025,277,2.794,2.794,2.032
2025,278,3.302,3.0479999999999996,2.2859999999999996
2025,279,2.794,2.794,2.032
2025,280,3.302,3.8099999999999996,2.54
2025,281,3.556,4.571999999999999,3.0479999999999996
2025,282,5.588,7.619999999999999,4.826
2025,283,4.3180000000000005,6.095999999999999,4.064
2025,284,3.8099999999999996,4.3180000000000005,2.794
2025,285,3.8099999999999996,3.556,2.2859999999999996
2025,286,2.54,2.794,2.032
2025,287,1.27,1.27,1.016
2025,288,0.508,0.254,0.254
2025,289,2.794,2.794,2.032
2025,290,2.794,3.302,2.2859999999999996
2025,291,2.794,3.556,2.2859999999999996
2025,292,3.0479999999999996,4.064,2.54
2025,293,2.794,2.794,1.778
2025,294,2.2859999999999996,2.2859999999999996,1.778
2025,295,2.032,2.54,1.778
2025,296,2.032,2.54,1.778
2025,297,2.2859999999999996,3.302,2.2859999999999996
2025,298,1.016,1.5239999999999998,1.016
2025,299,1.27,1.27,0.7619999999999999
2025,300,2.032,1.778,1.27
2025,301,2.2859999999999996,2.54,1.5239999999999998
2025,302,2.2859999999999996,3.0479999999999996,2.032
2025,303,1.5239999999999998,1.778,1.27
2025,304,1.5239999999999998,1.778,1.27
2025,305,1.778,2.794,1.778
2025,306,2.032,2.54,1.778
2025,307,2.2859999999999996,2.794,1.778
2025,308,1.5239999999999998,2.2859999999999996,1.5239999999999998
2025,309,2.032,3.302,2.032
2025,310,1.778,2.2859999999999996,1.5239999999999998
2025,311,2.2859999999999996,2.794,1.778
2025,312,1.5239999999999998,1.5239999999999998,1.016
2025,313,2.2859999999999996,2.794,1.778
2025,314,2.2859999999999996,3.0479999999999996,2.032
2025,315,1.27,2.032,1.5239999999999998
2025,316,1.27,2.032,1.5239999999999998
2025,317,2.2859999999999996,3.8099999999999996,2.2859999999999996
2025,318,1.778,2.794,1.778
2025,319,1.27,1.5239999999999998,1.016
2025,320,2.032,2.794,1.778
2025,321,1.27,1.27,1.016
2025,322,1.016,1.016,0.7619999999999999
2025,323,0.7619999999999999,0.7619999999999999,0.7619999999999999
2025,324,1.016,1.016,0.7619999999999999
2025,325,0.7619999999999999,1.016,0.7619999999999999
2025,326,1.27,1.27,0.7619999999999999
2025,327,1.27,1.27,0.7619999999999999
2025,328,1.27,2.032,1.27
2025,329,1.016,1.27,0.7619999999999999
2025,330,0.7619999999999999,1.27,0.7619999999999999
2025,331,1.27,2.2859999999999996,1.27
2025,332,1.778,2.2859999999999996,1.5239999999999998
2025,333,1.5239999999999998,1.778,1.016
2025,334,1.016,0.7619999999999999,0.508
2025,335,0.7619999999999999,0.7619999999999999,0.508
2025,336,0.7619999999999999,1.5239999999999998,1.016
2025,337,0.508,0.7619999999999999,0.508
2025,338,1.016,1.5239999999999998,1.016
2025,339,0.254,1.016,0.508
2025,340,1.27,2.032,1.27
2025,341,0.7619999999999999,1.27,1.016
2025,342,1.27,1.778,1.27
2025,343,1.5239999999999998,3.0479999999999996,1.778
2025,344,1.5239999999999998,2.794,1.778
2025,345,2.032,3.302,1.778
2025,346,2.032,2.794,1.5239999999999998
2025,347,1.778,2.54,1.5239999999999998
2025,348,2.032,2.54,1.5239999999999998
2025,349,1.27,1.778,1.016
2025,350,0.7619999999999999,2.032,1.27
2025,351,2.54,4.064,2.2859999999999996
2025,352,0.7619999999999999,0.508,0.508
2025,353,1.5239999999999998,2.2859999999999996,1.27
2025,354,0.7619999999999999,1.016,0.508
2025,355,0.254,0.7619999999999999,0.508
2025,356,0.508,1.778,1.016
2025,357,1.016,2.032,1.27
2025,358,1.27,2.794,1.778
2025,359,1.27,2.2859999999999996,1.27
2025,360,1.27,1.5239999999999998,1.016
2025,361,2.2859999999999996,2.032,1.27
2025,362,1.27,1.27,0.7619999999999999
2025,363,1.016,1.016,0.7619999999999999
2025,364,1.016,1.5239999999999998,1.016
2025,365,1.27,2.032,1.27
