year,jday,solar_mj_m2
1995,1,8.9357688
1995,2,7.570948
1995,3,8.8717536
1995,4,5.4027992000000005
1995,5,4.2371368
1995,6,4.6346168
1995,7,5.095275200000001
1995,8,1.3468296
1995,9,3.2706328000000005
1995,10,3.062688
1995,11,7.4081904000000005
1995,12,3.1710536000000005
1995,13,1.8250608
1995,14,7.047111200000001
1995,15,10.597653600000001
1995,16,4.815365600000001
1995,17,6.686032000000001
1995,18,3.8036744000000002
1995,19,7.227441600000001
1995,20,9.3780176
1995,21,10.488869600000001
1995,22,10.7064376
1995,23,7.4713688000000005
1995,24,5.5743431999999995
1995,25,2.2045496
1995,26,3.1710536000000005
1995,27,8.266747200000001
1995,28,6.4605144
1995,29,5.5923344
1995,30,3.2614280000000004
1995,31,3.432972
1995,32,3.2162408000000005
1995,33,11.717710400000001
1995,34,11.7093424
1995,35,10.850367199999999
1995,36,11.410604800000002
1995,37,11.447424000000002
1995,38,6.9835144
1995,39,9.7934888
1995,40,13.199264800000002
1995,41,12.757434400000001
1995,42,5.2308368000000005
1995,43,9.449982400000001
1995,44,7.182254400000001
1995,45,11.989670400000001
1995,46,12.783793600000001
1995,47,13.7055288
1995,48,6.0446248
1995,49,12.6122496
1995,50,13.235665599999999
1995,51,15.142732800000001
1995,52,13.641932
1995,53,14.265348
1995,54,15.4226424
1995,55,15.792508
1995,56,15.8925056
1995,57,14.5092752
1995,58,15.684560800000002
1995,59,16.704620000000002
1995,60,15.6569464
1995,61,14.058240000000001
1995,62,4.1919496
1995,63,8.0136152
1995,64,9.7031144
1995,65,16.606296
1995,66,18.5388856
1995,67,11.980465599999999
1995,68,2.2857192000000004
1995,69,4.9509272
1995,70,4.7162048
1995,71,11.1306952
1995,72,7.209450400000001
1995,73,8.998947200000002
1995,74,9.422786400000001
1995,75,17.4548112
1995,76,19.5694048
1995,77,4.481064
1995,78,18.584491200000002
1995,79,9.043716
1995,80,5.0053192
1995,81,17.382428
1995,82,4.4187224
1995,83,16.6686376
1995,84,20.581514400000003
1995,85,20.390724000000002
1995,86,13.045712000000002
1995,87,15.440633600000002
1995,88,21.1948888
1995,89,22.6952712
1995,90,22.9663944
1995,91,17.120509600000002
1995,92,23.707380800000003
1995,93,23.336260000000003
1995,94,20.8162368
1995,95,17.192474400000002
1995,96,16.642278400000002
1995,97,9.513160800000001
1995,98,20.6806752
1995,99,21.3484416
1995,100,25.5224
1995,101,15.006334400000002
1995,102,18.9551936
1995,103,13.100104000000002
1995,104,25.0533736
1995,105,22.984385600000003
1995,106,18.5928592
1995,107,25.541228000000004
1995,108,13.416414400000003
1995,109,21.990685600000003
1995,110,12.575848800000001
1995,111,21.1685296
1995,112,25.8746928
1995,113,27.402271199999998
1995,114,23.2914912
1995,115,21.691948000000004
1995,116,26.110252
1995,117,23.0927512
1995,118,17.581168
1995,119,5.9086448
1995,120,19.966884800000003
1995,121,10.787188800000001
1995,122,20.6986664
1995,123,24.0500504
1995,124,12.441124000000002
1995,125,9.8022752
1995,126,5.4387816
1995,127,17.382428
1995,128,26.5801152
1995,129,24.872624800000004
1995,130,16.8401816
1995,131,14.934788000000001
1995,132,24.980572
1995,133,19.533422400000003
1995,134,23.137520000000002
1995,135,23.07476
1995,136,30.4561728
1995,137,25.396880000000003
1995,138,30.3649616
1995,139,28.730272799999998
1995,140,30.3929944
1995,141,26.8060512
1995,142,14.6360504
1995,143,24.014486400000003
1995,144,10.9047592
1995,145,18.340564
1995,146,25.206089600000002
1995,147,25.731181600000003
1995,148,30.745287200000003
1995,149,30.1319128
1995,150,27.293068800000004
1995,151,24.673884800000003
1995,152,22.7768592
1995,153,12.5490712
1995,154,11.7449064
1995,155,30.365798400000003
1995,156,15.802968
1995,157,23.697339200000002
1995,158,13.3356632
1995,159,4.2191456
1995,160,14.1117952
1995,161,31.693800000000003
1995,162,31.259919200000002
1995,163,32.0101104
1995,164,23.616169600000003
1995,165,19.0275768
1995,166,20.056422400000002
1995,167,21.5480184
1995,168,29.353688800000004
1995,169,16.4188528
1995,170,13.7055288
1995,171,25.1529528
1995,172,13.2536568
1995,173,30.0674792
1995,174,31.639408000000003
1995,175,31.792960800000003
1995,176,31.665767200000005
1995,177,26.6796944
1995,178,27.0227824
1995,179,31.675808800000002
1995,180,31.0883752
1995,181,27.844520000000003
1995,182,25.667584800000004
1995,183,22.0358728
1995,184,28.5763016
1995,185,31.5582384
1995,186,31.2239368
1995,187,27.4838592
1995,188,30.926036
1995,189,26.995168000000003
1995,190,25.152116
1995,191,18.5836544
1995,192,30.5365056
1995,193,29.037796800000002
1995,194,30.7268776
1995,195,30.682108800000005
1995,196,30.871644000000003
1995,197,31.0607608
1995,198,31.070384000000004
1995,199,23.878924800000004
1995,200,20.382356
1995,201,26.5525008
1995,202,29.109761600000002
1995,203,27.429467200000005
1995,204,29.6340168
1995,205,29.922294400000002
1995,206,29.326911199999998
1995,207,30.022292
1995,208,30.1306576
1995,209,27.591806400000003
1995,210,16.786208000000002
1995,211,29.778364800000002
1995,212,29.778364800000002
1995,213,29.5520104
1995,214,28.820647200000003
1995,215,29.1009752
1995,216,28.432372
1995,217,27.3474608
1995,218,26.534928000000004
1995,219,23.345883200000003
1995,220,28.730272799999998
1995,221,27.762932
1995,222,26.264223200000004
1995,223,27.862929600000005
1995,224,27.763768800000005
1995,225,25.2784728
1995,226,28.062088000000003
1995,227,27.230727200000004
1995,228,24.0952376
1995,229,24.628697600000002
1995,230,27.7185816
1995,231,27.303110399999998
1995,232,26.137029600000005
1995,233,17.2928904
1995,234,15.964052
1995,235,15.187501600000001
1995,236,13.6871192
1995,237,24.050468800000004
1995,238,25.649175200000002
1995,239,25.658798400000002
1995,240,25.4328624
1995,241,25.386838400000002
1995,242,25.008186400000003
1995,243,25.035382400000003
1995,244,24.013649600000004
1995,245,16.407556
1995,246,20.029644800000003
1995,247,10.92024
1995,248,23.480608000000004
1995,249,23.3730792
1995,250,23.1011192
1995,251,23.147143200000002
1995,252,19.7501536
1995,253,21.411620000000003
1995,254,22.794850399999998
1995,255,22.658452
1995,256,22.306996
1995,257,21.4396528
1995,258,21.5563864
1995,259,16.922188000000002
1995,260,18.4844936
1995,261,20.6986664
1995,262,20.21918
1995,263,18.2321984
1995,264,21.1409152
1995,265,20.635488000000002
1995,266,19.993244
1995,267,20.1568384
1995,268,17.409624
1995,269,15.9916664
1995,270,15.593768
1995,271,17.8978968
1995,272,8.3119344
1995,273,16.6414416
1995,274,17.9250928
1995,275,17.9606568
1995,276,4.5534472
1995,277,17.383264800000003
1995,278,17.7619168
1995,279,13.9678656
1995,280,15.4941888
1995,281,14.862404800000002
1995,282,11.4649968
1995,283,16.4067192
1995,284,10.281761600000001
1995,285,16.0272304
1995,286,16.5067168
1995,287,16.2711576
1995,288,15.4582064
1995,289,14.410532800000002
1995,290,14.897968800000001
1995,291,13.913892
1995,292,15.720124800000002
1995,293,14.382918400000001
1995,294,8.1680048
1995,295,14.6360504
1995,296,14.075812800000001
1995,297,13.742348
1995,298,10.6428408
1995,299,10.064612
1995,300,13.669964800000002
1995,301,12.422296
1995,302,12.819776
1995,303,11.4294328
1995,304,11.1758824
1995,305,12.756597600000001
1995,306,13.082531200000002
1995,307,11.9436464
1995,308,12.024816
1995,309,3.0718928
1995,310,10.0110568
1995,311,6.116171200000001
1995,312,5.1404624000000005
1995,313,6.2881336
1995,314,9.4232048
1995,315,2.8459568
1995,316,1.9610408
1995,317,7.7788927999999995
1995,318,10.6788232
1995,319,9.9922288
1995,320,8.4207184
1995,321,9.142876800000002
1995,322,6.920336000000001
1995,323,6.839166400000001
1995,324,9.242456
1995,325,5.050924800000001
1995,326,9.142876800000002
1995,327,9.558348
1995,328,8.5558616
1995,329,1.048092
1995,330,7.5077696000000005
1995,331,7.6169720000000005
1995,332,1.6715080000000002
1995,333,7.4081904000000005
1995,334,2.3401112
1995,335,6.378508
1995,336,8.9441368
1995,337,5.5387792000000005
1995,338,4.3998944
1995,339,1.6982856000000002
1995,340,2.5928248000000003
1995,341,2.9091352
1995,342,3.9480224
1995,343,1.9694088
1995,344,6.116171200000001
1995,345,1.6535168000000002
1995,346,2.5204416000000003
1995,347,2.2045496
1995,348,7.2282784
1995,349,2.014596
1995,350,2.0325872
1995,351,4.50826
1995,352,8.1579632
1995,353,8.5738528
1995,354,2.9363312000000006
1995,355,7.499401600000001
1995,356,8.139972
1995,357,8.121980800000001
1995,358,8.1579632
1995,359,8.3751128
1995,360,5.240878400000001
1995,361,7.137067200000001
1995,362,2.2585232
1995,363,2.5024504000000003
1995,364,1.5719288
1995,365,8.2935248
1996,1,4.6710176
1996,2,2.9271263999999997
1996,3,3.6049344
1996,4,7.6169720000000005
1996,5,8.121980800000001
1996,6,4.137976
1996,7,6.5048648
1996,8,5.1496672000000006
1996,9,3.487364
1996,10,8.9357688
1996,11,9.2784384
1996,12,9.323625600000002
1996,13,9.540356800000001
1996,14,9.297266400000002
1996,15,1.7346864000000002
1996,16,1.9422128
1996,17,9.784284
1996,18,4.2371368
1996,19,6.7128096
1996,20,6.6944
1996,21,7.4901968000000005
1996,22,8.9801192
1996,23,6.5952392
1996,24,6.1885544
1996,25,7.2818336
1996,26,9.0805352
1996,27,5.9174312
1996,28,8.239551200000001
1996,29,5.6647175999999995
1996,30,6.4776688
1996,31,10.029048
1996,32,12.277948
1996,33,10.5704576
1996,34,11.8900912
1996,35,5.89944
1996,36,9.7303104
1996,37,8.365908
1996,38,9.2428744
1996,39,11.013124800000002
1996,40,6.5048648
1996,41,13.1360864
1996,42,13.082531200000002
1996,43,13.8226808
1996,44,12.7206152
1996,45,13.7239384
1996,46,14.0578216
1996,47,13.6971608
1996,48,5.2672376000000005
1996,49,11.229856
1996,50,8.1579632
1996,51,11.6543228
1996,52,15.1506824
1996,53,11.284248
1996,54,13.8779096
1996,55,7.6885184
1996,56,11.934441600000001
1996,57,11.356212800000002
1996,58,9.9206824
1996,59,16.2711576
1996,60,17.17532
1996,61,17.2016792
1996,62,17.6179872
1996,63,7.010710400000001
1996,64,9.7934888
1996,65,12.6802396
1996,66,15.566990400000002
1996,67,13.4883792
1996,68,18.2593944
1996,69,16.090408800000002
1996,70,15.4134376
1996,71,15.484984000000003
1996,72,17.2648576
1996,73,14.690860800000001
1996,74,19.7585216
1996,75,19.5966008
1996,76,17.292053600000003
1996,77,20.1116512
1996,78,20.9237656
1996,79,19.831323200000003
1996,80,19.8585192
1996,81,16.7230296
1996,82,12.567062400000001
1996,83,8.917777599999999
1996,84,18.0510312
1996,85,22.6141016
1996,86,21.917884
1996,87,11.8808864
1996,88,2.9363312000000006
1996,89,15.792508
1996,90,20.5723096
1996,91,22.622469600000002
1996,92,8.5558616
1996,93,17.8799056
1996,94,19.4150152
1996,95,23.978085600000004
1996,96,24.014486400000003
1996,97,22.3061592
1996,98,24.348788000000003
1996,99,24.583510399999998
1996,100,24.158416
1996,101,13.787535199999999
1996,102,23.517008800000003
1996,103,19.000380800000002
1996,104,22.0714368
1996,105,26.471749600000003
1996,106,19.7953408
1996,107,10.4077
1996,108,19.3434688
1996,109,16.50588
1996,110,21.900311199999997
1996,111,23.896079200000003
1996,112,26.3181968
1996,113,14.0306256
1996,114,9.830308
1996,115,8.8717536
1996,116,24.637065600000003
1996,117,25.830342400000003
1996,118,24.222012799999998
1996,119,28.9110216
1996,120,21.7823224
1996,121,27.357084000000004
1996,122,25.911512
1996,123,25.260481600000002
1996,124,26.968808800000005
1996,125,27.592224800000004
1996,126,22.260972
1996,127,25.785155200000002
1996,128,27.565028800000004
1996,129,29.1641536
1996,130,28.7930328
1996,131,27.808956000000002
1996,132,28.649103200000003
1996,133,27.239932
1996,134,24.869696
1996,135,22.499460000000003
1996,136,16.4611112
1996,137,11.580893600000001
1996,138,7.2688632
1996,139,23.0345936
1996,140,20.685696
1996,141,26.8725768
1996,142,21.323756
1996,143,19.829231200000002
1996,144,23.142540800000003
1996,145,19.020464
1996,146,14.9234912
1996,147,21.314132800000003
1996,148,18.9024752
1996,149,27.613981600000002
1996,150,12.265814400000002
1996,151,20.5882088
1996,152,28.579648800000005
1996,153,30.2867208
1996,154,29.8808728
1996,155,27.342021600000002
1996,156,30.4352528
1996,157,30.7758304
1996,158,31.5728824
1996,159,29.619791199999998
1996,160,21.8911064
1996,161,31.148206400000003
1996,162,31.106784800000003
1996,163,31.001766400000005
1996,164,29.8164392
1996,165,21.550528800000002
1996,166,22.8186992
1996,167,18.382822400000002
1996,168,31.4481992
1996,169,30.738174400000002
1996,170,31.0561584
1996,171,30.572069600000003
1996,172,25.399390399999998
1996,173,29.957440000000002
1996,174,29.991748800000003
1996,175,26.9788504
1996,176,20.009980000000002
1996,177,26.654172
1996,178,20.6743992
1996,179,29.724809600000004
1996,180,22.048006400000002
1996,181,31.111805600000004
1996,182,31.197996
1996,183,31.329792
1996,184,29.939867200000002
1996,185,21.868512799999998
1996,186,27.780504800000003
1996,187,31.0302176
1996,188,31.750284000000004
1996,189,31.7038416
1996,190,26.545806400000004
1996,191,30.1515776
1996,192,30.417261600000003
1996,193,31.0632712
1996,194,30.646126400000004
1996,195,31.312637600000002
1996,196,27.3683808
1996,197,21.158488000000002
1996,198,19.2305008
1996,199,25.881387200000002
1996,200,29.9214576
1996,201,30.036099200000002
1996,202,30.4996864
1996,203,30.159108800000002
1996,204,30.542363200000004
1996,205,30.403036
1996,206,25.621979200000002
1996,207,27.139516
1996,208,29.4080808
1996,209,28.41982
1996,210,22.310761600000003
1996,211,25.6755344
1996,212,24.705264800000002
1996,213,28.30476
1996,214,22.0358728
1996,215,27.682599200000002
1996,216,15.6142696
1996,217,27.732807200000003
1996,218,26.9934944
1996,219,28.543248000000002
1996,220,28.5206544
1996,221,28.3168936
1996,222,27.85498
1996,223,27.472144000000004
1996,224,26.037450399999997
1996,225,20.7823464
1996,226,21.2124616
1996,227,22.2287552
1996,228,26.2056472
1996,229,26.132427200000002
1996,230,18.5857464
1996,231,26.013183200000004
1996,232,24.428702400000002
1996,233,24.0215992
1996,234,25.8198824
1996,235,25.5659136
1996,236,25.2571344
1996,237,24.918648800000003
1996,238,24.570958400000002
1996,239,19.5179416
1996,240,15.9121704
1996,241,23.564706400000002
1996,242,24.073480800000002
1996,243,23.8546576
1996,244,23.66052
1996,245,24.083104000000002
1996,246,21.6388112
1996,247,20.022532
1996,248,21.1685296
1996,249,22.710752
1996,250,23.4048776
1996,251,21.6204016
1996,252,22.9274832
1996,253,22.319966400000002
1996,254,15.098382400000002
1996,255,14.4960956
1996,256,13.8938088
1996,257,16.658177600000002
1996,258,20.782764800000002
1996,259,12.0407152
1996,260,17.1037736
1996,261,19.4070656
1996,262,17.234314400000002
1996,263,12.171256
1996,264,18.1225776
1996,265,16.894992000000002
1996,266,20.48068
1996,267,20.4919768
1996,268,18.647251200000003
1996,269,18.3999768
1996,270,17.4585768
1996,271,18.9581224
1996,272,19.1221352
1996,273,18.899128
1996,274,14.0481984
1996,275,18.1116992
1996,276,18.107515199999998
1996,277,17.2928904
1996,278,17.382846400000002
1996,279,17.266112800000002
1996,280,16.1954272
1996,281,16.8359976
1996,282,16.936832000000003
1996,283,16.984529600000002
1996,284,16.3184368
1996,285,14.512204000000002
1996,286,15.8757696
1996,287,10.213144
1996,288,15.692092
1996,289,10.5717128
1996,290,14.1025904
1996,291,15.4213872
1996,292,2.617092
1996,293,11.5009792
1996,294,11.6804728
1996,295,14.817636
1996,296,7.4320392
1996,297,5.2705848
1996,298,2.2735856
1996,299,7.6408208
1996,300,9.249987200000001
1996,301,13.377503200000001
1996,302,13.19006
1996,303,5.5032152000000005
1996,304,5.0768656000000005
1996,305,11.552860800000001
1996,306,12.621036
1996,307,12.4825456
1996,308,12.3854768
1996,309,7.5383128
1996,310,10.7562272
1996,311,10.123188
1996,312,10.2775776
1996,313,11.0440864
1996,314,11.5277568
1996,315,11.1955472
1996,316,8.466324
1996,317,7.6885184
1996,318,9.16296
1996,319,5.691076800000001
1996,320,4.273956
1996,321,5.996090400000001
1996,322,1.8936784
1996,323,0.9405632
1996,324,1.3372064000000001
1996,325,4.4321112000000005
1996,326,8.9654752
1996,327,2.7292232000000003
1996,328,9.566716000000001
1996,329,3.6417536000000004
1996,330,8.3654896
1996,331,5.3881552
1996,332,9.175512000000001
1996,333,2.4263016000000004
1996,334,7.1178208000000005
1996,335,7.192296000000001
1996,336,2.6200208
1996,337,8.1286752
1996,338,3.5308776
1996,339,7.258821600000001
1996,340,4.3383896
1996,341,5.2730952
1996,342,5.152596000000001
1996,343,2.1125016000000003
1996,344,1.3581264000000002
1996,345,1.6007984
1996,346,4.8007216
1996,347,4.4254168
1996,348,1.6664872
1996,349,8.2265808
1996,350,5.782287999999999
1996,351,7.9701016000000005
1996,352,8.5671584
1996,353,6.140856800000001
1996,354,8.047087200000002
1996,355,1.8041407999999999
1996,356,3.7396592
1996,357,7.2546376
1996,358,5.3195376
1996,359,6.729545600000001
1996,360,3.2995024
1996,361,1.8041407999999999
1996,362,1.9300792000000002
1996,363,2.345132
1996,364,1.3372064000000001
1996,365,5.277697600000001
1996,366,2.3112416000000002
1997,1,2.1572704000000003
1997,2,0.9418184000000002
1997,3,3.7676920000000003
1997,4,8.7901656
1997,5,5.0099216
1997,6,8.6039776
1997,7,4.184
1997,8,4.7082552
1997,9,3.9358888
1997,10,2.943444
1997,11,4.5220672
1997,12,7.035396
1997,13,7.7161328
1997,14,8.1788832
1997,15,9.611484800000001
1997,16,9.7349128
1997,17,4.8036504
1997,18,9.201034400000001
1997,19,6.9943928
1997,20,5.2986176
1997,21,7.5441704000000005
1997,22,4.5613968
1997,23,10.916474400000002
1997,24,10.379248800000001
1997,25,3.2195880000000003
1997,26,4.796537600000001
1997,27,10.8424176
1997,28,5.024984
1997,29,5.676851200000001
1997,30,7.9378848
1997,31,2.8229448
1997,32,7.3395728
1997,33,10.6068584
1997,34,8.5629744
1997,35,5.9910696
1997,36,10.3838512
1997,37,12.7620368
1997,38,12.6268936
1997,39,12.328156
1997,40,10.8394888
1997,41,7.813201600000001
1997,42,12.33234
1997,43,11.7813072
1997,44,13.584192800000002
1997,45,5.8684784
1997,46,14.172881600000002
1997,47,10.531128
1997,48,6.347128
1997,49,14.1435936
1997,50,5.4751824000000004
1997,51,10.0390896
1997,52,11.826494400000001
1997,53,12.119374400000002
1997,54,15.9523368
1997,55,16.1477296
1997,56,13.9164024
1997,57,8.929074400000001
1997,58,11.599303200000001
1997,59,15.762383200000002
1997,60,9.7658744
1997,61,6.9420928
1997,62,10.8633376
1997,63,12.6716624
1997,64,16.986203200000002
1997,65,15.947316
1997,66,17.392469600000002
1997,67,10.0056176
1997,68,16.1640472
1997,69,18.7033168
1997,70,10.514392
1997,71,19.225898400000002
1997,72,14.879140800000002
1997,73,11.412696799999999
1997,74,8.6997912
1997,75,8.7776136
1997,76,14.469945599999999
1997,77,19.6886488
1997,78,19.7811152
1997,79,15.1121896
1997,80,19.688230400000002
1997,81,18.242240000000002
1997,82,20.040523200000003
1997,83,21.8835752
1997,84,21.1927968
1997,85,21.4919528
1997,86,21.7952928
1997,87,13.2561672
1997,88,22.142983200000003
1997,89,22.204069600000004
1997,90,14.063679200000001
1997,91,16.0933376
1997,92,23.617843200000003
1997,93,22.286076
1997,94,22.2659928
1997,95,19.3325904
1997,96,24.4291208
1997,97,16.643952000000002
1997,98,11.923144800000001
1997,99,16.876164000000003
1997,100,24.7123776
1997,101,19.6367672
1997,102,24.3324704
1997,103,21.535466400000004
1997,104,15.822632800000001
1997,105,25.2098552
1997,106,21.9132816
1997,107,20.4919768
1997,108,17.9991496
1997,109,15.581634400000002
1997,110,8.256287200000001
1997,111,22.8831328
1997,112,22.497786400000003
1997,113,7.837887200000001
1997,114,16.6314
1997,115,27.145792
1997,116,26.885128800000004
1997,117,12.344892000000002
1997,118,16.98704
1997,119,25.399390399999998
1997,120,10.959988000000001
1997,121,25.630347200000003
1997,122,23.214924000000003
1997,123,27.3449504
1997,124,27.622349600000003
1997,125,24.014486400000003
1997,126,26.3223808
1997,127,28.994701600000003
1997,128,29.4151936
1997,129,29.367077600000002
1997,130,29.259548800000005
1997,131,28.7675104
1997,132,29.5561944
1997,133,27.29014
1997,134,27.3474608
1997,135,27.419007200000003
1997,136,27.501432
1997,137,23.2266392
1997,138,29.910160800000003
1997,139,30.6858744
1997,140,15.500464800000001
1997,141,20.185708
1997,142,24.8709512
1997,143,21.20242
1997,144,21.0216712
1997,145,12.3243904
1997,146,27.917740000000002
1997,147,25.8115144
1997,148,22.39486
1997,149,26.440788000000005
1997,150,30.043212
1997,151,20.9948936
1997,152,28.145349600000003
1997,153,30.229818400000003
1997,154,20.577748800000002
1997,155,22.524564
1997,156,8.156708
1997,157,30.2197768
1997,158,21.639229600000004
1997,159,30.336928800000003
1997,160,28.171708800000005
1997,161,13.573314400000001
1997,162,22.005748000000004
1997,163,14.9318592
1997,164,14.0908752
1997,165,25.981384800000004
1997,166,30.369564000000004
1997,167,29.976686400000002
1997,168,26.6307416
1997,169,28.1068568
1997,170,31.0561584
1997,171,31.5017544
1997,172,31.315984800000003
1997,173,31.565769600000003
1997,174,31.322679200000003
1997,175,31.6318768
1997,176,31.9201544
1997,177,31.394225600000002
1997,178,26.762956
1997,179,29.983380800000003
1997,180,30.21894
1997,181,23.2843784
1997,182,26.613168800000004
1997,183,25.237469600000004
1997,184,31.6218352
1997,185,31.3979912
1997,186,30.205969600000003
1997,187,30.6235328
1997,188,30.882104
1997,189,30.3247952
1997,190,24.966346400000003
1997,191,15.837695199999999
1997,192,26.647896
1997,193,23.256345600000003
1997,194,30.880848800000003
1997,195,30.658260000000002
1997,196,30.071244800000002
1997,197,28.2026704
1997,198,23.35718
1997,199,16.259024
1997,200,29.091352
1997,201,29.626067200000005
1997,202,29.5269064
1997,203,24.457153599999998
1997,204,14.512204000000002
1997,205,15.77368
1997,206,20.4078784
1997,207,24.678068800000002
1997,208,21.6764672
1997,209,9.7127376
1997,210,23.608220000000003
1997,211,24.879737600000002
1997,212,24.806099200000002
1997,213,22.6576152
1997,214,28.5457584
1997,215,25.9265744
1997,216,13.68168
1997,217,25.1680152
1997,218,26.81944
1997,219,22.884388000000005
1997,220,27.6474536
1997,221,18.064420000000002
1997,222,20.2216904
1997,223,21.553876
1997,224,18.6430672
1997,225,25.932432
1997,226,25.928666400000004
1997,227,26.6796944
1997,228,20.4568312
1997,229,23.5337448
1997,230,25.893939200000002
1997,231,25.8491704
1997,232,21.2886104
1997,233,25.2470928
1997,234,24.4935544
1997,235,21.1973992
1997,236,24.134148800000002
1997,237,24.783924000000003
1997,238,24.472216
1997,239,24.996889600000003
1997,240,24.6952232
1997,241,24.3680344
1997,242,24.2793336
1997,243,17.8627512
1997,244,23.2216184
1997,245,13.731888
1997,246,17.0146544
1997,247,20.096170400000002
1997,248,16.8368344
1997,249,15.981624800000002
1997,250,22.350509600000002
1997,251,20.6346512
1997,252,20.062698400000002
1997,253,16.9355768
1997,254,10.1407608
1997,255,21.1534672
1997,256,21.1116272
1997,257,21.7304408
1997,258,20.5903008
1997,259,19.899104
1997,260,20.717494400000003
1997,261,9.5006088
1997,262,19.450160800000003
1997,263,7.919475200000001
1997,264,10.6047664
1997,265,19.1233904
1997,266,19.569823200000002
1997,267,19.37192
1997,268,11.8649872
1997,269,17.0544024
1997,270,19.296608
1997,271,19.061048800000002
1997,272,18.7915992
1997,273,18.1037496
1997,274,18.2803144
1997,275,6.018684
1997,276,17.9895264
1997,277,17.851036
1997,278,17.4878648
1997,279,16.1954272
1997,280,12.394263200000001
1997,281,16.8518968
1997,282,4.9254048
1997,283,8.9813744
1997,284,14.367019200000001
1997,285,16.261952800000003
1997,286,16.1581896
1997,287,15.8581968
1997,288,15.728074400000002
1997,289,15.7184512
1997,290,15.2682528
1997,291,15.0280912
1997,292,14.7879296
1997,293,14.547768
1997,294,14.3076064
1997,295,12.6992768
1997,296,7.2035928
1997,297,6.5324792
1997,298,13.980417600000001
1997,299,13.054916799999999
1997,300,12.0566144
1997,301,8.9433
1997,302,3.49364
1997,303,7.9952056
1997,304,12.912242400000002
1997,305,12.72982
1997,306,12.338616
1997,307,6.8877008
1997,308,11.9549432
1997,309,11.824820800000001
1997,310,11.8515984
1997,311,8.9487392
1997,312,5.2664008
1997,313,11.280900800000001
1997,314,8.6520936
1997,315,6.076004800000001
1997,316,8.828240000000001
1997,317,10.327367200000001
1997,318,10.981744800000001
1997,319,10.9763056
1997,320,8.0780488
1997,321,4.8408880000000005
1997,322,7.3341336
1997,323,3.4902928
1997,324,4.8136920000000005
1997,325,5.3563568
1997,326,9.2294856
1997,327,6.0902304
1997,328,8.2378776
1997,329,6.8203384
1997,330,1.7141848
1997,331,2.4154232
1997,332,8.911501600000001
1997,333,7.618227200000001
1997,334,6.811970400000001
1997,335,2.3309064000000004
1997,336,8.7232216
1997,337,8.9608728
1997,338,8.6801264
1997,339,5.8375168
1997,340,5.804044800000001
1997,341,4.6044920000000005
1997,342,2.1175224
1997,343,7.411956000000001
1997,344,6.260100800000001
1997,345,7.493544
1997,346,7.6311976
1997,347,8.037464
1997,348,1.958112
1997,349,6.819501600000001
1997,350,2.0685696
1997,351,2.470652
1997,352,5.2710032
1997,353,8.5014696
1997,354,6.2918992000000005
1997,355,2.0037176000000003
1997,356,7.621156000000001
1997,357,2.9129008000000005
1997,358,5.5894056
1997,359,8.553351200000002
1997,360,7.3688608
1997,361,5.924544
1997,362,3.0451152
1997,363,5.625388
1997,364,8.3550296
1997,365,5.2785344
1998,1,2.8229448
1998,2,1.6949384
1998,3,5.845048
1998,4,2.4459664
1998,5,8.961291200000002
1998,6,7.747931200000001
1998,7,2.5681392
1998,8,5.6069784
1998,9,7.806507200000001
1998,10,2.5380144
1998,11,0.9104384000000001
1998,12,4.0593168
1998,13,6.1680528
1998,14,6.2580088
1998,15,2.974824
1998,16,2.1489024
1998,17,6.6730616000000005
1998,18,7.6973048
1998,19,2.9990912000000005
1998,20,5.333763200000001
1998,21,8.9801192
1998,22,4.3040808
1998,23,5.5701592
1998,24,6.8605048
1998,25,9.0495736
1998,26,6.137928
1998,27,8.368
1998,28,10.9332104
1998,29,2.22798
1998,30,10.7867704
1998,31,11.782144000000002
1998,32,9.5047928
1998,33,6.23416
1998,34,1.5246496
1998,35,3.0539016
1998,36,11.721894400000002
1998,37,2.8003512000000006
1998,38,8.1261648
1998,39,6.9634312000000005
1998,40,12.4900768
1998,41,8.3395488
1998,42,9.3391064
1998,43,9.710645600000001
1998,44,6.238762400000001
1998,45,2.589896
1998,46,3.7722944000000003
1998,47,13.720172800000002
1998,48,10.3173256
1998,49,12.7515768
1998,50,9.4382672
1998,51,9.102710400000001
1998,52,3.1241928000000003
1998,53,7.690610400000001
1998,54,9.5817784
1998,55,5.1312576000000005
1998,56,15.9623784
1998,57,12.648232000000002
1998,58,15.645231200000001
1998,59,12.340708
1998,60,10.7022536
1998,61,4.7626472
1998,62,9.1048024
1998,63,10.3164888
1998,64,13.505115199999999
1998,65,9.778008
1998,66,17.7644272
1998,67,7.2387384
1998,68,15.067002400000002
1998,69,17.16486
1998,70,18.447256
1998,71,18.714613600000003
1998,72,18.736370400000002
1998,73,18.8987096
1998,74,13.923933600000002
1998,75,11.7813072
1998,76,19.079040000000003
1998,77,19.4798672
1998,78,20.4710568
1998,79,20.346792
1998,80,16.6426968
1998,81,5.2935968
1998,82,7.916128
1998,83,4.045091200000001
1998,84,6.578921600000001
1998,85,12.0557776
1998,86,12.1197928
1998,87,7.9106888
1998,88,10.900575199999999
1998,89,23.0316648
1998,90,20.624191200000002
1998,91,9.230740800000001
1998,92,15.832256
1998,93,6.6458656000000005
1998,94,7.7567176
1998,95,14.7678464
1998,96,13.690884800000003
1998,97,19.797432800000003
1998,98,20.9015904
1998,99,19.0719272
1998,100,16.5452096
1998,101,13.804689600000001
1998,102,22.5889976
1998,103,13.5151568
1998,104,12.5294064
1998,105,22.7894112
1998,106,19.3769408
1998,107,20.0907312
1998,108,24.7073568
1998,109,17.992873600000003
1998,110,25.671350399999998
1998,111,25.928666400000004
1998,112,24.0082104
1998,113,14.2184872
1998,114,16.807128
1998,115,26.794336
1998,116,26.8052144
1998,117,26.780947200000004
1998,118,26.6591928
1998,119,27.46796
1998,120,27.511892
1998,121,25.5177976
1998,122,23.381447200000004
1998,123,23.721188
1998,124,13.929372800000001
1998,125,23.8931504
1998,126,20.963513600000002
1998,127,26.833665600000003
1998,128,22.778951199999998
1998,129,10.8645928
1998,130,8.2985456
1998,131,20.059351200000002
1998,132,14.834372000000002
1998,133,11.159564800000002
1998,134,18.403324
1998,135,23.406969600000004
1998,136,11.711015999999999
1998,137,22.2132744
1998,138,30.3921576
1998,139,23.6462944
1998,140,26.38012
1998,141,17.4610872
1998,142,11.586332800000001
1998,143,24.408200800000003
1998,144,23.1488168
1998,145,11.876702400000001
1998,146,6.270142400000001
1998,147,26.180961600000003
1998,148,27.026129600000004
1998,149,24.3939752
1998,150,26.6006168
1998,151,26.5123344
1998,152,30.827712
1998,153,11.984231200000002
1998,154,15.519711200000001
1998,155,14.462414400000002
1998,156,25.150442400000003
1998,157,27.9599984
1998,158,27.4792568
1998,159,18.381148800000002
1998,160,19.8714896
1998,161,27.7666976
1998,162,27.015669600000003
1998,163,27.672976000000002
1998,164,29.018132
1998,165,30.20848
1998,166,16.6577592
1998,167,24.5287
1998,168,30.503452
1998,169,20.789040800000002
1998,170,27.0968392
1998,171,31.3118008
1998,172,29.9327544
1998,173,18.7104296
1998,174,22.7099152
1998,175,19.5263096
1998,176,17.215068
1998,177,21.9547032
1998,178,31.469956
1998,179,30.0323336
1998,180,30.4557544
1998,181,25.4809784
1998,182,30.1248
1998,183,30.316008800000002
1998,184,30.256596000000002
1998,185,30.151159200000002
1998,186,30.0528352
1998,187,29.62272
1998,188,29.7122576
1998,189,26.0315928
1998,190,20.326708800000002
1998,191,22.209508800000002
1998,192,28.7825728
1998,193,29.1620616
1998,194,27.9917968
1998,195,28.730272799999998
1998,196,29.2218928
1998,197,28.788012
1998,198,27.739083200000003
1998,199,27.9604168
1998,200,28.2516232
1998,201,24.75882
1998,202,28.360407200000004
1998,203,25.9621384
1998,204,26.3491584
1998,205,23.535836800000002
1998,206,27.178845600000002
1998,207,26.938684000000002
1998,208,22.155116800000002
1998,209,26.3123392
1998,210,20.8045216
1998,211,22.83418
1998,212,23.8818536
1998,213,23.877669600000004
1998,214,26.8788528
1998,215,26.8035408
1998,216,27.038263200000003
1998,217,26.9767584
1998,218,26.347066400000003
1998,219,23.323289600000003
1998,220,24.8600728
1998,221,16.3498168
1998,222,25.985568800000003
1998,223,25.6985464
1998,224,25.7069144
1998,225,25.8177904
1998,226,24.297743200000003
1998,227,14.9795568
1998,228,24.410711199999998
1998,229,22.163484800000003
1998,230,23.1136712
1998,231,24.641249600000002
1998,232,16.068233600000003
1998,233,24.3814232
1998,234,24.6107064
1998,235,24.688528800000004
1998,236,24.6496176
1998,237,24.215736800000002
1998,238,13.259514400000002
1998,239,23.3370968
1998,240,21.5693568
1998,241,21.456388800000003
1998,242,13.732724800000002
1998,243,22.0450776
1998,244,22.2806368
1998,245,22.157208800000003
1998,246,22.240052
1998,247,16.530984
1998,248,8.2705128
1998,249,18.8413888
1998,250,15.5494176
1998,251,13.018516
1998,252,15.375781600000002
1998,253,12.757434400000001
1998,254,16.451488
1998,255,6.426624
1998,256,20.3501392
1998,257,20.463944
1998,258,20.390724000000002
1998,259,18.4129472
1998,260,14.0879464
1998,261,19.8438752
1998,262,15.391262400000002
1998,263,19.373593600000003
1998,264,16.0544264
1998,265,18.733441600000003
1998,266,11.6428168
1998,267,16.797504800000002
1998,268,11.156635999999999
1998,269,8.8140144
1998,270,17.4928856
1998,271,18.0284376
1998,272,17.0510552
1998,273,11.6629
1998,274,16.358184800000004
1998,275,11.4478424
1998,276,10.3625128
1998,277,17.789531200000003
1998,278,17.067791200000002
1998,279,16.8569176
1998,280,16.638094400000004
1998,281,16.436844
1998,282,15.3013064
1998,283,14.1527984
1998,284,14.2440096
1998,285,15.244822400000002
1998,286,13.2122352
1998,287,11.706832
1998,288,13.821844000000002
1998,289,14.161584800000002
1998,290,15.110516
1998,291,14.5992312
1998,292,14.1561456
1998,293,14.37204
1998,294,14.062842400000001
1998,295,4.9115976
1998,296,11.5641576
1998,297,10.883420800000001
1998,298,6.740842400000001
1998,299,12.9741656
1998,300,10.7587376
1998,301,2.5677208
1998,302,8.8035544
1998,303,12.566644000000002
1998,304,12.6201992
1998,305,7.2960592
1998,306,10.572131200000001
1998,307,12.0766976
1998,308,4.452612800000001
1998,309,5.6479816000000005
1998,310,7.835376800000001
1998,311,6.749210400000001
1998,312,5.9203600000000005
1998,313,6.2923176
1998,314,8.478876000000001
1998,315,5.854252799999999
1998,316,10.783423200000001
1998,317,9.2248832
1998,318,9.70688
1998,319,7.0634288000000005
1998,320,7.2646792
1998,321,2.3698176
1998,322,8.2303464
1998,323,8.921124800000001
1998,324,7.273884
1998,325,0.9397264000000001
1998,326,2.6267152
1998,327,5.558862400000001
1998,328,5.4668144000000005
1998,329,4.3057544
1998,330,8.4692528
1998,331,3.2685408000000002
1998,332,1.6510064000000002
1998,333,2.3279776
1998,334,5.0300048
1998,335,4.9986248
1998,336,5.3400392
1998,337,1.9129248
1998,338,4.056388
1998,339,7.8922792
1998,340,3.8752208000000006
1998,341,8.695607200000001
1998,342,3.9990672000000003
1998,343,8.3249048
1998,344,7.399822400000001
1998,345,7.645004800000001
1998,346,6.562604
1998,347,7.766340800000001
1998,348,7.7328688
1998,349,7.255056000000001
1998,350,7.780984800000001
1998,351,7.7224088
1998,352,8.522808
1998,353,8.3592136
1998,354,7.324092000000001
1998,355,8.3918488
1998,356,8.2797176
1998,357,8.3215576
1998,358,3.2183328
1998,359,4.2597304000000005
1998,360,3.8342176
1998,361,4.0756344
1998,362,2.1560152
1998,363,5.0036456000000005
1998,364,7.535802400000001
1998,365,1.6752736000000001
1999,1,7.6960496
1999,2,5.478111200000001
1999,3,8.3759496
1999,4,8.2671656
1999,5,8.1311856
1999,6,6.143367200000001
1999,7,7.2307888
1999,8,8.6077432
1999,9,5.5609544
1999,10,6.8893744
1999,11,5.117032
1999,12,4.9827256
1999,13,6.865525600000001
1999,14,5.8207808000000005
1999,15,6.040022400000001
1999,16,2.2681464
1999,17,2.8811024
1999,18,2.3225384
1999,19,3.5789936000000004
1999,20,5.7212016000000006
1999,21,4.1747952
1999,22,2.74052
1999,23,4.2484336
1999,24,3.9601560000000005
1999,25,5.632500800000001
1999,26,6.828706400000001
1999,27,7.409027200000001
1999,28,10.004362400000002
1999,29,11.505581600000001
1999,30,11.4101864
1999,31,4.9270784
1999,32,11.348263200000002
1999,33,4.118311200000001
1999,34,10.809782400000001
1999,35,7.4165584
1999,36,12.145733600000002
1999,37,4.3501048
1999,38,3.0467888
1999,39,4.4944528
1999,40,10.754135199999999
1999,41,9.763364000000001
1999,42,13.246962400000001
1999,43,12.1277424
1999,44,6.7805904
1999,45,4.3279296
1999,46,11.661644800000001
1999,47,11.2813192
1999,48,9.795580800000002
1999,49,2.9200136000000003
1999,50,10.409792000000001
1999,51,12.767894400000001
1999,52,6.469300800000001
1999,53,6.3877128
1999,54,5.891072000000001
1999,55,11.700555999999999
1999,56,2.4108208
1999,57,13.021444800000001
1999,58,10.8884416
1999,59,10.680915200000001
1999,60,10.8047616
1999,61,12.990064800000003
1999,62,6.2651216000000005
1999,63,8.9525048
1999,64,17.186198400000002
1999,65,12.2202088
1999,66,9.049992000000001
1999,67,12.966216
1999,68,6.0563400000000005
1999,69,14.719730400000001
1999,70,9.9959944
1999,71,18.290356
1999,72,17.4732208
1999,73,14.023931200000002
1999,74,12.475851200000001
1999,75,17.971953600000003
1999,76,18.654782400000002
1999,77,18.6275864
1999,78,19.118788000000002
1999,79,11.144084000000001
1999,80,7.377647200000001
1999,81,19.824210400000002
1999,82,18.6644056
1999,83,20.19826
1999,84,16.974488
1999,85,10.9093616
1999,86,17.282430400000003
1999,87,19.2330112
1999,88,13.094664800000002
1999,89,14.369948
1999,90,10.3319696
1999,91,8.2587976
1999,92,13.84904
1999,93,14.7113624
1999,94,21.73588
1999,95,9.9424392
1999,96,8.7345184
1999,97,16.6372576
1999,98,9.5148344
1999,99,19.1953552
1999,100,23.847963200000002
1999,101,23.1735024
1999,102,24.29858
1999,103,24.2575768
1999,104,24.4747264
1999,105,25.140819200000003
1999,106,25.2403984
1999,107,23.0446352
1999,108,20.8078688
1999,109,18.584491200000002
1999,110,20.5195912
1999,111,20.224200800000002
1999,112,17.1870352
1999,113,15.2038192
1999,114,16.6527384
1999,115,19.789483200000003
1999,116,14.7364664
1999,117,25.385164800000002
1999,118,6.728290400000001
1999,119,4.6308512
1999,120,6.444196800000001
1999,121,8.770082400000001
1999,122,7.1358120000000005
1999,123,16.5636192
1999,124,21.9509376
1999,125,27.8189976
1999,126,26.885128800000004
1999,127,24.80066
1999,128,26.103976
1999,129,27.7307152
1999,130,28.258736
1999,131,28.465425600000003
1999,132,15.435194400000002
1999,133,19.5116656
1999,134,23.414500800000003
1999,135,23.7433632
1999,136,19.8041272
1999,137,25.7182112
1999,138,22.219968800000004
1999,139,27.8407544
1999,140,25.104000000000003
1999,141,27.196
1999,142,28.705168800000003
1999,143,28.4675176
1999,144,23.0864752
1999,145,27.5633552
1999,146,27.5926432
1999,147,27.9905416
1999,148,17.3046056
1999,149,17.4188288
1999,150,18.5468352
1999,151,28.9453304
1999,152,23.863862400000002
1999,153,11.4340352
1999,154,17.5213368
1999,155,24.553385600000002
1999,156,28.31522
1999,157,14.1394096
1999,158,29.9381936
1999,159,25.055884000000002
1999,160,28.3645912
1999,161,29.746566400000003
1999,162,30.1319128
1999,163,29.0854944
1999,164,22.704057600000002
1999,165,28.062088000000003
1999,166,22.763888800000004
1999,167,23.304461600000003
1999,168,27.9248528
1999,169,25.489764800000003
1999,170,18.973184800000002
1999,171,28.774204800000003
1999,172,18.288264
1999,173,29.5089152
1999,174,30.193836
1999,175,26.0366136
1999,176,27.877992
1999,177,28.0666904
1999,178,30.087144000000002
1999,179,29.302644
1999,180,27.8830128
1999,181,30.7323168
1999,182,31.296738400000002
1999,183,30.552823200000002
1999,184,31.1210104
1999,185,31.4494544
1999,186,31.72518
1999,187,30.5712328
1999,188,26.474678400000002
1999,189,31.6720432
1999,190,31.4687008
1999,191,31.733966400000003
1999,192,30.6900584
1999,193,30.7854536
1999,194,29.616862400000002
1999,195,15.418040000000001
1999,196,31.323516
1999,197,29.3164512
1999,198,22.8099128
1999,199,28.167524800000002
1999,200,28.871692
1999,201,30.756584000000004
1999,202,30.229818400000003
1999,203,29.737361600000003
1999,204,30.1252184
1999,205,29.7967744
1999,206,29.736106400000004
1999,207,29.5750224
1999,208,26.5734208
1999,209,19.8673056
1999,210,23.8144912
1999,211,27.434488
1999,212,29.140304800000003
1999,213,22.2011408
1999,214,24.2617608
1999,215,15.18792
1999,216,20.9656056
1999,217,22.460967200000002
1999,218,23.914907200000002
1999,219,20.1518176
1999,220,28.0499544
1999,221,27.9076984
1999,222,11.9122664
1999,223,16.1632104
1999,224,23.091496
1999,225,25.436628000000002
1999,226,27.0968392
1999,227,27.348716
1999,228,26.938684000000002
1999,229,27.068806400000003
1999,230,21.3492784
1999,231,24.9253432
1999,232,18.7995488
1999,233,24.114484
1999,234,25.2027424
1999,235,15.3870784
1999,236,19.115440800000002
1999,237,24.850868000000002
1999,238,25.134124800000002
1999,239,19.2848928
1999,240,18.734696800000002
1999,241,23.936664000000004
1999,242,16.4351704
1999,243,25.593946400000004
1999,244,14.620988
1999,245,21.431284800000004
1999,246,15.022652
1999,247,23.1588584
1999,248,23.727045600000004
1999,249,22.953424000000002
1999,250,24.055908000000002
1999,251,23.548388800000005
1999,252,15.710083200000001
1999,253,19.256441600000002
1999,254,23.110324000000002
1999,255,22.701547200000004
1999,256,22.5634752
1999,257,21.909516
1999,258,21.5187304
1999,259,20.8501272
1999,260,21.1400784
1999,261,20.6095472
1999,262,19.945128
1999,263,20.477332800000003
1999,264,20.0271344
1999,265,19.0187904
1999,266,19.151423200000004
1999,267,18.4769624
1999,268,18.5991352
1999,269,20.422940800000003
1999,270,20.31332
1999,271,20.3769168
1999,272,20.053493600000003
1999,273,19.0961944
1999,274,19.3920032
1999,275,19.0526808
1999,276,18.7698424
1999,277,18.400813600000003
1999,278,17.563595199999998
1999,279,6.5872896
1999,280,17.7309552
1999,281,17.4016744
1999,282,17.024696
1999,283,16.0222096
1999,284,12.175858400000001
1999,285,16.4272208
1999,286,16.523871200000002
1999,287,13.614736
1999,288,16.7058752
1999,289,16.4560904
1999,290,15.964052
1999,291,16.1096552
1999,292,15.807570400000001
1999,293,15.5469072
1999,294,15.271600000000001
1999,295,15.131435999999999
1999,296,13.314324800000001
1999,297,13.5720592
1999,298,14.056148
1999,299,14.182923200000001
1999,300,13.534403200000002
1999,301,7.0843488
1999,302,14.0553112
1999,303,13.669964800000002
1999,304,12.930233600000001
1999,305,8.296872
1999,306,13.277924000000002
1999,307,11.895948800000001
1999,308,12.2595384
1999,309,12.2202088
1999,310,11.988833600000001
1999,311,4.3216536
1999,312,3.9078560000000007
1999,313,10.357492
1999,314,6.241691200000001
1999,315,9.981768800000001
1999,316,11.293034400000002
1999,317,11.355794400000002
1999,318,11.323996
1999,319,5.0011352
1999,320,9.7621088
1999,321,2.1489024
1999,322,10.374228
1999,323,5.6852192
1999,324,4.2568016
1999,325,4.4220696
1999,326,9.529896800000001
1999,327,9.953736000000001
1999,328,8.4081664
1999,329,2.0032992000000003
1999,330,3.2890424
1999,331,2.9965808000000003
1999,332,6.6278744000000005
1999,333,2.3731648
1999,334,8.6161112
1999,335,7.3667688
1999,336,2.8978384000000004
1999,337,9.2127496
1999,338,9.4646264
1999,339,6.2052904
1999,340,4.4195592
1999,341,5.3036384000000005
1999,342,6.540847200000001
1999,343,3.6074448
1999,344,5.5735064
1999,345,4.572693600000001
1999,346,5.666809600000001
1999,347,6.9341432
1999,348,7.6730376
1999,349,4.326256000000001
1999,350,3.3873664
1999,351,4.7379616
1999,352,4.8831464
1999,353,8.3487536
1999,354,8.429086400000001
1999,355,8.5278288
1999,356,8.2680024
1999,357,8.4587928
1999,358,8.5341048
1999,359,8.4541904
1999,360,3.7120448
1999,361,2.9049512000000006
1999,362,2.4007792
1999,363,2.2501552
1999,364,3.3430160000000004
1999,365,6.7270352
2000,1,6.6751536
2000,2,5.4906632
2000,3,6.698584
2000,4,1.7999568000000001
2000,5,9.2688152
2000,6,9.2106576
2000,7,3.769784
2000,8,4.598216000000001
2000,9,2.8819392
2000,10,4.0379784
2000,11,1.3673312
2000,12,8.1207256
2000,13,5.371000800000001
2000,14,2.9062064
2000,15,3.2651936000000004
2000,16,7.351288
2000,17,3.445524
2000,18,2.2940872
2000,19,8.424484
2000,20,6.995648
2000,21,7.5692744
2000,22,5.4772744
2000,23,5.3651431999999994
2000,24,3.7702024
2000,25,5.0471592
2000,26,5.0889992
2000,27,8.519042400000002
2000,28,11.112704
2000,29,11.577128
2000,30,10.9938784
2000,31,9.8989256
2000,32,6.303196000000001
2000,33,11.468344000000002
2000,34,12.087994400000001
2000,35,8.881376800000002
2000,36,7.8203144
2000,37,11.7499272
2000,38,10.3675336
2000,39,7.25924
2000,40,5.673504
2000,41,6.8174096
2000,42,4.7400536
2000,43,3.4103784000000004
2000,44,3.0580856000000005
2000,45,9.390988
2000,46,10.2286248
2000,47,5.3576120000000005
2000,48,7.9148727999999995
2000,49,15.1464984
2000,50,15.4268264
2000,51,4.580643200000001
2000,52,2.5936616000000003
2000,53,13.9548952
2000,54,4.2743744
2000,55,6.5705536
2000,56,16.5109008
2000,57,4.961805600000001
2000,58,3.8417488
2000,59,12.872912800000002
2000,60,7.486431200000001
2000,61,6.624527200000001
2000,62,17.689952
2000,63,17.600832800000003
2000,64,16.941016
2000,65,9.436175200000001
2000,66,4.416630400000001
2000,67,12.3202064
2000,68,8.1065
2000,69,13.04362
2000,70,17.658572000000003
2000,71,12.812244800000002
2000,72,17.357742400000003
2000,73,19.4589472
2000,74,17.906264800000002
2000,75,20.5333984
2000,76,13.4804296
2000,77,14.901734400000002
2000,78,20.3484656
2000,79,7.3927096
2000,80,17.799154400000003
2000,81,21.850103200000003
2000,82,21.466848800000005
2000,83,13.147383200000002
2000,84,21.9103528
2000,85,18.1426608
2000,86,22.334191999999998
2000,87,17.0347376
2000,88,20.538000800000002
2000,89,18.4418168
2000,90,23.611985600000004
2000,91,23.5718192
2000,92,21.696968800000004
2000,93,16.8941552
2000,94,24.1425168
2000,95,21.5701936
2000,96,23.8939872
2000,97,20.958911200000003
2000,98,25.1324512
2000,99,24.809028000000005
2000,100,13.6507184
2000,101,23.9416848
2000,102,24.991868800000002
2000,103,21.628351199999997
2000,104,13.4795928
2000,105,18.8284184
2000,106,19.7982696
2000,107,16.627216
2000,108,12.681285599999999
2000,109,8.7767768
2000,110,13.2670456
2000,111,23.3659664
2000,112,20.1288056
2000,113,20.531306400000002
2000,114,22.2287552
2000,115,27.1223616
2000,116,20.1756664
2000,117,24.4776552
2000,118,27.2654544
2000,119,14.493376
2000,120,28.789685600000002
2000,121,29.059972
2000,122,26.386396
2000,123,27.132821600000003
2000,124,27.781760000000002
2000,125,22.9212072
2000,126,12.9398568
2000,127,16.6883024
2000,128,17.424268
2000,129,22.7931768
2000,130,15.8473184
2000,131,22.4525992
2000,132,21.345931200000003
2000,133,28.673788800000004
2000,134,22.808239200000003
2000,135,27.665444800000003
2000,136,22.282728800000005
2000,137,18.3485136
2000,138,24.1257808
2000,139,29.390508000000004
2000,140,28.010624800000002
2000,141,29.914344800000002
2000,142,29.773762400000003
2000,143,27.446203200000003
2000,144,30.419772
2000,145,25.9048176
2000,146,16.152332
2000,147,30.390065600000003
2000,148,28.3399056
2000,149,21.7111944
2000,150,31.442341600000002
2000,151,31.8096968
2000,152,32.1975536
2000,153,32.174123200000004
2000,154,31.594220800000002
2000,155,31.827269600000005
2000,156,32.1787256
2000,157,28.8708552
2000,158,31.530205600000002
2000,159,31.466608800000003
2000,160,29.929407200000004
2000,161,26.593504000000003
2000,162,30.1105744
2000,163,24.4153136
2000,164,12.1156088
2000,165,32.3209816
2000,166,31.504683200000002
2000,167,32.340646400000004
2000,168,31.7536312
2000,169,30.2227056
2000,170,26.567563200000002
2000,171,32.6314344
2000,172,32.752352
2000,173,32.296296
2000,174,30.8896352
2000,175,31.0268704
2000,176,31.982914400000002
2000,177,32.2168
2000,178,32.664488000000006
2000,179,31.7787352
2000,180,30.615583200000003
2000,181,32.0025792
2000,182,17.8192376
2000,183,26.7253
2000,184,31.090048800000005
2000,185,29.971247200000004
2000,186,30.737756
2000,187,30.3620328
2000,188,29.0909336
2000,189,31.429789600000003
2000,190,31.474558400000003
2000,191,31.0251968
2000,192,19.80078
2000,193,30.754492
2000,194,30.890472
2000,195,30.48044
2000,196,25.104000000000003
2000,197,27.784688800000005
2000,198,26.7583536
2000,199,24.977643200000003
2000,200,27.972968800000004
2000,201,29.2244032
2000,202,29.4666568
2000,203,29.557449600000005
2000,204,29.034868000000003
2000,205,28.9185528
2000,206,28.629856800000002
2000,207,26.8939152
2000,208,27.100186400000002
2000,209,27.7039376
2000,210,26.929060800000002
2000,211,24.527863200000002
2000,212,24.868859200000003
2000,213,25.211528800000004
2000,214,24.5450176
2000,215,20.3438632
2000,216,25.535370399999998
2000,217,17.901662400000003
2000,218,26.3002056
2000,219,20.3610176
2000,220,25.4726104
2000,221,25.7596328
2000,222,22.917023200000003
2000,223,23.478516
2000,224,26.979687200000004
2000,225,26.5989432
2000,226,26.756261600000002
2000,227,26.2780304
2000,228,25.3772152
2000,229,26.3181968
2000,230,23.842942400000002
2000,231,24.644596800000002
2000,232,25.4537824
2000,233,24.1048608
2000,234,24.9588152
2000,235,24.9416608
2000,236,13.9193312
2000,237,23.0061424
2000,238,23.879761600000002
2000,239,19.8032904
2000,240,23.94294
2000,241,24.0960744
2000,242,23.141285600000003
2000,243,17.3117184
2000,244,8.7449784
2000,245,13.6406768
2000,246,8.358795200000001
2000,247,20.865608
2000,248,21.29656
2000,249,22.2781264
2000,250,22.4584568
2000,251,22.3492544
2000,252,21.1534672
2000,253,19.560200000000002
2000,254,19.9208608
2000,255,21.135476
2000,256,21.053888
2000,257,17.4736392
2000,258,20.279011200000003
2000,259,20.713728800000002
2000,260,19.6869752
2000,261,17.5355624
2000,262,17.4196656
2000,263,17.995384
2000,264,19.866050400000002
2000,265,14.018492000000002
2000,266,12.3089096
2000,267,16.1866408
2000,268,19.416270400000002
2000,269,19.5430456
2000,270,19.187824000000003
2000,271,18.862727200000002
2000,272,16.259024
2000,273,17.7794896
2000,274,16.824700800000002
2000,275,17.338496
2000,276,16.978672000000003
2000,277,17.778652800000003
2000,278,17.563595199999998
2000,279,17.491630400000002
2000,280,17.373641600000003
2000,281,17.1765752
2000,282,16.9246984
2000,283,15.2682528
2000,284,5.3446416
2000,285,9.825287200000002
2000,286,10.221512
2000,287,9.4654632
2000,288,12.524804000000001
2000,289,15.2142792
2000,290,13.676659200000001
2000,291,14.774122400000001
2000,292,13.314743200000002
2000,293,12.75074
2000,294,12.0118456
2000,295,11.418136
2000,296,12.861616
2000,297,13.4017704
2000,298,12.5068128
2000,299,12.8578504
2000,300,7.9629888
2000,301,6.2893888
2000,302,11.2553784
2000,303,1.7543512
2000,304,2.240532
2000,305,7.477226400000001
2000,306,11.588843200000001
2000,307,10.923168800000001
2000,308,11.700555999999999
2000,309,11.125674400000001
2000,310,9.510650400000001
2000,311,7.116984
2000,312,11.175045599999999
2000,313,2.5463824
2000,314,6.541265600000001
2000,315,11.219396
2000,316,8.8085752
2000,317,5.0655688
2000,318,7.989766400000001
2000,319,6.0555031999999995
2000,320,4.7957008000000005
2000,321,7.0450192000000005
2000,322,5.9115736
2000,323,10.3194176
2000,324,9.654580000000001
2000,325,9.9424392
2000,326,7.917801600000001
2000,327,7.0630104000000005
2000,328,8.9525048
2000,329,8.5738528
2000,330,6.901089600000001
2000,331,7.1621712
2000,332,4.5798064
2000,333,7.863828
2000,334,7.468021600000001
2000,335,8.520716
2000,336,8.798952000000002
2000,337,8.6558592
2000,338,8.4039824
2000,339,8.340804
2000,340,7.4232528
2000,341,6.757160000000001
2000,342,1.9434680000000002
2000,343,2.6451248
2000,344,2.9781712000000002
2000,345,7.2889464
2000,346,6.3864576
2000,347,5.3354368
2000,348,4.004088
2000,349,5.6864744
2000,350,5.731661600000001
2000,351,3.9501144
2000,352,8.430760000000001
2000,353,8.466742400000001
2000,354,2.6794336000000003
2000,355,4.868502400000001
2000,356,4.8496744000000005
2000,357,3.1133144
2000,358,6.775151200000001
2000,359,2.5823648
2000,360,6.757160000000001
2000,361,4.453868
2000,362,6.829124800000001
2000,363,2.4744176
2000,364,4.6429848
2000,365,1.7455648000000001
2000,366,3.1564096
2001,1,2.1417896
2001,2,5.0576192
2001,3,8.4219736
2001,4,8.529920800000001
2001,5,8.6918416
2001,6,7.953784
2001,7,9.0516656
2001,8,3.2932264
2001,9,3.7204128
2001,10,7.0307936
2001,11,3.1133144
2001,12,3.3379952000000004
2001,13,5.5965184
2001,14,6.5504704
2001,15,7.0989927999999995
2001,16,4.8316832000000005
2001,17,8.1069184
2001,18,5.8421192
2001,19,3.539664
2001,20,8.3604688
2001,21,9.8792608
2001,22,9.8704744
2001,23,10.3294592
2001,24,2.4292304000000002
2001,25,7.2073584
2001,26,8.888908
2001,27,7.405261600000001
2001,28,8.2060792
2001,29,6.100272
2001,30,10.428201600000001
2001,31,10.55414
2001,32,10.7064376
2001,33,6.775151200000001
2001,34,3.2212616
2001,35,8.9797008
2001,36,11.121072000000002
2001,37,3.9501144
2001,38,7.5219952
2001,39,11.6708496
2001,40,8.6269896
2001,41,7.6031648
2001,42,11.6248256
2001,43,10.2662808
2001,44,4.363912
2001,45,6.297756800000001
2001,46,13.226460800000002
2001,47,12.407652
2001,48,10.428201600000001
2001,49,8.0077576
2001,50,10.277996
2001,51,9.137856000000001
2001,52,9.0516656
2001,53,8.988487200000002
2001,54,4.0400704
2001,55,12.956592800000001
2001,56,14.4946312
2001,57,13.2896392
2001,58,15.9887376
2001,59,15.646904800000002
2001,60,16.1678128
2001,61,6.271397599999999
2001,62,16.0067288
2001,63,9.807296000000001
2001,64,11.953688
2001,65,17.08118
2001,66,17.464434400000002
2001,67,16.223041600000002
2001,68,2.491572
2001,69,8.314026400000001
2001,70,14.6841664
2001,71,17.0866192
2001,72,18.27362
2001,73,18.6162896
2001,74,15.9799512
2001,75,5.47058
2001,76,14.6653384
2001,77,14.198404000000002
2001,78,12.8486456
2001,79,9.8432784
2001,80,16.5820288
2001,81,20.2718984
2001,82,17.8242584
2001,83,17.4188288
2001,84,15.818030400000001
2001,85,20.1367552
2001,86,20.4057864
2001,87,16.79876
2001,88,19.129248
2001,89,22.1065824
2001,90,18.5982984
2001,91,21.211624800000003
2001,92,13.131902400000001
2001,93,13.6854456
2001,94,20.5237752
2001,95,22.817444000000002
2001,96,16.8975024
2001,97,6.901089600000001
2001,98,17.8786504
2001,99,23.051329600000003
2001,100,21.801568800000002
2001,101,10.3871984
2001,102,13.7260304
2001,103,8.8265664
2001,104,22.1881704
2001,105,20.217088
2001,106,23.1149264
2001,107,24.625768800000003
2001,108,24.6086144
2001,109,19.04766
2001,110,10.5361488
2001,111,17.7522936
2001,112,26.1349376
2001,113,19.8606112
2001,114,25.7332736
2001,115,25.8583752
2001,116,23.1241312
2001,117,23.5730744
2001,118,21.639648000000005
2001,119,25.755867200000004
2001,120,23.334586400000003
2001,121,25.760469600000004
2001,122,24.1579976
2001,123,27.8566536
2001,124,27.60394
2001,125,25.310689600000003
2001,126,27.936986400000002
2001,127,27.7307152
2001,128,27.235329600000004
2001,129,23.9969136
2001,130,28.0901208
2001,131,28.3876032
2001,132,22.4392104
2001,133,21.963489600000003
2001,134,21.9266704
2001,135,6.541265600000001
2001,136,22.926228000000002
2001,137,26.488485600000004
2001,138,28.189700000000002
2001,139,27.064204000000004
2001,140,28.4147992
2001,141,29.4666568
2001,142,29.80054
2001,143,29.772507200000003
2001,144,29.2244032
2001,145,26.623210399999998
2001,146,13.613480800000001
2001,147,23.240028000000002
2001,148,26.785968000000004
2001,149,26.6951752
2001,150,29.314359200000002
2001,151,29.961624000000004
2001,152,26.057115200000002
2001,153,25.9483312
2001,154,25.7784608
2001,155,28.2428368
2001,156,13.4603464
2001,157,30.097185600000003
2001,158,29.925641600000002
2001,159,29.433184800000003
2001,160,29.005998400000003
2001,161,25.5759552
2001,162,22.048006400000002
2001,163,16.9154936
2001,164,20.5229384
2001,165,30.3310712
2001,166,30.5553336
2001,167,30.259106400000004
2001,168,26.524468000000002
2001,169,29.3055728
2001,170,30.096348800000005
2001,171,29.288
2001,172,29.288
2001,173,30.590060800000003
2001,174,26.649569600000003
2001,175,26.455432
2001,176,21.2266872
2001,177,13.4331504
2001,178,25.3776336
2001,179,30.7519816
2001,180,30.561609600000004
2001,181,29.264988000000002
2001,182,31.116826400000004
2001,183,30.7888008
2001,184,30.844029600000002
2001,185,19.7639608
2001,186,25.2562976
2001,187,22.435444800000003
2001,188,11.043668
2001,189,25.124501600000002
2001,190,11.11898
2001,191,29.941959200000003
2001,192,21.991940800000002
2001,193,27.9478648
2001,194,26.074688000000002
2001,195,20.2999312
2001,196,16.1987744
2001,197,24.3814232
2001,198,17.6192424
2001,199,28.633204000000003
2001,200,22.5576176
2001,201,29.265406400000003
2001,202,29.432348000000005
2001,203,29.4704224
2001,204,28.5779752
2001,205,29.4047336
2001,206,29.0110192
2001,207,29.6302512
2001,208,23.35718
2001,209,28.924828800000004
2001,210,26.9884736
2001,211,25.327844000000002
2001,212,28.600568800000005
2001,213,28.6277648
2001,214,28.621488800000005
2001,215,16.386636
2001,216,27.758329600000003
2001,217,27.8725528
2001,218,27.382188000000003
2001,219,28.0135536
2001,220,22.6789536
2001,221,9.529060000000001
2001,222,26.537020000000002
2001,223,25.6608904
2001,224,16.480776
2001,225,23.4663824
2001,226,25.1847512
2001,227,25.182240800000002
2001,228,25.6324392
2001,229,24.871788000000002
2001,230,26.225312
2001,231,24.5989912
2001,232,15.446072800000001
2001,233,17.45774
2001,234,21.6639152
2001,235,25.309016
2001,236,24.7345528
2001,237,25.2575528
2001,238,25.030361600000003
2001,239,23.883945600000004
2001,240,24.6073592
2001,241,22.9530056
2001,242,19.3024656
2001,243,21.5689384
2001,244,23.1032112
2001,245,22.104908800000004
2001,246,23.300696
2001,247,15.2201368
2001,248,19.8095664
2001,249,12.200544
2001,250,22.990243200000002
2001,251,23.186891199999998
2001,252,22.8023816
2001,253,22.524564
2001,254,21.6488528
2001,255,5.4467312
2001,256,10.4415904
2001,257,20.7785808
2001,258,16.330152000000002
2001,259,18.597461600000003
2001,260,18.7974568
2001,261,20.343444800000004
2001,262,20.1120696
2001,263,20.54344
2001,264,19.942617600000002
2001,265,20.2718984
2001,266,19.1133488
2001,267,19.2371952
2001,268,9.8395128
2001,269,18.731768
2001,270,19.0920104
2001,271,14.458230400000001
2001,272,18.6351176
2001,273,18.4363776
2001,274,18.108352
2001,275,18.258976
2001,276,17.918816800000002
2001,277,17.6096192
2001,278,17.712964000000003
2001,279,16.1598632
2001,280,16.424292
2001,281,12.7089
2001,282,16.2832912
2001,283,15.3791288
2001,284,10.921495199999999
2001,285,15.003824000000002
2001,286,15.92012
2001,287,14.867425599999999
2001,288,15.069931200000001
2001,289,13.2448704
2001,290,7.2056848
2001,291,14.871191200000002
2001,292,14.6841664
2001,293,13.0473856
2001,294,14.0067768
2001,295,11.5549528
2001,296,10.154568
2001,297,14.1289496
2001,298,11.975026399999999
2001,299,11.975026399999999
2001,300,11.700974400000002
2001,301,8.353356000000002
2001,302,8.7956048
2001,303,2.784452
2001,304,8.0805592
2001,305,8.353356000000002
2001,306,10.987184000000001
2001,307,12.32188
2001,308,12.078371200000001
2001,309,10.5357304
2001,310,4.374372
2001,311,11.7210576
2001,312,10.3189992
2001,313,11.4846616
2001,314,10.3947296
2001,315,9.416092
2001,316,7.4504488
2001,317,5.9734968
2001,318,8.631592000000001
2001,319,9.8612696
2001,320,8.8236376
2001,321,5.785216800000001
2001,322,8.089764
2001,323,9.406887200000002
2001,324,8.183904
2001,325,5.3831344
2001,326,5.3580304000000005
2001,327,8.550840800000001
2001,328,1.6464040000000002
2001,329,5.6534208
2001,330,7.3186528
2001,331,7.5065144
2001,332,2.99156
2001,333,6.801092000000001
2001,334,7.9864192
2001,335,3.1961576000000003
2001,336,6.1061296
2001,337,5.7475608000000005
2001,338,4.9479984
2001,339,2.7748288
2001,340,2.822108
2001,341,8.550840800000001
2001,342,8.6730136
2001,343,7.9395584
2001,344,3.2170776
2001,345,4.651352800000001
2001,346,4.9011376
2001,347,4.1241688
2001,348,4.091952
2001,349,7.6479336
2001,350,4.7693416
2001,351,1.7309208
2001,352,6.9420928
2001,353,3.4994976
2001,354,4.8915144
2001,355,2.6434512000000003
2001,356,8.428668
2001,357,8.3144448
2001,358,3.3020128000000004
2001,359,4.4304376
2001,360,2.2953424
2001,361,6.039185600000001
2001,362,8.1370432
2001,363,7.2621688
2001,364,3.5559816
2001,365,2.7187632
2002,1,7.1680288
2002,2,5.4521704
2002,3,4.3919448
2002,4,5.600702400000001
2002,5,5.9827016
2002,6,4.167264
2002,7,4.29906
2002,8,4.6752016
2002,9,3.0292160000000004
2002,10,7.3186528
2002,11,6.029980800000001
2002,12,6.857576000000001
2002,13,9.5232024
2002,14,9.167144
2002,15,4.0639192
2002,16,5.4843872000000005
2002,17,5.0609664
2002,18,8.8520888
2002,19,5.6157648
2002,20,4.8069976
2002,21,5.6345928
2002,22,8.5119296
2002,23,9.2750912
2002,24,9.0587784
2002,25,3.7911224000000003
2002,26,2.9819368
2002,27,6.311982400000001
2002,28,9.867964
2002,29,11.819381600000002
2002,30,9.993902400000001
2002,31,9.1152624
2002,32,8.588496800000001
2002,33,9.0399504
2002,34,12.445308
2002,35,12.5946768
2002,36,12.8875568
2002,37,10.798904000000002
2002,38,7.055060800000001
2002,39,12.548652800000001
2002,40,13.544863200000002
2002,41,13.113074400000002
2002,42,13.1695584
2002,43,13.8938088
2002,44,9.9918104
2002,45,13.9569872
2002,46,14.580821600000002
2002,47,12.078371200000001
2002,48,13.2775056
2002,49,9.4106528
2002,50,4.853858400000001
2002,51,7.581826400000001
2002,52,13.028557600000001
2002,53,13.1226976
2002,54,9.2504056
2002,55,13.7858616
2002,56,16.3021192
2002,57,14.1009168
2002,58,16.376176
2002,59,11.6457456
2002,60,11.2976368
2002,61,15.1075872
2002,62,17.252724
2002,63,16.666964
2002,64,14.5711984
2002,65,7.2713736
2002,66,8.785981600000001
2002,67,17.683676
2002,68,15.587073600000002
2002,69,7.2902016000000005
2002,70,8.6918416
2002,71,6.9609208
2002,72,15.2565376
2002,73,10.798904000000002
2002,74,15.305072000000001
2002,75,12.388824000000001
2002,76,13.239849600000001
2002,77,15.290009600000001
2002,78,12.285479200000001
2002,79,20.422522400000002
2002,80,16.4795208
2002,81,16.565711200000003
2002,82,6.791887200000001
2002,83,12.2666512
2002,84,8.8767744
2002,85,21.1580696
2002,86,21.2312896
2002,87,21.3994864
2002,88,21.1748056
2002,89,22.059303200000002
2002,90,23.073923200000003
2002,91,21.2689456
2002,92,22.9881512
2002,93,23.470984800000004
2002,94,23.978085600000004
2002,95,18.0317848
2002,96,22.491928800000004
2002,97,23.9663704
2002,98,22.9818752
2002,99,10.2160728
2002,100,17.7995728
2002,101,21.3601568
2002,102,21.6262592
2002,103,19.430496
2002,104,15.176204800000002
2002,105,7.4316208
2002,106,15.822214400000002
2002,107,9.218607200000001
2002,108,10.0830216
2002,109,15.2577928
2002,110,21.513709600000002
2002,111,20.1672984
2002,112,26.7060536
2002,113,27.048304800000004
2002,114,27.604358400000002
2002,115,27.551640000000003
2002,116,20.2907264
2002,117,18.9832264
2002,118,25.143329600000005
2002,119,21.0806656
2002,120,18.287008800000002
2002,121,21.493626400000004
2002,122,26.678020800000002
2002,123,27.617328800000003
2002,124,28.7285992
2002,125,24.8425
2002,126,28.700566400000003
2002,127,15.6720088
2002,128,29.4988736
2002,129,18.6351176
2002,130,19.169832800000002
2002,131,29.339881600000002
2002,132,29.658702400000003
2002,133,26.518192
2002,134,27.137424000000003
2002,135,25.906491199999998
2002,136,30.091328000000004
2002,137,26.357944800000002
2002,138,22.0408936
2002,139,26.450411199999998
2002,140,15.342728000000001
2002,141,7.149200800000001
2002,142,29.0001408
2002,143,22.915349600000003
2002,144,28.398063200000003
2002,145,27.882176
2002,146,17.589536
2002,147,24.777648000000003
2002,148,26.9420312
2002,149,27.917740000000002
2002,150,30.0206184
2002,151,27.6892936
2002,152,15.1640712
2002,153,24.578908000000002
2002,154,30.986285600000002
2002,155,30.204296
2002,156,30.7226936
2002,157,31.210966400000004
2002,158,28.1173168
2002,159,32.095045600000006
2002,160,25.13538
2002,161,20.675236
2002,162,31.268287200000003
2002,163,31.5214192
2002,164,31.8142992
2002,165,30.6369216
2002,166,30.9632736
2002,167,31.299667200000002
2002,168,26.185564000000003
2002,169,18.1384768
2002,170,32.3971304
2002,171,22.838782400000003
2002,172,25.9161144
2002,173,20.5903008
2002,174,29.565817600000003
2002,175,28.0311264
2002,176,26.8847104
2002,177,20.9902912
2002,178,29.9750128
2002,179,24.138751199999998
2002,180,28.143676
2002,181,30.9850304
2002,182,31.061597600000002
2002,183,30.561609600000004
2002,184,29.0859128
2002,185,30.740266400000003
2002,186,29.960787200000002
2002,187,24.823672
2002,188,27.2612704
2002,189,30.6369216
2002,190,31.7201592
2002,191,31.765764800000003
2002,192,31.4285344
2002,193,30.919341600000003
2002,194,26.480536
2002,195,26.639109600000005
2002,196,20.2622752
2002,197,14.329363200000001
2002,198,24.4257736
2002,199,17.336822400000003
2002,200,27.626952
2002,201,25.182240800000002
2002,202,27.316499200000003
2002,203,18.907914400000003
2002,204,25.088100800000003
2002,205,27.4102208
2002,206,24.260505600000002
2002,207,27.6830176
2002,208,28.4369744
2002,209,29.018968800000003
2002,210,28.333629600000005
2002,211,26.121548800000003
2002,212,24.0814304
2002,213,26.6014536
2002,214,24.335817600000002
2002,215,16.941852800000003
2002,216,26.131172
2002,217,25.022412
2002,218,27.401016000000002
2002,219,25.511521600000002
2002,220,28.2947184
2002,221,27.882176
2002,222,28.0595776
2002,223,27.026129600000004
2002,224,27.617328800000003
2002,225,27.0353344
2002,226,27.880920800000002
2002,227,27.0826136
2002,228,26.0085808
2002,229,25.1634128
2002,230,27.2788432
2002,231,25.520726400000004
2002,232,24.9466816
2002,233,25.0588128
2002,234,20.949288
2002,235,9.7303104
2002,236,25.008186400000003
2002,237,25.060068000000005
2002,238,19.104144
2002,239,22.1530248
2002,240,17.4401672
2002,241,22.8291592
2002,242,18.1928688
2002,243,22.3542752
2002,244,21.904076800000002
2002,245,23.6396
2002,246,21.4463472
2002,247,17.9296952
2002,248,16.405464000000002
2002,249,10.1093808
2002,250,11.572525599999999
2002,251,22.435444800000003
2002,252,22.899032
2002,253,22.638787200000003
2002,254,17.9389
2002,255,19.866050400000002
2002,256,21.9839912
2002,257,21.0526328
2002,258,19.5744256
2002,259,12.877933600000002
2002,260,9.1621232
2002,261,20.4317272
2002,262,20.599924
2002,263,20.516244
2002,264,20.859332000000002
2002,265,20.5388376
2002,266,20.2811032
2002,267,18.426754400000004
2002,268,19.415852
2002,269,19.0585384
2002,270,12.581288
2002,271,17.6322128
2002,272,10.0277928
2002,273,15.4649008
2002,274,11.2034968
2002,275,8.6261528
2002,276,10.714387199999999
2002,277,12.3984472
2002,278,15.380384000000001
2002,279,17.043942400000002
2002,280,17.2334776
2002,281,17.0640256
2002,282,16.9121464
2002,283,9.867964
2002,284,16.838508
2002,285,16.782024000000003
2002,286,16.573660800000003
2002,287,16.3397752
2002,288,16.2644632
2002,289,15.8268168
2002,290,15.4686664
2002,291,15.615524800000001
2002,292,15.1075872
2002,293,14.588771200000002
2002,294,12.9155896
2002,295,9.0776064
2002,296,8.9742616
2002,297,13.874980800000001
2002,298,13.0176792
2002,299,13.1226976
2002,300,13.2168376
2002,301,11.269604000000001
2002,302,9.5654608
2002,303,4.0015776
2002,304,8.1236544
2002,305,13.291731200000001
2002,306,12.896761600000001
2002,307,12.812244800000002
2002,308,12.651160800000001
2002,309,10.3662784
2002,310,12.351168
2002,311,4.6095128
2002,312,3.3300456000000005
2002,313,7.7044176
2002,314,6.5094672000000005
2002,315,7.8818192
2002,316,6.838748
2002,317,7.7044176
2002,318,8.3625608
2002,319,9.0495736
2002,320,7.864246400000001
2002,321,9.209402400000002
2002,322,8.5721792
2002,323,8.1521056
2002,324,9.6139952
2002,325,9.764200800000001
2002,326,8.50398
2002,327,7.1680288
2002,328,5.9073896
2002,329,9.160868
2002,330,7.967591200000001
2002,331,9.1248856
2002,332,9.0964344
2002,333,8.202732000000001
2002,334,5.9073896
2002,335,4.3459208
2002,336,8.7056488
2002,337,8.7993704
2002,338,7.7981392000000005
2002,339,8.4755288
2002,340,6.5282952000000005
2002,341,5.7383560000000005
2002,342,8.40984
2002,343,7.849602400000001
2002,344,3.0241952000000003
2002,345,3.8840072
2002,346,7.158824
2002,347,3.4241856000000004
2002,348,2.0505784
2002,349,5.051343200000001
2002,350,3.3392504
2002,351,3.3769063999999998
2002,352,7.1303728
2002,353,6.283949600000001
2002,354,6.2554984
2002,355,3.8317072000000003
2002,356,1.9890736
2002,357,5.183976
2002,358,5.5032152000000005
2002,359,5.1266552
2002,360,3.4333904000000004
2002,361,1.4296728
2002,362,1.3547792
2002,363,4.7036528
2002,364,3.6028424
2002,365,2.558516
2003,1,8.052108
2003,2,5.2584512000000005
2003,3,7.7500232
2003,4,4.857624
2003,5,8.265073600000001
2003,6,8.7956048
2003,7,9.1152624
2003,8,9.1060576
2003,9,6.4341552
2003,10,6.8671992
2003,11,6.0370936
2003,12,4.3844136
2003,13,6.791887200000001
2003,14,5.380624
2003,15,9.566716000000001
2003,16,7.666761600000001
2003,17,9.0399504
2003,18,1.9192008
2003,19,5.550076000000001
2003,20,2.6999352
2003,21,7.2609136
2003,22,3.1417656000000003
2003,23,6.1333256
2003,24,8.926982400000002
2003,25,5.4090752
2003,26,7.2713736
2003,27,3.9509512000000004
2003,28,9.867964
2003,29,8.79686
2003,30,3.8915384000000004
2003,31,6.8671992
2003,32,2.9819368
2003,33,11.523572800000002
2003,34,5.1078272
2003,35,6.1613584
2003,36,10.2721384
2003,37,11.716873600000001
2003,38,13.1256264
2003,39,11.2976368
2003,40,12.7089
2003,41,13.4231088
2003,42,12.641956
2003,43,13.4611832
2003,44,3.8379832000000005
2003,45,5.596936800000001
2003,46,11.843230400000001
2003,47,4.3270928
2003,48,12.397192
2003,49,11.5139496
2003,50,11.5612288
2003,51,8.250011200000001
2003,52,12.417275199999999
2003,53,14.212629600000001
2003,54,12.275856
2003,55,13.546118400000001
2003,56,16.556088
2003,57,16.498348800000002
2003,58,14.082088800000001
2003,59,12.690072
2003,60,13.1883864
2003,61,17.043942400000002
2003,62,7.8830744
2003,63,10.5076976
2003,64,9.726544800000001
2003,65,13.5176672
2003,66,9.988881600000001
2003,67,16.857336
2003,68,8.550840800000001
2003,69,11.006012000000002
2003,70,14.370784800000003
2003,71,16.049824
2003,72,14.4113696
2003,73,9.303542400000001
2003,74,5.032515200000001
2003,75,19.348908
2003,76,14.326852800000001
2003,77,19.368572800000003
2003,78,19.6330016
2003,79,15.8017128
2003,80,18.578633600000003
2003,81,8.005247200000001
2003,82,17.279083200000002
2003,83,21.917884
2003,84,16.1514952
2003,85,9.4939144
2003,86,17.8974784
2003,87,22.407412
2003,88,22.4998784
2003,89,22.087336
2003,90,18.3715256
2003,91,8.955852
2003,92,7.156732000000001
2003,93,19.0300872
2003,94,20.6764912
2003,95,10.2286248
2003,96,13.118095199999999
2003,97,21.494881600000003
2003,98,24.992705600000004
2003,99,24.890616
2003,100,25.060068000000005
2003,101,24.673048
2003,102,16.687884
2003,103,22.97016
2003,104,8.993089600000001
2003,105,21.428774399999998
2003,106,16.5092272
2003,107,10.8541328
2003,108,25.558382400000003
2003,109,26.713166400000002
2003,110,22.963047200000002
2003,111,8.6449808
2003,112,13.0097296
2003,113,17.0159096
2003,114,19.5756808
2003,115,7.1680288
2003,116,22.251767200000003
2003,117,25.364663200000003
2003,118,19.6790256
2003,119,16.525544800000002
2003,120,21.063092800000003
2003,121,20.968116
2003,122,20.5903008
2003,123,10.479246400000001
2003,124,14.4301976
2003,125,27.052907200000003
2003,126,23.790224000000002
2003,127,27.670047200000003
2003,128,11.3390584
2003,129,17.84476
2003,130,26.5721656
2003,131,20.639672
2003,132,19.189916
2003,133,29.5269064
2003,134,21.6262592
2003,135,28.492203200000002
2003,136,29.772925600000004
2003,137,30.2888128
2003,138,30.008066400000004
2003,139,30.834406400000002
2003,140,29.9231312
2003,141,26.3663128
2003,142,29.4716776
2003,143,29.752842400000002
2003,144,22.4542728
2003,145,21.450949600000005
2003,146,25.121154399999998
2003,147,30.761186400000003
2003,148,29.178379200000002
2003,149,24.700244
2003,150,28.654124000000003
2003,151,29.1741952
2003,152,30.0691528
2003,153,30.608888800000003
2003,154,31.268287200000003
2003,155,28.6051712
2003,156,31.231049600000002
2003,157,30.0632952
2003,158,30.214756
2003,159,29.5269064
2003,160,31.380000000000003
2003,161,31.221426400000002
2003,162,31.6904528
2003,163,31.733129600000005
2003,164,25.824066400000003
2003,165,30.802608000000003
2003,166,28.3855112
2003,167,31.614304000000004
2003,168,32.135212
2003,169,26.7240448
2003,170,27.612308000000002
2003,171,13.811384000000002
2003,172,32.0582264
2003,173,29.1013936
2003,174,30.946537600000003
2003,175,21.253464800000003
2003,176,32.309266400000006
2003,177,32.523068800000004
2003,178,32.5414784
2003,179,32.532692
2003,180,32.7828952
2003,181,31.8657624
2003,182,32.3481776
2003,183,32.2841624
2003,184,32.2582216
2003,185,32.37704720000001
2003,186,31.0151552
2003,187,29.187584
2003,188,32.0105288
2003,189,31.7101176
2003,190,32.4264184
2003,191,29.805979200000003
2003,192,31.266195200000002
2003,193,31.826014400000002
2003,194,31.546523200000003
2003,195,31.420166400000003
2003,196,29.0687584
2003,197,28.0700376
2003,198,30.229400000000002
2003,199,27.305620800000003
2003,200,19.6489008
2003,201,29.651589600000005
2003,202,30.096767200000002
2003,203,29.641966400000005
2003,204,28.685922400000003
2003,205,23.5722376
2003,206,21.0216712
2003,207,21.313296
2003,208,29.813928800000003
2003,209,29.596360800000003
2003,210,29.620628000000004
2003,211,29.711420800000003
2003,212,29.4666568
2003,213,27.989286400000005
2003,214,14.9615656
2003,215,20.953890400000002
2003,216,28.424004000000004
2003,217,25.902307200000003
2003,218,29.1779608
2003,219,28.8114424
2003,220,25.613611199999998
2003,221,28.616049600000004
2003,222,28.224008800000004
2003,223,27.7842704
2003,224,18.189521600000003
2003,225,27.5060344
2003,226,24.317408000000004
2003,227,23.842942400000002
2003,228,26.2696624
2003,229,27.105625600000003
2003,230,24.9977264
2003,231,26.45334
2003,232,25.6985464
2003,233,16.498348800000002
2003,234,18.0154672
2003,235,25.7951968
2003,236,25.7282528
2003,237,25.708169600000005
2003,238,20.4124808
2003,239,25.1052552
2003,240,23.6253744
2003,241,16.275760000000002
2003,242,24.9734592
2003,243,24.704009600000003
2003,244,15.734768800000001
2003,245,23.6011072
2003,246,23.863025600000004
2003,247,21.7475952
2003,248,15.1916856
2003,249,18.924232
2003,250,18.7685872
2003,251,22.432516
2003,252,13.714733600000002
2003,253,20.1129064
2003,254,21.803660800000003
2003,255,22.432516
2003,256,23.388560000000002
2003,257,23.273500000000002
2003,258,18.3054184
2003,259,18.0342952
2003,260,21.4756352
2003,261,21.388608
2003,262,20.6727256
2003,263,21.7367168
2003,264,21.550110399999998
2003,265,21.564754399999998
2003,266,21.3212456
2003,267,21.3492784
2003,268,20.7509664
2003,269,20.074413600000003
2003,270,19.7932488
2003,271,19.6781888
2003,272,17.5422568
2003,273,18.6911832
2003,274,10.022772000000002
2003,275,12.342381600000001
2003,276,17.5422568
2003,277,17.6861864
2003,278,17.2523056
2003,279,16.1887328
2003,280,11.134042400000002
2003,281,17.357742400000003
2003,282,16.9719776
2003,283,17.522592000000003
2003,284,14.949013600000002
2003,285,15.4079984
2003,286,17.184524800000002
2003,287,16.4594376
2003,288,10.994296799999999
2003,289,12.790906399999999
2003,290,15.9184464
2003,291,14.023931200000002
2003,292,13.8607552
2003,293,15.0465008
2003,294,15.299632800000001
2003,295,15.164489600000001
2003,296,14.0590768
2003,297,12.5963504
2003,298,14.449444000000002
2003,299,14.023931200000002
2003,300,11.6030688
2003,301,12.200962400000002
2003,302,9.819848
2003,303,11.472528
2003,304,13.299262400000002
2003,305,13.8837672
2003,306,9.929887200000001
2003,307,8.988487200000002
2003,308,8.002736800000001
2003,309,10.728194400000001
2003,310,12.757852800000002
2003,311,10.547445600000001
2003,312,10.4051896
2003,313,4.987328000000001
2003,314,6.2144952
2003,315,7.113636800000001
2003,316,11.6269176
2003,317,2.0974392
2003,318,11.411441600000002
2003,319,5.8881432
2003,320,4.233371200000001
2003,321,8.7951864
2003,322,10.273812000000001
2003,323,4.19446
2003,324,7.0266096000000005
2003,325,9.9742376
2003,326,10.6683632
2003,327,9.9947392
2003,328,3.0446968
2003,329,8.166749600000001
2003,330,5.934167200000001
2003,331,10.0131488
2003,332,7.5002384
2003,333,2.5610264000000003
2003,334,2.4840408
2003,335,9.6052088
2003,336,8.6705032
2003,337,8.060476000000001
2003,338,6.3981728
2003,339,3.3149832000000004
2003,340,0.918388
2003,341,3.3246064
2003,342,5.1806288
2003,343,8.476365600000001
2003,344,3.8563928
2003,345,1.4690024000000002
2003,346,3.1585016
2003,347,2.6723208
2003,348,2.9053696
2003,349,8.9303296
2003,350,7.88684
2003,351,8.495612000000001
2003,352,8.3504272
2003,353,8.2537768
2003,354,5.6057232
2003,355,1.8748504000000001
2003,356,8.4366176
2003,357,6.311145600000001
2003,358,1.1694280000000001
2003,359,3.5471952000000004
2003,360,4.552192
2003,361,7.2776496
2003,362,3.05432
2003,363,2.0974392
2003,364,5.5283192
2003,365,3.4890376
2004,1,2.9769160000000006
2004,2,8.621132000000001
2004,3,6.4739032
2004,4,5.7998608
2004,5,9.4135816
2004,6,3.585688
2004,7,4.832520000000001
2004,8,7.1328832
2004,9,8.940371200000001
2004,10,8.215284
2004,11,9.8478808
2004,12,9.9068752
2004,13,10.070888
2004,14,10.129045600000001
2004,15,6.176002400000001
2004,16,4.0011592
2004,17,5.3835527999999995
2004,18,7.654628
2004,19,4.3521968
2004,20,4.0747976
2004,21,3.0154088
2004,22,7.577224
2004,23,9.742444
2004,24,4.0593168
2004,25,10.853714400000001
2004,26,8.737028800000001
2004,27,5.760531200000001
2004,28,5.9973456
2004,29,6.2186792
2004,30,4.3588912
2004,31,11.3369664
2004,32,5.1710056
2004,33,5.8475584
2004,34,5.2287448
2004,35,5.3835527999999995
2004,36,10.964172000000001
2004,37,12.1729296
2004,38,5.866804800000001
2004,39,10.959988000000001
2004,40,9.7616904
2004,41,10.235319200000001
2004,42,8.748744
2004,43,9.700604
2004,44,15.019304800000002
2004,45,13.7436032
2004,46,9.8775872
2004,47,10.02068
2004,48,4.8626448
2004,49,8.9110832
2004,50,15.869912000000001
2004,51,16.1791096
2004,52,15.531844800000002
2004,53,13.984183200000002
2004,54,13.762849600000001
2004,55,7.645004800000001
2004,56,7.268026400000001
2004,57,6.485200000000001
2004,58,8.9449736
2004,59,10.6742208
2004,60,10.4478664
2004,61,13.675822400000001
2004,62,12.7097368
2004,63,15.4808
2004,64,8.457119200000001
2004,65,12.690072
2004,66,17.116744
2004,67,18.401232
2004,68,18.8756976
2004,69,18.8756976
2004,70,19.5610368
2004,71,19.4945112
2004,72,18.605411200000002
2004,73,19.7932488
2004,74,14.797134400000003
2004,75,20.3447
2004,76,19.5129208
2004,77,20.9442672
2004,78,18.962724800000004
2004,79,19.445140000000002
2004,80,20.721678400000002
2004,81,20.0551672
2004,82,14.5239192
2004,83,20.250141600000003
2004,84,18.894944000000002
2004,85,19.0652328
2004,86,18.5501824
2004,87,14.980812000000002
2004,88,23.644620800000002
2004,89,23.9546552
2004,90,23.350904000000003
2004,91,19.445140000000002
2004,92,9.181788
2004,93,23.495670399999998
2004,94,22.5379528
2004,95,15.6284952
2004,96,23.7663752
2004,97,10.796812000000001
2004,98,16.2063056
2004,99,22.471427200000004
2004,100,19.3254776
2004,101,26.060880800000003
2004,102,25.399808800000002
2004,103,26.403968800000005
2004,104,14.3138824
2004,105,21.311204000000004
2004,106,21.6680992
2004,107,16.3724104
2004,108,15.995432000000001
2004,109,23.021204800000003
2004,110,13.5695488
2004,111,15.2803864
2004,112,12.7745888
2004,113,20.018348
2004,114,28.5407376
2004,115,27.225706400000004
2004,116,28.009369600000003
2004,117,28.298484000000002
2004,118,24.916556800000002
2004,119,19.3484896
2004,120,20.0647904
2004,121,29.2562016
2004,122,29.293857600000003
2004,123,27.825692
2004,124,28.868763200000004
2004,125,28.308944000000004
2004,126,24.838316
2004,127,28.3767248
2004,128,28.114806400000003
2004,129,29.7683232
2004,130,26.2299144
2004,131,18.382822400000002
2004,132,17.2619288
2004,133,24.0169968
2004,134,29.0788
2004,135,27.670884
2004,136,18.493280000000002
2004,137,27.994725600000002
2004,138,26.175104
2004,139,14.1661872
2004,140,23.5730744
2004,141,22.4684984
2004,142,16.9351584
2004,143,20.103283200000003
2004,144,20.984015199999998
2004,145,27.7365728
2004,146,31.349456800000002
2004,147,13.118513600000002
2004,148,23.2153424
2004,149,11.5788016
2004,150,29.4001312
2004,151,31.546523200000003
2004,152,31.7971448
2004,153,31.8243408
2004,154,31.780408800000004
2004,155,22.144238400000003
2004,156,31.283349600000005
2004,157,28.1281952
2004,158,31.8519552
2004,159,32.0193152
2004,160,31.333976
2004,161,25.485999200000002
2004,162,26.173012
2004,163,31.835637600000002
2004,164,30.0197816
2004,165,29.062064000000003
2004,166,32.658212
2004,167,31.110968800000002
2004,168,32.1653368
2004,169,32.1452536
2004,170,22.0555376
2004,171,29.3566176
2004,172,30.7469608
2004,173,32.091280000000005
2004,174,32.1096896
2004,175,30.3038752
2004,176,27.6169104
2004,177,27.697243200000003
2004,178,26.244558400000003
2004,179,24.3144792
2004,180,20.049728
2004,181,20.7647736
2004,182,27.173824800000002
2004,183,22.2952808
2004,184,27.247881600000003
2004,185,23.7910608
2004,186,28.209364800000003
2004,187,31.251969600000002
2004,188,29.0884232
2004,189,29.6720912
2004,190,30.6590968
2004,191,18.8690032
2004,192,29.917692
2004,193,30.541108000000005
2004,194,30.776667200000002
2004,195,25.3274256
2004,196,22.344652
2004,197,23.016184000000003
2004,198,25.613611199999998
2004,199,23.8354112
2004,200,12.7147576
2004,201,22.644644800000002
2004,202,23.3119928
2004,203,28.2800744
2004,204,27.4098024
2004,205,29.4252352
2004,206,28.999304000000002
2004,207,22.108674399999998
2004,208,22.8379456
2004,209,28.4892744
2004,210,28.316056800000002
2004,211,27.5876224
2004,212,27.342021600000002
2004,213,28.2788192
2004,214,24.8240904
2004,215,18.9083328
2004,216,27.628207200000002
2004,217,27.9035144
2004,218,27.686364800000003
2004,219,22.503225600000004
2004,220,27.7750656
2004,221,28.329445600000003
2004,222,27.538251199999998
2004,223,27.6579136
2004,224,27.1432816
2004,225,26.0780352
2004,226,25.849588800000003
2004,227,20.8568216
2004,228,19.8840416
2004,229,13.764104800000002
2004,230,22.1174608
2004,231,20.7660288
2004,232,22.3346104
2004,233,22.251767200000003
2004,234,23.603199200000002
2004,235,9.281367200000002
2004,236,24.5387416
2004,237,16.8832768
2004,238,17.634723200000003
2004,239,22.5421368
2004,240,24.379749600000004
2004,241,24.447530399999998
2004,242,24.270965600000004
2004,243,24.3684528
2004,244,23.6985944
2004,245,22.0187184
2004,246,20.4781696
2004,247,20.6907168
2004,248,23.130407200000004
2004,249,23.183544
2004,250,23.135428000000005
2004,251,22.433352799999998
2004,252,22.254696
2004,253,21.8726968
2004,254,21.5053416
2004,255,21.832112
2004,256,12.4708304
2004,257,19.2639728
2004,258,20.2811032
2004,259,18.8104272
2004,260,20.103283200000003
2004,261,20.1066304
2004,262,9.9604304
2004,263,9.1432952
2004,264,12.4904952
2004,265,19.1945184
2004,266,19.5710784
2004,267,16.2916592
2004,268,19.2438896
2004,269,19.1761088
2004,270,18.3752912
2004,271,17.9803216
2004,272,16.2468904
2004,273,7.5106984
2004,274,16.6472992
2004,275,17.407532
2004,276,16.578263200000002
2004,277,17.122601600000003
2004,278,11.344916
2004,279,16.982855999999998
2004,280,15.961123200000001
2004,281,15.9125888
2004,282,16.0548448
2004,283,10.3675336
2004,284,12.9051296
2004,285,15.4636456
2004,286,15.3142768
2004,287,15.837695199999999
2004,288,15.508832800000002
2004,289,13.4423552
2004,290,14.662828000000001
2004,291,8.214865600000001
2004,292,11.8980408
2004,293,9.0048048
2004,294,5.5120016000000005
2004,295,12.4302456
2004,296,10.3871984
2004,297,2.0045544
2004,298,9.9922288
2004,299,8.876356000000001
2004,300,4.8480008
2004,301,4.8676656000000005
2004,302,10.625686400000001
2004,303,3.1003439999999998
2004,304,5.2726768
2004,305,10.811874400000002
2004,306,12.579196
2004,307,12.33234
2004,308,6.289807200000001
2004,309,11.701811200000002
2004,310,10.4365696
2004,311,11.463323200000001
2004,312,11.3252512
2004,313,3.0706376
2004,314,10.1010128
2004,315,3.6229256000000003
2004,316,3.7312912000000007
2004,317,6.1939936
2004,318,1.3627288000000002
2004,319,3.8509536000000004
2004,320,9.8541568
2004,321,5.075192
2004,322,9.547888
2004,323,9.419439200000001
2004,324,8.5997936
2004,325,5.6345928
2004,326,9.95792
2004,327,6.022868
2004,328,8.4818048
2004,329,4.4137016000000004
2004,330,2.7451224
2004,331,8.1558712
2004,332,3.1794216
2004,333,8.5705056
2004,334,9.3617
2004,335,6.793142400000001
2004,336,3.978984
2004,337,3.70284
2004,338,5.8354248
2004,339,8.9357688
2004,340,8.8964392
2004,341,5.1341864
2004,342,1.5895016000000002
2004,343,0.7602328000000002
2004,344,1.8363576000000001
2004,345,7.918220000000001
2004,346,6.2617744
2004,347,3.5346432000000005
2004,348,7.2768128
2004,349,6.1019456000000005
2004,350,7.0203336
2004,351,4.2555464
2004,352,3.4953136000000002
2004,353,6.506956800000001
2004,354,8.0964584
2004,355,4.624993600000001
2004,356,3.5773200000000003
2004,357,5.424556000000001
2004,358,8.1161232
2004,359,8.037464
2004,360,8.1558712
2004,361,3.3472
2004,362,5.0454856
2004,363,7.079328
2004,364,1.8857288
2004,365,3.52502
2004,366,1.5895016000000002
2005,1,3.4363192
2005,2,7.1199128
2005,3,2.0635488
2005,4,2.3007816
2005,5,5.7663888
2005,6,5.8454664
2005,7,4.3839952
2005,8,2.6363384
2005,9,7.7609016
2005,10,7.7609016
2005,11,3.2978288
2005,12,7.859644
2005,13,9.6478856
2005,14,9.755414400000001
2005,15,9.16296
2005,16,6.0132448
2005,17,7.573040000000001
2005,18,7.504004
2005,19,9.478852000000002
2005,20,9.9541544
2005,21,7.6324528
2005,22,8.2642368
2005,23,10.446611200000001
2005,24,10.5846832
2005,25,8.9357688
2005,26,6.756741600000001
2005,27,6.6529784
2005,28,7.3261840000000005
2005,29,1.6388728000000001
2005,30,6.6450288
2005,31,8.4617216
2005,32,8.205242400000001
2005,33,10.6143896
2005,34,10.7114584
2005,35,10.9528752
2005,36,9.3307384
2005,37,8.3236496
2005,38,6.9312144
2005,39,8.550840800000001
2005,40,12.0691664
2005,41,13.149893600000002
2005,42,9.5181816
2005,43,6.7140648
2005,44,3.2384160000000004
2005,45,5.9442088
2005,46,14.415972000000002
2005,47,14.624335199999999
2005,48,14.603415199999999
2005,49,11.27588
2005,50,3.5643496
2005,51,7.9483448
2005,52,13.7218464
2005,53,11.931512800000002
2005,54,15.551091200000002
2005,55,15.699204800000002
2005,56,15.7853952
2005,57,15.890832000000001
2005,58,16.005473600000002
2005,59,6.7437712
2005,60,15.294612
2005,61,10.6018376
2005,62,9.1374376
2005,63,13.349470400000001
2005,64,17.3682024
2005,65,15.8084072
2005,66,14.466180000000001
2005,67,17.0719752
2005,68,18.010028000000002
2005,69,18.050612800000003
2005,70,18.2665072
2005,71,17.989944800000004
2005,72,18.5836544
2005,73,17.111304800000003
2005,74,15.758617600000001
2005,75,12.213932800000002
2005,76,14.1682792
2005,77,10.833631200000001
2005,78,9.5382648
2005,79,13.882512000000002
2005,80,13.428548000000001
2005,81,3.1396736000000005
2005,82,5.985630400000001
2005,83,12.598024000000002
2005,84,19.560200000000002
2005,85,20.369804000000002
2005,86,12.077116
2005,87,13.043201600000002
2005,88,5.2626352
2005,89,18.9970336
2005,90,22.789829600000004
2005,91,19.569823200000002
2005,92,21.435887200000003
2005,93,8.591007200000002
2005,94,13.8335592
2005,95,23.2529984
2005,96,23.0793624
2005,97,6.483944800000001
2005,98,17.581168
2005,99,16.183293600000002
2005,100,21.8166312
2005,101,19.2104176
2005,102,23.0651368
2005,103,16.209234400000003
2005,104,21.9149552
2005,105,24.704428000000004
2005,106,22.582721600000003
2005,107,18.957704000000003
2005,108,19.9844576
2005,109,7.148782400000001
2005,110,7.3521248
2005,111,13.8084552
2005,112,25.770511199999998
2005,113,15.9552656
2005,114,3.6986560000000006
2005,115,21.2346368
2005,116,25.928666400000004
2005,117,20.321688
2005,118,16.775748
2005,119,27.393484800000003
2005,120,20.204536
2005,121,29.046164800000003
2005,122,27.272985600000002
2005,123,25.0843352
2005,124,22.947148000000002
2005,125,19.099541600000002
2005,126,22.5818848
2005,127,15.5134352
2005,128,22.633766400000003
2005,129,12.8549216
2005,130,22.5613832
2005,131,6.411980000000001
2005,132,13.8419272
2005,133,29.852003200000002
2005,134,28.0340552
2005,135,13.2302264
2005,136,3.3677016
2005,137,26.5541744
2005,138,14.0954776
2005,139,23.7701408
2005,140,27.7947304
2005,141,30.8490504
2005,142,30.943608800000003
2005,143,30.577927200000005
2005,144,31.5481968
2005,145,32.277468000000006
2005,146,32.444828
2005,147,32.100484800000004
2005,148,28.597640000000002
2005,149,11.395124000000001
2005,150,27.9507936
2005,151,23.655917600000002
2005,152,27.272985600000002
2005,153,28.5248384
2005,154,31.3289552
2005,155,32.027683200000006
2005,156,16.013841600000003
2005,157,25.34458
2005,158,21.7689336
2005,159,20.4237776
2005,160,32.6841528
2005,161,30.964528800000004
2005,162,15.8569416
2005,163,32.0799832
2005,164,32.6008912
2005,165,29.202228000000005
2005,166,20.0806896
2005,167,26.719860800000003
2005,168,8.872172
2005,169,27.4587552
2005,170,30.6954976
2005,171,30.992980000000003
2005,172,18.5911856
2005,173,24.083522400000003
2005,174,31.068292
2005,175,27.8784104
2005,176,28.461660000000002
2005,177,21.7375536
2005,178,12.687980000000001
2005,179,17.9945472
2005,180,31.995884800000002
2005,181,32.1481824
2005,182,31.750284000000004
2005,183,32.1034136
2005,184,31.982914400000002
2005,185,32.1138736
2005,186,31.9724544
2005,187,31.7113728
2005,188,29.0595536
2005,189,23.8123992
2005,190,23.1446328
2005,191,28.8583032
2005,192,31.266195200000002
2005,193,30.922688800000003
2005,194,30.828548800000004
2005,195,31.0373304
2005,196,26.585136000000002
2005,197,28.6913616
2005,198,32.069104800000005
2005,199,31.120592
2005,200,29.616862400000002
2005,201,30.6850376
2005,202,22.947148000000002
2005,203,14.8247488
2005,204,30.359522400000003
2005,205,30.338184000000002
2005,206,30.234420800000002
2005,207,30.567885600000004
2005,208,30.901768800000003
2005,209,29.054951199999998
2005,210,15.618872000000001
2005,211,17.338077600000002
2005,212,28.218988000000003
2005,213,23.2730816
2005,214,27.544527200000005
2005,215,29.055788000000003
2005,216,28.7122816
2005,217,29.024826400000002
2005,218,28.8583032
2005,219,24.364268800000005
2005,220,20.2572544
2005,221,23.6872976
2005,222,27.242024
2005,223,28.0658536
2005,224,25.2090184
2005,225,27.461265600000004
2005,226,27.9039328
2005,227,25.8922656
2005,228,3.8990696000000002
2005,229,16.253584800000002
2005,230,20.4007656
2005,231,26.3688232
2005,232,26.064228000000004
2005,233,25.991008000000004
2005,234,16.253584800000002
2005,235,25.2403984
2005,236,25.25044
2005,237,25.0634152
2005,238,25.625744800000003
2005,239,25.470100000000002
2005,240,25.765490399999997
2005,241,24.955049600000002
2005,242,25.0424952
2005,243,25.396461600000002
2005,244,24.8755536
2005,245,22.967649600000005
2005,246,24.395648800000004
2005,247,23.4580144
2005,248,23.3115744
2005,249,23.3324944
2005,250,23.530816
2005,251,23.4676376
2005,252,22.884388000000005
2005,253,16.858172800000002
2005,254,21.9350384
2005,255,22.4567832
2005,256,18.7660768
2005,257,22.529584800000002
2005,258,22.2798
2005,259,17.9322056
2005,260,17.410460800000003
2005,261,21.716633599999998
2005,262,21.529190399999997
2005,263,16.2740864
2005,264,13.667872800000001
2005,265,18.474452000000003
2005,266,18.6618952
2005,267,14.366182400000001
2005,268,20.350976
2005,269,18.651435199999998
2005,270,11.1763008
2005,271,19.8396912
2005,272,20.0380128
2005,273,19.443884800000003
2005,274,12.739861600000001
2005,275,13.4176696
2005,276,11.1139592
2005,277,14.2728792
2005,278,15.0962904
2005,279,17.9840872
2005,280,16.3682264
2005,281,9.7374232
2005,282,13.4699696
2005,283,17.410460800000003
2005,284,14.397980800000001
2005,285,12.5314984
2005,286,16.3786864
2005,287,16.3368464
2005,288,10.3215096
2005,289,14.637724000000002
2005,290,11.8122688
2005,291,12.062472000000001
2005,292,13.5323112
2005,293,11.5411456
2005,294,14.8879272
2005,295,14.679564000000001
2005,296,14.6527864
2005,297,14.4866816
2005,298,8.5905888
2005,299,9.6855416
2005,300,3.7325464
2005,301,9.9980864
2005,302,6.6203432
2005,303,12.9804416
2005,304,7.3906176
2005,305,10.165028
2005,306,5.932075200000001
2005,307,5.4839688
2005,308,6.516161600000001
2005,309,8.246664
2005,310,3.12754
2005,311,5.233765600000001
2005,312,5.1346048
2005,313,11.5252464
2005,314,7.5065144
2005,315,9.278856800000002
2005,316,6.6308032
2005,317,2.6062136000000002
2005,318,6.5370816000000005
2005,319,11.2181408
2005,320,10.961243200000002
2005,321,10.880073600000001
2005,322,10.102686400000001
2005,323,10.5298728
2005,324,10.5717128
2005,325,10.436151200000001
2005,326,10.372136000000001
2005,327,10.0721432
2005,328,10.102686400000001
2005,329,2.6898936000000004
2005,330,7.1625896000000004
2005,331,9.9671248
2005,332,8.914012000000001
2005,333,2.512492
2005,334,9.297266400000002
2005,335,4.7864960000000005
2005,336,9.644956800000001
2005,337,6.338760000000001
2005,338,9.7064616
2005,339,8.7993704
2005,340,4.5454976
2005,341,9.4457984
2005,342,9.4378488
2005,343,9.6821944
2005,344,5.3170272
2005,345,8.6533488
2005,346,8.4240656
2005,347,5.4630488
2005,348,9.1223752
2005,349,8.6742688
2005,350,8.2818096
2005,351,5.9073896
2005,352,4.243412800000001
2005,353,4.5559576
2005,354,5.0044824000000006
2005,355,5.681872000000001
2005,356,1.8246424
2005,357,8.6115088
2005,358,7.2353912000000005
2005,359,3.5865248000000003
2005,360,1.3761176000000002
2005,361,1.928824
2005,362,0.8966312000000001
2005,363,8.1303488
2005,364,0.6322024
2005,365,2.0463944
2006,1,8.1864144
2006,2,2.0434656
2006,3,8.7056488
2006,4,7.7776376
2006,5,8.204824
2006,6,4.7747808
2006,7,2.0225456000000004
2006,8,6.2659584
2006,9,8.5073272
2006,10,3.4250224
2006,11,1.3141944
2006,12,9.543704
2006,13,5.5048888
2006,14,3.11708
2006,15,8.1215624
2006,16,9.7688032
2006,17,2.8045352
2006,18,5.045904
2006,19,2.8877968
2006,20,7.5169744000000005
2006,21,6.5785032
2006,22,4.2137063999999995
2006,23,9.766711200000001
2006,24,10.102686400000001
2006,25,9.2165152
2006,26,7.3186528
2006,27,5.8174336
2006,28,1.8660640000000002
2006,29,7.3086112000000005
2006,30,2.6794336000000003
2006,31,10.1135648
2006,32,4.5028208
2006,33,8.455027200000002
2006,34,10.5298728
2006,35,2.575252
2006,36,12.698440000000002
2006,37,13.2616064
2006,38,13.438171200000001
2006,39,12.9172632
2006,40,13.376248
2006,41,14.199659200000001
2006,42,14.3837552
2006,43,13.608460000000001
2006,44,14.3770608
2006,45,13.803434400000002
2006,46,6.912386400000001
2006,47,12.6047184
2006,48,14.7728672
2006,49,7.0684496
2006,50,11.5306856
2006,51,15.857360000000002
2006,52,8.7156904
2006,53,12.833583200000001
2006,54,14.8147072
2006,55,16.316344800000003
2006,56,16.597509600000002
2006,57,13.4360792
2006,58,3.8492800000000003
2006,59,4.2329528000000005
2006,60,17.744344
2006,61,17.8903656
2006,62,16.3000272
2006,63,11.775868000000001
2006,64,12.687980000000001
2006,65,3.4614232000000005
2006,66,11.270022400000002
2006,67,13.709712800000002
2006,68,17.1602576
2006,69,14.9607288
2006,70,19.3501632
2006,71,16.3891464
2006,72,16.868214400000003
2006,73,4.7438192
2006,74,14.2310392
2006,75,17.796644
2006,76,12.695092800000001
2006,77,6.8111336
2006,78,10.3215096
2006,79,17.504600800000002
2006,80,14.595884000000002
2006,81,16.669056
2006,82,17.5681976
2006,83,16.6916496
2006,84,7.3604928
2006,85,18.042244800000002
2006,86,22.033780800000002
2006,87,7.7253376
2006,88,8.204824
2006,89,13.605531200000001
2006,90,5.723712000000001
2006,91,12.5001184
2006,92,19.464804800000003
2006,93,18.0154672
2006,94,9.3725784
2006,95,6.1299784
2006,96,12.3022152
2006,97,23.7810192
2006,98,16.493328
2006,99,14.644418400000001
2006,100,20.656408
2006,101,15.5238952
2006,102,18.9225584
2006,103,23.2592744
2006,104,11.6039056
2006,105,14.7209856
2006,106,5.3379472
2006,107,18.5886752
2006,108,27.085960800000002
2006,109,27.7005904
2006,110,27.638667200000004
2006,111,22.790666400000003
2006,112,26.8039592
2006,113,20.319596
2006,114,16.4100664
2006,115,28.2947184
2006,116,28.1909552
2006,117,28.0340552
2006,118,28.7750416
2006,119,28.628601600000003
2006,120,28.535298400000002
2006,121,28.257480800000003
2006,122,29.9904936
2006,123,28.941564800000002
2006,124,29.180889600000004
2006,125,29.890496
2006,126,28.0445152
2006,127,15.3674136
2006,128,26.578860000000002
2006,129,30.897584800000004
2006,130,30.918923200000002
2006,131,28.840730399999998
2006,132,27.8051904
2006,133,30.057019200000003
2006,134,30.2658008
2006,135,30.567885600000004
2006,136,31.84024
2006,137,30.713488800000004
2006,138,21.4245904
2006,139,28.3679384
2006,140,30.338602400000003
2006,141,20.4446976
2006,142,22.1852416
2006,143,26.700196000000002
2006,144,30.140280800000003
2006,145,31.016410399999998
2006,146,18.322572800000003
2006,147,6.729964
2006,148,23.2178528
2006,149,23.3119928
2006,150,32.329768
2006,151,31.016410399999998
2006,152,32.0168048
2006,153,21.0911256
2006,154,29.4315112
2006,155,26.4081528
2006,156,32.0586448
2006,157,30.276260800000003
2006,158,23.116600000000002
2006,159,15.687489600000001
2006,160,12.656600000000001
2006,161,31.0477904
2006,162,25.0106968
2006,163,28.6081
2006,164,23.978504
2006,165,22.206580000000002
2006,166,30.196346400000003
2006,167,32.5029856
2006,168,31.756141600000003
2006,169,32.309266400000006
2006,170,31.8301984
2006,171,32.787916
2006,172,32.308848000000005
2006,173,32.9870744
2006,174,32.5799712
2006,175,32.9661544
2006,176,32.996697600000005
2006,177,32.7159512
2006,178,31.651960000000003
2006,179,29.087586400000003
2006,180,25.563403200000003
2006,181,29.6193728
2006,182,29.862044800000003
2006,183,22.2245712
2006,184,30.1616192
2006,185,26.199371199999998
2006,186,16.6707296
2006,187,18.3075104
2006,188,31.9230832
2006,189,32.4967096
2006,190,32.0063448
2006,191,30.703865600000004
2006,192,16.8995944
2006,193,24.6881104
2006,194,31.295483200000003
2006,195,31.415145600000002
2006,196,31.070384000000004
2006,197,31.0883752
2006,198,31.089212
2006,199,31.227284
2006,200,28.735712
2006,201,30.394249600000006
2006,202,30.158690399999998
2006,203,27.9516304
2006,204,20.526704000000002
2006,205,18.2811512
2006,206,26.7688136
2006,207,29.0545328
2006,208,30.138607200000003
2006,209,27.9717136
2006,210,26.521120800000002
2006,211,27.7298784
2006,212,13.954058400000001
2006,213,29.192186400000004
2006,214,29.180889600000004
2006,215,22.4413024
2006,216,20.053493600000003
2006,217,25.5529432
2006,218,28.4353008
2006,219,27.65624
2006,220,29.3185432
2006,221,28.529022400000002
2006,222,27.8461936
2006,223,27.8876152
2006,224,27.5905512
2006,225,28.290116
2006,226,24.9537944
2006,227,22.6199592
2006,228,23.670561600000003
2006,229,27.2215224
2006,230,27.449968800000004
2006,231,24.280588800000004
2006,232,26.8997728
2006,233,23.1027928
2006,234,26.6378544
2006,235,22.3973704
2006,236,22.555944000000004
2006,237,20.7061976
2006,238,24.2174104
2006,239,25.311108000000004
2006,240,25.385583200000003
2006,241,21.525424800000003
2006,242,24.1529768
2006,243,25.6286736
2006,244,25.5738632
2006,245,25.406503200000003
2006,246,21.525424800000003
2006,247,15.605064800000003
2006,248,22.5990392
2006,249,16.635584
2006,250,20.8312992
2006,251,20.243447200000002
2006,252,17.9079384
2006,253,22.230010399999998
2006,254,23.345464800000002
2006,255,22.713680800000002
2006,256,21.9354568
2006,257,13.673312000000001
2006,258,10.5030952
2006,259,13.754481600000002
2006,260,22.4718456
2006,261,21.6630784
2006,262,8.5177872
2006,263,8.1286752
2006,264,14.0276968
2006,265,19.4643864
2006,266,20.9689528
2006,267,21.0522144
2006,268,20.579004
2006,269,20.7375776
2006,270,19.9166768
2006,271,19.7166816
2006,272,19.4443032
2006,273,18.4338672
2006,274,13.2076328
2006,275,4.1747952
2006,276,17.2518872
2006,277,16.2941696
2006,278,13.144454400000003
2006,279,7.529108
2006,280,9.2223728
2006,281,17.0803432
2006,282,6.8542288000000005
2006,283,16.877419200000002
2006,284,15.78414
2006,285,16.6464624
2006,286,16.3632056
2006,287,16.5619456
2006,288,11.567086399999999
2006,289,14.8586392
2006,290,7.823661600000001
2006,291,14.523082400000002
2006,292,6.3831104000000005
2006,293,15.825980000000001
2006,294,15.426408
2006,295,15.3222264
2006,296,14.206772
2006,297,13.5126464
2006,298,5.2053144
2006,299,13.302191200000001
2006,300,13.842764000000003
2006,301,14.0879464
2006,302,13.744021600000002
2006,303,12.713502400000001
2006,304,13.9858568
2006,305,13.165374400000001
2006,306,8.3504272
2006,307,9.0014576
2006,308,9.8006016
2006,309,6.688124
2006,310,6.0149184
2006,311,11.3570496
2006,312,3.93296
2006,313,5.9622
2006,314,11.0005728
2006,315,2.7129056000000005
2006,316,11.3465896
2006,317,5.8467216
2006,318,11.104336
2006,319,8.2232336
2006,320,2.8706424
2006,321,6.784356000000001
2006,322,10.230716800000001
2006,323,7.2872728
2006,324,4.363912
2006,325,4.279813600000001
2006,326,6.1621952
2006,327,7.455469600000001
2006,328,10.116075200000001
2006,329,9.8847
2006,330,9.3269728
2006,331,3.5133048000000002
2006,332,9.096016
2006,333,9.8847
2006,334,6.9404192
2006,335,8.5809656
2006,336,6.803602400000001
2006,337,9.453748
2006,338,9.359608
2006,339,8.665064000000001
2006,340,8.8541808
2006,341,8.9696592
2006,342,9.075096
2006,343,5.0789576
2006,344,1.6614664000000001
2006,345,7.4240896
2006,346,4.1538752
2006,347,1.3250728
2006,348,4.40366
2006,349,2.1798640000000002
2006,350,8.2336936
2006,351,7.0140576
2006,352,8.9068992
2006,353,6.9086208000000005
2006,354,8.6437256
2006,355,6.2149136
2006,356,3.8802416
2006,357,5.9730784
2006,358,8.8236376
2006,359,4.679385600000001
2006,360,3.3124728
2006,361,4.5111888
2006,362,6.0462983999999995
2006,363,8.8541808
2006,364,6.8981608
2006,365,5.0894176
2007,1,6.4672088
2007,2,5.94128
2007,3,1.4091712
2007,4,4.0061800000000005
2007,5,9.1391112
2007,6,4.3957104000000005
2007,7,7.329531200000001
2007,8,6.666785600000001
2007,9,9.3801096
2007,10,3.5229280000000003
2007,11,4.4693488
2007,12,9.90562
2007,13,10.1558232
2007,14,9.4775968
2007,15,10.0110568
2007,16,10.0846952
2007,17,10.136995200000001
2007,18,10.0110568
2007,19,10.127372000000001
2007,20,7.382249600000001
2007,21,10.6206656
2007,22,9.6847048
2007,23,10.494727200000002
2007,24,10.8206608
2007,25,10.8206608
2007,26,9.655416800000001
2007,27,10.7039272
2007,28,11.177974400000002
2007,29,11.272951200000001
2007,30,10.9465992
2007,31,10.852040800000001
2007,32,4.606584
2007,33,11.714363200000001
2007,34,7.4240896
2007,35,11.9457384
2007,36,10.715642400000002
2007,37,9.4219496
2007,38,8.6541856
2007,39,10.127372000000001
2007,40,8.570087200000001
2007,41,9.0328376
2007,42,4.9948592000000005
2007,43,12.5662256
2007,44,11.482988
2007,45,14.218068800000001
2007,46,3.7856832000000002
2007,47,12.429408800000001
2007,48,14.3854288
2007,49,3.2806744
2007,50,14.0385752
2007,51,12.6490688
2007,52,13.051988
2007,53,9.558766400000001
2007,54,9.7060432
2007,55,11.777541600000001
2007,56,6.750884
2007,57,12.444052800000001
2007,58,17.2845224
2007,59,12.713502400000001
2007,60,10.336990400000001
2007,61,15.005916
2007,62,14.459904000000002
2007,63,16.5305656
2007,64,9.0432976
2007,65,18.171112
2007,66,15.3431464
2007,67,17.056494400000002
2007,68,11.556626399999999
2007,69,12.681704000000002
2007,70,17.4188288
2007,71,18.5242416
2007,72,18.5284256
2007,73,16.7514808
2007,74,20.927112800000003
2007,75,19.6430432
2007,76,21.2731296
2007,77,19.5597816
2007,78,20.137592
2007,79,7.487268
2007,80,21.5886032
2007,81,20.790296
2007,82,21.115392800000002
2007,83,22.5053176
2007,84,14.1741368
2007,85,20.2635304
2007,86,5.8362616
2007,87,12.9553376
2007,88,23.7031968
2007,89,19.6430432
2007,90,21.1785712
2007,91,9.4248784
2007,92,20.7978272
2007,93,22.335028800000003
2007,94,18.8438992
2007,95,24.250045600000004
2007,96,24.5542224
2007,97,23.387723200000003
2007,98,19.2120912
2007,99,9.548306400000001
2007,100,23.3659664
2007,101,23.012
2007,102,19.5229624
2007,103,26.3592
2007,104,18.8359496
2007,105,16.982855999999998
2007,106,26.6382728
2007,107,18.3388904
2007,108,6.342944
2007,109,26.335769600000003
2007,110,22.754265600000004
2007,111,25.170944000000002
2007,112,8.0617312
2007,113,13.4858688
2007,114,24.444601600000002
2007,115,22.118297600000002
2007,116,27.7570744
2007,117,28.2687776
2007,118,26.252926400000003
2007,119,26.126569600000003
2007,120,28.224008800000004
2007,121,26.3269832
2007,122,22.5111752
2007,123,26.601035200000002
2007,124,26.6068928
2007,125,30.041120000000003
2007,126,30.076265600000003
2007,127,29.856187200000004
2007,128,30.0373544
2007,129,29.2758664
2007,130,29.5821352
2007,131,30.044885600000004
2007,132,29.8909144
2007,133,29.4892504
2007,134,30.1298208
2007,135,30.0612032
2007,136,26.604800800000003
2007,137,27.7834336
2007,138,29.6018
2007,139,28.3574784
2007,140,21.6806512
2007,141,23.788132
2007,142,18.9146088
2007,143,31.6695328
2007,144,25.363826400000004
2007,145,29.6018
2007,146,29.589248000000005
2007,147,22.4940208
2007,148,32.7289216
2007,149,32.3812312
2007,150,32.869504
2007,151,32.462400800000005
2007,152,32.5067512
2007,153,30.550731199999998
2007,154,30.113084800000003
2007,155,22.289841600000003
2007,156,17.1447768
2007,157,11.062914400000002
2007,158,20.865608
2007,159,27.8240184
2007,160,31.365356000000002
2007,161,16.9464552
2007,162,30.090909600000003
2007,163,32.5883392
2007,164,29.8545136
2007,165,31.0837728
2007,166,32.0695232
2007,167,31.2038536
2007,168,33.246482400000005
2007,169,32.7510968
2007,170,30.2465544
2007,171,32.0402352
2007,172,32.5067512
2007,173,32.1954616
2007,174,29.359128000000002
2007,175,33.216776
2007,176,33.5590272
2007,177,33.0770304
2007,178,32.214708
2007,179,32.124752
2007,180,30.572488000000003
2007,181,32.3954568
2007,182,32.0624104
2007,183,30.128147200000004
2007,184,32.6402208
2007,185,32.68080560000001
2007,186,33.0887456
2007,187,20.799082400000003
2007,188,24.260087200000005
2007,189,30.7800144
2007,190,30.4913184
2007,191,30.2101536
2007,192,28.727762400000003
2007,193,26.534509600000003
2007,194,26.401458400000003
2007,195,31.061597600000002
2007,196,21.207022400000003
2007,197,18.0648384
2007,198,12.7745888
2007,199,29.0834024
2007,200,29.6469872
2007,201,27.8754816
2007,202,28.9126952
2007,203,26.1345192
2007,204,25.1558816
2007,205,12.129834400000002
2007,206,23.5927392
2007,207,23.474332
2007,208,29.987146400000004
2007,209,24.222849600000004
2007,210,25.956280800000002
2007,211,22.096122400000002
2007,212,24.5115456
2007,213,28.9645768
2007,214,9.825287200000002
2007,215,24.6303712
2007,216,24.200256
2007,217,22.8722544
2007,218,29.055369600000002
2007,219,25.059649600000004
2007,220,28.683412
2007,221,28.9424016
2007,222,27.8608376
2007,223,28.1574832
2007,224,28.305178400000003
2007,225,26.004396800000002
2007,226,27.3830248
2007,227,23.051748000000003
2007,228,22.585231999999998
2007,229,26.334096
2007,230,22.1998856
2007,231,19.7468064
2007,232,25.8826424
2007,233,23.444207200000005
2007,234,17.450208800000002
2007,235,26.689736
2007,236,26.1642256
2007,237,25.756285600000002
2007,238,25.955444000000004
2007,239,25.661308800000004
2007,240,25.86758
2007,241,25.460476800000002
2007,242,18.8501752
2007,243,24.511964000000003
2007,244,24.474308000000004
2007,245,20.1990968
2007,246,24.4521328
2007,247,10.8997384
2007,248,16.2573504
2007,249,23.837084800000003
2007,250,23.8588416
2007,251,22.785645600000002
2007,252,21.930436
2007,253,23.810307200000004
2007,254,23.8178384
2007,255,23.263876800000002
2007,256,21.01414
2007,257,21.7998952
2007,258,21.5333744
2007,259,19.835507200000002
2007,260,19.458110400000002
2007,261,11.544074400000001
2007,262,12.3298296
2007,263,20.280684800000003
2007,264,20.9915464
2007,265,10.95162
2007,266,7.7060912
2007,267,14.7155464
2007,268,20.5919744
2007,269,20.3501392
2007,270,20.263112000000003
2007,271,8.980956
2007,272,9.2106576
2007,273,19.687393600000004
2007,274,6.335412799999999
2007,275,15.293775199999999
2007,276,12.566644000000002
2007,277,15.4423072
2007,278,4.2756296
2007,279,13.952803200000002
2007,280,16.5531592
2007,281,17.894968000000002
2007,282,17.4364016
2007,283,10.446611200000001
2007,284,16.6426968
2007,285,8.3362016
2007,286,11.6110184
2007,287,16.5535776
2007,288,15.790416
2007,289,7.4374784
2007,290,11.6499296
2007,291,5.7203648000000005
2007,292,1.9857264000000001
2007,293,10.41816
2007,294,11.6185496
2007,295,14.908428800000001
2007,296,15.064073600000002
2007,297,15.190012000000001
2007,298,13.367043200000001
2007,299,12.670825599999999
2007,300,13.219348
2007,301,12.262885599999999
2007,302,8.9880688
2007,303,4.9944408000000005
2007,304,13.463693600000001
2007,305,11.4177176
2007,306,13.101359200000001
2007,307,12.6930008
2007,308,12.8486456
2007,309,12.7519952
2007,310,12.618944
2007,311,12.5524184
2007,312,12.2210456
2007,313,5.7178544
2007,314,8.714016800000001
2007,315,4.9425592
2007,316,9.9365816
2007,317,4.7275016
2007,318,11.481732800000001
2007,319,8.7985336
2007,320,8.4989592
2007,321,4.3643304
2007,322,7.0098736
2007,323,7.3655136
2007,324,3.512468
2007,325,10.180927200000001
2007,326,10.485104
2007,327,10.3813408
2007,328,10.3662784
2007,329,5.950066400000001
2007,330,8.8989496
2007,331,8.9880688
2007,332,9.580941600000001
2007,333,7.7357976
2007,334,6.179768
2007,335,6.0831176
2007,336,7.7805664000000005
2007,337,3.2158224
2007,338,3.882752
2007,339,5.2241424
2007,340,3.8605768
2007,341,1.7041431999999999
2007,342,3.3861112000000007
2007,343,9.114007200000001
2007,344,3.2455287999999998
2007,345,8.8767744
2007,346,5.9722416
2007,347,5.276024
2007,348,8.2692576
2007,349,3.5714624
2007,350,8.1286752
2007,351,5.7015368
2007,352,5.2203768
2007,353,4.838796
2007,354,2.7120688
2007,355,8.5064904
2007,356,4.5350376
2007,357,5.4090752
2007,358,3.4752304000000005
2007,359,7.9952056
2007,360,6.221608
2007,361,5.6262248
2007,362,4.3124488
2007,363,5.8387720000000005
2007,364,5.750071200000001
2007,365,9.4771784
2008,1,8.59812
2008,2,8.7407944
2008,3,3.7421696
2008,4,2.8677136000000005
2008,5,10.751624800000002
2008,6,4.1940416
2008,7,4.4237432000000005
2008,8,2.5342488000000003
2008,9,7.591868
2008,10,4.841724800000001
2008,11,6.9207544
2008,12,6.950460800000001
2008,13,4.7350328
2008,14,7.0542240000000005
2008,15,10.203520800000002
2008,16,9.150826400000001
2008,17,9.17342
2008,18,9.8478808
2008,19,9.8771688
2008,20,6.0613608
2008,21,8.3069136
2008,22,11.136134400000001
2008,23,11.196384000000002
2008,24,6.9132232
2008,25,11.311444000000002
2008,26,10.472970400000001
2008,27,6.1429488
2008,28,9.662529600000001
2008,29,5.1571984
2008,30,11.136971200000001
2008,31,2.8183424
2008,32,11.986323200000001
2008,33,11.136971200000001
2008,34,8.2692576
2008,35,12.587564000000002
2008,36,9.812316800000001
2008,37,10.499748
2008,38,9.5734104
2008,39,10.336572
2008,40,12.722288800000001
2008,41,12.930233600000001
2008,42,12.270835199999999
2008,43,13.478756
2008,44,8.098132000000001
2008,45,14.7824904
2008,46,14.760315199999999
2008,47,13.552394400000003
2008,48,10.6700368
2008,49,14.6122016
2008,50,15.5230584
2008,51,11.3817352
2008,52,14.931022400000002
2008,53,8.180556800000002
2008,54,12.6779384
2008,55,7.6768032
2008,56,8.6621352
2008,57,15.7979472
2008,58,14.233968
2008,59,16.220112800000003
2008,60,16.309232
2008,61,7.365095200000001
2008,62,17.8799056
2008,63,15.864472800000001
2008,64,16.6866288
2008,65,17.850199200000002
2008,66,18.953938400000002
2008,67,16.7167536
2008,68,11.6185496
2008,69,17.9313688
2008,70,18.2058392
2008,71,17.5020904
2008,72,16.397514400000002
2008,73,10.507279200000001
2008,74,10.677568
2008,75,10.73196
2008,76,16.3209472
2008,77,17.7096168
2008,78,12.61476
2008,79,12.4005392
2008,80,14.219324000000002
2008,81,16.5196872
2008,82,22.389002400000003
2008,83,18.6505984
2008,84,14.693371200000001
2008,85,8.4918464
2008,86,6.113242400000001
2008,87,20.6137312
2008,88,12.959940000000001
2008,89,23.504038400000002
2008,90,12.5888192
2008,91,20.325453600000003
2008,92,22.236704800000002
2008,93,24.830366400000003
2008,94,25.170944000000002
2008,95,14.3230872
2008,96,20.872302400000002
2008,97,18.1623256
2008,98,22.606988800000003
2008,99,14.671614400000001
2008,100,12.2557728
2008,101,21.848848000000004
2008,102,26.255436800000002
2008,103,26.163807200000004
2008,104,26.586391199999998
2008,105,17.064444
2008,106,25.489764800000003
2008,107,25.052536800000002
2008,108,26.8453808
2008,109,23.2446304
2008,110,15.434776
2008,111,16.1531688
2008,112,26.290164
2008,113,24.926180000000002
2008,114,20.3773352
2008,115,21.110372
2008,116,27.2089704
2008,117,28.9942832
2008,118,28.090539200000002
2008,119,28.2687776
2008,120,23.2960936
2008,121,23.6672144
2008,122,29.4612176
2008,123,29.8540952
2008,124,20.917908
2008,125,28.342416
2008,126,29.339044800000003
2008,127,28.6574712
2008,128,24.6818344
2008,129,26.4755152
2008,130,28.3645912
2008,131,29.077963200000003
2008,132,25.939544800000004
2008,133,30.098440800000002
2008,134,30.055345600000003
2008,135,23.39902
2008,136,30.365380000000002
2008,137,31.3511304
2008,138,31.521000800000003
2008,139,27.5420168
2008,140,28.327772
2008,141,18.0794824
2008,142,27.52026
2008,143,10.7587376
2008,144,20.762263200000003
2008,145,21.917884
2008,146,30.0101584
2008,147,13.455744000000001
2008,148,18.480309600000002
2008,149,22.665564800000002
2008,150,24.112392
2008,151,30.876664800000004
2008,152,19.866050400000002
2008,153,20.5028552
2008,154,27.0462128
2008,155,12.104312000000002
2008,156,16.2749232
2008,157,31.958228800000004
2008,158,27.764605600000003
2008,159,31.210129600000005
2008,160,32.6695088
2008,161,32.19588
2008,162,31.646939200000002
2008,163,27.060438400000002
2008,164,32.817622400000005
2008,165,33.3891568
2008,166,33.1439744
2008,167,32.7510968
2008,168,32.8774536
2008,169,33.047742400000004
2008,170,32.84732880000001
2008,171,33.306732
2008,172,29.3951104
2008,173,26.097281600000002
2008,174,30.913484000000004
2008,175,32.1661736
2008,176,31.943584800000004
2008,177,27.497666400000004
2008,178,30.572906400000004
2008,179,32.6695088
2008,180,32.7510968
2008,181,30.222287200000004
2008,182,23.995240000000003
2008,183,28.883407200000004
2008,184,31.958647200000005
2008,185,31.002603200000003
2008,186,27.408547200000005
2008,187,29.9582768
2008,188,27.9495384
2008,189,32.1954616
2008,190,31.9628312
2008,191,32.3544536
2008,192,31.965760000000003
2008,193,32.840216
2008,194,32.996279200000004
2008,195,32.84732880000001
2008,196,31.728527200000002
2008,197,24.267200000000003
2008,198,30.3427864
2008,199,30.098440800000002
2008,200,30.3139168
2008,201,31.158248000000004
2008,202,30.4394368
2008,203,16.0276488
2008,204,21.2957232
2008,205,30.446968000000002
2008,206,30.334000000000003
2008,207,30.261616800000002
2008,208,29.8913328
2008,209,29.557449600000005
2008,210,29.572512
2008,211,27.0386816
2008,212,29.172103200000002
2008,213,29.2390472
2008,214,28.5947112
2008,215,27.060438400000002
2008,216,28.7428248
2008,217,29.5796248
2008,218,26.9863816
2008,219,28.6093552
2008,220,25.6968728
2008,221,18.3024896
2008,222,28.520236
2008,223,28.1424208
2008,224,29.0838208
2008,225,28.668349600000003
2008,226,27.447458400000002
2008,227,27.913137600000002
2008,228,28.0311264
2008,229,28.105601600000004
2008,230,27.9348944
2008,231,23.866791199999998
2008,232,21.755544800000003
2008,233,26.675092
2008,234,26.4755152
2008,235,27.097257600000002
2008,236,22.7262328
2008,237,23.9705544
2008,238,21.873952
2008,239,23.859260000000003
2008,240,25.0270144
2008,241,25.885571199999998
2008,242,25.548759200000003
2008,243,16.494164800000004
2008,244,21.1823368
2008,245,24.699407200000003
2008,246,24.0743176
2008,247,24.400669600000004
2008,248,24.5040144
2008,249,23.304043200000002
2008,250,23.9333168
2008,251,23.889384800000002
2008,252,24.259668800000004
2008,253,21.4961368
2008,254,23.311156
2008,255,23.370568800000004
2008,256,23.2592744
2008,257,23.037104000000003
2008,258,23.0220416
2008,259,22.953424000000002
2008,260,22.505736
2008,261,20.362272800000003
2008,262,20.5016
2008,263,13.241523200000001
2008,264,12.648650400000001
2008,265,14.6029968
2008,266,19.6451352
2008,267,17.9317872
2008,268,19.524636
2008,269,17.6430912
2008,270,19.961864000000002
2008,271,19.643461600000002
2008,272,19.2271536
2008,273,19.224224800000002
2008,274,17.4058584
2008,275,18.3610656
2008,276,14.6791456
2008,277,12.670825599999999
2008,278,9.135764
2008,279,13.300517600000001
2008,280,17.909612000000003
2008,281,16.093756
2008,282,18.0280192
2008,283,16.452324800000003
2008,284,5.2726768
2008,285,7.424508
2008,286,12.285479200000001
2008,287,16.775748
2008,288,15.7975288
2008,289,15.5234768
2008,290,14.434381600000002
2008,291,14.8958768
2008,292,15.271181600000002
2008,293,13.641095199999999
2008,294,13.435242400000002
2008,295,15.168673600000002
2008,296,14.9055
2008,297,14.867844000000002
2008,298,12.193431200000001
2008,299,13.9770704
2008,300,13.7787488
2008,301,13.823936
2008,302,12.7637104
2008,303,13.522688
2008,304,12.456604800000001
2008,305,3.889028
2008,306,4.4300192
2008,307,5.819107200000001
2008,308,6.7107176
2008,309,4.832520000000001
2008,310,11.3147912
2008,311,7.0399984
2008,312,9.678847200000002
2008,313,10.563344800000001
2008,314,3.5237648
2008,315,10.1307192
2008,316,2.734244
2008,317,5.263472
2008,318,7.653791200000001
2008,319,10.9947152
2008,320,10.687191200000001
2008,321,10.9938784
2008,322,10.2269512
2008,323,9.4742496
2008,324,8.8964392
2008,325,9.5240392
2008,326,9.876332000000001
2008,327,7.288528
2008,328,9.6424464
2008,329,9.5181816
2008,330,9.2537528
2008,331,7.2956408
2008,332,5.446312799999999
2008,333,8.384736
2008,334,6.6596728
2008,335,9.0847192
2008,336,7.9031576
2008,337,4.1450888
2008,338,8.0998056
2008,339,1.6740184
2008,340,8.297290400000001
2008,341,7.661322400000001
2008,342,6.98728
2008,343,2.6974248000000003
2008,344,8.7721744
2008,345,8.457956000000001
2008,346,6.8571576
2008,347,7.288528
2008,348,7.518648
2008,349,6.2818575999999995
2008,350,4.598216000000001
2008,351,5.7751752000000005
2008,352,8.9332584
2008,353,7.2445960000000005
2008,354,5.0295864
2008,355,4.9563664
2008,356,4.9739392
2008,357,5.5220432
2008,358,4.978123200000001
2008,359,7.5517016
2008,360,3.4066128000000004
2008,361,9.028235200000001
2008,362,4.671436000000001
2008,363,3.2748168
2008,364,3.2677039999999997
2008,365,8.0546184
2008,366,5.97266
2009,1,2.9827736000000002
2009,2,1.1183832
2009,3,9.1596128
2009,4,9.408142400000001
2009,5,4.2178904
2009,6,4.6613944
2009,7,6.8730568000000005
2009,8,2.3175176
2009,9,9.408142400000001
2009,10,9.035348
2009,11,7.4127928
2009,12,7.5680192
2009,13,9.259192
2009,14,9.2621208
2009,15,7.273884
2009,16,3.8526272
2009,17,5.921196800000001
2009,18,3.0116432000000004
2009,19,5.8329144
2009,20,10.102268
2009,21,5.29276
2009,22,3.830452
2009,23,3.0702192
2009,24,3.1727272
2009,25,2.5953352
2009,26,7.4491936
2009,27,8.526992000000002
2009,28,9.8792608
2009,29,11.747835199999999
2009,30,11.988833600000001
2009,31,11.819381600000002
2009,32,12.317696
2009,33,10.9947152
2009,34,12.5369376
2009,35,12.718523200000002
2009,36,4.0496936
2009,37,11.9377888
2009,38,7.083512000000001
2009,39,9.240364
2009,40,5.393176
2009,41,12.3402896
2009,42,9.422786400000001
2009,43,8.7433048
2009,44,10.1323928
2009,45,9.516508
2009,46,11.564994400000002
2009,47,6.637916000000001
2009,48,7.5224136
2009,49,14.941064000000003
2009,50,14.7230776
2009,51,15.285825599999999
2009,52,14.5536256
2009,53,4.510352
2009,54,9.795580800000002
2009,55,9.9637776
2009,56,9.3353408
2009,57,5.9165944
2009,58,17.2560712
2009,59,15.9217936
2009,60,9.8056224
2009,61,6.312400800000001
2009,62,14.386684000000002
2009,63,9.1742568
2009,64,11.9273288
2009,65,9.8269608
2009,66,18.1150464
2009,67,8.297290400000001
2009,68,9.395590400000001
2009,69,8.6818
2009,70,19.474428
2009,71,19.9706504
2009,72,20.242192000000003
2009,73,17.389540800000002
2009,74,8.553351200000002
2009,75,5.351336000000001
2009,76,16.981600800000002
2009,77,20.350557600000002
2009,78,17.8665168
2009,79,20.883599200000003
2009,80,16.9970816
2009,81,9.554582400000001
2009,82,19.4279856
2009,83,16.2083976
2009,84,8.8161064
2009,85,21.483584800000003
2009,86,18.919211200000003
2009,87,18.773608
2009,88,10.890115199999999
2009,89,23.627048000000002
2009,90,9.5629504
2009,91,18.8146112
2009,92,9.8324
2009,93,20.131316
2009,94,22.859284000000002
2009,95,25.014462400000003
2009,96,25.34458
2009,97,24.4734712
2009,98,5.3438048
2009,99,20.5200096
2009,100,16.1473112
2009,101,14.452372800000001
2009,102,25.8625592
2009,103,24.5989912
2009,104,10.4399168
2009,105,12.6666416
2009,106,12.9172632
2009,107,26.374262400000003
2009,108,25.447088000000004
2009,109,27.33198
2009,110,27.4110576
2009,111,27.765860800000002
2009,112,24.100676800000002
2009,113,20.6882064
2009,114,18.4280096
2009,115,27.449968800000004
2009,116,18.376964800000003
2009,117,20.702850400000003
2009,118,20.979412800000002
2009,119,24.5772344
2009,120,26.3232176
2009,121,13.772472800000001
2009,122,18.6464144
2009,123,13.817241600000001
2009,124,20.168972
2009,125,23.289399200000002
2009,126,18.823816
2009,127,22.1998856
2009,128,30.315590399999998
2009,129,29.9854728
2009,130,29.0863312
2009,131,29.7745992
2009,132,28.516052
2009,133,26.3232176
2009,134,17.683676
2009,135,28.8085136
2009,136,30.666628000000003
2009,137,30.950303200000004
2009,138,30.4097304
2009,139,17.120509600000002
2009,140,30.453244
2009,141,31.469537600000002
2009,142,29.5700016
2009,143,20.518754400000002
2009,144,27.1432816
2009,145,30.577508800000004
2009,146,31.198832799999998
2009,147,31.5067752
2009,148,30.271240000000002
2009,149,28.720649600000005
2009,150,25.9977024
2009,151,23.5207744
2009,152,18.056470400000002
2009,153,18.047684
2009,154,24.526189600000002
2009,155,23.172247200000005
2009,156,12.2227192
2009,157,13.1595168
2009,158,24.904004800000003
2009,159,30.065805600000004
2009,160,25.8198824
2009,161,21.1693664
2009,162,14.328108
2009,163,26.8788528
2009,164,16.492072800000003
2009,165,17.3334752
2009,166,18.8438992
2009,167,29.8394512
2009,168,27.8302944
2009,169,31.184607200000002
2009,170,22.040056800000002
2009,171,11.330272
2009,172,12.851574400000002
2009,173,32.6757848
2009,174,31.315148000000004
2009,175,31.9611576
2009,176,26.50564
2009,177,31.6465208
2009,178,32.8218064
2009,179,32.5879208
2009,180,31.228120800000003
2009,181,26.4633816
2009,182,30.6800168
2009,183,22.704476
2009,184,25.3960432
2009,185,31.513469600000004
2009,186,25.6106824
2009,187,31.503428000000003
2009,188,31.827688000000002
2009,189,31.703423200000003
2009,190,30.725204
2009,191,31.4477808
2009,192,25.4019008
2009,193,30.483787200000002
2009,194,31.279584000000003
2009,195,31.257408800000004
2009,196,30.71056
2009,197,30.0879808
2009,198,30.797168800000005
2009,199,28.6716968
2009,200,29.6189544
2009,201,31.250296000000002
2009,202,30.4461312
2009,203,30.5277192
2009,204,24.115320800000003
2009,205,26.3244728
2009,206,24.4370704
2009,207,29.919784000000003
2009,208,29.467912
2009,209,28.8817336
2009,210,29.144907200000002
2009,211,29.241139200000003
2009,212,29.1156192
2009,213,29.7955192
2009,214,24.950028800000002
2009,215,26.3085736
2009,216,25.995192
2009,217,18.8518488
2009,218,22.91786
2009,219,20.7743968
2009,220,17.646856800000002
2009,221,27.770463200000002
2009,222,27.742012
2009,223,27.639504000000002
2009,224,26.637436
2009,225,21.616636
2009,226,24.8901976
2009,227,27.6474536
2009,228,27.3537368
2009,229,27.054162400000003
2009,230,24.5115456
2009,231,26.710656
2009,232,26.557103200000004
2009,233,25.980548000000002
2009,234,20.6568264
2009,235,7.413211200000001
2009,236,25.1106944
2009,237,24.0057
2009,238,25.359224
2009,239,24.9851744
2009,240,21.0463568
2009,241,11.972934400000002
2009,242,19.789064800000002
2009,243,24.290630399999998
2009,244,22.31118
2009,245,22.11244
2009,246,22.859284000000002
2009,247,18.1719488
2009,248,15.9289064
2009,249,21.855960800000002
2009,250,18.064420000000002
2009,251,23.5525728
2009,252,22.8956848
2009,253,20.6585
2009,254,22.675606400000003
2009,255,22.1643216
2009,256,16.484123200000003
2009,257,12.485892800000002
2009,258,20.3359136
2009,259,21.4045072
2009,260,20.7162392
2009,261,21.075644800000003
2009,262,19.1238088
2009,263,21.388608
2009,264,21.3513704
2009,265,20.6158232
2009,266,20.6367432
2009,267,20.4091336
2009,268,20.0300632
2009,269,19.5756808
2009,270,20.5053656
2009,271,18.5083424
2009,272,4.1450888
2009,273,19.043476
2009,274,19.1371976
2009,275,18.7288392
2009,276,11.177556
2009,277,4.488595200000001
2009,278,7.828264
2009,279,16.4991856
2009,280,17.8953864
2009,281,12.104730400000001
2009,282,16.8648672
2009,283,13.523943200000001
2009,284,11.980465599999999
2009,285,12.690490400000002
2009,286,10.3441032
2009,287,12.741953600000002
2009,288,15.6280768
2009,289,15.870748800000001
2009,290,15.5264056
2009,291,13.164956
2009,292,9.6424464
2009,293,8.5090008
2009,294,10.2051944
2009,295,13.954058400000001
2009,296,12.1277424
2009,297,10.2269512
2009,298,14.648602400000001
2009,299,9.6934912
2009,300,12.200962400000002
2009,301,13.1218608
2009,302,11.475875199999999
2009,303,12.705134400000002
2009,304,12.6833776
2009,305,12.432756
2009,306,12.859524000000002
2009,307,12.778354400000001
2009,308,12.690490400000002
2009,309,7.4332944
2009,310,8.589752
2009,311,6.666785600000001
2009,312,12.120629600000001
2009,313,10.870450400000001
2009,314,7.7328688
2009,315,5.204896000000001
2009,316,6.3454544
2009,317,9.5399384
2009,318,7.1128
2009,319,11.196802400000001
2009,320,10.747440800000001
2009,321,10.811874400000002
2009,322,7.4345496
2009,323,10.475480800000001
2009,324,4.273956
2009,325,5.594008
2009,326,2.3246304
2009,327,10.307702400000002
2009,328,9.123212
2009,329,9.708135200000001
2009,330,9.852901600000001
2009,331,4.0061800000000005
2009,332,5.870152000000001
2009,333,9.569226400000002
2009,334,9.3863856
2009,335,9.0131728
2009,336,9.4805256
2009,337,9.4742496
2009,338,9.22572
2009,339,4.8613896
2009,340,5.9287279999999996
2009,341,4.7944456
2009,342,8.962128
2009,343,6.747536800000001
2009,344,9.1889008
2009,345,8.1362064
2009,346,4.6639048
2009,347,3.874384
2009,348,8.7345184
2009,349,2.7267128
2009,350,4.868502400000001
2009,351,6.981422400000001
2009,352,6.8642704000000005
2009,353,5.6801984
2009,354,6.520764
2009,355,5.0881624
2009,356,2.3518264
2009,357,4.8400512
2009,358,8.516532000000002
2009,359,4.2471784
2009,360,7.6245032
2009,361,4.7003056
2009,362,6.7839376
2009,363,5.2505016
2009,364,2.5292280000000003
2009,365,6.5324792
2010,1,2.4488952000000004
2010,2,7.975540800000001
2010,3,8.765061600000001
2010,4,5.884796000000001
2010,5,3.209128
2010,6,3.194484
2010,7,8.814851200000001
2010,8,8.5529328
2010,9,2.2735856
2010,10,9.247476800000001
2010,11,9.3278096
2010,12,3.17984
2010,13,4.7685048000000005
2010,14,9.8943232
2010,15,8.238714400000001
2010,16,8.443312
2010,17,6.747536800000001
2010,18,7.8295192
2010,19,9.9918104
2010,20,9.3278096
2010,21,7.3688608
2010,22,2.5221152
2010,23,3.9254287999999997
2010,24,9.8102248
2010,25,7.828264
2010,26,5.373092799999999
2010,27,1.6300864000000002
2010,28,6.908202400000001
2010,29,10.1830192
2010,30,8.5090008
2010,31,7.873451200000001
2010,32,11.921471200000001
2010,33,7.704836
2010,34,8.297290400000001
2010,35,10.775473600000002
2010,36,4.9082504
2010,37,12.4448896
2010,38,12.7273096
2010,39,7.5441704000000005
2010,40,9.8298896
2010,41,7.604001600000001
2010,42,10.497656000000001
2010,43,9.861688000000001
2010,44,8.1583816
2010,45,8.665064000000001
2010,46,4.221656
2010,47,5.767644
2010,48,6.462188
2010,49,14.401328
2010,50,14.412624800000001
2010,51,15.361137600000001
2010,52,15.424734400000002
2010,53,15.9862272
2010,54,15.8925056
2010,55,8.575108
2010,56,13.736072000000002
2010,57,13.712641600000001
2010,58,6.9446031999999995
2010,59,4.978123200000001
2010,60,17.2594184
2010,61,11.1101936
2010,62,14.364508800000001
2010,63,5.687311200000001
2010,64,14.3519568
2010,65,15.0490112
2010,66,14.7958792
2010,67,14.462832800000001
2010,68,15.785813600000001
2010,69,14.415972000000002
2010,70,19.1664856
2010,71,13.8603368
2010,72,7.9972976
2010,73,17.3598344
2010,74,20.5279592
2010,75,19.8401096
2010,76,13.4716432
2010,77,17.646856800000002
2010,78,21.125434400000003
2010,79,20.783183200000003
2010,80,16.477428800000002
2010,81,14.282920800000001
2010,82,21.8137024
2010,83,20.080271200000002
2010,84,10.8629192
2010,85,17.0548208
2010,86,23.062626400000003
2010,87,19.9133296
2010,88,3.8158080000000005
2010,89,6.6513048
2010,90,13.626451200000002
2010,91,17.8079408
2010,92,13.903013600000001
2010,93,21.0681136
2010,94,19.1116752
2010,95,7.1094528
2010,96,23.5609408
2010,97,24.4370704
2010,98,14.138154400000001
2010,99,25.8261584
2010,100,18.699551200000002
2010,101,6.1186816
2010,102,7.7709432
2010,103,17.506692800000003
2010,104,23.6195168
2010,105,24.897728800000003
2010,106,13.3925656
2010,107,25.051281600000003
2010,108,27.099349600000004
2010,109,26.147489600000004
2010,110,20.7350672
2010,111,8.256287200000001
2010,112,5.5923344
2010,113,27.473399200000003
2010,114,27.2646176
2010,115,27.463357600000002
2010,116,24.0215992
2010,117,4.5760408
2010,118,18.164836
2010,119,19.9790184
2010,120,23.93248
2010,121,20.059351200000002
2010,122,27.580509600000003
2010,123,17.661500800000002
2010,124,29.5833904
2010,125,20.966024
2010,126,26.425307200000002
2010,127,29.298460000000002
2010,128,21.2731296
2010,129,26.50564
2010,130,14.459904000000002
2010,131,9.700604
2010,132,23.903192
2010,133,30.559936
2010,134,30.4139144
2010,135,30.8628576
2010,136,26.31736
2010,137,20.4233592
2010,138,15.454022400000001
2010,139,30.0365176
2010,140,28.9327784
2010,141,15.768240800000001
2010,142,20.4844456
2010,143,24.699407200000003
2010,144,29.1595512
2010,145,21.0827576
2010,146,18.7351152
2010,147,18.6924384
2010,148,7.690610400000001
2010,149,29.5616336
2010,150,29.4884136
2010,151,20.6078736
2010,152,19.545556
2010,153,18.9999624
2010,154,15.380802400000002
2010,155,8.775521600000001
2010,156,20.1279688
2010,157,17.8953864
2010,158,16.9803456
2010,159,27.2089704
2010,160,19.005401600000003
2010,161,30.510564800000004
2010,162,26.2307512
2010,163,13.3632776
2010,164,30.2779344
2010,165,32.551520000000004
2010,166,22.0697632
2010,167,16.885368800000002
2010,168,32.87326960000001
2010,169,29.906395200000002
2010,170,27.967948000000003
2010,171,25.907746400000004
2010,172,29.7444744
2010,173,32.3615664
2010,174,28.1382368
2010,175,23.748802400000002
2010,176,23.8793432
2010,177,32.5623984
2010,178,32.69042880000001
2010,179,32.3686792
2010,180,18.8313472
2010,181,31.096743200000002
2010,182,31.425605600000004
2010,183,31.792542400000002
2010,184,32.324747200000004
2010,185,32.2808152
2010,186,32.0983928
2010,187,32.5527752
2010,188,32.6757848
2010,189,31.4515464
2010,190,19.620868
2010,191,29.313104000000003
2010,192,28.96374
2010,193,31.147788000000002
2010,194,31.922664800000003
2010,195,32.3833232
2010,196,32.1013216
2010,197,29.684224800000003
2010,198,29.357036
2010,199,31.152808800000003
2010,200,31.6046808
2010,201,30.9578344
2010,202,23.297767200000003
2010,203,30.212245600000003
2010,204,31.1201736
2010,205,31.040677600000002
2010,206,28.028197600000002
2010,207,16.5485568
2010,208,23.047982400000002
2010,209,20.0158376
2010,210,17.5104584
2010,211,22.053445600000003
2010,212,28.965832
2010,213,28.514378400000002
2010,214,29.233608000000004
2010,215,29.190931199999998
2010,216,29.0428176
2010,217,17.5322152
2010,218,17.9673512
2010,219,24.3584112
2010,220,23.5630328
2010,221,16.294588
2010,222,26.118201600000003
2010,223,16.366971200000002
2010,224,27.3416032
2010,225,27.500176800000002
2010,226,28.130705600000002
2010,227,27.2185936
2010,228,27.065459200000003
2010,229,27.4210992
2010,230,27.5947352
2010,231,26.81944
2010,232,26.791407200000002
2010,233,21.564336
2010,234,13.4067912
2010,235,26.269244000000004
2010,236,26.451248000000003
2010,237,26.404387200000002
2010,238,24.658404
2010,239,25.2132024
2010,240,18.842644000000004
2010,241,19.2698304
2010,242,22.1873336
2010,243,24.0282936
2010,244,22.003656
2010,245,24.829529600000004
2010,246,24.4307944
2010,247,24.199837600000002
2010,248,23.981851199999998
2010,249,24.214481600000003
2010,250,23.764701600000002
2010,251,13.522688
2010,252,10.315233600000001
2010,253,23.1320808
2010,254,23.413664
2010,255,23.0387776
2010,256,21.719144000000004
2010,257,15.020560000000001
2010,258,21.927088800000003
2010,259,19.0669064
2010,260,21.1162296
2010,261,20.340934400000002
2010,262,21.3262664
2010,263,21.050122400000003
2010,264,21.1526304
2010,265,14.7887664
2010,266,20.099936
2010,267,20.119182400000003
2010,268,20.1463784
2010,269,19.1246456
2010,270,19.8267208
2010,271,19.842201600000003
2010,272,19.4070656
2010,273,19.219622400000002
2010,274,18.6037376
2010,275,18.2426584
2010,276,11.719384000000002
2010,277,8.74456
2010,278,8.2378776
2010,279,10.2876192
2010,280,8.598956800000002
2010,281,12.9068032
2010,282,11.755784800000002
2010,283,16.4908176
2010,284,16.4899808
2010,285,16.6129904
2010,286,16.722192800000002
2010,287,16.6636168
2010,288,13.0716528
2010,289,11.5189704
2010,290,10.4311304
2010,291,15.396701600000002
2010,292,15.448164800000002
2010,293,15.2665792
2010,294,15.1218128
2010,295,12.538192800000001
2010,296,5.342131200000001
2010,297,1.2162888
2010,298,10.5901224
2010,299,7.0069448
2010,300,14.052800800000002
2010,301,10.9436704
2010,302,11.1478496
2010,303,4.9584584000000005
2010,304,9.374252
2010,305,12.3285744
2010,306,12.5448872
2010,307,12.4289904
2010,308,11.675452000000002
2010,309,11.2578888
2010,310,9.0700752
2010,311,6.4136536
2010,312,5.6751776
2010,313,12.0766976
2010,314,3.3936424
2010,315,4.162243200000001
2010,316,7.550028
2010,317,5.704047200000001
2010,318,1.8966072
2010,319,8.5198792
2010,320,9.06882
2010,321,7.849184
2010,322,3.6120472
2010,323,4.2346264
2010,324,3.7568136000000005
2010,325,4.697795200000001
2010,326,6.5655328
2010,327,5.204477600000001
2010,328,9.332412000000001
2010,329,9.6487224
2010,330,9.8085512
2010,331,5.5015416
2010,332,6.6814296
2010,333,8.8529256
2010,334,6.6387528
2010,335,4.8425616
2010,336,5.059711200000001
2010,337,6.0224496
2010,338,3.6919616
2010,339,8.0638232
2010,340,3.6049344
2010,341,8.225325600000001
2010,342,2.6560032
2010,343,3.937144
2010,344,5.6387768000000005
2010,345,4.3505232000000005
2010,346,8.8169432
2010,347,4.907832
2010,348,0.9409816
2010,349,8.7228032
2010,350,8.8755192
2010,351,7.0868592
2010,352,3.0693824000000003
2010,353,2.1208696
2010,354,3.9814944
2010,355,7.347522400000001
2010,356,3.2283744
2010,357,7.774290400000001
2010,358,8.3253232
2010,359,5.1032248000000004
2010,360,7.1086160000000005
2010,361,7.0504584
2010,362,3.0400944
2010,363,2.7940752
2010,364,4.480645600000001
2010,365,4.075216
2011,1,9.1215384
2011,2,4.8789624
2011,3,8.6939336
2011,4,8.838700000000001
2011,5,7.513627200000001
2011,6,8.897276000000002
2011,7,8.8964392
2011,8,3.6266912000000007
2011,9,6.2182608
2011,10,5.2191216
2011,11,7.774290400000001
2011,12,3.5107944
2011,13,2.0555992
2011,14,6.619924800000001
2011,15,6.1429488
2011,16,2.7288048000000003
2011,17,8.556280000000001
2011,18,5.9358408
2011,19,8.006084
2011,20,9.193084800000001
2011,21,5.1120112
2011,22,10.6620872
2011,23,10.098084
2011,24,8.100224
2011,25,2.4250464000000003
2011,26,5.8776832
2011,27,7.019496800000001
2011,28,10.629452
2011,29,10.510626400000001
2011,30,2.0413736
2011,31,10.4311304
2011,32,12.4298272
2011,33,12.400120800000002
2011,34,12.1465704
2011,35,7.810691200000001
2011,36,8.1914352
2011,37,6.2433648
2011,38,10.4311304
2011,39,4.8572056
2011,40,8.3968696
2011,41,13.574151200000001
2011,42,13.5067888
2011,43,12.689653600000002
2011,44,10.4671128
2011,45,8.9332584
2011,46,14.556972800000002
2011,47,6.7249432
2011,48,10.510626400000001
2011,49,7.4793184
2011,50,4.11078
2011,51,7.166355200000001
2011,52,7.998971200000001
2011,53,9.106476
2011,54,7.8830744
2011,55,6.258845600000001
2011,56,7.951692000000001
2011,57,17.155655199999998
2011,58,17.2753176
2011,59,11.3474264
2011,60,17.7640088
2011,61,5.609907200000001
2011,62,10.762503200000001
2011,63,13.7557368
2011,64,7.832448
2011,65,7.3040088
2011,66,6.1529904
2011,67,11.452444800000002
2011,68,15.7661488
2011,69,6.1601032
2011,70,15.2954488
2011,71,13.074163200000001
2011,72,17.286196
2011,73,13.384616
2011,74,7.2178184
2011,75,5.190252
2011,76,19.1392896
2011,77,9.721524
2011,78,9.8311448
2011,79,6.4354104
2011,80,5.1467384
2011,81,15.020560000000001
2011,82,14.897968800000001
2011,83,13.558252000000001
2011,84,11.9147768
2011,85,14.033135999999999
2011,86,10.8181504
2011,87,14.962402400000002
2011,88,15.288336
2011,89,13.218929600000001
2011,90,22.82372
2011,91,22.4337712
2011,92,8.1868328
2011,93,22.961373599999998
2011,94,15.571174400000002
2011,95,10.6989064
2011,96,15.898363200000002
2011,97,10.610624
2011,98,12.2043096
2011,99,12.17544
2011,100,20.804940000000002
2011,101,13.123952800000001
2011,102,22.7521736
2011,103,5.3203744
2011,104,23.453412
2011,105,18.2639968
2011,106,19.2187856
2011,107,15.5360288
2011,108,11.270022400000002
2011,109,27.659168800000003
2011,110,15.441052
2011,111,15.187083200000002
2011,112,27.4357432
2011,113,27.188887200000003
2011,114,14.789603200000002
2011,115,11.0244216
2011,116,26.874668800000002
2011,117,27.7495432
2011,118,21.384005600000002
2011,119,14.904663200000002
2011,120,27.1173408
2011,121,29.0273368
2011,122,25.785155200000002
2011,123,25.4023192
2011,124,29.764976
2011,125,27.4068736
2011,126,24.633300000000002
2011,127,11.3076784
2011,128,12.038204800000003
2011,129,9.0048048
2011,130,19.462712800000002
2011,131,29.1532752
2011,132,26.827808000000005
2011,133,23.0843832
2011,134,20.254744000000002
2011,135,16.6707296
2011,136,23.9755752
2011,137,15.027672800000001
2011,138,10.2574944
2011,139,24.250464
2011,140,27.933639200000002
2011,141,28.8767128
2011,142,20.942593600000002
2011,143,10.995552000000002
2011,144,31.894632
2011,145,23.945868800000003
2011,146,24.0697152
2011,147,18.6903464
2011,148,19.567312800000003
2011,149,13.282944800000001
2011,150,21.053051200000002
2011,151,22.0542824
2011,152,23.8400136
2011,153,26.4190312
2011,154,31.981659200000003
2011,155,27.6210944
2011,156,28.9796392
2011,157,26.2194544
2011,158,15.461972000000001
2011,159,16.773656
2011,160,30.0833784
2011,161,26.9432864
2011,162,23.735832
2011,163,27.080940000000002
2011,164,23.1596952
2011,165,32.369516
2011,166,32.1193128
2011,167,30.8159968
2011,168,32.324747200000004
2011,169,18.072369600000002
2011,170,26.2391192
2011,171,31.765764800000003
2011,172,31.633968800000005
2011,173,25.2981376
2011,174,30.086307200000004
2011,175,32.0322856
2011,176,29.730248800000005
2011,177,30.772064800000003
2011,178,31.677482400000002
2011,179,31.952789600000003
2011,180,31.2611744
2011,181,30.406383200000004
2011,182,32.1193128
2011,183,31.6632568
2011,184,31.5753928
2011,185,29.295949600000004
2011,186,31.612212
2011,187,31.974546400000005
2011,188,28.028197600000002
2011,189,31.199669600000004
2011,190,26.2855616
2011,191,31.429789600000003
2011,192,27.2909768
2011,193,27.9980728
2011,194,29.9126712
2011,195,26.8060512
2011,196,29.8532584
2011,197,30.959926400000004
2011,198,31.728108800000005
2011,199,31.54736
2011,200,30.793403200000004
2011,201,30.8159968
2011,202,30.4975944
2011,203,30.024384
2011,204,30.919341600000003
2011,205,30.092164800000003
2011,206,29.9620424
2011,207,29.924804800000004
2011,208,29.752005600000004
2011,209,30.005556000000002
2011,210,29.8959352
2011,211,22.3756136
2011,212,11.067935199999999
2011,213,25.0613232
2011,214,18.719216
2011,215,25.799799200000002
2011,216,17.8506176
2011,217,28.565004800000004
2011,218,22.5195432
2011,219,27.5587528
2011,220,27.644524800000003
2011,221,27.867950399999998
2011,222,27.737828000000004
2011,223,27.8516328
2011,224,27.990123200000003
2011,225,21.801568800000002
2011,226,26.6177712
2011,227,23.3659664
2011,228,26.925713599999998
2011,229,26.479699200000002
2011,230,25.180567200000002
2011,231,26.432001600000003
2011,232,26.2307512
2011,233,26.121967200000004
2011,234,26.047492
2011,235,25.652104
2011,236,24.0529792
2011,237,24.8948
2011,238,24.799823200000002
2011,239,18.1116992
2011,240,17.82384
2011,241,24.723256
2011,242,24.919904000000002
2011,243,23.742108
2011,244,21.557223200000003
2011,245,24.575979200000003
2011,246,24.516148000000005
2011,247,24.3102952
2011,248,15.8079888
2011,249,21.802824
2011,250,22.7517552
2011,251,20.631304000000004
2011,252,22.4802136
2011,253,22.888572
2011,254,18.2154624
2011,255,19.002472800000003
2011,256,21.53714
2011,257,20.781091200000002
2011,258,20.4271248
2011,259,13.304701600000001
2011,260,19.966884800000003
2011,261,20.6585
2011,262,20.602434400000003
2011,263,19.9296472
2011,264,20.781091200000002
2011,265,20.8158184
2011,266,20.5024368
2011,267,20.1513992
2011,268,17.3309648
2011,269,19.5961824
2011,270,19.3145992
2011,271,19.0380368
2011,272,18.6798864
2011,273,18.4522768
2011,274,10.9081064
2011,275,16.487052000000002
2011,276,13.673312000000001
2011,277,9.009407200000002
2011,278,2.4058
2011,279,3.2070360000000004
2011,280,3.8647608000000004
2011,281,15.373271200000001
2011,282,16.9523128
2011,283,6.949624
2011,284,12.401375999999999
2011,285,16.2950064
2011,286,16.1724152
2011,287,15.8519208
2011,288,10.736980800000001
2011,289,8.582639200000001
2011,290,15.576195199999999
2011,291,15.466156
2011,292,10.787188800000001
2011,293,14.379152800000002
2011,294,14.2230896
2011,295,13.5804272
2011,296,14.000500800000001
2011,297,10.936976
2011,298,12.9729104
2011,299,14.100498400000001
2011,300,12.7017872
2011,301,12.265814400000002
2011,302,10.5972352
2011,303,13.1904784
2011,304,8.17972
2011,305,11.087181600000001
2011,306,12.979604800000002
2011,307,11.1005704
2011,308,4.9362832
2011,309,11.436964000000001
2011,310,3.9860968
2011,311,3.6074448
2011,312,11.400144800000001
2011,313,11.5444928
2011,314,11.222743200000002
2011,315,9.0796984
2011,316,8.8671512
2011,317,7.9554576
2011,318,11.036973600000001
2011,319,9.8298896
2011,320,8.993926400000001
2011,321,6.2709792
2011,322,5.9651288000000005
2011,323,10.115656800000002
2011,324,7.3224184
2011,325,9.6512328
2011,326,5.1915072
2011,327,3.4827616
2011,328,6.3906416
2011,329,6.9366536
2011,330,9.6725712
2011,331,9.3152576
2011,332,5.322048000000001
2011,333,7.971356800000001
2011,334,4.8362856
2011,335,9.9654512
2011,336,6.279347200000001
2011,337,9.1081496
2011,338,3.3216776
2011,339,8.9068992
2011,340,8.5295024
2011,341,8.6152744
2011,342,8.7583672
2011,343,8.5366152
2011,344,8.621132000000001
2011,345,7.75086
2011,346,6.7224328
2011,347,8.0224016
2011,348,7.301080000000001
2011,349,7.7261744000000006
2011,350,7.8818192
2011,351,8.250848
2011,352,8.2726048
2011,353,5.879356800000001
2011,354,8.250848
2011,355,5.9722416
2011,356,8.4780392
2011,357,8.5295024
2011,358,7.472205600000001
2011,359,8.2081712
2011,360,6.9274488000000005
2011,361,7.601491200000001
2011,362,2.550148
2011,363,5.907808
2011,364,3.6505400000000003
2011,365,8.737028800000001
2012,1,8.4797128
2012,2,5.6291535999999995
2012,3,8.4713448
2012,4,8.6152744
2012,5,6.7224328
2012,6,7.386852000000001
2012,7,3.4505448000000003
2012,8,7.957968
2012,9,9.135764
2012,10,5.993580000000001
2012,11,9.201034400000001
2012,12,9.5512352
2012,13,9.21526
2012,14,9.54998
2012,15,8.1081736
2012,16,10.6800784
2012,17,9.0512472
2012,18,2.6576768000000004
2012,19,0.9857504
2012,20,4.6998872
2012,21,1.8158560000000001
2012,22,6.6274560000000005
2012,23,4.200736
2012,24,9.537009600000001
2012,25,6.3437808
2012,26,3.2074544
2012,27,10.332388
2012,28,11.1763008
2012,29,9.1512448
2012,30,10.5654368
2012,31,10.3754832
2012,32,4.9680816
2012,33,7.3224184
2012,34,10.987184000000001
2012,35,11.1298584
2012,36,11.5629024
2012,37,12.624383200000002
2012,38,11.915613600000002
2012,39,4.357636
2012,40,3.6363144
2012,41,10.3164888
2012,42,6.5701352
2012,43,3.0216848
2012,44,10.1227696
2012,45,8.486825600000001
2012,46,7.5579776
2012,47,13.7578288
2012,48,11.229856
2012,49,5.079376000000001
2012,50,13.0657952
2012,51,6.849626400000001
2012,52,5.4149328
2012,53,8.558372
2012,54,15.0448272
2012,55,16.0364352
2012,56,9.1223752
2012,57,14.5661776
2012,58,11.758713600000002
2012,59,16.000871200000002
2012,60,7.45798
2012,61,8.0152888
2012,62,15.351932800000002
2012,63,10.892625599999999
2012,64,17.894968000000002
2012,65,16.4029536
2012,66,11.785072800000002
2012,67,18.538048800000002
2012,68,18.8652376
2012,69,19.1024704
2012,70,18.0652568
2012,71,8.7583672
2012,72,16.930556
2012,73,5.0936016
2012,74,7.8111096
2012,75,7.8466736
2012,76,5.1864864
2012,77,4.6718544
2012,78,8.5725976
2012,79,16.32806
2012,80,10.6026744
2012,81,19.2522576
2012,82,14.2448464
2012,83,17.722168800000002
2012,84,21.566846400000003
2012,85,20.751384800000004
2012,86,9.9512256
2012,87,19.815424000000004
2012,88,8.2939432
2012,89,8.4797128
2012,90,6.5864528
2012,91,18.50374
2012,92,20.4568312
2012,93,23.8659544
2012,94,21.9526112
2012,95,23.7801824
2012,96,22.338376
2012,97,22.451762400000003
2012,98,23.2529984
2012,99,24.8805744
2012,100,22.331263200000002
2012,101,22.2873312
2012,102,20.081108
2012,103,23.137520000000002
2012,104,16.2878936
2012,105,24.673466400000002
2012,106,25.8102592
2012,107,17.386612000000003
2012,108,21.902821600000003
2012,109,21.622912
2012,110,20.5241936
2012,111,24.6232584
2012,112,26.925713599999998
2012,113,22.836272
2012,114,22.2873312
2012,115,20.309554400000003
2012,116,15.5234768
2012,117,7.449612000000001
2012,118,22.909910399999998
2012,119,27.5378328
2012,120,27.996399200000003
2012,121,14.3649272
2012,122,24.817396
2012,123,25.9378712
2012,124,15.7950184
2012,125,24.0374984
2012,126,27.4378352
2012,127,29.603892
2012,128,29.9168552
2012,129,29.709747200000002
2012,130,29.811
2012,131,28.973781600000002
2012,132,30.1026248
2012,133,30.160782400000002
2012,134,30.545292
2012,135,30.059529600000005
2012,136,21.095728
2012,137,28.759560800000003
2012,138,24.9960528
2012,139,29.423561600000003
2012,140,28.1235928
2012,141,25.221152
2012,142,22.597784
2012,143,27.4520608
2012,144,27.824855200000002
2012,145,25.5449936
2012,146,24.478492
2012,147,7.695631200000001
2012,148,23.710309600000002
2012,149,29.545316
2012,150,29.1218952
2012,151,29.562888800000003
2012,152,30.574161600000004
2012,153,31.0239416
2012,154,27.6106344
2012,155,30.752818400000002
2012,156,30.123963200000002
2012,157,7.672200800000001
2012,158,31.2812576
2012,159,30.961181600000003
2012,160,29.42398
2012,161,20.043452000000002
2012,162,31.540247200000003
2012,163,31.859904800000002
2012,164,29.902629600000004
2012,165,31.6845952
2012,166,32.1720312
2012,167,27.288048000000003
2012,168,31.007624000000003
2012,169,31.498825600000004
2012,170,26.5951776
2012,171,32.295877600000004
2012,172,32.5255792
2012,173,31.2097112
2012,174,30.552823200000002
2012,175,31.588363200000003
2012,176,31.825596
2012,177,32.402988
2012,178,31.731456
2012,179,32.1598976
2012,180,32.41846880000001
2012,181,30.559936
2012,182,31.6527968
2012,183,30.097604000000004
2012,184,30.959089600000002
2012,185,31.2456936
2012,186,30.6381768
2012,187,21.2241768
2012,188,17.3439352
2012,189,27.76084
2012,190,23.723280000000003
2012,191,23.174339200000002
2012,192,26.1663176
2012,193,25.752101600000003
2012,194,29.4465736
2012,195,10.131556000000002
2012,196,10.1198408
2012,197,29.5252328
2012,198,14.4218296
2012,199,30.318100800000003
2012,200,30.281281600000003
2012,201,28.580904000000004
2012,202,27.539088000000003
2012,203,28.252460000000003
2012,204,15.116373600000001
2012,205,19.915421600000002
2012,206,21.602828800000005
2012,207,29.4524312
2012,208,29.323982400000002
2012,209,28.978802400000003
2012,210,29.262896
2012,211,29.516864800000004
2012,212,29.778783200000003
2012,213,28.98466
2012,214,29.455360000000002
2012,215,28.869600000000002
2012,216,28.660400000000003
2012,217,29.246160000000003
2012,218,24.72744
2012,219,28.0328
2012,220,25.77344
2012,221,12.008080000000001
2012,222,25.999376
2012,223,16.886624
2012,224,24.8948
2012,225,22.50992
2012,226,20.0832
2012,227,24.267200000000003
2012,228,22.21704
2012,229,23.09568
2012,230,23.6396
2012,231,18.36776
2012,232,15.941040000000001
2012,233,23.89064
2012,234,8.137880000000001
2012,235,24.288120000000003
2012,236,24.18352
2012,237,25.56424
2012,238,24.60192
2012,239,15.73184
2012,240,25.18768
2012,241,25.22952
2012,242,24.14168
2012,243,21.42208
2012,244,14.978720000000001
2012,245,17.32176
2012,246,23.614496
2012,247,23.539184000000002
2012,248,23.2212
2012,249,23.30488
2012,250,10.2508
2012,251,22.091520000000003
2012,252,22.55176
2012,253,15.982880000000002
2012,254,22.342560000000002
2012,255,20.75264
2012,256,22.25888
2012,257,22.00784
2012,258,21.3384
2012,259,17.48912
2012,260,20.25056
2012,261,19.95768
2012,262,20.54344
2012,263,19.95768
2012,264,18.6188
2012,265,17.86568
2012,266,16.024720000000002
2012,267,9.33032
2012,268,18.32592
2012,269,12.133600000000001
2012,270,17.53096
2012,271,17.86568
2012,272,17.685768
2012,273,17.083272
2012,274,17.949360000000002
2012,275,17.9912
2012,276,17.698320000000002
2012,277,17.698320000000002
2012,278,17.86568
2012,279,16.98704
2012,280,17.154400000000003
2012,281,17.19624
2012,282,17.07072
2012,283,16.23392
2012,284,16.19208
2012,285,15.60632
2012,286,15.300469600000001
2012,287,12.995922400000001
2012,288,15.213024000000003
2012,289,11.635704000000002
2012,290,8.9956
2012,291,15.18792
2012,292,14.602160000000001
2012,293,12.133600000000001
2012,294,9.8324
2012,295,9.2048
2012,296,4.351360000000001
2012,297,4.85344
2012,298,8.74456
2012,299,9.16296
2012,300,10.96208
2012,301,9.49768
2012,302,8.49352
2012,303,12.384640000000001
2012,304,12.133600000000001
2012,305,11.296800000000001
2012,306,5.857600000000001
2012,307,11.63152
2012,308,11.171280000000001
2012,309,10.878400000000001
2012,310,10.937812800000001
2012,311,11.308515199999999
2012,312,11.12944
2012,313,4.125424
2012,314,6.4726479999999995
2012,315,9.16296
2012,316,8.7864
2012,317,5.56472
2012,318,7.991440000000001
2012,319,4.560560000000001
2012,320,9.99976
2012,321,4.8952800000000005
2012,322,6.56888
2012,323,4.64424
2012,324,6.1923200000000005
2012,325,1.33888
2012,326,4.30952
2012,327,8.368
2012,328,8.284320000000001
2012,329,8.828240000000001
2012,330,3.8492800000000003
2012,331,8.24248
2012,332,8.9956
2012,333,6.65256
2012,334,5.522880000000001
2012,335,1.1715200000000001
2012,336,3.3472
2012,337,1.79912
2012,338,7.19648
2012,339,3.64008
2012,340,2.63592
2012,341,5.35552
2012,342,8.158800000000001
2012,343,3.26352
2012,344,7.5312
2012,345,7.1546400000000006
2012,346,5.89944
2012,347,5.313680000000001
2012,348,5.23
2012,349,1.63176
2012,350,5.4392000000000005
2012,351,3.8492800000000003
2012,352,1.4644000000000001
2012,353,5.825801600000001
2012,354,6.9772384
2012,355,4.338808
2012,356,4.33044
2012,357,2.3723280000000004
2012,358,3.5773200000000003
2012,359,6.384784
2012,360,7.238320000000001
2012,361,4.560560000000001
2012,362,3.59824
2012,363,7.6985600000000005
2012,364,6.52704
2012,365,5.18816
2012,366,5.522880000000001
2013,1,8.11696
2013,2,8.32616
2013,3,8.91192
2013,4,8.702720000000001
2013,5,8.66088
2013,6,6.77808
2013,7,5.522880000000001
2013,8,5.48104
2013,9,3.80744
2013,10,4.85344
2013,11,5.48104
2013,12,7.65672
2013,13,8.033280000000001
2013,14,6.56888
2013,15,6.066800000000001
2013,16,9.372160000000001
2013,17,9.790560000000001
2013,18,9.70688
2013,19,9.99976
2013,20,9.6232
2013,21,10.29264
2013,22,10.58552
2013,23,7.07096
2013,24,6.434992000000001
2013,25,6.497752000000001
2013,26,5.598192000000001
2013,27,5.7111600000000005
2013,28,6.677664
2013,29,9.16296
2013,30,5.98312
2013,31,8.66088
2013,32,11.422320000000001
2013,33,11.67336
2013,34,4.64424
2013,35,11.0876
2013,36,10.878400000000001
2013,37,12.259120000000001
2013,38,5.0208
2013,39,3.8911200000000004
2013,40,11.67336
2013,41,11.75704
2013,42,12.661620800000001
2013,43,8.7525096
2013,44,11.029024000000001
2013,45,12.9528272
2013,46,12.8980168
2013,47,11.6687576
2013,48,12.3436368
2013,49,11.1850872
2013,50,8.9102464
2013,51,11.489682400000001
2013,52,13.4155776
2013,53,10.0780008
2013,54,12.183808
2013,55,10.8194056
2013,56,7.682660800000001
2013,57,12.005569600000001
2013,58,13.9256072
2013,59,11.955361600000002
2013,60,10.673384
2013,61,11.570433600000001
2013,62,6.0044584
2013,63,15.6360264
2013,64,13.236502400000001
2013,65,8.919451200000001
2013,66,10.96208
2013,67,4.6931928
2013,68,16.233083200000003
2013,69,15.584144800000002
2013,70,12.730238400000001
2013,71,14.416390400000001
2013,72,14.777888
2013,73,12.7963456
2013,74,14.6841664
2013,75,15.04148
2013,76,17.543512
2013,77,17.3523032
2013,78,16.450232800000002
2013,79,8.3864096
2013,80,14.443168
2013,81,17.1037736
2013,82,17.2431008
2013,83,19.0171168
2013,84,15.678703200000001
2013,85,8.918196
2013,86,17.914214400000002
2013,87,18.1434976
2013,88,19.4296592
2013,89,20.1045384
2013,90,20.02044
2013,91,9.580941600000001
2013,92,20.3568336
2013,93,17.627192
2013,94,12.7327488
2013,95,18.6321888
2013,96,11.8436488
2013,97,7.701070400000001
2013,98,9.600188
2013,99,21.4078544
2013,100,18.6367912
2013,101,20.832554400000003
2013,102,22.172271199999997
2013,103,13.8210072
2013,104,16.2920776
2013,105,18.157304800000002
2013,106,10.4081184
2013,107,17.240590400000002
2013,108,23.594831199999998
2013,109,10.326112
2013,110,22.059721600000003
2013,111,22.394023200000003
2013,112,20.2643672
2013,113,22.544228800000003
2013,114,24.4550616
2013,115,22.619540800000003
2013,116,24.484349600000005
2013,117,22.419545600000003
2013,118,23.7324848
2013,119,18.920884800000003
2013,120,25.5190528
2013,121,25.5650768
2013,122,25.572608000000002
2013,123,23.204045600000004
2013,124,23.564706400000002
2013,125,17.1393376
2013,126,20.8463616
2013,127,13.7394192
2013,128,21.8668392
2013,129,24.838316
2013,130,25.3826544
2013,131,24.88434
2013,132,22.3442336
2013,133,22.67728
2013,134,25.5700976
2013,135,22.440047200000002
2013,136,12.695092800000001
2013,137,18.5284256
2013,138,25.204416000000002
2013,139,25.145421600000002
2013,140,26.651243200000003
2013,141,18.202492000000003
2013,142,21.564336
2013,143,23.8856192
2013,144,27.689712
2013,145,19.5396984
2013,146,19.514176
2013,147,21.176060800000002
2013,148,14.192964800000002
2013,149,17.17532
2013,150,26.9382656
2013,151,28.5005712
2013,152,27.8867784
2013,153,27.5742336
2013,154,28.241163200000003
2013,155,27.9863576
2013,156,28.024432
2013,157,24.9897768
2013,158,27.0755008
2013,159,28.2913712
2013,160,28.035728800000005
2013,161,21.896127200000002
2013,162,22.102398400000002
2013,163,15.3272472
2013,164,22.4538544
2013,165,27.3918112
2013,166,28.2118752
2013,167,27.503524000000002
2013,168,28.2269376
2013,169,26.039542400000002
2013,170,15.263232000000002
2013,171,28.026942400000003
2013,172,25.2157128
2013,173,27.5424352
2013,174,27.033660800000003
2013,175,12.234434400000001
2013,176,17.7740504
2013,177,26.984708000000005
2013,178,27.284700800000003
2013,179,27.154578400000002
2013,180,22.104908800000004
2013,181,27.4662864
2013,182,27.604358400000002
2013,183,26.4391144
2013,184,17.002520800000003
2013,185,24.9077704
2013,186,20.412899200000002
2013,187,24.2676184
2013,188,23.112416
2013,189,26.0688304
2013,190,26.586391199999998
2013,191,25.9399632
2013,192,6.692726400000001
2013,193,22.0237392
2013,194,25.302321600000003
2013,195,25.7855736
2013,196,23.372660800000002
2013,197,16.7698904
2013,198,24.961325600000002
2013,199,27.1148304
2013,200,27.1549968
2013,201,26.597269600000004
2013,202,27.3231936
2013,203,27.2533208
2013,204,24.5826736
2013,205,18.5531112
2013,206,20.268969600000002
2013,207,24.5174032
2013,208,22.4781216
2013,209,23.3688952
2013,210,23.051748000000003
2013,211,23.936664000000004
2013,212,19.8288128
2013,213,23.721188
2013,214,25.2353776
2013,215,24.993124
2013,216,25.421984000000002
2013,217,24.5211688
2013,218,24.5504568
2013,219,23.025807200000003
2013,220,18.9761136
2013,221,22.6726776
2013,222,24.9194856
2013,223,24.151721600000002
2013,224,24.2826808
2013,225,20.1760848
2013,226,23.9559104
2013,227,24.280588800000004
2013,228,23.018276
2013,229,22.9040528
2013,230,22.5948552
2013,231,18.115883200000003
2013,232,20.505784000000002
2013,233,15.372016
2013,234,20.1739928
2013,235,16.189569600000002
2013,236,15.265324000000001
2013,237,18.4610632
2013,238,17.192474400000002
2013,239,21.839224800000004
2013,240,17.7811632
2013,241,19.458110400000002
2013,242,21.1798264
2013,243,20.5208464
2013,244,13.5306376
2013,245,14.8586392
2013,246,10.903085599999999
2013,247,18.7606376
2013,248,10.876726399999999
2013,249,18.571520800000002
2013,250,14.399236
2013,251,19.5610368
2013,252,20.0175112
2013,253,18.0652568
2013,254,15.351514400000001
2013,255,15.028928
2013,256,10.047876
2013,257,16.4447936
2013,258,18.417968000000002
2013,259,18.5798888
2013,260,13.7595024
2013,261,18.0435
2013,262,18.782812800000002
2013,263,18.690764800000004
2013,264,16.157771200000003
2013,265,14.7519472
2013,266,16.853152
2013,267,7.1906224000000005
2013,268,9.5307336
2013,269,6.6019336
2013,270,15.3715976
2013,271,15.474524000000002
2013,272,2.8288024000000003
2013,273,14.449444000000002
2013,274,16.7539912
2013,275,9.7575064
2013,276,6.238344
2013,277,15.338544000000002
2013,278,16.0481504
2013,279,15.9812064
2013,280,11.441984800000002
2013,281,13.532729600000001
2013,282,11.533614400000001
2013,283,10.0173328
2013,284,14.4088592
2013,285,11.9775368
2013,286,5.3580304000000005
2013,287,13.838161600000001
2013,288,14.044851200000002
2013,289,11.4340352
2013,290,13.679588
2013,291,13.4540704
2013,292,13.5586704
2013,293,12.271672
2013,294,12.9528272
2013,295,12.933580800000001
2013,296,12.7453008
2013,297,12.608902400000002
2013,298,12.3356872
2013,299,12.223556
2013,300,10.1959896
2013,301,4.7538608
2013,302,10.6311256
2013,303,5.3002912
2013,304,7.3537984
2013,305,11.276716799999999
2013,306,10.6758944
2013,307,9.164215200000001
2013,308,8.983466400000001
2013,309,9.8939048
2013,310,7.002342400000001
2013,311,6.588126400000001
2013,312,5.996090400000001
2013,313,10.169212000000002
2013,314,10.2533104
2013,315,8.565066400000001
2013,316,8.2818096
2013,317,5.2438072
2013,318,6.364282400000001
2013,319,9.0796984
2013,320,3.2605912000000004
2013,321,6.541265600000001
2013,322,7.6533728
2013,323,4.064756
2013,324,2.1472288
2013,325,6.9529712
2013,326,9.1600312
2013,327,9.052084
2013,328,8.9278192
2013,329,8.585149600000001
2013,330,8.5315944
2013,331,5.4513336
2013,332,8.0726096
2013,333,8.162984
2013,334,3.8911200000000004
2013,335,3.2179144
2013,336,1.9016280000000003
2013,337,4.3028256
2013,338,6.4617696
2013,339,3.7940512000000006
2013,340,5.9082264
2013,341,4.3442472
2013,342,6.895232000000001
2013,343,7.572621600000001
2013,344,6.607372799999999
2013,345,7.786842400000001
2013,346,7.863828
2013,347,4.0455096
2013,348,6.293154400000001
2013,349,6.885190400000001
2013,350,7.638310400000001
2013,351,7.047111200000001
2013,352,5.188578400000001
2013,353,2.7388464
2013,354,5.7454688
2013,355,2.7903096
2013,356,3.7086976000000003
2013,357,3.9011616
2013,358,7.4738792
2013,359,7.674711200000001
2013,360,7.460072000000001
2013,361,7.328276000000001
2013,362,6.8923032
2013,363,7.0843488
2013,364,5.753
2013,365,3.6333856000000004
2014,1,7.6219928
2014,2,7.464256000000001
2014,3,5.232092
2014,4,7.9341192000000005
2014,5,7.7408184
2014,6,7.547936000000001
2014,7,4.2785584000000005
2014,8,3.7321280000000003
2014,9,6.2789288
2014,10,7.283925600000001
2014,11,1.1196384000000001
2014,12,7.8441632
2014,13,7.189367200000001
2014,14,8.2031504
2014,15,8.5064904
2014,16,8.5512592
2014,17,8.911501600000001
2014,18,8.8265664
2014,19,9.1842984
2014,20,8.5253184
2014,21,9.2964296
2014,22,2.5024504000000003
2014,23,7.937466400000001
2014,24,3.3472
2014,25,2.8463752
2014,26,5.3576120000000005
2014,27,2.2924136
2014,28,6.2107296000000005
2014,29,1.9447231999999999
2014,30,5.016616000000001
2014,31,9.3947536
2014,32,8.0621496
2014,33,10.081348
2014,34,3.987352
2014,35,4.2706088
2014,36,7.1073608
2014,37,7.021170400000001
2014,38,5.804881600000001
2014,39,5.095693600000001
2014,40,8.7441416
2014,41,11.564994400000002
2014,42,8.5642296
2014,43,2.2066416
2014,44,6.9090392000000005
2014,45,2.9124824
2014,46,2.2032944
2014,47,5.171424
2014,48,9.4504008
2014,49,9.1637968
2014,50,10.259586400000002
2014,51,10.2269512
2014,52,13.709712800000002
2014,53,12.379200800000001
2014,54,12.940693600000001
2014,55,12.140294400000002
2014,56,14.316392800000001
2014,57,13.3871264
2014,58,4.852603200000001
2014,59,8.800207200000001
2014,60,4.776036
2014,61,6.1613584
2014,62,5.387736800000001
2014,63,12.3628832
2014,64,11.794696
2014,65,5.7203648000000005
2014,66,14.8749568
2014,67,14.631448
2014,68,6.730382400000001
2014,69,4.1019936
2014,70,11.6344488
2014,71,17.4108792
2014,72,17.629284000000002
2014,73,11.3499368
2014,74,17.582841600000002
2014,75,16.4770104
2014,76,15.3351968
2014,77,18.4334488
2014,78,18.2079312
2014,79,18.7309312
2014,80,18.6786312
2014,81,19.4476504
2014,82,18.6556192
2014,83,18.687836
2014,84,18.2154624
2014,85,10.915219200000001
2014,86,15.2724368
2014,87,15.8255616
2014,88,3.8212472
2014,89,11.759132000000001
2014,90,14.118071200000001
2014,91,5.868060000000001
2014,92,11.199312800000001
2014,93,19.2367768
2014,94,18.5359568
2014,95,16.5401888
2014,96,18.9196296
2014,97,21.618728000000004
2014,98,20.467291200000002
2014,99,21.261414400000003
2014,100,22.5115936
2014,101,22.293607200000004
2014,102,20.47022
2014,103,16.8975024
2014,104,23.203208800000002
2014,105,18.7681688
2014,106,22.754684
2014,107,22.811586400000003
2014,108,19.8894808
2014,109,22.3852368
2014,110,22.760123200000002
2014,111,19.8986856
2014,112,8.3977064
2014,113,22.0668344
2014,114,14.321413600000001
2014,115,7.2328808
2014,116,18.8522672
2014,117,15.5402128
2014,118,24.275149600000002
2014,119,25.5224
2014,120,25.6085904
2014,121,24.972204
2014,122,25.037892799999998
2014,123,25.598967200000004
2014,124,23.6257928
2014,125,16.733489600000002
2014,126,7.575132000000001
2014,127,14.747344800000002
2014,128,21.8542872
2014,129,17.658153600000002
2014,130,22.248001600000002
2014,131,23.475168800000002
2014,132,23.943776800000002
2014,133,26.331167200000003
2014,134,26.263804800000003
2014,135,24.370963200000002
2014,136,19.4991136
2014,137,25.786410399999998
2014,138,20.884854400000002
2014,139,23.8747408
2014,140,7.2889464
2014,141,19.2438896
2014,142,26.3558528
2014,143,27.153323200000003
2014,144,25.77344
2014,145,25.260900000000003
2014,146,27.023619200000002
2014,147,27.4591736
2014,148,25.5002248
2014,149,27.745359200000003
2014,150,23.7513128
2014,151,14.1787392
2014,152,27.852469600000003
2014,153,24.127036
2014,154,25.5592192
2014,155,28.6658392
2014,156,28.465007200000002
2014,157,27.6302992
2014,158,25.7370392
2014,159,27.929036800000002
2014,160,27.978826400000003
2014,161,27.8759
2014,162,28.590108800000003
2014,163,22.735856000000002
2014,164,26.356689600000003
2014,165,25.870927200000004
2014,166,20.426288
2014,167,12.0524304
2014,168,24.9424976
2014,169,13.6825168
2014,170,27.8244368
2014,171,24.3190816
2014,172,26.340372
2014,173,26.550408800000003
2014,174,24.610288000000004
2014,175,25.283912
2014,176,24.5948072
2014,177,15.778282400000002
2014,178,23.386468000000004
2014,179,27.151231199999998
2014,180,28.0595776
2014,181,28.919389600000002
2014,182,28.3332112
2014,183,24.0939824
2014,184,20.118764000000002
2014,185,27.3805144
2014,186,27.2026944
2014,187,28.2369792
2014,188,27.795567200000004
2014,189,24.988521600000002
2014,190,21.1660192
2014,191,27.2340744
2014,192,26.8206952
2014,193,26.0918424
2014,194,26.9604408
2014,195,22.8450584
2014,196,26.825297600000003
2014,197,26.3248912
2014,198,20.5631048
2014,199,24.491044000000002
2014,200,25.224080800000003
2014,201,17.535144000000003
2014,202,18.309602400000003
2014,203,26.0675752
2014,204,24.7864344
2014,205,26.4801176
2014,206,26.6265576
2014,207,26.857096000000002
2014,208,24.009884000000003
2014,209,14.2858496
2014,210,23.979340800000003
2014,211,25.601896
2014,212,21.561825600000002
2014,213,24.682671199999998
2014,214,20.981504800000003
2014,215,22.6567784
2014,216,10.885094400000002
2014,217,6.623272000000001
2014,218,3.3421792
2014,219,16.7828608
2014,220,17.382428
2014,221,17.0322272
2014,222,22.365572
2014,223,22.232102400000002
2014,224,15.446909600000001
2014,225,11.960800800000001
2014,226,23.483118400000002
2014,227,23.270989600000004
2014,228,23.157184800000003
2014,229,21.3262664
2014,230,18.599972
2014,231,14.7414872
2014,232,18.9338552
2014,233,14.997548
2014,234,11.323996
2014,235,21.583164000000004
2014,236,22.084825600000002
2014,237,13.3687168
2014,238,21.923323200000002
2014,239,21.8492664
2014,240,21.950519200000002
2014,241,19.0447312
2014,242,15.420132
2014,243,21.9145368
2014,244,21.760147200000002
2014,245,21.7831592
2014,246,21.604920800000002
2014,247,21.4271008
2014,248,21.3178984
2014,249,20.5639416
2014,250,20.1242032
2014,251,16.8523152
2014,252,19.8852968
2014,253,20.269388
2014,254,20.524612
2014,255,20.4438608
2014,256,19.2447264
2014,257,17.258581600000003
2014,258,18.5543664
2014,259,17.655224800000003
2014,260,14.722240800000002
2014,261,11.9373704
2014,262,17.9753008
2014,263,18.0589808
2014,264,2.6593504
2014,265,13.6113888
2014,266,15.5159456
2014,267,17.7690296
2014,268,15.453604000000002
2014,269,16.4397728
2014,270,4.865992
2014,271,8.6600432
2014,272,4.1676824
2014,273,12.888812000000001
2014,274,16.312579200000002
2014,275,15.8096624
2014,276,16.205468800000002
2014,277,16.3121608
2014,278,15.916772800000002
2014,279,15.6745192
2014,280,15.6071568
2014,281,15.6017176
2014,282,14.9213992
2014,283,14.853200000000001
2014,284,13.363696
2014,285,14.875375199999999
2014,286,14.263674400000001
2014,287,13.3833608
2014,288,9.87424
2014,289,12.5210384
2014,290,12.235271200000001
2014,291,13.4858688
2014,292,13.3185088
2014,293,13.1749976
2014,294,10.201010400000001
2014,295,10.9424152
2014,296,7.2567296
2014,297,12.674591200000002
2014,298,8.8755192
2014,299,7.1249336
2014,300,10.593888
2014,301,12.2306688
2014,302,8.3604688
2014,303,11.308515199999999
2014,304,3.6760624
2014,305,3.3756512000000005
2014,306,5.704884
2014,307,11.1997312
2014,308,7.2061032
2014,309,9.9671248
2014,310,9.004386400000001
2014,311,10.1947344
2014,312,10.1349032
2014,313,8.638704800000001
2014,314,10.424436
2014,315,4.979378400000001
2014,316,10.515647200000002
2014,317,2.9593432
2014,318,2.6915672
2014,319,7.066776000000001
2014,320,9.727381600000001
2014,321,9.744536
2014,322,9.1073128
2014,323,7.7291032
2014,324,6.511140800000001
2014,325,8.790584
2014,326,1.4187944
2014,327,8.854599200000001
2014,328,8.957944
2014,329,2.1154304
2014,330,8.1278384
2014,331,6.193575200000001
2014,332,2.6388488000000003
2014,333,2.0848872
2014,334,5.478948
2014,335,3.8007456000000004
2014,336,5.7161808
2014,337,4.9429776
2014,338,6.3651192000000005
2014,339,6.7625992
2014,340,4.8810544
2014,341,7.205266400000001
2014,342,4.6044920000000005
2014,343,5.423300800000001
2014,344,5.614928
2014,345,1.6736
2014,346,5.8998584
2014,347,4.8413064
2014,348,6.8362376
2014,349,7.4270184
2014,350,2.3104048
2014,351,7.6035832
2014,352,5.445057599999999
2014,353,1.9978600000000002
2014,354,1.6459856000000002
2014,355,2.2961792
2014,356,5.757184
2014,357,7.573040000000001
2014,358,2.3455504
2014,359,4.290692
2014,360,4.6266672
2014,361,5.4919184
2014,362,6.7634360000000004
2014,363,5.8354248
2014,364,7.7621568000000005
2014,365,5.9714048
2015,1,7.338736000000001
2015,2,7.6730376
2015,3,6.665112000000001
2015,4,4.1689376000000005
2015,5,3.6329672
2015,6,6.475576800000001
2015,7,7.794792000000001
2015,8,2.8363336000000006
2015,9,5.241715200000001
2015,10,1.7100008
2015,11,3.2559888
2015,12,3.7471904000000005
2015,13,6.57934
2015,14,6.5797584
2015,15,8.162984
2015,16,3.35766
2015,17,8.737447200000002
2015,18,5.495684
2015,19,8.3320176
2015,20,8.0345352
2015,21,7.6203192
2015,22,8.5671584
2015,23,2.8057904000000002
2015,24,4.968918400000001
2015,25,9.087648
2015,26,8.3274152
2015,27,3.2597544
2015,28,7.4044248
2015,29,6.637916000000001
2015,30,3.6589080000000003
2015,31,10.2328088
2015,32,6.158848
2015,33,3.1317239999999997
2015,34,3.0329816
2015,35,6.8400032
2015,36,3.359752
2015,37,3.2208432000000005
2015,38,8.001900000000001
2015,39,10.126535200000001
2015,40,4.9479984
2015,41,6.3061248
2015,42,10.990112800000002
2015,43,11.9018064
2015,44,11.3859192
2015,45,8.6730136
2015,46,12.7406984
2015,47,12.904711200000001
2015,48,13.264953600000002
2015,49,13.442773600000002
2015,50,13.2578408
2015,51,13.0365072
2015,52,11.6829832
2015,53,14.49756
2015,54,14.789603200000002
2015,55,14.2912888
2015,56,14.371203200000002
2015,57,6.493568
2015,58,10.5846832
2015,59,7.773035200000001
2015,60,15.561132800000001
2015,61,15.1494272
2015,62,9.6319864
2015,63,16.033088
2015,64,14.9511056
2015,65,16.1887328
2015,66,16.7247032
2015,67,16.595836
2015,68,16.9041968
2015,69,17.0590048
2015,70,9.1110784
2015,71,16.5652928
2015,72,17.3619264
2015,73,12.266232800000001
2015,74,5.0182896
2015,75,10.361676000000001
2015,76,11.37002
2015,77,18.1727856
2015,78,18.4966272
2015,79,18.380312
2015,80,15.045664000000002
2015,81,14.9578
2015,82,9.5575112
2015,83,8.6215504
2015,84,17.258581600000003
2015,85,19.09996
2015,86,19.8543352
2015,87,19.8878072
2015,88,20.469383200000003
2015,89,20.549716
2015,90,16.1284832
2015,91,20.505784000000002
2015,92,21.4141304
2015,93,20.096170400000002
2015,94,19.3710832
2015,95,9.54998
2015,96,18.832184
2015,97,14.1737184
2015,98,5.8747544000000005
2015,99,19.4991136
2015,100,21.1806632
2015,101,14.9695152
2015,102,22.9592816
2015,103,22.1337784
2015,104,7.730776800000001
2015,105,19.0049832
2015,106,23.3525776
2015,107,23.9379192
2015,108,23.109068800000003
2015,109,22.471427200000004
2015,110,23.820348800000005
2015,111,23.9588392
2015,112,21.2158088
2015,113,24.6178192
2015,114,10.7616664
2015,115,11.086763200000002
2015,116,24.8073544
2015,117,25.223244
2015,118,25.087264
2015,119,22.026668000000004
2015,120,25.271778400000002
2015,121,25.3261704
2015,122,25.111531199999998
2015,123,23.6931552
2015,124,19.9229528
2015,125,23.2216184
2015,126,19.830068
2015,127,14.410951200000001
2015,128,19.035108
2015,129,20.99322
2015,130,26.1202936
2015,131,19.1715064
2015,132,21.348023200000004
2015,133,22.9831304
2015,134,10.673802400000001
2015,135,15.769914400000001
2015,136,7.719480000000001
2015,137,19.77986
2015,138,12.8984352
2015,139,10.9093616
2015,140,13.777912
2015,141,20.3727328
2015,142,18.2999792
2015,143,16.9903872
2015,144,19.198702400000002
2015,145,23.2178528
2015,146,22.401136
2015,147,20.459760000000003
2015,148,27.2135728
2015,149,27.163364800000004
2015,150,22.247164800000004
2015,151,22.5007152
2015,152,21.1358944
2015,153,26.6386912
2015,154,19.2300824
2015,155,17.451464
2015,156,14.290452000000002
2015,157,23.491068000000002
2015,158,27.478001600000002
2015,159,27.411476
2015,160,27.671720800000003
2015,161,24.850449600000005
2015,162,27.629044000000004
2015,163,28.432372
2015,164,28.632367200000004
2015,165,28.371704
2015,166,26.845799200000002
2015,167,27.1767536
2015,168,28.080916000000002
2015,169,26.6223736
2015,170,28.2051808
2015,171,24.133730399999997
2015,172,24.64376
2015,173,28.2114568
2015,174,28.2060176
2015,175,26.866719200000002
2015,176,27.9876128
2015,177,28.0152272
2015,178,24.110300000000002
2015,179,24.2374936
2015,180,20.8204208
2015,181,26.944123200000003
2015,182,26.247068800000005
2015,183,26.2868168
2015,184,24.536649600000004
2015,185,24.2215944
2015,186,14.5532072
2015,187,22.947148000000002
2015,188,25.7960336
2015,189,12.7436272
2015,190,23.564706400000002
2015,191,17.37406
2015,192,17.1631864
2015,193,21.020834400000002
2015,194,23.2542536
2015,195,18.1832456
2015,196,26.2119232
2015,197,26.765466400000005
2015,198,21.989848800000004
2015,199,18.741391200000002
2015,200,26.139121600000003
2015,201,26.8244608
2015,202,23.7605176
2015,203,14.578311200000002
2015,204,16.51634
2015,205,14.355722400000001
2015,206,25.484325600000002
2015,207,25.913185600000002
2015,208,22.1484224
2015,209,26.895170399999998
2015,210,26.802704000000002
2015,211,26.758772
2015,212,26.8679744
2015,213,26.020296000000002
2015,214,22.3224768
2015,215,11.0118696
2015,216,20.563523200000002
2015,217,14.4712008
2015,218,22.7814616
2015,219,12.013519200000001
2015,220,19.629236
2015,221,19.9882232
2015,222,12.326064000000002
2015,223,20.4317272
2015,224,19.3535104
2015,225,21.9526112
2015,226,17.4573216
2015,227,20.6484584
2015,228,23.2287312
2015,229,23.203208800000002
2015,230,22.315782400000003
2015,231,21.8040792
2015,232,21.2538832
2015,233,21.6747936
2015,234,22.648828800000004
2015,235,22.162229600000003
2015,236,19.2551864
2015,237,22.319129600000004
2015,238,16.5903968
2015,239,20.9254392
2015,240,16.384962400000003
2015,241,17.9376448
2015,242,21.2036752
2015,243,21.4693592
2015,244,21.3706168
2015,245,21.291539200000003
2015,246,19.8903176
2015,247,16.9343216
2015,248,19.878184
2015,249,16.618429600000002
2015,250,21.141333600000003
2015,251,20.909121600000002
2015,252,20.842596
2015,253,20.4313088
2015,254,20.649713600000002
2015,255,20.2932368
2015,256,13.173324000000001
2015,257,9.1738384
2015,258,9.5662976
2015,259,16.4142504
2015,260,11.558300000000001
2015,261,18.917956
2015,262,18.6623136
2015,263,18.646832800000002
2015,264,18.3685968
2015,265,18.2531184
2015,266,18.2238304
2015,267,15.7766088
2015,268,16.0397824
2015,269,13.4938184
2015,270,13.731888
2015,271,16.7874632
2015,272,17.0656992
2015,273,9.9269584
2015,274,12.8193576
2015,275,3.7672736000000007
2015,276,14.917633600000002
2015,277,15.466992800000002
2015,278,15.330594400000003
2015,279,12.0022224
2015,280,14.096314400000002
2015,281,14.397562400000002
2015,282,12.9398568
2015,283,15.0314384
2015,284,15.18792
2015,285,14.870354400000002
2015,286,14.5992312
2015,287,14.495468
2015,288,13.641932
2015,289,13.942343200000002
2015,290,7.639565600000001
2015,291,6.411561600000001
2015,292,6.2655400000000006
2015,293,4.8358672
2015,294,13.0264656
2015,295,11.6340304
2015,296,12.9741656
2015,297,10.8005776
2015,298,6.4249504
2015,299,11.865405599999999
2015,300,11.398052800000002
2015,301,6.190228
2015,302,9.0286536
2015,303,4.7998848
2015,304,9.481780800000001
2015,305,2.8212712000000004
2015,306,1.2794672
2015,307,2.8103928000000002
2015,308,3.5714624
2015,309,7.6374736
2015,310,7.5592328
2015,311,10.857061600000002
2015,312,10.5194128
2015,313,3.2162408000000005
2015,314,2.1489024
2015,315,9.7181768
2015,316,8.6391232
2015,317,9.7416072
2015,318,9.8014384
2015,319,7.3793208
2015,320,4.464328
2015,321,3.0526464
2015,322,8.8621304
2015,323,1.9668984
2015,324,9.178022400000001
2015,325,9.4407776
2015,326,9.261284
2015,327,6.0283072
2015,328,3.317912
2015,329,2.6865463999999997
2015,330,6.2567536
2015,331,8.0998056
2015,332,8.1328592
2015,333,8.355447999999999
2015,334,7.429947200000001
2015,335,8.450006400000001
2015,336,4.9860728000000005
2015,337,5.3475704
2015,338,4.0957176
2015,339,8.0830696
2015,340,4.0840024
2015,341,1.054368
2015,342,3.9589008000000003
2015,343,1.6723448
2015,344,2.7564192
2015,345,4.817876
2015,346,3.7559768
2015,347,1.0610624
2015,348,3.7656
2015,349,5.94128
2015,350,3.2505496000000003
2015,351,3.320004
2015,352,5.530829600000001
2015,353,2.7442856000000004
2015,354,5.7291512
2015,355,1.0882584000000002
2015,356,3.4438504
2015,357,6.740005600000001
2015,358,4.107851200000001
2015,359,4.4597256000000005
2015,360,6.1676344
2015,361,5.2693296
2015,362,5.2304184000000005
2015,363,4.3563808
2015,364,6.202361600000001
2015,365,8.0265856
2016,1,8.3215576
2016,2,6.3718136
2016,3,6.8780776
2016,4,3.7852648
2016,5,4.711184
2016,6,3.9028352
2016,7,1.2911824
2016,8,2.025056
2016,9,6.321187200000001
2016,10,4.018313600000001
2016,11,7.2809968000000005
2016,12,7.037069600000001
2016,13,3.35766
2016,14,8.1102656
2016,15,5.396941600000001
2016,16,3.8911200000000004
2016,17,5.2961072
2016,18,5.5806192
2016,19,4.0781448000000005
2016,20,8.3759496
2016,21,7.4266000000000005
2016,22,5.3647248
2016,23,2.2568496000000002
2016,24,7.2437592
2016,25,8.5788736
2016,26,5.4613752
2016,27,9.035348
2016,28,9.019448800000001
2016,29,1.9568568000000002
2016,30,9.788468
2016,31,8.324068
2016,32,8.7253136
2016,33,7.8985552000000006
2016,34,10.9311184
2016,35,6.8843536
2016,36,10.4290384
2016,37,8.146248
2016,38,11.0532912
2016,39,9.201871200000001
2016,40,9.4587688
2016,41,11.3842456
2016,42,11.0570568
2016,43,11.1875976
2016,44,11.152452
2016,45,5.014105600000001
2016,46,8.8437208
2016,47,10.8566432
2016,48,2.9191768
2016,49,5.9814464
2016,50,9.691399200000001
2016,51,13.0210264
2016,52,13.26328
2016,53,11.889672800000001
2016,54,14.412624800000001
2016,55,12.559949600000001
2016,56,14.080833600000002
2016,57,11.9549432
2016,58,10.602256
2016,59,13.3059568
2016,60,14.973280800000001
2016,61,10.409792000000001
2016,62,14.384173600000002
2016,63,10.5913776
2016,64,14.0076136
2016,65,12.830236
2016,66,3.3338112000000004
2016,67,14.162421600000002
2016,68,11.531522400000002
2016,69,10.7616664
2016,70,5.144228
2016,71,7.236228
2016,72,12.7532504
2016,73,4.7923536
2016,74,9.294756000000001
2016,75,10.2081232
2016,76,14.0138896
2016,77,16.5565064
2016,78,18.866492800000003
2016,79,18.2305248
2016,80,16.640604800000002
2016,81,8.4905912
2016,82,14.470782400000001
2016,83,19.499532000000002
2016,84,10.209796800000001
2016,85,15.6038096
2016,86,18.625912800000002
2016,87,10.7984856
2016,88,13.548628800000001
2016,89,8.5797104
2016,90,18.666916
2016,91,18.3899352
2016,92,21.138404800000004
2016,93,20.993638400000002
2016,94,20.058514400000004
2016,95,10.1453632
2016,96,20.7748152
2016,97,21.6906928
2016,98,22.3643168
2016,99,20.541348
2016,100,17.8669352
2016,101,18.6121056
2016,102,22.289841600000003
2016,103,13.218511200000002
2016,104,16.8351608
2016,105,18.146008000000002
2016,106,17.6025064
2016,107,22.973507200000004
2016,108,24.166365600000002
2016,109,23.4939968
2016,110,23.9923112
2016,111,23.987708800000004
2016,112,23.5755848
2016,113,15.173276
2016,114,2.3288144
2016,115,18.7439016
2016,116,2.4304856000000004
2016,117,14.4297792
2016,118,13.654484000000002
2016,119,19.4070656
2016,120,20.3275456
2016,121,15.7720064
2016,122,23.8596784
2016,123,25.859212
2016,124,25.791849600000003
2016,125,22.132104800000004
2016,126,18.5305176
2016,127,11.228182400000001
2016,128,14.610109600000001
2016,129,16.5531592
2016,130,24.8596544
2016,131,18.6493432
2016,132,26.508568800000003
2016,133,25.4437408
2016,134,25.1780568
2016,135,19.9903152
2016,136,22.791084800000004
2016,137,18.0732064
2016,138,22.978109600000003
2016,139,26.276356800000002
2016,140,10.2876192
2016,141,4.2848344
2016,142,13.7712176
2016,143,21.2271056
2016,144,25.750428000000003
2016,145,21.555549600000003
2016,146,24.1843568
2016,147,27.106044
2016,148,27.778412799999998
2016,149,27.870042400000003
2016,150,23.3270552
2016,151,26.776344800000004
2016,152,27.975479200000002
2016,153,26.5060584
2016,154,24.588949600000003
2016,155,27.551640000000003
2016,156,27.9235976
2016,157,26.0257352
2016,158,19.6539216
2016,159,25.413616
2016,160,23.9086312
2016,161,27.9026776
2016,162,23.1324992
2016,163,13.4289664
2016,164,21.9563768
2016,165,22.806565600000003
2016,166,21.313296
2016,167,19.4288224
2016,168,25.93034
2016,169,27.1181776
2016,170,26.645385600000004
2016,171,28.0851
2016,172,23.3831208
2016,173,28.384256
2016,174,28.334466400000004
2016,175,28.4424136
2016,176,28.317312
2016,177,29.2357
2016,178,28.237816000000002
2016,179,27.737828000000004
2016,180,27.811466400000004
2016,181,25.960464800000004
2016,182,20.066464000000003
2016,183,26.447064
2016,184,27.522351999999998
2016,185,26.68346
2016,186,25.00986
2016,187,21.497391999999998
2016,188,23.9538184
2016,189,27.637412
2016,190,24.881829600000003
2016,191,25.820300800000002
2016,192,17.7334656
2016,193,26.4838832
2016,194,27.340766400000003
2016,195,27.6231864
2016,196,27.812303200000002
2016,197,27.4424376
2016,198,27.44704
2016,199,27.2436976
2016,200,27.3796776
2016,201,27.239932
2016,202,27.1160856
2016,203,27.0780112
2016,204,27.201020800000002
2016,205,27.0901448
2016,206,26.860861600000003
2016,207,26.888476
2016,208,26.624884
2016,209,25.7236504
2016,210,25.598548800000003
2016,211,25.342906400000004
2016,212,21.2873552
2016,213,25.415289600000005
2016,214,24.9906136
2016,215,25.3253336
2016,216,26.518192
2016,217,25.2918616
2016,218,15.2515168
2016,219,24.0153232
2016,220,24.8642568
2016,221,24.782668800000003
2016,222,24.716980000000003
2016,223,22.4986232
2016,224,24.704846400000005
2016,225,24.3722184
2016,226,23.7563336
2016,227,23.5471336
2016,228,22.0818968
2016,229,23.1337544
2016,230,17.498324800000002
2016,231,18.8702584
2016,232,23.036685600000002
2016,233,22.0881728
2016,234,22.1136952
2016,235,21.8789728
2016,236,23.496088800000003
2016,237,22.4843976
2016,238,22.3337736
2016,239,21.0488672
2016,240,22.022902400000003
2016,241,22.094448800000002
2016,242,19.139708
2016,243,16.8309768
2016,244,16.9443632
2016,245,20.871884
2016,246,12.989228
2016,247,9.8424416
2016,248,9.0951792
2016,249,20.49114
2016,250,15.965725599999999
2016,251,19.823373600000004
2016,252,20.389050400000002
2016,253,20.675236
2016,254,20.8555664
2016,255,20.079434400000004
2016,256,8.982629600000001
2016,257,13.327713600000001
2016,258,10.483012
2016,259,19.0158616
2016,260,19.108328
2016,261,17.2230176
2016,262,17.6251
2016,263,17.592883200000003
2016,264,17.9435024
2016,265,5.2814632
2016,266,3.0287976000000003
2016,267,2.5409432
2016,268,17.867772000000002
2016,269,17.1447768
2016,270,17.3359856
2016,271,17.158584
2016,272,17.0347376
2016,273,14.5297768
2016,274,14.917633600000002
2016,275,14.2176504
2016,276,15.7711696
2016,277,11.2373872
2016,278,13.146128000000001
2016,279,11.750764000000002
2016,280,12.1582856
2016,281,15.2803864
2016,282,15.2460776
2016,283,15.2230656
2016,284,12.885883200000002
2016,285,12.515180800000001
2016,286,14.447352
2016,287,7.7039992
2016,288,2.6882200000000003
2016,289,8.9638016
2016,290,4.4685120000000005
2016,291,6.540847200000001
2016,292,4.8174576
2016,293,11.436545599999999
2016,294,11.011451200000002
2016,295,12.9239576
2016,296,9.5349176
2016,297,10.233227200000002
2016,298,2.60454
2016,299,8.644144
2016,300,10.630707200000002
2016,301,6.0935776
2016,302,1.8112536000000001
2016,303,11.3076784
2016,304,2.4827856
2016,305,5.7622048
2016,306,8.8663144
2016,307,10.9972256
2016,308,11.09806
2016,309,10.903085599999999
2016,310,10.643259200000001
2016,311,8.427412799999999
2016,312,7.875961600000001
2016,313,10.1349032
2016,314,10.0805112
2016,315,9.7688032
2016,316,9.801856800000001
2016,317,5.154688
2016,318,8.2035688
2016,319,8.9629648
2016,320,8.486825600000001
2016,321,4.8111816
2016,322,9.4064688
2016,323,8.0993872
2016,324,5.6576048000000005
2016,325,5.361796000000001
2016,326,2.7413568
2016,327,8.1738624
2016,328,1.8731768000000002
2016,329,7.1851832
2016,330,4.5923584
2016,331,3.7220864
2016,332,5.2375312
2016,333,4.442571200000001
2016,334,4.372698400000001
2016,335,4.7994664
2016,336,6.9316328
2016,337,6.2274656
2016,338,3.05432
2016,339,1.9430496
2016,340,8.2102632
2016,341,3.9781472
2016,342,7.5349656000000005
2016,343,2.8756632000000004
2016,344,2.0924184
2016,345,1.4083344
2016,346,7.1613344
2016,347,6.452146400000001
2016,348,5.0425568
2016,349,2.5003584
2016,350,2.0384448
2016,351,4.025008000000001
2016,352,7.095227200000001
2016,353,7.6073488000000005
2016,354,5.4760192000000005
2016,355,2.8242000000000003
2016,356,6.9655232
2016,357,6.938745600000001
2016,358,2.4476400000000003
2016,359,2.4422008
2016,360,5.578527200000001
2016,361,7.6479336
2016,362,2.8300576
2016,363,7.283507200000001
2016,364,7.6713640000000005
2016,365,7.5851736
2016,366,7.0893696
2017,1,4.232116
2017,2,5.0634768
2017,3,3.727944
2017,4,3.0861184000000006
2017,5,8.324068
2017,6,8.4240656
2017,7,3.6375696
2017,8,1.8618800000000002
2017,9,2.2886480000000002
2017,10,1.7434728000000002
2017,11,3.3534760000000006
2017,12,7.439152000000001
2017,13,8.194782400000001
2017,14,8.2244888
2017,15,6.0697288
2017,16,7.6684352
2017,17,8.842047200000001
2017,18,4.276048
2017,19,3.6275280000000003
2017,20,7.1245152
2017,21,6.447125600000001
2017,22,2.4208624000000003
2017,23,4.0254264
2017,24,4.7864960000000005
2017,25,6.8257775999999994
2017,26,6.2144952
2017,27,8.633265600000001
2017,28,10.0031072
2017,29,9.76964
2017,30,9.997668
2017,31,6.492731200000001
2017,32,6.2065456
2017,33,7.8148752
2017,34,6.0889752
2017,35,2.4049632
2017,36,4.085676
2017,37,3.5497056000000002
2017,38,4.6082576
2017,39,6.771804
2017,40,0.9798928000000001
2017,41,3.7442616
2017,42,11.921052800000002
2017,43,6.4906392
2017,44,10.6662712
2017,45,12.4821272
2017,46,11.311025599999999
2017,47,3.05432
2017,48,6.5902184
2017,49,2.2083152000000004
2017,50,6.148806400000001
2017,51,1.7756896
2017,52,5.3559384
2017,53,7.2897832
2017,54,8.177628
2017,55,14.4946312
2017,56,15.0657472
2017,57,13.990877600000001
2017,58,13.472061600000002
2017,59,12.376690400000001
2017,60,15.2310152
2017,61,15.423479200000001
2017,62,10.971703200000002
2017,63,11.4779672
2017,64,5.458864800000001
2017,65,10.6825888
2017,66,7.494380800000001
2017,67,10.977142400000002
2017,68,13.897155999999999
2017,69,8.344988
2017,70,13.6193384
2017,71,16.23392
2017,72,16.982855999999998
2017,73,15.407161600000002
2017,74,14.824330400000001
2017,75,17.5313784
2017,76,17.757732800000003
2017,77,7.0408352
2017,78,9.1617048
2017,79,12.17544
2017,80,13.478756
2017,81,9.4106528
2017,82,18.2158808
2017,83,12.9260496
2017,84,16.965701600000003
2017,85,11.083834400000002
2017,86,13.8097104
2017,87,18.853522400000003
2017,88,13.8394168
2017,89,5.777685600000001
2017,90,15.2669976
2017,91,20.56436
2017,92,18.5543664
2017,93,20.654734400000002
2017,94,21.698224000000003
2017,95,19.0284136
2017,96,5.916176000000001
2017,97,5.778104
2017,98,5.786472000000001
2017,99,21.670191199999998
2017,100,19.1141856
2017,101,10.96208
2017,102,21.6572208
2017,103,8.8633856
2017,104,13.997572000000002
2017,105,23.3316576
2017,106,20.1580936
2017,107,14.623080000000002
2017,108,7.911525600000001
2017,109,18.9041488
2017,110,13.564528000000001
2017,111,23.7751616
2017,112,22.842129600000003
2017,113,17.256489600000002
2017,114,12.877933600000002
2017,115,21.9337832
2017,116,9.6160872
2017,117,22.2555328
2017,118,22.392768000000004
2017,119,25.3127816
2017,120,16.7602672
2017,121,25.129104
2017,122,23.7868768
2017,123,25.860048800000005
2017,124,25.852517600000002
2017,125,23.4308184
2017,126,12.5461424
2017,127,18.981134400000002
2017,128,25.112786400000005
2017,129,26.258784000000002
2017,130,26.2725912
2017,131,23.9872904
2017,132,21.541324000000003
2017,133,19.7518272
2017,134,24.3307968
2017,135,24.6952232
2017,136,11.4612312
2017,137,10.552884800000001
2017,138,26.0207144
2017,139,23.471821600000002
2017,140,26.0575336
2017,141,23.5734928
2017,142,26.5512456
2017,143,27.6482904
2017,144,27.4127312
2017,145,26.477188800000004
2017,146,13.636074400000002
2017,147,27.849122400000002
2017,148,27.9035144
2017,149,27.559171199999998
2017,150,26.882618400000002
2017,151,22.9643024
2017,152,17.035992800000002
2017,153,27.424446400000004
2017,154,22.717028000000003
2017,155,26.152092
2017,156,27.120269600000004
2017,157,27.262944
2017,158,26.4006216
2017,159,25.352529600000004
2017,160,11.583404000000002
2017,161,26.175522400000002
2017,162,15.229341600000001
2017,163,9.4131632
2017,164,21.3204088
2017,165,26.5909936
2017,166,23.9487976
2017,167,24.7270216
2017,168,27.0821952
2017,169,28.02234
2017,170,27.5144024
2017,171,27.716908000000004
2017,172,27.116922400000004
2017,173,29.114364000000002
2017,174,29.035286400000004
2017,175,28.9068376
2017,176,28.800145600000004
2017,177,21.1049328
2017,178,27.836988800000004
2017,179,27.371309600000004
2017,180,28.5675152
2017,181,28.077568800000005
2017,182,25.045005600000003
2017,183,27.3118968
2017,184,27.593061600000002
2017,185,26.1780328
2017,186,22.457620000000002
2017,187,27.177172
2017,188,27.132403200000002
2017,189,24.093145600000003
2017,190,17.0669544
2017,191,27.136168800000004
2017,192,27.4160784
2017,193,27.367544000000002
2017,194,25.7830632
2017,195,17.8744664
2017,196,19.7953408
2017,197,20.90954
2017,198,26.1148544
2017,199,27.054162400000003
2017,200,26.761282400000002
2017,201,24.6671904
2017,202,26.684296800000002
2017,203,26.9211112
2017,204,26.4495744
2017,205,20.7836016
2017,206,21.3245928
2017,207,20.196168
2017,208,22.9203704
2017,209,17.3640184
2017,210,24.644596800000002
2017,211,25.577628800000003
2017,212,25.7433152
2017,213,25.2675944
2017,214,24.2429328
2017,215,23.396509600000005
2017,216,24.5567328
2017,217,24.8659304
2017,218,15.6515072
2017,219,21.904076800000002
2017,220,21.509525600000003
2017,221,14.991272
2017,222,21.2153904
2017,223,21.146354400000003
2017,224,23.5772584
2017,225,20.597413600000003
2017,226,9.783447200000001
2017,227,23.9161624
2017,228,22.571843200000004
2017,229,23.67098
2017,230,24.363432
2017,231,23.124968000000003
2017,232,22.5743536
2017,233,20.1660432
2017,234,21.5283536
2017,235,11.972934400000002
2017,236,22.1229
2017,237,21.968928800000004
2017,238,22.2057432
2017,239,22.166832
2017,240,20.3011864
2017,241,17.789531200000003
2017,242,13.0365072
2017,243,19.9664664
2017,244,21.313714400000002
2017,245,20.713728800000002
2017,246,21.202001600000003
2017,247,19.464804800000003
2017,248,15.932672000000002
2017,249,16.6314
2017,250,16.5929072
2017,251,17.0259512
2017,252,17.891620800000002
2017,253,17.3979088
2017,254,19.4794488
2017,255,14.4385656
2017,256,14.6678488
2017,257,12.6151784
2017,258,17.3246888
2017,259,16.30714
2017,260,18.2522816
2017,261,9.1382744
2017,262,11.888836
2017,263,10.760829600000001
2017,264,4.4584704
2017,265,14.624753600000002
2017,266,15.937274400000002
2017,267,17.882416
2017,268,17.466108000000002
2017,269,18.3857512
2017,270,19.3773592
2017,271,19.1995392
2017,272,18.8292552
2017,273,8.906062400000001
2017,274,17.8037568
2017,275,10.6030928
2017,276,18.282824800000004
2017,277,5.478111200000001
2017,278,16.0878984
2017,279,17.130132800000002
2017,280,17.0945688
2017,281,14.8435768
2017,282,17.2845224
2017,283,15.363648
2017,284,14.4092776
2017,285,16.821772000000003
2017,286,15.5385392
2017,287,15.386241600000002
2017,288,15.911333600000003
2017,289,15.812591200000002
2017,290,13.858244800000001
2017,291,15.048592800000002
2017,292,14.996711200000002
2017,293,5.206988
2017,294,11.075884800000003
2017,295,9.523620800000002
2017,296,13.4268744
2017,297,14.300912000000002
2017,298,14.148614400000001
2017,299,13.4657856
2017,300,12.9992696
2017,301,13.3139064
2017,302,13.0314864
2017,303,11.5114392
2017,304,12.2771112
2017,305,8.7336816
2017,306,7.503585600000001
2017,307,2.0359344
2017,308,3.5773200000000003
2017,309,7.1115448
2017,310,4.171448000000001
2017,311,11.8340256
2017,312,5.7454688
2017,313,7.1395776
2017,314,8.516532000000002
2017,315,10.833212800000002
2017,316,9.9964128
2017,317,6.3232792
2017,318,9.8876288
2017,319,4.0911152
2017,320,1.2861616
2017,321,5.7383560000000005
2017,322,9.8646168
2017,323,9.14204
2017,324,1.6861519999999999
2017,325,7.487268
2017,326,7.8023232
2017,327,4.6601392
2017,328,4.742145600000001
2017,329,5.464722400000001
2017,330,1.0719408000000001
2017,331,5.347152
2017,332,9.331575200000001
2017,333,6.6889608
2017,334,7.8885136000000005
2017,335,8.326996800000002
2017,336,5.7417032
2017,337,1.7296656000000001
2017,338,6.179768
2017,339,8.6935152
2017,340,7.4441728
2017,341,8.1328592
2017,342,4.706163200000001
2017,343,2.847212
2017,344,5.0216368000000005
2017,345,5.911992000000001
2017,346,1.9024648
2017,347,1.47486
2017,348,3.0919760000000003
2017,349,4.8530216
2017,350,1.4639816
2017,351,7.602746400000001
2017,352,6.886027200000001
2017,353,5.9634552
2017,354,4.9910936
2017,355,8.0508528
2017,356,2.9149928000000003
2017,357,4.3643304
2017,358,5.3521728
2017,359,5.233765600000001
2017,360,5.8454664
2017,361,6.8148992
2017,362,7.722827200000001
2017,363,7.0780728
2017,364,3.4425952000000004
2017,365,8.6031408
2018,1,8.4625584
2018,2,8.972588
2018,3,8.5223896
2018,4,7.013220800000001
2018,5,5.567230400000001
2018,6,2.6409408
2018,7,8.7119248
2018,8,4.9442328
2018,9,3.0133168
2018,10,7.6592304
2018,11,2.1246352
2018,12,8.5943544
2018,13,7.826172000000001
2018,14,9.244966400000001
2018,15,8.8328424
2018,16,5.9232888
2018,17,7.8420712
2018,18,2.690312
2018,19,2.94972
2018,20,8.2516848
2018,21,9.9503888
2018,22,4.9291704
2018,23,8.3905936
2018,24,4.3567992
2018,25,5.098204
2018,26,6.4969152
2018,27,4.2396472
2018,28,8.667156
2018,29,6.154664
2018,30,5.6538392
2018,31,8.5830576
2018,32,7.454214400000001
2018,33,10.2478712
2018,34,10.039508
2018,35,7.8500208
2018,36,9.5110688
2018,37,12.420622400000001
2018,38,10.759574400000002
2018,39,10.098084
2018,40,10.708111200000001
2018,41,11.803482400000002
2018,42,7.4437544
2018,43,7.0069448
2018,44,14.181668
2018,45,8.8441392
2018,46,13.26328
2018,47,9.1788592
2018,48,12.9260496
2018,49,6.516161600000001
2018,50,11.3014024
2018,51,16.064468
2018,52,15.046919200000001
2018,53,5.9693128
2018,54,12.723544000000002
2018,55,6.8019288
2018,56,12.1804608
2018,57,9.7416072
2018,58,11.633193600000002
2018,59,15.029764800000002
2018,60,5.1680768
2018,61,12.5264776
2018,62,10.1286272
2018,63,13.558252000000001
2018,64,12.6151784
2018,65,18.502903200000002
2018,66,17.838902400000002
2018,67,9.1646336
2018,68,15.6694984
2018,69,17.561084800000003
2018,70,11.280900800000001
2018,71,19.3744304
2018,72,16.3138344
2018,73,3.6643472
2018,74,7.7044176
2018,75,9.4031216
2018,76,13.684608800000001
2018,77,12.734004000000002
2018,78,15.2657424
2018,79,10.3943112
2018,80,11.455373600000001
2018,81,3.1668696
2018,82,16.2414512
2018,83,19.3493264
2018,84,18.153957600000002
2018,85,21.1388232
2018,86,21.2300344
2018,87,20.715402400000002
2018,88,21.827928000000004
2018,89,20.907448000000002
2018,90,16.8452024
2018,91,20.0091432
2018,92,13.767452
2018,93,22.1003064
2018,94,15.5284976
2018,95,10.895972800000001
2018,96,10.991368
2018,97,8.9625464
2018,98,16.6916496
2018,99,23.718259200000002
2018,100,11.2557968
2018,101,18.125924800000004
2018,102,15.935600800000001
2018,103,25.4922752
2018,104,15.184154400000002
2018,105,16.9351584
2018,106,5.227908
2018,107,21.8266728
2018,108,22.381889600000004
2018,109,17.0092152
2018,110,26.879689600000003
2018,111,26.871740000000003
2018,112,24.7508704
2018,113,27.334908800000004
2018,114,27.562518400000002
2018,115,27.1085544
2018,116,27.997654400000002
2018,117,26.3763544
2018,118,27.2139912
2018,119,17.7949704
2018,120,18.4489296
2018,121,14.912612800000002
2018,122,24.8948
2018,123,28.506428800000002
2018,124,25.6788816
2018,125,19.3254776
2018,126,25.305668800000003
2018,127,28.7570504
2018,128,27.854143200000003
2018,129,22.6044784
2018,130,23.585626400000002
2018,131,17.1179992
2018,132,3.6869408000000004
2018,133,11.759132000000001
2018,134,29.4315112
2018,135,21.0091192
2018,136,20.239263200000003
2018,137,25.095632
2018,138,23.4103168
2018,139,30.331489600000005
2018,140,14.779561600000001
2018,141,24.254648000000003
2018,142,18.456460800000002
2018,143,22.819117600000002
2018,144,27.250391999999998
2018,145,28.780062400000002
2018,146,17.9677696
2018,147,15.813428
2018,148,21.871023200000003
2018,149,31.3293736
2018,150,14.5218272
2018,151,4.2894368
2018,152,30.348225600000003
2018,153,31.4808344
2018,154,31.190046400000004
2018,155,30.6641176
2018,156,25.420728800000003
2018,157,27.6357384
2018,158,21.3078568
2018,159,30.645289600000005
2018,160,24.973040800000003
2018,161,29.551592
2018,162,30.677924800000003
2018,163,32.6837344
2018,164,31.7235064
2018,165,28.240326400000004
2018,166,13.1285552
2018,167,24.939568800000004
2018,168,13.853224
2018,169,20.0237872
2018,170,21.839224800000004
2018,171,30.82562
2018,172,31.2302128
2018,173,31.189628000000003
2018,174,31.8942136
2018,175,31.517235200000002
2018,176,31.574556
2018,177,31.719322400000003
2018,178,30.411822400000002
2018,179,25.561729600000003
2018,180,31.612212
2018,181,31.681666400000005
2018,182,31.133144
2018,183,31.437739200000003
2018,184,31.66242
2018,185,31.183352
2018,186,30.0946752
2018,187,28.0712928
2018,188,29.4453184
2018,189,27.4800936
2018,190,26.217362400000003
2018,191,27.157088800000004
2018,192,30.970386400000002
2018,193,30.9892144
2018,194,31.674135200000002
2018,195,29.4980368
2018,196,28.5520344
2018,197,24.982664000000003
2018,198,29.183400000000002
2018,199,30.036936
2018,200,30.5925712
2018,201,28.253715200000002
2018,202,23.334168000000002
2018,203,24.975551199999998
2018,204,28.957045600000004
2018,205,26.289745600000003
2018,206,27.4541528
2018,207,26.2550184
2018,208,26.624047200000003
2018,209,27.839499200000002
2018,210,29.0068352
2018,211,26.9579304
2018,212,19.5313304
2018,213,24.1128104
2018,214,25.159647200000002
2018,215,23.813236
2018,216,26.426980800000003
2018,217,26.285980000000002
2018,218,28.627346400000004
2018,219,28.188026400000002
2018,220,28.090539200000002
2018,221,27.057509600000003
2018,222,27.88636
2018,223,25.3039952
2018,224,16.293751200000003
2018,225,21.786506400000004
2018,226,26.4792808
2018,227,25.584323200000004
2018,228,14.901734400000002
2018,229,15.573684800000002
2018,230,23.0253888
2018,231,23.0500744
2018,232,15.3745264
2018,233,19.943036
2018,234,20.6597552
2018,235,21.8095184
2018,236,21.990685600000003
2018,237,21.597389600000003
2018,238,15.5552752
2018,239,16.2456352
2018,240,25.2102736
2018,241,25.2726152
2018,242,24.0387536
2018,243,23.513661600000002
2018,244,24.886432
2018,245,24.8491944
2018,246,24.209460800000002
2018,247,23.706962400000002
2018,248,22.419964000000004
2018,249,20.8154
2018,250,21.9191392
2018,251,21.062674400000002
2018,252,21.579398400000002
2018,253,17.936389600000002
2018,254,21.373964
2018,255,19.263136
2018,256,11.65244
2018,257,15.9456424
2018,258,12.7720784
2018,259,21.6053392
2018,260,21.955121600000002
2018,261,21.620820000000002
2018,262,21.042172800000003
2018,263,21.3999048
2018,264,20.4781696
2018,265,19.6422064
2018,266,14.810523200000002
2018,267,20.560176
2018,268,20.0844552
2018,269,19.9903152
2018,270,19.6158472
2018,271,19.0376184
2018,272,12.139876
2018,273,13.664944000000002
2018,274,13.277924000000002
2018,275,16.1226256
2018,276,14.692952800000002
2018,277,3.2367424000000002
2018,278,17.277409600000002
2018,279,8.1065
2018,280,14.3640904
2018,281,16.39082
2018,282,2.702864
2018,283,5.0576192
2018,284,10.8654296
2018,285,16.1029608
2018,286,16.087061600000002
2018,287,16.6464624
2018,288,15.815101600000002
2018,289,15.6720088
2018,290,15.518456
2018,291,15.312184800000002
2018,292,15.1665816
2018,293,15.007589600000001
2018,294,12.453676
2018,295,11.651603200000002
2018,296,9.408979200000001
2018,297,13.219348
2018,298,12.6779384
2018,299,12.635261600000002
2018,300,10.701835200000001
2018,301,10.428201600000001
2018,302,8.684310400000001
2018,303,11.3863376
2018,304,7.077236000000001
2018,305,7.7952104
2018,306,9.659600800000002
2018,307,10.095992
2018,308,3.8764760000000003
2018,309,11.212283200000002
2018,310,10.7252656
2018,311,10.1947344
2018,312,11.8013904
2018,313,11.2901056
2018,314,11.435290400000001
2018,315,11.4854984
2018,316,11.4018184
2018,317,10.4821752
2018,318,10.6641792
2018,319,9.9549912
2018,320,10.2825984
2018,321,10.1520576
2018,322,10.4926352
2018,323,10.4185784
2018,324,10.443264000000001
2018,325,7.9981344000000005
2018,326,4.407844
2018,327,3.3015944
2018,328,9.4504008
2018,329,9.921100800000001
2018,330,8.9658936
2018,331,3.3166568
2018,332,4.896535200000001
2018,333,3.3710488
2018,334,1.8986992000000003
2018,335,3.7806624
2018,336,4.2789768
2018,337,7.962152000000001
2018,338,9.0784432
2018,339,3.6367328000000003
2018,340,4.290692
2018,341,6.8236856
2018,342,5.945882400000001
2018,343,8.4726
2018,344,5.3718376
2018,345,8.329925600000001
2018,346,8.0320248
2018,347,8.5198792
2018,348,5.5567704
2018,349,4.763484
2018,350,7.4240896
2018,351,3.7497008000000003
2018,352,3.5559816
2018,353,7.7952104
2018,354,6.7274536
2018,355,5.435016000000001
2018,356,8.210681600000001
2018,357,2.5175128
2018,358,3.4647704000000004
2018,359,3.9308680000000003
2018,360,8.319047200000002
2018,361,3.3877848
2018,362,4.9471616
2018,363,4.7149496
2018,364,5.5128384
2018,365,7.2860176
2019,1,6.8466976
2019,2,8.6152744
2019,3,8.65042
2019,4,7.250872000000001
2019,5,4.353452
2019,6,6.9450216000000005
2019,7,7.7939552
2019,8,7.3236736
2019,9,3.3212592
2019,10,5.894000800000001
2019,11,5.0655688
2019,12,8.51444
2019,13,2.9212688
2019,14,9.350821600000002
2019,15,8.0169624
2019,16,5.867641600000001
2019,17,2.8894704000000004
2019,18,5.860947200000001
2019,19,4.471440800000001
2019,20,1.8982808
2019,21,7.509024800000001
2019,22,10.1654464
2019,23,5.4199536
2019,24,8.9671488
2019,25,8.035372
2019,26,10.4846856
2019,27,10.5591608
2019,28,10.13574
2019,29,9.58136
2019,30,11.001828
2019,31,11.387592800000002
2019,32,10.9671008
2019,33,2.8894704000000004
2019,34,6.175584
2019,35,6.08772
2019,36,7.350451200000001
2019,37,7.7562992
2019,38,13.029394400000001
2019,39,9.6533248
2019,40,7.122841600000001
2019,41,7.9667544
2019,42,9.6888888
2019,43,8.4654872
2019,44,3.6986560000000006
2019,45,3.1626856
2019,46,5.232092
2019,47,6.2642848
2019,48,9.0692384
2019,49,7.482247200000001
2019,50,12.023979200000001
2019,51,14.477895199999999
2019,52,16.0196992
2019,53,13.5599256
2019,54,11.953688
2019,55,10.771708
2019,56,3.6358960000000002
2019,57,5.0551088
2019,58,6.697747200000001
2019,59,5.8207808000000005
2019,60,15.1561216
2019,61,13.9670288
2019,62,14.737303200000001
2019,63,16.5385152
2019,64,9.9658696
2019,65,3.9492776000000003
2019,66,7.245851200000001
2019,67,10.5461904
2019,68,15.011355199999999
2019,69,15.014284000000002
2019,70,19.0418024
2019,71,17.1372456
2019,72,16.564456
2019,73,19.8857152
2019,74,19.8476408
2019,75,20.1179272
2019,76,18.694948800000002
2019,77,19.4920008
2019,78,21.013303200000003
2019,79,17.2594184
2019,80,5.5199512
2019,81,9.5064664
2019,82,13.333571200000002
2019,83,10.620247200000001
2019,84,16.1954272
2019,85,18.3765464
2019,86,14.9875064
2019,87,18.517128800000002
2019,88,14.734374400000002
2019,89,19.3480712
2019,90,18.1150464
2019,91,15.143569600000001
2019,92,5.7534184
2019,93,10.950783200000002
2019,94,17.383264800000003
2019,95,12.714339200000001
2019,96,14.892529600000001
2019,97,11.8587112
2019,98,16.0962664
2019,99,15.974512
2019,100,22.2940256
2019,101,15.9945952
2019,102,17.0464528
2019,103,19.694088
2019,104,8.462976800000002
2019,105,18.9275792
2019,106,21.525424800000003
2019,107,22.9354328
2019,108,26.162551999999998
2019,109,25.0784776
2019,110,12.2189536
2019,111,10.5173208
2019,112,20.883599200000003
2019,113,26.0295008
2019,114,25.243327200000003
2019,115,26.813164000000004
2019,116,22.070600000000002
2019,117,27.3955768
2019,118,28.3436712
2019,119,22.3387944
2019,120,25.404620400000002
2019,121,28.470446400000004
2019,122,27.7185816
2019,123,27.9139744
2019,124,27.6156552
2019,125,26.4165208
2019,126,27.3428584
2019,127,22.3910944
2019,128,19.861029600000002
2019,129,22.387747200000003
2019,130,29.657028800000003
2019,131,30.028149600000003
2019,132,29.7971928
2019,133,22.401136
2019,134,19.318783200000002
2019,135,18.157304800000002
2019,136,10.293895200000001
2019,137,6.7839376
2019,138,20.419593600000002
2019,139,10.7357256
2019,140,18.4464192
2019,141,15.618872000000001
2019,142,12.943204000000001
2019,143,11.0909472
2019,144,25.829924000000002
2019,145,12.4716672
2019,146,17.2815936
2019,147,8.3717656
2019,148,17.932624
2019,149,30.1444648
2019,150,14.4841712
2019,151,17.373641600000003
2019,152,29.223566400000003
2019,153,31.551125600000002
2019,154,27.9390784
2019,155,30.438181600000004
2019,156,31.091722400000002
2019,157,28.463752
2019,158,13.174160800000001
2019,159,30.98252
2019,160,32.1234968
2019,161,31.2339784
2019,162,31.428116
2019,163,29.395528800000005
2019,164,25.661308800000004
2019,165,30.189652
2019,166,31.827688000000002
2019,167,29.911416
2019,168,31.5444312
2019,169,31.3557328
2019,170,31.3440176
2019,171,29.173776800000002
2019,172,29.898027200000005
2019,173,31.602588800000003
2019,174,31.378326400000002
2019,175,31.3440176
2019,176,29.620628000000004
2019,177,21.1693664
2019,178,25.327007200000004
2019,179,30.442784000000003
2019,180,30.096348800000005
2019,181,29.005998400000003
2019,182,30.431905600000004
2019,183,30.626461600000003
2019,184,17.815053600000002
2019,185,23.7454552
2019,186,30.985448800000004
2019,187,22.1923544
2019,188,19.827557600000002
2019,189,12.4997
2019,190,28.549942400000003
2019,191,26.703961600000003
2019,192,30.433160800000003
2019,193,21.336308
2019,194,21.9718576
2019,195,29.412264800000003
2019,196,29.4398792
2019,197,17.7514568
2019,198,28.930268
2019,199,29.641548000000004
2019,200,29.794682400000003
2019,201,29.9946776
2019,202,28.8470064
2019,203,28.248276
2019,204,10.9545488
2019,205,29.03696
2019,206,28.553289600000003
2019,207,8.815688
2019,208,28.565841600000002
2019,209,28.706842400000003
2019,210,14.619732800000001
2019,211,28.9168792
2019,212,24.944589600000004
2019,213,19.8903176
2019,214,24.960907200000005
2019,215,26.8315736
2019,216,26.5428776
2019,217,27.015251199999998
2019,218,25.170944000000002
2019,219,7.629524
2019,220,12.976676
2019,221,25.0742936
2019,222,27.2068784
2019,223,27.2487184
2019,224,27.560008000000003
2019,225,26.0868216
2019,226,26.9960048
2019,227,26.670908000000004
2019,228,26.723208000000003
2019,229,25.557964000000002
2019,230,26.4579424
2019,231,26.006488800000003
2019,232,26.551664000000002
2019,233,24.34042
2019,234,22.5843952
2019,235,25.8838976
2019,236,25.4600584
2019,237,25.563403200000003
2019,238,25.978456
2019,239,25.923227200000003
2019,240,25.319476
2019,241,19.726723200000002
2019,242,24.1111368
2019,243,24.4002512
2019,244,24.367616
2019,245,23.9400112
2019,246,20.899498400000002
2019,247,21.4961368
2019,248,17.165278400000002
2019,249,14.842740000000001
2019,250,20.2534888
2019,251,13.770380800000002
2019,252,19.645553600000003
2019,253,9.9064568
2019,254,22.030852
2019,255,22.319966400000002
2019,256,21.2204112
2019,257,21.6957136
2019,258,21.290284000000003
2019,259,16.410484800000003
2019,260,20.4204304
2019,261,16.7665432
2019,262,5.2747688
2019,263,9.451656000000002
2019,264,19.9760896
2019,265,20.2300584
2019,266,19.702874400000002
2019,267,19.6656368
2019,268,19.773584000000003
2019,269,19.6359304
2019,270,19.474428
2019,271,9.9190088
2019,272,11.820636799999999
2019,273,16.7577568
2019,274,11.180484800000002
2019,275,18.6890912
2019,276,17.9594016
2019,277,9.8780056
2019,278,17.2619288
2019,279,18.05396
2019,280,17.95982
2019,281,14.400491200000001
2019,282,16.1569344
2019,283,12.088412800000002
2019,284,16.681608
2019,285,17.088711200000002
2019,286,16.596254400000003
2019,287,15.892924000000002
2019,288,15.661130400000001
2019,289,14.317229600000001
2019,290,8.2207232
2019,291,11.285921600000002
2019,292,5.3885736
2019,293,12.7042976
2019,294,10.4487032
2019,295,10.297242400000002
2019,296,14.347772800000001
2019,297,14.290452000000002
2019,298,14.0243496
2019,299,10.0934816
2019,300,9.182624800000001
2019,301,4.6718544
2019,302,10.5340568
2019,303,13.7712176
2019,304,12.281295199999999
2019,305,13.2063776
2019,306,12.861616
2019,307,11.295544800000002
2019,308,11.5382168
2019,309,12.3641384
2019,310,11.9700056
2019,311,11.735283200000001
2019,312,11.872100000000001
2019,313,11.444913600000001
2019,314,10.152894400000001
2019,315,11.513531200000001
2019,316,9.233251200000002
2019,317,10.7917912
2019,318,7.975122400000001
2019,319,9.657090400000001
2019,320,10.3838512
2019,321,8.3546112
2019,322,8.8541808
2019,323,4.4743696
2019,324,5.0693344
2019,325,7.999389600000001
2019,326,9.690144
2019,327,9.8139904
2019,328,7.327439200000001
2019,329,5.3191192
2019,330,4.2965496000000005
2019,331,2.4476400000000003
2019,332,7.3563088
2019,333,3.7664368
2019,334,9.073840800000001
2019,335,3.3501288
2019,336,4.0568064
2019,337,3.6819200000000003
2019,338,4.1831632
2019,339,2.1116648000000002
2019,340,7.3433384
2019,341,3.7229232000000003
2019,342,4.716623200000001
2019,343,6.705696800000001
2019,344,7.9918584
2019,345,1.8493280000000003
2019,346,1.979032
2019,347,2.59408
2019,348,5.8266384
2019,349,4.460562400000001
2019,350,8.705230400000001
2019,351,8.7809608
2019,352,6.050900800000001
2019,353,3.9174792
2019,354,6.7036048
2019,355,2.9873760000000003
2019,356,2.8940728
2019,357,3.2308848
2019,358,4.3739536
2019,359,5.676851200000001
2019,360,3.2246088
2019,361,3.9271024000000003
2019,362,4.470185600000001
2019,363,4.408680800000001
2019,364,6.634987200000001
2019,365,5.735427200000001
2020,1,2.6781784
2020,2,6.1575928
2020,3,5.5894056
2020,4,2.9246160000000003
2020,5,5.7818696
2020,6,5.8931640000000005
2020,7,7.9416504
2020,8,4.8747784
2020,9,6.1274679999999995
2020,10,8.120307200000001
2020,11,4.1283528
2020,12,5.5178592
2020,13,7.205266400000001
2020,14,6.607372799999999
2020,15,9.4637896
2020,16,6.3098904000000005
2020,17,9.7997648
2020,18,9.0131728
2020,19,9.4771784
2020,20,5.0948568000000005
2020,21,5.186904800000001
2020,22,5.811994400000001
2020,23,6.84084
2020,24,4.815784
2020,25,5.9734968
2020,26,3.5358984
2020,27,6.7061152
2020,28,2.5986824
2020,29,3.154736
2020,30,3.1246112000000004
2020,31,4.0660112
2020,32,7.9186384
2020,33,4.2555464
2020,34,7.129536000000001
2020,35,10.590540800000001
2020,36,4.342992
2020,37,2.9664560000000004
2020,38,4.8915144
2020,39,8.924472000000002
2020,40,8.5738528
2020,41,8.745815200000001
2020,42,11.7608056
2020,43,9.06882
2020,44,12.4469816
2020,45,7.313632000000001
2020,46,7.5391496
2020,47,4.186092
2020,48,10.3056104
2020,49,14.426850400000001
2020,50,14.648184000000002
2020,51,14.773704000000002
2020,52,14.525174400000001
2020,53,14.444841600000002
2020,54,14.970770400000001
2020,55,15.124323200000001
2020,56,15.691673600000001
2020,57,14.3770608
2020,58,16.0962664
2020,59,14.9080104
2020,60,10.433640800000001
2020,61,13.6975792
2020,62,15.581634400000002
2020,63,14.8226568
2020,64,16.7518992
2020,65,17.4129712
2020,66,12.4896584
2020,67,4.379392800000001
2020,68,14.194220000000001
2020,69,9.8395128
2020,70,18.1727856
2020,71,18.8961992
2020,72,19.6656368
2020,73,19.2907504
2020,74,5.81576
2020,75,13.365369600000001
2020,76,15.9812064
2020,77,11.908082400000001
2020,78,15.5054856
2020,79,16.001708
2020,80,18.8543592
2020,81,17.943084000000002
2020,82,20.6861144
2020,83,10.1311376
2020,84,15.3397992
2020,85,18.0384792
2020,86,21.8455008
2020,87,17.157328800000002
2020,88,17.23808
2020,89,12.675428
2020,90,12.485474400000001
2020,91,11.9009696
2020,92,11.9478304
2020,93,20.986944
2020,94,21.3810768
2020,95,20.453484000000003
2020,96,14.9841592
2020,97,12.1528464
2020,98,23.8475448
2020,99,24.683926400000004
2020,100,24.744176
2020,101,22.9914984
2020,102,20.0074696
2020,103,23.1232944
2020,104,21.994869600000005
2020,105,23.345883200000003
2020,106,15.0423168
2020,107,16.0975216
2020,108,26.8420336
2020,109,25.850007200000004
2020,110,24.8203248
2020,111,26.7508224
2020,112,26.811072
2020,113,23.6663776
2020,114,21.042172800000003
2020,115,24.568448000000004
2020,116,19.9798552
2020,117,26.6909912
2020,118,22.094867200000003
2020,119,27.634901600000003
2020,120,23.5868816
2020,121,22.3011384
2020,122,27.748288000000002
2020,123,24.501504
2020,124,25.2529504
2020,125,29.5921768
2020,126,25.8370368
2020,127,27.4834408
2020,128,30.095512
2020,129,30.0352624
2020,130,29.9666448
2020,131,28.119827200000003
2020,132,25.535788800000002
2020,133,18.0891056
2020,134,19.194100000000002
2020,135,16.918004000000003
2020,136,27.278424800000003
2020,137,22.8061472
2020,138,21.214972000000003
2020,139,16.4669688
2020,140,13.770380800000002
2020,141,10.856224800000001
2020,142,24.5358128
2020,143,8.055036800000002
2020,144,27.5102184
2020,145,30.919341600000003
2020,146,29.494689600000005
2020,147,27.4164968
2020,148,30.723948800000002
2020,149,30.489226400000003
2020,150,29.596360800000003
2020,151,18.0439184
2020,152,29.505568000000004
2020,153,23.163460800000003
2020,154,27.0403552
2020,155,28.241163200000003
2020,156,30.414751199999998
2020,157,24.1328936
2020,158,14.196730400000002
2020,159,17.2410088
2020,160,24.8742984
2020,161,28.1804952
2020,162,31.952789600000003
2020,163,29.19386
2020,164,25.3127816
2020,165,22.638368800000002
2020,166,29.067921600000002
2020,167,21.990685600000003
2020,168,18.517128800000002
2020,169,14.062842400000001
2020,170,31.8519552
2020,171,31.3712136
2020,172,26.246232
2020,173,29.445736800000002
2020,174,32.036888000000005
2020,175,32.0071816
2020,176,23.4688928
2020,177,29.2005544
2020,178,30.4452944
2020,179,26.361292
2020,180,3.276072
2020,181,13.178344800000001
2020,182,24.401506400000002
2020,183,31.426860800000004
2020,184,30.241952
2020,185,25.742060000000002
2020,186,30.969968000000005
2020,187,31.241928000000005
2020,188,31.295064800000002
2020,189,31.263684800000004
2020,190,31.3707952
2020,191,31.289207200000003
2020,192,31.244020000000003
2020,193,31.487528800000003
2020,194,31.408869600000003
2020,195,30.410985600000004
2020,196,31.246948800000002
2020,197,31.6155592
2020,198,30.846958400000002
2020,199,30.535668800000003
2020,200,30.2206136
2020,201,30.3331632
2020,202,30.5026152
2020,203,29.623138400000002
2020,204,11.7934408
2020,205,25.840384000000004
2020,206,25.070946400000004
2020,207,28.5909456
2020,208,28.7453352
2020,209,23.747965600000004
2020,210,23.86972
2020,211,28.5591472
2020,212,28.4005736
2020,213,29.093862400000003
2020,214,27.348716
2020,215,28.616049600000004
2020,216,27.7683712
2020,217,28.8064216
2020,218,24.722837600000002
2020,219,24.532465600000002
2020,220,27.973805600000002
2020,221,27.789709600000005
2020,222,27.795567200000004
2020,223,28.047444000000002
2020,224,23.204464
2020,225,25.1684336
2020,226,27.4110576
2020,227,27.387627200000004
2020,228,27.435324800000004
2020,229,22.420800800000002
2020,230,22.363480000000003
2020,231,20.918744800000002
2020,232,22.093612
2020,233,17.365273600000002
2020,234,20.6718888
2020,235,19.3493264
2020,236,18.2853352
2020,237,15.1623976
2020,238,18.9422232
2020,239,22.8626312
2020,240,19.9191872
2020,241,21.325848
2020,242,24.1588344
2020,243,24.884758400000003
2020,244,11.8859072
2020,245,24.203184800000002
2020,246,24.459245600000003
2020,247,23.9956584
2020,248,24.198164000000002
2020,249,22.911165600000004
2020,250,20.702850400000003
2020,251,22.4329344
2020,252,23.091077600000002
2020,253,23.4948336
2020,254,23.087312
2020,255,22.417872
2020,256,17.042268800000002
2020,257,19.4698256
2020,258,20.907448000000002
2020,259,18.798712000000002
2020,260,18.9853184
2020,261,17.362344800000002
2020,262,7.1508744
2020,263,19.1974472
2020,264,19.959353600000004
2020,265,19.0719272
2020,266,16.692068
2020,267,14.636468800000001
2020,268,17.4154816
2020,269,16.187896
2020,270,9.457932000000001
2020,271,19.031342400000003
2020,272,18.7982936
2020,273,18.990757600000002
2020,274,18.635536
2020,275,17.8891104
2020,276,13.930628
2020,277,16.482868
2020,278,17.005449600000002
2020,279,17.325944000000003
2020,280,16.459856
2020,281,14.0762312
2020,282,14.9590552
2020,283,16.206724
2020,284,9.950807200000002
2020,285,16.5929072
2020,286,14.694208
2020,287,12.5051392
2020,288,15.1720208
2020,289,15.554020000000001
2020,290,15.490841600000001
2020,291,14.138991200000001
2020,292,14.7017392
2020,293,13.3649512
2020,294,13.794229600000001
2020,295,10.118585600000001
2020,296,14.125184
2020,297,14.0314624
2020,298,4.8321016
2020,299,11.7595504
2020,300,13.461601600000002
2020,301,13.866612800000002
2020,302,13.594234400000001
2020,303,13.4770824
2020,304,13.1072168
2020,305,13.037344000000001
2020,306,12.739443200000002
2020,307,12.5754304
2020,308,11.972934400000002
2020,309,12.175858400000001
2020,310,11.928584
2020,311,4.2459232
2020,312,7.012384
2020,313,8.901041600000001
2020,314,3.623344
2020,315,3.0865368
2020,316,8.695607200000001
2020,317,11.627754400000002
2020,318,1.184072
2020,319,9.5888912
2020,320,2.487388
2020,321,9.694328
2020,322,3.5371536000000003
2020,323,3.0756584000000005
2020,324,6.080607200000001
2020,325,10.4077
2020,326,10.244105600000001
2020,327,9.364210400000001
2020,328,5.955924
2020,329,8.3809704
2020,330,2.8894704000000004
2020,331,5.4316688
2020,332,9.473831200000001
2020,333,9.103547200000001
2020,334,9.601861600000001
2020,335,8.090182400000002
2020,336,9.2679784
2020,337,9.236180000000001
2020,338,9.4311544
2020,339,9.229067200000001
2020,340,9.195595200000001
2020,341,8.2558688
2020,342,9.0345112
2020,343,9.0533392
2020,344,8.1341144
2020,345,6.4559120000000005
2020,346,3.4672808
2020,347,8.686820800000001
2020,348,3.1601752000000003
2020,349,2.8229448
2020,350,6.5759928
2020,351,7.1676104
2020,352,2.3915744
2020,353,7.338736000000001
2020,354,7.730776800000001
2020,355,4.0241712000000005
2020,356,7.8604808
2020,357,5.132931200000001
2020,358,8.654604
2020,359,8.4939384
2020,360,7.529108
2020,361,3.1195904000000003
2020,362,8.4090032
2020,363,7.265516000000001
2020,364,7.164681600000001
2020,365,3.6727152000000003
2020,366,4.0789816
2021,1,7.9521104000000005
2021,2,5.476856000000001
2021,3,4.760555200000001
2021,4,2.6656264000000003
2021,5,8.9541784
2021,6,7.6416576
2021,7,4.5802248
2021,8,5.4366896
2021,9,2.4760912
2021,10,7.33246
2021,11,8.528247200000001
2021,12,5.4458944
2021,13,3.2631016
2021,14,8.5474936
2021,15,7.495636
2021,16,9.1830432
2021,17,7.8023232
2021,18,6.357588
2021,19,10.325693600000001
2021,20,10.1675384
2021,21,6.0546664
2021,22,4.7199704
2021,23,4.8881672
2021,24,9.903528
2021,25,9.265049600000001
2021,26,6.407796
2021,27,2.0706616
2021,28,2.4627024
2021,29,1.9041384000000001
2021,30,6.6500496
2021,31,11.868752800000001
2021,32,7.539986400000001
2021,33,10.144944800000001
2021,34,10.2524736
2021,35,12.246568
2021,36,9.357516
2021,37,12.417275199999999
2021,38,13.154914400000001
2021,39,12.5846352
2021,40,8.510674400000001
2021,41,13.2352472
2021,42,7.575132000000001
2021,43,4.7852408
2021,44,7.2977327999999995
2021,45,12.526895999999999
2021,46,8.694352
2021,47,7.461327200000001
2021,48,8.993926400000001
2021,49,9.1541736
2021,50,7.838305600000001
2021,51,11.5532792
2021,52,13.083368
2021,53,13.507625599999999
2021,54,15.081228000000001
2021,55,7.1508744
2021,56,9.003549600000001
2021,57,4.6777120000000005
2021,58,10.012312000000001
2021,59,14.624753600000002
2021,60,16.552740800000002
2021,61,16.3937488
2021,62,16.194590400000003
2021,63,17.1246936
2021,64,17.1276224
2021,65,12.0691664
2021,66,17.656480000000002
2021,67,12.895088
2021,68,15.0096816
2021,69,18.3192256
2021,70,14.6494392
2021,71,19.5196152
2021,72,19.637604000000003
2021,73,19.574844000000002
2021,74,14.020584000000001
2021,75,18.8920152
2021,76,15.838950400000002
2021,77,16.0866432
2021,78,9.2516608
2021,79,14.1737184
2021,80,18.107933600000003
2021,81,13.714733600000002
2021,82,13.037344000000001
2021,83,14.339823200000001
2021,84,7.9889296000000005
2021,85,18.0886872
2021,86,22.529584800000002
2021,87,22.707823200000004
2021,88,23.1714104
2021,89,23.0400328
2021,90,23.5927392
2021,91,24.3036008
2021,92,23.393580800000002
2021,93,22.508664800000002
2021,94,23.991056
2021,95,10.5399144
2021,96,24.796476000000002
2021,97,24.4148952
2021,98,24.158416
2021,99,25.767582400000002
2021,100,25.444577600000002
2021,101,25.855028000000004
2021,102,25.427004800000002
2021,103,21.3522072
2021,104,9.174675200000001
2021,105,13.3000992
2021,106,19.209999200000002
2021,107,25.400227200000003
2021,108,26.0073256
2021,109,22.8709992
2021,110,27.680925600000002
2021,111,27.9353128
2021,112,27.183448000000002
2021,113,26.9980968
2021,114,13.135668
2021,115,12.533590400000001
2021,116,10.7373992
2021,117,18.4991376
2021,118,25.2249176
2021,119,27.7298784
2021,120,26.047492
2021,121,22.1337784
2021,122,17.756896
2021,123,28.164596
2021,124,24.9939608
2021,125,29.270008800000003
2021,126,23.6872976
2021,127,18.320480800000002
2021,128,29.8013768
2021,129,28.024432
2021,130,25.3860016
2021,131,29.649916
2021,132,28.499316
2021,133,27.9127192
2021,134,21.4187328
2021,135,11.299310400000001
2021,136,22.032944
2021,137,27.76084
2021,138,26.961696
2021,139,26.472168000000003
2021,140,19.7518272
2021,141,13.524780000000002
2021,142,28.065016800000002
2021,143,17.518408
2021,144,19.117532800000003
2021,145,15.969909600000001
2021,146,22.3166192
2021,147,27.6629344
2021,148,25.903562400000002
2021,149,24.9851744
2021,150,26.0257352
2021,151,23.832482400000004
2021,152,27.696406400000004
2021,153,29.018968800000003
2021,154,29.1093432
2021,155,28.466680800000002
2021,156,28.6030792
2021,157,27.2888848
2021,158,27.735317600000002
2021,159,28.993028000000002
2021,160,26.705216800000002
2021,161,18.882392000000003
2021,162,28.244928800000004
2021,163,28.6884328
2021,164,30.108482400000003
2021,165,28.2625016
2021,166,29.359128000000002
2021,167,29.285489600000005
2021,168,29.5720936
2021,169,28.1754744
2021,170,29.530672
2021,171,29.719788800000003
2021,172,29.9043032
2021,173,28.003512
2021,174,25.464242400000003
2021,175,23.1488168
2021,176,29.2432312
2021,177,28.5783936
2021,178,29.1189664
2021,179,29.124405600000003
2021,180,29.3189616
2021,181,28.900143200000002
2021,182,23.983106400000004
2021,183,28.2478576
2021,184,21.0890336
2021,185,16.6351656
2021,186,27.852888000000004
2021,187,28.508520800000003
2021,188,23.3073904
2021,189,28.117735200000002
2021,190,27.502687200000004
2021,191,25.766745600000004
2021,192,25.2537872
2021,193,25.2102736
2021,194,27.158344000000003
2021,195,25.361316
2021,196,23.495670399999998
2021,197,27.6307176
2021,198,25.3931144
2021,199,24.658404
2021,200,8.2834832
2021,201,19.504552800000003
2021,202,22.144238400000003
2021,203,21.6639152
2021,204,26.2905824
2021,205,24.2789152
2021,206,21.676885600000002
2021,207,24.4830944
2021,208,13.2448704
2021,209,23.7228616
2021,210,22.509083200000003
2021,211,15.903802400000002
2021,212,15.844808
2021,213,13.4465392
2021,214,22.123318400000002
2021,215,22.3032304
2021,216,21.3852608
2021,217,16.8962472
2021,218,13.987112000000002
2021,219,25.384328000000004
2021,220,20.1572568
2021,221,25.8713456
2021,222,26.242884800000002
2021,223,24.422008
2021,224,24.819488000000003
2021,225,24.452969600000003
2021,226,21.524588
2021,227,21.4802376
2021,228,15.192522400000001
2021,229,17.8234216
2021,230,18.354371200000003
2021,231,6.76762
2021,232,23.191912
2021,233,11.4047472
2021,234,22.6986184
2021,235,19.1405448
2021,236,19.1777824
2021,237,19.7560112
2021,238,18.288682400000003
2021,239,22.6002944
2021,240,23.8755776
2021,241,22.569332799999998
2021,242,18.3087656
2021,243,19.570241600000003
2021,244,21.4229168
2021,245,20.2438656
2021,246,22.561801600000003
2021,247,21.3053464
2021,248,19.6865568
2021,249,19.0175352
2021,250,18.874024000000002
2021,251,20.0170928
2021,252,18.9254872
2021,253,12.8289808
2021,254,20.1534912
2021,255,19.4643864
2021,256,19.5242176
2021,257,20.761844800000002
2021,258,20.203699200000003
2021,259,19.8852968
2021,260,19.0200456
2021,261,13.7950664
2021,262,9.5232024
2021,263,18.8418072
2021,264,19.607060800000003
2021,265,17.504600800000002
2021,266,16.8611016
2021,267,18.2874272
2021,268,18.1891032
2021,269,17.543512
2021,270,17.410460800000003
2021,271,10.1533128
2021,272,17.7564776
2021,273,17.694972800000002
2021,274,15.598788800000001
2021,275,17.184524800000002
2021,276,16.8857872
2021,277,14.510948800000001
2021,278,14.813452000000002
2021,279,9.9173352
2021,280,7.9613152000000005
2021,281,3.843004
2021,282,7.936211200000001
2021,283,13.0754184
2021,284,3.439248
2021,285,13.0448752
2021,286,8.531176
2021,287,13.863684000000001
2021,288,14.606762400000001
2021,289,14.5050912
2021,290,14.044014400000002
2021,291,5.3651431999999994
2021,292,9.103547200000001
2021,293,10.8231712
2021,294,13.147383200000002
2021,295,7.6985600000000005
2021,296,8.3039848
2021,297,1.5614688
2021,298,1.8091616000000001
2021,299,7.637892000000001
2021,300,11.431943200000001
2021,301,9.9838608
2021,302,11.731936
2021,303,9.694746400000001
2021,304,6.6626016
2021,305,4.5111888
2021,306,10.462092
2021,307,11.035300000000001
2021,308,6.588126400000001
2021,309,9.8654536
2021,310,4.2618224
2021,311,9.361281600000002
2021,312,7.0571528
2021,313,1.7384519999999999
2021,314,9.182624800000001
2021,315,4.271445600000001
2021,316,8.683892
2021,317,9.609811200000001
2021,318,8.0328616
2021,319,6.9483688
2021,320,9.4093976
2021,321,9.9524808
2021,322,5.2659824
2021,323,3.4041024
2021,324,8.047505600000001
2021,325,9.6093928
2021,326,9.4261336
2021,327,4.9283336
2021,328,8.77594
2021,329,8.547912
2021,330,6.967196800000001
2021,331,7.914036
2021,332,8.426576
2021,333,8.5654848
2021,334,6.660091200000001
2021,335,7.7265928
2021,336,8.1872512
2021,337,8.2830648
2021,338,7.8140384
2021,339,7.821988
2021,340,2.3748384000000002
2021,341,4.401568
2021,342,2.7526536000000004
2021,343,4.6647416
2021,344,7.839142400000001
2021,345,4.396965600000001
2021,346,2.4037080000000004
2021,347,4.7538608
2021,348,2.4919904
2021,349,4.3718616
2021,350,5.1814656
2021,351,5.47058
2021,352,5.817852000000001
2021,353,4.8228968
2021,354,7.723664
2021,355,7.7157144
2021,356,4.3601464
2021,357,1.1280064
2021,358,4.0597352
2021,359,4.439224
2021,360,7.4165584
2021,361,3.506192
2021,362,5.632082400000001
2021,363,5.0295864
2021,364,4.1957152
2021,365,6.1207736
2022,1,8.539544
2022,2,6.2709792
2022,3,6.180186400000001
2022,4,5.0923464
2022,5,4.3036624
2022,6,4.056388
2022,7,4.0153848000000005
2022,8,7.2240944
2022,9,8.857109600000001
2022,10,8.616948
2022,11,7.6701088
2022,12,8.1705152
2022,13,5.8027896000000005
2022,14,8.960036
2022,15,6.3647008000000005
2022,16,8.365071200000001
2022,17,7.058408
2022,18,3.9534616
2022,19,3.6886144
2022,20,5.1940176000000005
2022,21,3.6898696
2022,22,5.2664008
2022,23,4.3019888
2022,24,4.352615200000001
2022,25,6.8579944
2022,26,7.363421600000001
2022,27,6.556328
2022,28,11.0742112
2022,29,11.2260904
2022,30,11.0482704
2022,31,10.2959872
2022,32,10.611460800000001
2022,33,9.244966400000001
2022,34,7.655464800000001
2022,35,11.4152072
2022,36,11.526501600000001
2022,37,11.6746152
2022,38,11.2034968
2022,39,11.837791200000002
2022,40,11.4980504
2022,41,11.7972064
2022,42,12.139039200000001
2022,43,11.304749600000001
2022,44,13.2197664
2022,45,9.271744
2022,46,4.217053600000001
2022,47,6.8278696000000005
2022,48,13.542352800000002
2022,49,13.9176576
2022,50,14.164932000000002
2022,51,10.5470272
2022,52,12.792580000000001
2022,53,9.008152
2022,54,6.684776800000001
2022,55,7.483920800000001
2022,56,12.4733408
2022,57,15.841042400000001
2022,58,11.7545296
2022,59,14.391704800000001
2022,60,13.6867008
2022,61,14.1536352
2022,62,13.5678752
2022,63,11.572944000000001
2022,64,7.765504
2022,65,7.2228392
2022,66,14.867425599999999
2022,67,6.0433696
2022,68,12.656181600000002
2022,69,17.1267856
2022,70,12.376690400000001
2022,71,17.4573216
2022,72,9.4156736
2022,73,16.6016936
2022,74,5.336692
2022,75,13.1047064
2022,76,16.905452
2022,77,18.2347088
2022,78,9.841186400000002
2022,79,17.973208800000002
2022,80,17.292472
2022,81,19.447232000000003
2022,82,19.859774400000003
2022,83,19.3882376
2022,84,19.1133488
2022,85,19.848896
2022,86,11.7022296
2022,87,16.094174400000004
2022,88,12.3775272
2022,89,19.924208
2022,90,20.075668800000003
2022,91,19.5217072
2022,92,20.667286400000002
2022,93,20.6651944
2022,94,6.9994136000000005
2022,95,16.7456232
2022,96,19.9083088
2022,97,19.8296496
2022,98,18.424662400000003
2022,99,21.0446832
2022,100,17.4062768
2022,101,5.394849600000001
2022,102,13.5992552
2022,103,14.083344000000002
2022,104,8.0504344
2022,105,17.6443464
2022,106,9.513160800000001
2022,107,21.937548800000002
2022,108,21.301162400000003
2022,109,15.206748000000001
2022,110,24.073480800000002
2022,111,10.150802400000002
2022,112,13.0256288
2022,113,21.20242
2022,114,23.129988800000003
2022,115,20.736322400000002
2022,116,19.599948
2022,117,20.0965888
2022,118,12.590074400000002
2022,119,25.9311768
2022,120,16.7602672
2022,121,6.8153176
2022,122,15.466574400000002
2022,123,6.8981608
2022,124,20.656408
2022,125,13.9653552
2022,126,16.4477224
2022,127,21.290284000000003
2022,128,12.5884008
2022,129,21.225850400000002
2022,130,23.4822816
2022,131,24.95756
2022,132,24.775556
2022,133,22.9287384
2022,134,22.1777104
2022,135,27.178008800000004
2022,136,24.522005600000004
2022,137,27.807700800000003
2022,138,25.2968824
2022,139,15.1561216
2022,140,25.1826592
2022,141,25.4119424
2022,142,19.5062264
2022,143,25.1680152
2022,144,27.377167200000002
2022,145,28.1909552
2022,146,20.1066304
2022,147,21.830438400000002
2022,148,16.889134400000003
2022,149,16.712569600000002
2022,150,7.0408352
2022,151,10.277996
2022,152,16.1506584
2022,153,15.636444800000001
2022,154,14.067444800000002
2022,155,8.5177872
2022,156,12.633588
2022,157,27.310223200000003
2022,158,26.0713408
2022,159,18.3087656
2022,160,24.421589600000004
2022,161,26.049584000000003
2022,162,25.4692632
2022,163,7.794792000000001
2022,164,28.164596
2022,165,25.9792928
2022,166,29.573348800000005
2022,167,27.564192
2022,168,25.25044
2022,169,25.0646704
2022,170,25.8579568
2022,171,28.8721104
2022,172,29.5185384
2022,173,28.7871752
2022,174,22.8726728
2022,175,29.004743200000004
2022,176,29.5616336
2022,177,29.527324800000002
2022,178,28.145768000000004
2022,179,25.008604800000004
2022,180,28.810187200000005
2022,181,26.205228800000004
2022,182,29.2352816
2022,183,25.6152848
2022,184,23.7454552
2022,185,29.521048800000003
2022,186,28.5089392
2022,187,26.7905704
2022,188,27.8771552
2022,189,28.5394824
2022,190,28.523164800000004
2022,191,28.422748800000004
2022,192,28.908929600000004
2022,193,28.031544800000002
2022,194,22.999448000000005
2022,195,22.932085600000004
2022,196,24.4023432
2022,197,27.6620976
2022,198,20.832136
2022,199,26.320288800000004
2022,200,26.2809592
2022,201,27.6796704
2022,202,26.7206976
2022,203,25.3931144
2022,204,27.252902400000004
2022,205,28.2051808
2022,206,28.5189808
2022,207,27.926526400000004
2022,208,27.582183200000003
2022,209,27.1491392
2022,210,26.346648000000002
2022,211,26.2135968
2022,212,25.070946400000004
2022,213,19.907472000000002
2022,214,15.4791264
2022,215,26.320707200000005
2022,216,18.174877600000002
2022,217,6.6646936
2022,218,15.10424
2022,219,26.740362400000002
2022,220,25.9797112
2022,221,21.629606400000004
2022,222,8.2311832
2022,223,22.396952
2022,224,21.3626672
2022,225,22.1852416
2022,226,23.4676376
2022,227,25.1993952
2022,228,24.982245600000002
2022,229,25.1797304
2022,230,16.8062912
2022,231,13.5699672
2022,232,23.3977648
2022,233,23.9642784
2022,234,20.4062048
2022,235,23.9655336
2022,236,16.8937368
2022,237,23.767630399999998
2022,238,23.1283152
2022,239,22.8074024
2022,240,23.2019536
2022,241,23.302788000000003
2022,242,21.6593128
2022,243,22.3233136
2022,244,22.807820800000002
2022,245,22.841292799999998
2022,246,22.094867200000003
2022,247,21.9258336
2022,248,21.890688000000004
2022,249,17.5585744
2022,250,15.634352800000002
2022,251,21.029202400000003
2022,252,20.0526568
2022,253,19.8714896
2022,254,20.8158184
2022,255,16.784116
2022,256,9.913988
2022,257,15.598788800000001
2022,258,10.172140800000001
2022,259,19.170251200000003
2022,260,12.701368800000001
2022,261,10.2022656
2022,262,19.997428
2022,263,17.269460000000002
2022,264,13.9151472
2022,265,15.265324000000001
2022,266,19.09996
2022,267,19.3292432
2022,268,19.2074888
2022,269,18.694112
2022,270,18.0464288
2022,271,13.8753992
2022,272,15.726819200000001
2022,273,7.6433312
2022,274,17.155655199999998
2022,275,16.90336
2022,276,16.9548232
2022,277,16.9393424
2022,278,16.7774216
2022,279,16.696252
2022,280,16.3138344
2022,281,16.022628
2022,282,15.608412000000001
2022,283,15.558204000000002
2022,284,14.8201464
2022,285,15.5481624
2022,286,15.541049600000001
2022,287,15.535192000000002
2022,288,14.837300800000001
2022,289,15.134364800000002
2022,290,14.7331192
2022,291,14.651112800000002
2022,292,14.4151352
2022,293,14.2385704
2022,294,13.2352472
2022,295,6.1437856
2022,296,12.402212800000001
2022,297,11.246592000000001
2022,298,11.7934408
2022,299,8.909828
2022,300,10.925679200000001
2022,301,12.475014400000001
2022,302,10.2637704
2022,303,11.764152800000002
2022,304,11.114796
2022,305,3.623344
2022,306,9.1098232
2022,307,6.6810112
2022,308,3.8212472
2022,309,2.974824
2022,310,9.5884728
2022,311,4.7831488
2022,312,5.1241448
2022,313,2.181956
2022,314,10.9574776
2022,315,10.5135552
2022,316,6.647120800000001
2022,317,8.8562728
2022,318,10.321091200000001
2022,319,7.7404
2022,320,9.520692
2022,321,7.5529568000000005
2022,322,9.420276000000001
2022,323,10.0420184
2022,324,9.9608488
2022,325,9.7566696
2022,326,9.075514400000001
2022,327,8.713180000000001
2022,328,9.102292
2022,329,8.627408
2022,330,5.3002912
2022,331,5.309496
2022,332,4.558468
2022,333,7.9629888
2022,334,5.14632
2022,335,4.387760800000001
2022,336,8.4449856
2022,337,8.4278312
2022,338,5.6249696
2022,339,7.894371200000001
2022,340,5.3032200000000005
2022,341,8.3462432
2022,342,7.865501600000001
2022,343,5.338784
2022,344,1.5401304000000002
2022,345,1.7497488
2022,346,4.9028112
2022,347,1.6978672
2022,348,2.8898888
2022,349,4.098228000000001
2022,350,4.6789672
2022,351,8.1956192
2022,352,8.155452799999999
2022,353,8.0278408
2022,354,5.6437976
2022,355,6.772222400000001
2022,356,6.4228584
2022,357,2.5631184
2022,358,3.4685360000000003
2022,359,4.4752064
2022,360,6.096506400000001
2022,361,2.4493136
2022,362,4.2429944
2022,363,5.6718304
2022,364,2.2053864
2022,365,4.007853600000001
2023,1,1.6012168000000002
2023,2,6.891884800000001
2023,3,4.9404672000000005
2023,4,6.6333136
2023,5,3.6618368
2023,6,2.9802632000000004
2023,7,6.886445600000001
2023,8,2.0694064
2023,9,1.2765384000000002
2023,10,3.0764952
2023,11,8.169260000000001
2023,12,7.7462576
2023,13,3.5241832000000004
2023,14,5.7688992
2023,15,4.2639144
2023,16,5.241715200000001
2023,17,3.7735496
2023,18,7.9299352
2023,19,3.1769112000000006
2023,20,9.5328256
2023,21,9.7231976
2023,22,3.1806768
2023,23,8.2449904
2023,24,10.323601600000002
2023,25,6.238344
2023,26,7.646260000000001
2023,27,3.9375624
2023,28,5.0208
2023,29,8.6110904
2023,30,10.1462
2023,31,7.381831200000001
2023,32,10.5068608
2023,33,10.8612456
2023,34,5.0797944
2023,35,9.5432856
2023,36,4.7814752
2023,37,9.1386928
2023,38,10.721081600000002
2023,39,9.671316000000001
2023,40,11.975444800000002
2023,41,11.6114368
2023,42,10.717734400000001
2023,43,12.5093232
2023,44,10.0725616
2023,45,8.580547200000002
2023,46,13.2749952
2023,47,13.436916
2023,48,13.2745768
2023,49,7.292712000000001
2023,50,11.089692000000001
2023,51,10.1445264
2023,52,4.1940416
2023,53,6.261356
2023,54,11.3670912
2023,55,12.3126752
2023,56,14.687932000000002
2023,57,3.2246088
2023,58,9.1432952
2023,59,10.235319200000001
2023,60,6.557164800000001
2023,61,10.6583216
2023,62,13.8293752
2023,63,6.602352000000001
2023,64,10.284272000000001
2023,65,11.6972088
2023,66,16.340193600000003
2023,67,13.9256072
2023,68,16.0573552
2023,69,9.314002400000001
2023,70,15.790834400000001
2023,71,11.047015199999999
2023,72,6.5153248
2023,73,7.055060800000001
2023,74,16.0510792
2023,75,18.3330328
2023,76,18.784904800000003
2023,77,19.0112592
2023,78,13.6097152
2023,79,8.497704
2023,80,13.29466
2023,81,9.238272
2023,82,6.1835336
2023,83,15.3192976
2023,84,12.773752000000002
2023,85,8.1466664
2023,86,15.778282400000002
2023,87,16.769053600000003
2023,88,6.4889656
2023,89,5.882704
2023,90,8.5847312
2023,91,6.017847200000001
2023,92,8.942881600000002
2023,93,11.355794400000002
2023,94,12.6068104
2023,95,14.744834400000002
2023,96,22.646318400000002
2023,97,16.4418648
2023,98,18.680304800000002
2023,99,22.14382
2023,100,23.009071199999998
2023,101,15.6904184
2023,102,23.137520000000002
2023,103,21.062256
2023,104,21.529608800000002
2023,105,23.4839552
2023,106,22.271432
2023,107,16.3473064
2023,108,12.546560800000002
2023,109,21.9316912
2023,110,23.2078112
2023,111,10.353726400000001
2023,112,20.1932392
2023,113,20.2493048
2023,114,21.699479200000003
2023,115,25.5738632
2023,116,24.6035936
2023,117,21.651781600000003
2023,118,26.6859704
2023,119,25.955444000000004
2023,120,24.2215944
2023,121,23.600688800000004
2023,122,18.949754400000003
2023,123,18.608340000000002
2023,124,11.06668
2023,125,13.6097152
2023,126,17.730118400000002
2023,127,15.977022400000001
2023,128,14.672032800000002
2023,129,25.970924800000002
2023,130,24.9332928
2023,131,25.838292
2023,132,27.465449600000003
2023,133,23.0023768
2023,134,15.545233600000001
2023,135,22.4065752
2023,136,21.88232
2023,137,27.418588800000002
2023,138,26.4905776
2023,139,26.7144216
2023,140,27.6775784
2023,141,27.220267200000002
2023,142,28.114388
2023,143,15.7983656
2023,144,13.3779216
2023,145,18.379893600000003
2023,146,19.914584800000004
2023,147,21.4488576
2023,148,26.1525104
2023,149,22.42624
2023,150,22.293188800000003
2023,151,26.2487424
2023,152,24.9592336
2023,153,27.0646224
2023,154,28.505592
2023,155,23.6295584
2023,156,27.984684
2023,157,20.7405064
2023,158,22.048006400000002
2023,159,20.719168
2023,160,15.2720184
2023,161,25.8307608
2023,162,24.9563048
2023,163,26.3868144
2023,164,19.862703200000002
2023,165,24.512382400000003
2023,166,29.815602400000003
2023,167,29.468748800000004
2023,168,21.305764800000002
2023,169,13.415996
2023,170,28.193884000000004
2023,171,25.668840000000003
2023,172,28.783409600000002
2023,173,30.2436256
2023,174,16.7435312
2023,175,25.415289600000005
2023,176,22.8471504
2023,177,23.968044000000003
2023,178,19.3874008
2023,179,28.407686400000003
2023,180,29.157877600000003
2023,181,29.166245600000003
2023,182,28.799727200000003
2023,183,29.4206328
2023,184,27.67716
2023,185,29.4252352
2023,186,29.767486400000003
2023,187,26.8073064
2023,188,23.9893824
2023,189,25.643736
2023,190,27.9110456
2023,191,26.9729928
2023,192,29.041562400000004
2023,193,29.0629008
2023,194,28.809768800000004
2023,195,29.4620544
2023,196,28.9536984
2023,197,28.767928800000004
2023,198,19.4794488
2023,199,28.3189856
2023,200,23.8094704
2023,201,26.3922536
2023,202,28.3746328
2023,203,27.952885600000002
2023,204,21.3053464
2023,205,17.0493816
2023,206,28.150788800000004
2023,207,27.607287200000002
2023,208,24.316989600000003
2023,209,26.383885600000003
2023,210,27.2031128
2023,211,26.121967200000004
2023,212,24.408200800000003
2023,213,16.639768
2023,214,18.1694384
2023,215,21.116648
2023,216,24.694804800000004
2023,217,22.078131199999998
2023,218,24.9316192
2023,219,19.2543496
2023,220,25.200232
2023,221,23.773069600000003
2023,222,25.792268000000004
2023,223,25.8416392
2023,224,25.939126400000003
2023,225,25.8491704
2023,226,25.6336944
2023,227,25.1190624
2023,228,25.162576
2023,229,12.546560800000002
2023,230,22.0082584
2023,231,14.431871200000002
2023,232,5.4345976
2023,233,9.769221600000002
2023,234,18.8807184
2023,235,22.894429600000002
2023,236,20.40746
2023,237,15.5368656
2023,238,17.3715496
2023,239,21.1656008
2023,240,22.7617968
2023,241,20.332148
2023,242,22.6366952
2023,243,22.2136928
2023,244,15.622637600000001
2023,245,11.0825792
2023,246,7.3337152
2023,247,19.493674400000003
2023,248,17.3619264
2023,249,18.1949608
2023,250,19.620868
2023,251,17.7522936
2023,252,21.4831664
2023,253,20.845524800000003
2023,254,20.7932248
2023,255,18.8288368
2023,256,19.440956
2023,257,20.532980000000002
2023,258,20.694064
2023,259,20.352231200000002
2023,260,18.5083424
2023,261,18.865656
2023,262,15.377873600000001
2023,263,14.5423288
2023,264,18.573194400000002
2023,265,10.9821632
2023,266,19.1677408
2023,267,15.636863200000002
2023,268,18.1372216
2023,269,18.6112688
2023,270,17.4615056
2023,271,16.897084000000003
2023,272,15.879953600000002
2023,273,14.0461064
2023,274,3.5212544
2023,275,4.9768680000000005
2023,276,4.286508
2023,277,7.8232432
2023,278,8.8361896
2023,279,8.844976
2023,280,8.9424632
2023,281,9.4533296
2023,282,6.865107200000001
2023,283,5.582292799999999
2023,284,6.56888
2023,285,6.434992000000001
2023,286,7.8977184000000005
2023,287,6.6738984
2023,288,7.947926400000001
2023,289,8.1479216
2023,290,8.0014816
2023,291,7.5860104
2023,292,8.0968768
2023,293,7.8152936
2023,294,7.4617456
2023,295,5.5676488
2023,296,4.4865032000000005
2023,297,6.739587200000001
2023,298,0.960228
2023,299,4.4413160000000005
2023,300,7.2830888
2023,301,5.2521752
2023,302,7.3801575999999995
2023,303,7.1621712
2023,304,6.584360800000001
2023,305,5.148412
2023,306,3.7032584000000006
2023,307,5.6375216
2023,308,3.8664344
2023,309,4.146344
2023,310,2.2514104
2023,311,3.9132952000000003
2023,312,6.7157384
2023,313,6.929122400000001
2023,314,4.4199776
2023,315,5.9780992
2023,316,6.7701304
2023,317,3.5852696
2023,318,6.9692888
2023,319,5.6433792
2023,320,5.404891200000001
2023,321,6.407377599999999
2023,322,5.022892000000001
2023,323,2.4150048
2023,324,6.7994184
2023,325,6.5119776
2023,326,6.033746400000001
2023,327,2.4840408
2023,328,4.1522016
2023,329,6.2195160000000005
2023,330,5.9375144
2023,331,6.7006760000000005
2023,332,6.991464000000001
2023,333,6.5178352
2023,334,5.5534232
2023,335,2.5936616000000003
2023,336,2.631736
2023,337,2.4509872
2023,338,4.5346192
2023,339,5.190252
2023,340,5.3553108
2023,341,5.5203696
2023,342,5.1961096
2023,343,6.163032000000001
2023,344,1.822132
2023,345,2.0397000000000003
2023,346,1.1476712
2023,347,3.0635248
2023,348,3.1091304
2023,349,5.3898288
2023,350,5.213682400000001
2023,351,4.8559504
2023,352,3.223772
2023,353,4.2747928
2023,354,4.5827352
2023,355,5.516604
2023,356,5.3379472
2023,357,5.131676000000001
2023,358,5.8396088
2023,359,6.284368
2023,360,2.4614472000000003
2023,361,4.335460800000001
2023,362,5.6203672000000005
2023,363,5.3442232
2023,364,4.0727056
2023,365,6.2504776
2024,1,6.311145600000001
2024,2,6.293991200000001
2024,3,2.4384352000000002
2024,4,4.687753600000001
2024,5,5.5634648
2024,6,3.3024312000000005
2024,7,5.530829600000001
2024,8,6.5496336
2024,9,3.2915528000000003
2024,10,2.9990912000000005
2024,11,4.4178856
2024,12,3.1702168
2024,13,3.3141464
2024,14,4.1300264
2024,15,4.3563808
2024,16,7.047948
2024,17,4.6413112000000005
2024,18,6.2395992
2024,19,3.4994976
2024,20,2.7078848
2024,21,5.322884800000001
2024,22,3.3128912000000006
2024,23,2.6426144
2024,24,4.8358672
2024,25,2.2999448
2024,26,7.319908
2024,27,2.9969992
2024,28,4.1425784000000005
2024,29,7.8362136
2024,30,8.06466
2024,31,8.292269600000001
2024,32,1.3593816
2024,33,2.759348
2024,34,3.7622528
2024,35,7.370116
2024,36,5.0638952
2024,37,2.3940848
2024,38,5.1237264
2024,39,4.1208216
2024,40,4.6647416
2024,41,5.3559384
2024,42,8.424484
2024,43,9.0056416
2024,44,8.4102584
2024,45,5.6751776
2024,46,6.8437688
2024,47,6.6437736
2024,48,9.2679784
2024,49,6.363027200000001
2024,50,2.3359272
2024,51,7.388944
2024,52,6.113660800000001
2024,53,10.8733792
2024,54,11.2762984
2024,55,11.581730400000001
2024,56,11.638632800000002
2024,57,1.8058144
2024,58,9.9813504
2024,59,12.148662400000001
2024,60,5.5036336
2024,61,2.2836272
2024,62,6.981422400000001
2024,63,7.084767200000001
2024,64,9.9959944
2024,65,2.397432
2024,66,7.4843392
2024,67,6.8400032
2024,68,13.921004800000002
2024,69,13.031904800000001
2024,70,7.696468
2024,71,7.5784792
2024,72,8.188088
2024,73,8.553351200000002
2024,74,14.129368
2024,75,14.429360800000001
2024,76,14.6264272
2024,77,14.572872000000002
2024,78,14.797971200000001
2024,79,15.330594400000003
2024,80,15.4741056
2024,81,13.091736
2024,82,12.041552000000001
2024,83,6.221189600000001
2024,84,14.3967256
2024,85,13.574988
2024,86,15.3975384
2024,87,10.736144000000001
2024,88,9.5704816
2024,89,15.1891752
2024,90,10.488869600000001
2024,91,2.8405176
2024,92,16.2644632
2024,93,16.748552
2024,94,13.0808576
2024,95,13.3318976
2024,96,6.6144856
2024,97,13.0758368
2024,98,16.068652
2024,99,17.5548088
2024,100,17.599996
2024,101,18.6782128
2024,102,18.472360000000002
2024,103,13.8419272
2024,104,18.7786288
2024,105,16.847294400000003
2024,106,17.6656848
2024,107,16.1887328
2024,108,19.835507200000002
2024,109,20.654734400000002
2024,110,19.3116704
2024,111,20.61666
2024,112,18.9045672
2024,113,19.8375992
2024,114,19.2200408
2024,115,12.686724800000002
2024,116,14.690024000000001
2024,117,10.0955736
2024,118,20.2267112
2024,119,21.3848424
2024,120,17.0192568
2024,121,19.945128
2024,122,19.1723432
2024,123,7.862991200000001
2024,124,15.934764000000001
2024,125,11.313536
2024,126,10.0780008
2024,127,14.112213600000002
2024,128,21.243841600000003
2024,129,20.0660456
2024,130,21.980225600000004
2024,131,22.6530128
2024,132,23.686460800000003
2024,133,23.488976
2024,134,12.0298368
2024,135,24.3688712
2024,136,23.3931624
2024,137,23.806123200000002
2024,138,24.615727200000002
2024,139,24.3889544
2024,140,20.078597600000002
2024,141,22.2069984
2024,142,27.474236
2024,143,9.97884
2024,144,24.366360800000002
2024,145,26.858769600000002
2024,146,23.529560800000002
2024,147,29.0440728
2024,148,29.21478
2024,149,19.122972
2024,150,27.2286352
2024,151,29.516864800000004
2024,152,29.7243912
2024,153,25.423657600000002
2024,154,25.863396
2024,155,13.682098400000001
2024,156,29.2930208
2024,157,29.2198008
2024,158,25.574281600000003
2024,159,28.7223232
2024,160,27.962090399999997
2024,161,16.591652
2024,162,29.925641600000002
2024,163,29.596360800000003
2024,164,29.668744000000004
2024,165,28.6340408
2024,166,29.505986400000005
2024,167,27.0884712
2024,168,28.694708800000004
2024,169,16.750644
2024,170,30.4975944
2024,171,30.5595176
2024,172,26.7617008
2024,173,28.823576
2024,174,29.7745992
2024,175,29.493016
2024,176,30.008903200000002
2024,177,27.5462008
2024,178,20.103283200000003
2024,179,28.94282
2024,180,29.0260816
2024,181,28.623162400000002
2024,182,24.265944800000003
2024,183,28.4838352
2024,184,30.0260576
2024,185,30.538597600000003
2024,186,30.083796800000002
2024,187,30.318100800000003
2024,188,28.017319200000003
2024,189,29.845727200000002
2024,190,29.813092
2024,191,29.205575200000002
2024,192,29.118548000000004
2024,193,28.7122816
2024,194,28.1654328
2024,195,26.9591856
2024,196,21.995706400000003
2024,197,25.691852
2024,198,25.0483528
2024,199,18.0945448
2024,200,24.902749600000003
2024,201,27.169640800000003
2024,202,26.665887200000004
2024,203,24.867185600000003
2024,204,19.4894904
2024,205,25.359224
2024,206,18.087432
2024,207,18.7476672
2024,208,22.104908800000004
2024,209,22.6300008
2024,210,22.647992
2024,211,24.642086400000004
2024,212,17.5912096
2024,213,25.885571199999998
2024,214,25.2809832
2024,215,25.478468000000003
2024,216,17.1410112
2024,217,24.7224192
2024,218,15.1113528
2024,219,24.4772368
2024,220,20.051401600000002
2024,221,21.3689432
2024,222,22.7931768
2024,223,24.2663632
2024,224,23.6454576
2024,225,24.035406400000003
2024,226,24.0174152
2024,227,24.332888800000003
2024,228,23.5835344
2024,229,24.666771999999998
2024,230,21.8266728
2024,231,20.02044
2024,232,24.548783200000003
2024,233,23.742108
2024,234,23.8178384
2024,235,24.297324800000002
2024,236,18.544324800000002
2024,237,13.265372000000001
2024,238,22.796524
2024,239,23.0927512
2024,240,23.317850399999998
2024,241,23.6747456
2024,242,19.422128
2024,243,22.0153712
2024,244,22.222479200000002
2024,245,20.495324000000004
2024,246,13.3808504
2024,247,20.432564000000003
2024,248,18.643485599999998
2024,249,21.066021600000003
2024,250,21.5576416
2024,251,19.472336
2024,252,12.294684000000002
2024,253,20.7605896
2024,254,19.301210400000002
2024,255,13.202612000000002
2024,256,14.263674400000001
2024,257,20.4493
2024,258,20.486956
2024,259,15.9983608
2024,260,11.988415199999999
2024,261,7.817804
2024,262,11.394984533333332
2024,263,14.972165066666665
2024,264,18.5493456
2024,265,18.6911832
2024,266,18.5305176
2024,267,16.897084000000003
2024,268,17.8899472
2024,269,18.0656752
2024,270,17.4560664
2024,271,17.5569008
2024,272,17.4046032
2024,273,17.2669496
2024,274,17.6150584
2024,275,17.1012632
2024,276,16.5987648
2024,277,16.6891392
2024,278,14.800481600000001
2024,279,16.1234624
2024,280,16.0050552
2024,281,15.6590384
2024,282,14.721404000000001
2024,283,14.470782400000001
2024,284,10.987602400000002
2024,285,14.3649272
2024,286,13.882512000000002
2024,287,14.372458400000001
2024,288,14.371621600000001
2024,289,14.2578168
2024,290,13.301772800000002
2024,291,3.1254480000000004
2024,292,14.381663200000002
2024,293,13.6770776
2024,294,13.387544800000002
2024,295,12.344473600000002
2024,296,11.361652000000001
2024,297,12.2419656
2024,298,12.6557632
2024,299,12.422714400000002
2024,300,12.865381600000001
2024,301,11.089273600000002
2024,302,5.8216176
2024,303,9.1386928
2024,304,11.9352784
2024,305,5.1906704
2024,306,11.1892712
2024,307,4.1593144
2024,308,9.6742448
2024,309,9.389732799999999
2024,310,10.650372
2024,311,10.980908
2024,312,10.857061600000002
2024,313,10.6997432
2024,314,10.4198336
2024,315,6.986861600000001
2024,316,8.830332
2024,317,10.0315584
2024,318,6.480597599999999
2024,319,9.2483136
2024,320,7.1312096
2024,321,7.020752000000001
2024,322,5.6354296
2024,323,5.513256800000001
2024,324,9.349148
2024,325,4.8982088
2024,326,3.4794144
2024,327,3.5170704
2024,328,2.2066416
2024,329,8.6299184
2024,330,9.404376800000001
2024,331,3.5379904000000004
2024,332,5.0212184
2024,333,8.0035736
2024,334,8.038719200000001
2024,335,7.210287200000001
2024,336,6.9362352000000005
2024,337,7.3169792000000005
2024,338,7.2630056000000005
2024,339,7.293967200000001
2024,340,7.2684448
2024,341,6.9713808
2024,342,5.882704
2024,343,6.9701256
2024,344,4.8756152
2024,345,7.493962400000001
2024,346,5.1910888
2024,347,4.189020800000001
2024,348,6.177676000000001
2024,349,1.7564431999999999
2024,350,7.383086400000001
2024,351,1.3685864
2024,352,6.388968
2024,353,5.8174336
2024,354,7.3964752
2024,355,6.7680384
2024,356,3.6271096000000003
2024,357,2.4279752
2024,358,4.3626568
2024,359,1.55854
2024,360,6.117008
2024,361,1.8865656000000002
2024,362,2.4300672
2024,363,1.1489264000000001
2024,364,0.7744584000000001
2024,365,7.3245104
2024,366,7.305264
2025,1,2.0844688000000002
2025,2,6.3902232
2025,3,2.6099792
2025,4,7.2797416
2025,5,3.1810952
2025,6,2.3296512000000003
2025,7,6.4228584
2025,8,5.763041600000001
2025,9,3.5618392
2025,10,4.93712
2025,11,7.027864800000001
2025,12,4.5145360000000005
2025,13,3.8969776
2025,14,8.625316000000002
2025,15,8.529920800000001
2025,16,8.7064856
2025,17,8.745815200000001
2025,18,8.8508336
2025,19,6.7768248
2025,20,9.6215264
2025,21,7.675548
2025,22,9.8248688
2025,23,9.7838656
2025,24,8.495612000000001
2025,25,9.647467200000001
2025,26,10.3382456
2025,27,10.4235992
2025,28,10.4382432
2025,29,10.5386592
2025,30,10.969192800000002
2025,31,2.5388512000000003
2025,32,2.6898936000000004
2025,33,2.9191768
2025,34,7.8738696
2025,35,8.4324336
2025,36,6.3358312
2025,37,6.8621784
2025,38,6.8082048
2025,39,11.9930176
2025,40,9.8855368
2025,41,8.135788
2025,42,12.158704000000002
2025,43,12.384221600000002
2025,44,3.5220912000000006
2025,45,5.0551088
2025,46,11.857455999999999
2025,47,4.6007264
2025,48,5.830404
2025,49,8.6537672
2025,50,4.1605696000000005
2025,51,6.829124800000001
2025,52,13.231063200000001
2025,53,11.1959656
2025,54,3.4635152000000002
2025,55,9.691399200000001
2025,56,11.7474168
2025,57,14.952360800000001
2025,58,14.887090400000002
2025,59,15.0962904
2025,60,15.3904256
2025,61,15.284152
2025,62,6.303196000000001
2025,63,9.646212
2025,64,10.506024
2025,65,2.0723352000000004
2025,66,13.1093088
2025,67,16.0046368
2025,68,16.410484800000003
2025,69,15.608412000000001
2025,70,16.8954104
2025,71,12.475851200000001
2025,72,7.0525504
2025,73,9.870056
2025,74,10.8871864
2025,75,9.9382552
2025,76,5.6868928
2025,77,11.693861600000002
2025,78,12.242384000000001
2025,79,10.384688
2025,80,9.5110688
2025,81,11.0177272
2025,82,14.423084800000002
2025,83,18.568592000000002
2025,84,19.8484776
2025,85,18.9518464
2025,86,6.4358288
2025,87,14.6268456
2025,88,10.46
2025,89,15.074533600000002
2025,90,5.2412968
2025,91,18.6572928
2025,92,19.232592800000003
2025,93,15.9422952
2025,94,21.990685600000003
2025,95,22.380634399999998
2025,96,22.465151199999998
2025,97,15.710920000000002
2025,98,17.7154744
2025,99,21.739227200000002
2025,100,22.2082536
2025,101,14.7837456
2025,102,19.5468112
2025,103,24.127036
2025,104,24.385607200000003
2025,105,22.7032208
2025,106,22.848405600000003
2025,107,18.2577208
2025,108,19.041384
2025,109,22.800708000000004
2025,110,25.106928800000002
2025,111,24.9860112
2025,112,25.770511199999998
2025,113,20.531306400000002
2025,114,25.206089600000002
2025,115,18.0443368
2025,116,23.785621600000002
2025,117,12.7009504
2025,118,20.383192800000003
2025,119,22.432516
2025,120,25.557964000000002
2025,121,26.8575144
2025,122,27.226543200000002
2025,123,23.689389600000002
2025,124,12.3955184
2025,125,10.2031024
2025,126,21.4291928
2025,127,25.088100800000003
2025,128,25.128685600000004
2025,129,25.007349600000005
2025,130,18.6510168
2025,131,11.12944
2025,132,23.4734952
2025,133,19.0049832
2025,134,20.9275312
2025,135,27.519841600000003
2025,136,20.155583200000002
2025,137,5.361796000000001
2025,138,14.847760800000001
2025,139,15.468248
2025,140,13.341520800000001
2025,141,15.5151088
2025,142,13.5988368
2025,143,14.4946312
2025,144,18.4987192
2025,145,18.5250784
2025,146,16.541444000000002
2025,147,18.2978872
2025,148,17.9196536
2025,149,19.1418
2025,150,21.0442648
2025,151,20.7689576
2025,152,16.748552
2025,153,21.3982312
2025,154,21.3860976
2025,155,22.2915152
2025,156,25.160484000000004
2025,157,27.62486
2025,158,29.417704000000004
2025,159,29.5235592
2025,160,29.569164800000003
2025,161,25.2696864
2025,162,23.6442024
2025,163,26.2822144
2025,164,29.603892
2025,165,23.6881344
2025,166,27.4809304
2025,167,28.6733704
2025,168,29.8699944
2025,169,29.3741904
2025,170,27.097257600000002
2025,171,25.603569600000004
2025,172,21.566846400000003
2025,173,27.273404000000003
2025,174,30.7310616
2025,175,28.0541384
2025,176,30.3348368
2025,177,27.386371999999998
2025,178,29.365404
2025,179,28.977128800000003
2025,180,30.05158
2025,181,29.188420800000003
2025,182,24.830366400000003
2025,183,18.165254400000002
2025,184,27.1922344
2025,185,25.6073352
2025,186,28.634459200000002
2025,187,29.66456
2025,188,29.188002400000002
2025,189,29.7110024
2025,190,26.8629536
2025,191,29.1474176
2025,192,28.9808944
2025,193,29.363312
2025,194,29.166664
2025,195,27.9516304
2025,196,24.7429208
2025,197,28.507265600000004
2025,198,26.1127624
2025,199,23.8119808
2025,200,24.34042
2025,201,25.0730384
2025,202,21.5756328
2025,203,26.096444800000004
2025,204,27.888452
2025,205,26.6386912
2025,206,28.079660800000003
2025,207,23.2852152
2025,208,26.6215368
2025,209,27.416915200000002
2025,210,22.920788800000004
2025,211,23.6073832
2025,212,18.5757048
2025,213,25.0437504
2025,214,24.5353944
2025,215,22.825393599999998
2025,216,22.049680000000002
2025,217,26.2562736
2025,218,26.0734328
2025,219,24.060928800000003
2025,220,27.356665600000003
2025,221,23.0860568
2025,222,25.861304000000004
2025,223,25.9374528
2025,224,25.757959200000002
2025,225,25.014044000000002
2025,226,24.0839408
2025,227,21.637556
2025,228,22.912002400000002
2025,229,19.1012152
2025,230,24.29858
2025,231,23.5375104
2025,232,20.2928184
2025,233,22.921625600000002
2025,234,24.382260000000002
2025,235,17.914632800000003
2025,236,7.088532799999999
2025,237,15.031020000000002
2025,238,7.874288
2025,239,10.5558136
2025,240,22.576864
2025,241,21.806589600000002
2025,242,21.949264000000003
2025,243,22.1212264
2025,244,20.8220944
2025,245,21.2555568
2025,246,20.0430336
2025,247,16.689976
2025,248,19.650156
2025,249,13.020608000000001
2025,250,17.3920512
2025,251,19.7007824
2025,252,14.568688
2025,253,14.674124800000001
2025,254,17.487028
2025,255,20.353068
2025,256,19.871071200000003
2025,257,17.8460152
2025,258,20.2384264
2025,259,19.7179368
2025,260,19.3840536
2025,261,19.062304
2025,262,14.685421600000002
2025,263,16.9539864
2025,264,10.252055200000001
2025,265,19.2790352
2025,266,19.0171168
2025,267,18.4895144
2025,268,17.4815888
2025,269,18.152702400000003
2025,270,17.9853424
2025,271,12.3243904
2025,272,11.834444000000001
2025,273,10.191387200000001
2025,274,15.769077600000001
2025,275,14.8393928
2025,276,8.7776136
2025,277,5.0128504000000005
2025,278,15.8916688
2025,279,16.3694816
2025,280,16.341448800000002
2025,281,15.8686568
2025,282,15.7849768
2025,283,13.633145599999999
2025,284,3.1907184
2025,285,11.4382192
2025,286,8.278880800000001
2025,287,7.4190688
2025,288,2.4936640000000003
2025,289,13.651973600000002
2025,290,12.396773600000001
2025,291,14.305514400000002
2025,292,5.2270712
2025,293,13.931464800000002
2025,294,13.555741600000001
2025,295,11.0717008
2025,296,13.102614400000002
2025,297,11.8821416
2025,298,2.9346576
2025,299,3.3593336000000003
2025,300,12.5473976
2025,301,12.425224800000002
2025,302,11.073792800000001
2025,303,12.111006399999999
2025,304,11.6139472
2025,305,11.2273456
2025,306,8.601048800000001
2025,307,11.018564000000001
2025,308,5.2998728
2025,309,2.1037152000000003
2025,310,9.1805328
2025,311,5.7919112
2025,312,10.5202496
2025,313,10.2056128
2025,314,9.3943352
2025,315,9.604372000000001
2025,316,5.4772744
2025,317,9.630731200000001
2025,318,6.4354104
2025,319,9.325717599999999
2025,320,4.487758400000001
2025,321,5.1300024
2025,322,5.042138400000001
2025,323,6.095251200000001
2025,324,7.4295288
2025,325,5.4136776
2025,326,8.889326400000002
2025,327,8.8437208
2025,328,4.3501048
2025,329,8.7412128
2025,330,5.7755936
2025,331,6.8956504
2025,332,5.712415200000001
2025,333,6.4918944000000005
2025,334,1.6702528
2025,335,7.346267200000001
2025,336,3.1078752
2025,337,3.9049272
2025,338,5.5638832
2025,339,1.6175344
2025,340,7.1902040000000005
2025,341,3.7547216
2025,342,6.276000000000001
2025,343,4.570183200000001
2025,344,6.5546544
2025,345,7.375136800000001
2025,346,7.853368
2025,347,7.229952000000001
2025,348,7.3270208000000006
2025,349,6.5052832
2025,350,5.0714264
2025,351,4.4283456
2025,352,1.8359392
2025,353,0.7573040000000001
2025,354,6.6433552
2025,355,1.1581312000000001
2025,356,3.0932312000000004
2025,357,1.5627240000000002
2025,358,1.6033088000000002
2025,359,4.478553600000001
2025,360,2.104552
2025,361,5.5576072000000005
2025,362,7.8424896
2025,363,7.811946400000001
2025,364,7.81362
2025,365,7.3291128
